{"epoch": 0, "time_epoch": 38.90176, "eta": 5796.36236, "eta_hours": 1.6101, "loss": 1.61888518, "lr": 0.0, "params": 527237, "time_iter": 0.17763, "accuracy": 0.2, "f1": 0.06667, "auc": 0.36158}
{"epoch": 1, "time_epoch": 38.2987, "eta": 5712.83405, "eta_hours": 1.5869, "loss": 1.54211169, "lr": 5e-05, "params": 527237, "time_iter": 0.17488, "accuracy": 0.37486, "f1": 0.30999, "auc": 0.78538}
{"epoch": 2, "time_epoch": 38.47741, "eta": 5668.21562, "eta_hours": 1.5745, "loss": 1.40763077, "lr": 0.0001, "params": 527237, "time_iter": 0.1757, "accuracy": 0.69514, "f1": 0.67856, "auc": 0.90099}
{"epoch": 3, "time_epoch": 38.24001, "eta": 5618.00254, "eta_hours": 1.56056, "loss": 1.30340957, "lr": 0.00015, "params": 527237, "time_iter": 0.17461, "accuracy": 0.79657, "f1": 0.79169, "auc": 0.93967}
{"epoch": 4, "time_epoch": 38.56361, "eta": 5581.96305, "eta_hours": 1.55055, "loss": 1.20097645, "lr": 0.0002, "params": 527237, "time_iter": 0.17609, "accuracy": 0.83771, "f1": 0.83574, "auc": 0.96}
{"epoch": 5, "time_epoch": 38.5008, "eta": 5543.57486, "eta_hours": 1.53988, "loss": 1.08812355, "lr": 0.00025, "params": 527237, "time_iter": 0.1758, "accuracy": 0.86343, "f1": 0.86179, "auc": 0.97005}
{"epoch": 6, "time_epoch": 38.24103, "eta": 5499.8478, "eta_hours": 1.52774, "loss": 0.97037726, "lr": 0.0003, "params": 527237, "time_iter": 0.17462, "accuracy": 0.88714, "f1": 0.88686, "auc": 0.97607}
{"epoch": 7, "time_epoch": 38.15408, "eta": 5455.94874, "eta_hours": 1.51554, "loss": 0.862683, "lr": 0.00035, "params": 527237, "time_iter": 0.17422, "accuracy": 0.89143, "f1": 0.89113, "auc": 0.97851}
{"epoch": 8, "time_epoch": 38.22245, "eta": 5414.39751, "eta_hours": 1.504, "loss": 0.74951082, "lr": 0.0004, "params": 527237, "time_iter": 0.17453, "accuracy": 0.908, "f1": 0.90792, "auc": 0.98041}
{"epoch": 9, "time_epoch": 38.1499, "eta": 5372.49636, "eta_hours": 1.49236, "loss": 0.65671665, "lr": 0.00045, "params": 527237, "time_iter": 0.1742, "accuracy": 0.90686, "f1": 0.9068, "auc": 0.98231}
{"epoch": 10, "time_epoch": 38.41413, "eta": 5334.61619, "eta_hours": 1.48184, "loss": 0.57847489, "lr": 0.0005, "params": 527237, "time_iter": 0.17541, "accuracy": 0.90971, "f1": 0.91002, "auc": 0.98206}
{"epoch": 11, "time_epoch": 38.21116, "eta": 5294.3129, "eta_hours": 1.47064, "loss": 0.50134302, "lr": 0.00049994, "params": 527237, "time_iter": 0.17448, "accuracy": 0.92314, "f1": 0.92317, "auc": 0.98596}
{"epoch": 12, "time_epoch": 38.37321, "eta": 5256.0392, "eta_hours": 1.46001, "loss": 0.44868293, "lr": 0.00049975, "params": 527237, "time_iter": 0.17522, "accuracy": 0.92171, "f1": 0.92189, "auc": 0.98644}
{"epoch": 13, "time_epoch": 38.12339, "eta": 5215.32447, "eta_hours": 1.4487, "loss": 0.40078505, "lr": 0.00049943, "params": 527237, "time_iter": 0.17408, "accuracy": 0.92171, "f1": 0.92178, "auc": 0.98711}
{"epoch": 14, "time_epoch": 38.41798, "eta": 5177.60657, "eta_hours": 1.43822, "loss": 0.35911214, "lr": 0.00049899, "params": 527237, "time_iter": 0.17542, "accuracy": 0.92914, "f1": 0.9294, "auc": 0.98829}
{"epoch": 15, "time_epoch": 38.19567, "eta": 5137.93926, "eta_hours": 1.42721, "loss": 0.32076824, "lr": 0.00049843, "params": 527237, "time_iter": 0.17441, "accuracy": 0.93743, "f1": 0.93756, "auc": 0.98723}
{"epoch": 16, "time_epoch": 38.02886, "eta": 5097.14009, "eta_hours": 1.41587, "loss": 0.3025435, "lr": 0.00049774, "params": 527237, "time_iter": 0.17365, "accuracy": 0.92914, "f1": 0.92918, "auc": 0.98887}
{"epoch": 17, "time_epoch": 38.02074, "eta": 5056.5892, "eta_hours": 1.40461, "loss": 0.28819558, "lr": 0.00049692, "params": 527237, "time_iter": 0.17361, "accuracy": 0.92971, "f1": 0.92985, "auc": 0.98914}
{"epoch": 18, "time_epoch": 38.25987, "eta": 5017.95332, "eta_hours": 1.39388, "loss": 0.25633205, "lr": 0.00049598, "params": 527237, "time_iter": 0.1747, "accuracy": 0.936, "f1": 0.93594, "auc": 0.99073}
{"epoch": 19, "time_epoch": 38.47519, "eta": 4980.75468, "eta_hours": 1.38354, "loss": 0.23780633, "lr": 0.00049492, "params": 527237, "time_iter": 0.17569, "accuracy": 0.94086, "f1": 0.94095, "auc": 0.99065}
{"epoch": 20, "time_epoch": 38.24156, "eta": 4941.99927, "eta_hours": 1.37278, "loss": 0.22407178, "lr": 0.00049373, "params": 527237, "time_iter": 0.17462, "accuracy": 0.94086, "f1": 0.94103, "auc": 0.99088}
{"epoch": 21, "time_epoch": 38.08453, "eta": 4902.37698, "eta_hours": 1.36177, "loss": 0.21379525, "lr": 0.00049242, "params": 527237, "time_iter": 0.1739, "accuracy": 0.94571, "f1": 0.94588, "auc": 0.99166}
{"epoch": 22, "time_epoch": 38.06365, "eta": 4862.7731, "eta_hours": 1.35077, "loss": 0.2000157, "lr": 0.00049099, "params": 527237, "time_iter": 0.17381, "accuracy": 0.94771, "f1": 0.94782, "auc": 0.99226}
{"epoch": 23, "time_epoch": 38.07613, "eta": 4823.36309, "eta_hours": 1.33982, "loss": 0.19903024, "lr": 0.00048944, "params": 527237, "time_iter": 0.17386, "accuracy": 0.94457, "f1": 0.94473, "auc": 0.99215}
{"epoch": 24, "time_epoch": 38.34116, "eta": 4785.38495, "eta_hours": 1.32927, "loss": 0.18859598, "lr": 0.00048776, "params": 527237, "time_iter": 0.17507, "accuracy": 0.94714, "f1": 0.94719, "auc": 0.99255}
{"epoch": 25, "time_epoch": 38.37216, "eta": 4747.52673, "eta_hours": 1.31876, "loss": 0.17538382, "lr": 0.00048597, "params": 527237, "time_iter": 0.17522, "accuracy": 0.95286, "f1": 0.95291, "auc": 0.99311}
{"epoch": 26, "time_epoch": 37.89713, "eta": 4707.46638, "eta_hours": 1.30763, "loss": 0.17816848, "lr": 0.00048406, "params": 527237, "time_iter": 0.17305, "accuracy": 0.95171, "f1": 0.9518, "auc": 0.99335}
{"epoch": 27, "time_epoch": 38.20625, "eta": 4668.90746, "eta_hours": 1.29692, "loss": 0.1693631, "lr": 0.00048203, "params": 527237, "time_iter": 0.17446, "accuracy": 0.954, "f1": 0.95404, "auc": 0.99336}
{"epoch": 28, "time_epoch": 38.40929, "eta": 4631.22001, "eta_hours": 1.28645, "loss": 0.15843276, "lr": 0.00047988, "params": 527237, "time_iter": 0.17538, "accuracy": 0.95657, "f1": 0.95655, "auc": 0.9943}
{"epoch": 29, "time_epoch": 38.05484, "eta": 4592.06663, "eta_hours": 1.27557, "loss": 0.15314051, "lr": 0.00047762, "params": 527237, "time_iter": 0.17377, "accuracy": 0.95486, "f1": 0.95488, "auc": 0.99437}
{"epoch": 30, "time_epoch": 38.51126, "eta": 4554.73621, "eta_hours": 1.2652, "loss": 0.14924309, "lr": 0.00047524, "params": 527237, "time_iter": 0.17585, "accuracy": 0.95829, "f1": 0.95831, "auc": 0.9947}
{"epoch": 31, "time_epoch": 38.2655, "eta": 4516.42572, "eta_hours": 1.25456, "loss": 0.15122863, "lr": 0.00047275, "params": 527237, "time_iter": 0.17473, "accuracy": 0.95514, "f1": 0.95519, "auc": 0.99444}
{"epoch": 32, "time_epoch": 38.32985, "eta": 4478.34612, "eta_hours": 1.24399, "loss": 0.16042956, "lr": 0.00047015, "params": 527237, "time_iter": 0.17502, "accuracy": 0.95686, "f1": 0.95682, "auc": 0.99467}
{"epoch": 33, "time_epoch": 38.24191, "eta": 4439.95179, "eta_hours": 1.23332, "loss": 0.15225681, "lr": 0.00046744, "params": 527237, "time_iter": 0.17462, "accuracy": 0.95543, "f1": 0.95536, "auc": 0.99458}
{"epoch": 34, "time_epoch": 38.21245, "eta": 4401.46935, "eta_hours": 1.22263, "loss": 0.14514825, "lr": 0.00046461, "params": 527237, "time_iter": 0.17449, "accuracy": 0.95543, "f1": 0.95543, "auc": 0.9948}
{"epoch": 35, "time_epoch": 38.23864, "eta": 4363.08484, "eta_hours": 1.21197, "loss": 0.14690169, "lr": 0.00046168, "params": 527237, "time_iter": 0.17461, "accuracy": 0.95857, "f1": 0.95853, "auc": 0.99483}
{"epoch": 36, "time_epoch": 38.35391, "eta": 4325.06027, "eta_hours": 1.20141, "loss": 0.13475636, "lr": 0.00045864, "params": 527237, "time_iter": 0.17513, "accuracy": 0.95857, "f1": 0.95854, "auc": 0.99483}
{"epoch": 37, "time_epoch": 38.25155, "eta": 4286.71669, "eta_hours": 1.19075, "loss": 0.12797652, "lr": 0.0004555, "params": 527237, "time_iter": 0.17466, "accuracy": 0.96143, "f1": 0.9614, "auc": 0.99592}
{"epoch": 38, "time_epoch": 38.17718, "eta": 4248.16614, "eta_hours": 1.18005, "loss": 0.12507514, "lr": 0.00045225, "params": 527237, "time_iter": 0.17433, "accuracy": 0.96514, "f1": 0.96515, "auc": 0.99572}
{"epoch": 39, "time_epoch": 38.19174, "eta": 4209.6743, "eta_hours": 1.16935, "loss": 0.131246, "lr": 0.00044891, "params": 527237, "time_iter": 0.17439, "accuracy": 0.96457, "f1": 0.96454, "auc": 0.99568}
{"epoch": 40, "time_epoch": 38.2257, "eta": 4171.28738, "eta_hours": 1.15869, "loss": 0.12970598, "lr": 0.00044546, "params": 527237, "time_iter": 0.17455, "accuracy": 0.96343, "f1": 0.96341, "auc": 0.99571}
{"epoch": 41, "time_epoch": 38.55394, "eta": 4133.75217, "eta_hours": 1.14826, "loss": 0.12025918, "lr": 0.00044191, "params": 527237, "time_iter": 0.17605, "accuracy": 0.96257, "f1": 0.96252, "auc": 0.99616}
{"epoch": 42, "time_epoch": 38.1142, "eta": 4095.07537, "eta_hours": 1.13752, "loss": 0.12363543, "lr": 0.00043827, "params": 527237, "time_iter": 0.17404, "accuracy": 0.966, "f1": 0.966, "auc": 0.99565}
{"epoch": 43, "time_epoch": 38.51053, "eta": 4057.37893, "eta_hours": 1.12705, "loss": 0.1243207, "lr": 0.00043453, "params": 527237, "time_iter": 0.17585, "accuracy": 0.96457, "f1": 0.96454, "auc": 0.9964}
{"epoch": 44, "time_epoch": 38.06762, "eta": 4018.61285, "eta_hours": 1.11628, "loss": 0.11554306, "lr": 0.0004307, "params": 527237, "time_iter": 0.17382, "accuracy": 0.96429, "f1": 0.96421, "auc": 0.99613}
{"epoch": 45, "time_epoch": 38.47566, "eta": 3980.79965, "eta_hours": 1.10578, "loss": 0.1122441, "lr": 0.00042678, "params": 527237, "time_iter": 0.17569, "accuracy": 0.97, "f1": 0.96998, "auc": 0.9957}
{"epoch": 46, "time_epoch": 38.29364, "eta": 3942.55936, "eta_hours": 1.09516, "loss": 0.11452809, "lr": 0.00042277, "params": 527237, "time_iter": 0.17486, "accuracy": 0.96429, "f1": 0.96424, "auc": 0.99702}
{"epoch": 47, "time_epoch": 38.35947, "eta": 3904.45676, "eta_hours": 1.08457, "loss": 0.11012626, "lr": 0.00041867, "params": 527237, "time_iter": 0.17516, "accuracy": 0.964, "f1": 0.96392, "auc": 0.99694}
{"epoch": 48, "time_epoch": 37.91846, "eta": 3865.43464, "eta_hours": 1.07373, "loss": 0.10866381, "lr": 0.00041448, "params": 527237, "time_iter": 0.17314, "accuracy": 0.96829, "f1": 0.96827, "auc": 0.99701}
{"epoch": 49, "time_epoch": 38.16868, "eta": 3826.95711, "eta_hours": 1.06304, "loss": 0.10378268, "lr": 0.00041022, "params": 527237, "time_iter": 0.17429, "accuracy": 0.96971, "f1": 0.96965, "auc": 0.99704}
{"epoch": 50, "time_epoch": 38.24801, "eta": 3788.64569, "eta_hours": 1.0524, "loss": 0.10287136, "lr": 0.00040587, "params": 527237, "time_iter": 0.17465, "accuracy": 0.972, "f1": 0.97199, "auc": 0.99677}
{"epoch": 51, "time_epoch": 38.08607, "eta": 3750.03151, "eta_hours": 1.04168, "loss": 0.1058941, "lr": 0.00040145, "params": 527237, "time_iter": 0.17391, "accuracy": 0.96686, "f1": 0.96682, "auc": 0.99724}
{"epoch": 52, "time_epoch": 38.27687, "eta": 3711.78646, "eta_hours": 1.03105, "loss": 0.10090954, "lr": 0.00039695, "params": 527237, "time_iter": 0.17478, "accuracy": 0.96829, "f1": 0.96824, "auc": 0.99742}
{"epoch": 53, "time_epoch": 38.61815, "eta": 3674.14695, "eta_hours": 1.0206, "loss": 0.10455155, "lr": 0.00039237, "params": 527237, "time_iter": 0.17634, "accuracy": 0.96771, "f1": 0.96772, "auc": 0.99741}
{"epoch": 54, "time_epoch": 38.25217, "eta": 3635.8397, "eta_hours": 1.00996, "loss": 0.08811471, "lr": 0.00038772, "params": 527237, "time_iter": 0.17467, "accuracy": 0.974, "f1": 0.97396, "auc": 0.9977}
{"epoch": 55, "time_epoch": 38.34704, "eta": 3597.69366, "eta_hours": 0.99936, "loss": 0.09582203, "lr": 0.00038301, "params": 527237, "time_iter": 0.1751, "accuracy": 0.97057, "f1": 0.9705, "auc": 0.99751}
{"epoch": 56, "time_epoch": 38.18797, "eta": 3559.28104, "eta_hours": 0.98869, "loss": 0.09739756, "lr": 0.00037822, "params": 527237, "time_iter": 0.17437, "accuracy": 0.97, "f1": 0.96997, "auc": 0.99751}
{"epoch": 57, "time_epoch": 38.26407, "eta": 3520.99688, "eta_hours": 0.97805, "loss": 0.09924734, "lr": 0.00037338, "params": 527237, "time_iter": 0.17472, "accuracy": 0.96886, "f1": 0.96881, "auc": 0.99763}
{"epoch": 58, "time_epoch": 38.24144, "eta": 3482.67849, "eta_hours": 0.96741, "loss": 0.08580174, "lr": 0.00036847, "params": 527237, "time_iter": 0.17462, "accuracy": 0.97486, "f1": 0.97481, "auc": 0.99783}
{"epoch": 59, "time_epoch": 38.36211, "eta": 3444.54367, "eta_hours": 0.95682, "loss": 0.08715082, "lr": 0.0003635, "params": 527237, "time_iter": 0.17517, "accuracy": 0.97229, "f1": 0.97225, "auc": 0.99768}
{"epoch": 60, "time_epoch": 38.06265, "eta": 3405.96449, "eta_hours": 0.9461, "loss": 0.08743037, "lr": 0.00035847, "params": 527237, "time_iter": 0.1738, "accuracy": 0.97457, "f1": 0.97453, "auc": 0.99765}
{"epoch": 61, "time_epoch": 38.14538, "eta": 3367.51939, "eta_hours": 0.93542, "loss": 0.08750126, "lr": 0.00035339, "params": 527237, "time_iter": 0.17418, "accuracy": 0.97514, "f1": 0.97509, "auc": 0.99806}
{"epoch": 62, "time_epoch": 37.8807, "eta": 3328.7183, "eta_hours": 0.92464, "loss": 0.07769005, "lr": 0.00034826, "params": 527237, "time_iter": 0.17297, "accuracy": 0.97657, "f1": 0.97653, "auc": 0.99803}
{"epoch": 63, "time_epoch": 38.36885, "eta": 3290.60192, "eta_hours": 0.91406, "loss": 0.0838768, "lr": 0.00034307, "params": 527237, "time_iter": 0.1752, "accuracy": 0.97543, "f1": 0.9754, "auc": 0.99809}
{"epoch": 64, "time_epoch": 38.41261, "eta": 3252.53499, "eta_hours": 0.90348, "loss": 0.09330815, "lr": 0.00033784, "params": 527237, "time_iter": 0.1754, "accuracy": 0.972, "f1": 0.97196, "auc": 0.99763}
{"epoch": 65, "time_epoch": 38.28232, "eta": 3214.29177, "eta_hours": 0.89286, "loss": 0.09116984, "lr": 0.00033257, "params": 527237, "time_iter": 0.17481, "accuracy": 0.97629, "f1": 0.97625, "auc": 0.99774}
{"epoch": 66, "time_epoch": 37.9973, "eta": 3175.6943, "eta_hours": 0.88214, "loss": 0.07718389, "lr": 0.00032725, "params": 527237, "time_iter": 0.1735, "accuracy": 0.97886, "f1": 0.97883, "auc": 0.9982}
{"epoch": 67, "time_epoch": 38.35742, "eta": 3137.54874, "eta_hours": 0.87154, "loss": 0.08534077, "lr": 0.0003219, "params": 527237, "time_iter": 0.17515, "accuracy": 0.97457, "f1": 0.97453, "auc": 0.99808}
{"epoch": 68, "time_epoch": 38.31933, "eta": 3099.35232, "eta_hours": 0.86093, "loss": 0.07128222, "lr": 0.00031651, "params": 527237, "time_iter": 0.17497, "accuracy": 0.98, "f1": 0.97997, "auc": 0.99847}
{"epoch": 69, "time_epoch": 38.50511, "eta": 3061.36471, "eta_hours": 0.85038, "loss": 0.07154262, "lr": 0.00031109, "params": 527237, "time_iter": 0.17582, "accuracy": 0.97914, "f1": 0.97912, "auc": 0.99867}
{"epoch": 70, "time_epoch": 37.90838, "eta": 3022.69856, "eta_hours": 0.83964, "loss": 0.07084099, "lr": 0.00030563, "params": 527237, "time_iter": 0.1731, "accuracy": 0.98, "f1": 0.97997, "auc": 0.99835}
{"epoch": 71, "time_epoch": 38.19902, "eta": 2984.36832, "eta_hours": 0.82899, "loss": 0.07266956, "lr": 0.00030015, "params": 527237, "time_iter": 0.17442, "accuracy": 0.97943, "f1": 0.9794, "auc": 0.99852}
{"epoch": 72, "time_epoch": 38.25463, "eta": 2946.10032, "eta_hours": 0.81836, "loss": 0.07008098, "lr": 0.00029464, "params": 527237, "time_iter": 0.17468, "accuracy": 0.98057, "f1": 0.98054, "auc": 0.99866}
{"epoch": 73, "time_epoch": 38.18913, "eta": 2907.76542, "eta_hours": 0.80771, "loss": 0.06987735, "lr": 0.00028911, "params": 527237, "time_iter": 0.17438, "accuracy": 0.97914, "f1": 0.97909, "auc": 0.99845}
{"epoch": 74, "time_epoch": 38.36306, "eta": 2869.60834, "eta_hours": 0.79711, "loss": 0.06401973, "lr": 0.00028356, "params": 527237, "time_iter": 0.17517, "accuracy": 0.982, "f1": 0.98197, "auc": 0.99851}
{"epoch": 75, "time_epoch": 38.21988, "eta": 2831.30643, "eta_hours": 0.78647, "loss": 0.06700034, "lr": 0.00027799, "params": 527237, "time_iter": 0.17452, "accuracy": 0.982, "f1": 0.98197, "auc": 0.99842}
{"epoch": 76, "time_epoch": 38.02996, "eta": 2792.82659, "eta_hours": 0.77579, "loss": 0.0659486, "lr": 0.00027241, "params": 527237, "time_iter": 0.17365, "accuracy": 0.98057, "f1": 0.98054, "auc": 0.99831}
{"epoch": 77, "time_epoch": 37.92957, "eta": 2754.26562, "eta_hours": 0.76507, "loss": 0.06615565, "lr": 0.00026682, "params": 527237, "time_iter": 0.17319, "accuracy": 0.98171, "f1": 0.98168, "auc": 0.9986}
{"epoch": 78, "time_epoch": 38.06752, "eta": 2715.84462, "eta_hours": 0.7544, "loss": 0.06976156, "lr": 0.00026122, "params": 527237, "time_iter": 0.17382, "accuracy": 0.98, "f1": 0.97997, "auc": 0.99852}
{"epoch": 79, "time_epoch": 38.03402, "eta": 2677.40314, "eta_hours": 0.74372, "loss": 0.06082055, "lr": 0.00025561, "params": 527237, "time_iter": 0.17367, "accuracy": 0.98114, "f1": 0.98111, "auc": 0.99885}
{"epoch": 80, "time_epoch": 38.20447, "eta": 2639.11691, "eta_hours": 0.73309, "loss": 0.06350814, "lr": 0.00025, "params": 527237, "time_iter": 0.17445, "accuracy": 0.98057, "f1": 0.98054, "auc": 0.99862}
{"epoch": 81, "time_epoch": 38.45271, "eta": 2601.03855, "eta_hours": 0.72251, "loss": 0.06420095, "lr": 0.00024439, "params": 527237, "time_iter": 0.17558, "accuracy": 0.98257, "f1": 0.98255, "auc": 0.99861}
{"epoch": 82, "time_epoch": 38.05208, "eta": 2562.62776, "eta_hours": 0.71184, "loss": 0.06679783, "lr": 0.00023878, "params": 527237, "time_iter": 0.17375, "accuracy": 0.98029, "f1": 0.98026, "auc": 0.99864}
{"epoch": 83, "time_epoch": 38.03698, "eta": 2524.21365, "eta_hours": 0.70117, "loss": 0.06383549, "lr": 0.00023318, "params": 527237, "time_iter": 0.17368, "accuracy": 0.98229, "f1": 0.98226, "auc": 0.99856}
{"epoch": 84, "time_epoch": 38.09167, "eta": 2485.85022, "eta_hours": 0.69051, "loss": 0.05891347, "lr": 0.00022759, "params": 527237, "time_iter": 0.17393, "accuracy": 0.98257, "f1": 0.98255, "auc": 0.99879}
{"epoch": 85, "time_epoch": 38.37308, "eta": 2447.70254, "eta_hours": 0.67992, "loss": 0.06060493, "lr": 0.00022201, "params": 527237, "time_iter": 0.17522, "accuracy": 0.982, "f1": 0.98197, "auc": 0.99882}
{"epoch": 86, "time_epoch": 38.00074, "eta": 2409.28006, "eta_hours": 0.66924, "loss": 0.05807283, "lr": 0.00021644, "params": 527237, "time_iter": 0.17352, "accuracy": 0.98314, "f1": 0.98312, "auc": 0.99877}
{"epoch": 87, "time_epoch": 38.20767, "eta": 2371.01295, "eta_hours": 0.65861, "loss": 0.05537639, "lr": 0.00021089, "params": 527237, "time_iter": 0.17446, "accuracy": 0.98286, "f1": 0.98282, "auc": 0.99888}
{"epoch": 88, "time_epoch": 38.02381, "eta": 2332.62116, "eta_hours": 0.64795, "loss": 0.05803209, "lr": 0.00020536, "params": 527237, "time_iter": 0.17362, "accuracy": 0.98343, "f1": 0.9834, "auc": 0.99894}
{"epoch": 89, "time_epoch": 37.97701, "eta": 2294.20635, "eta_hours": 0.63728, "loss": 0.05395563, "lr": 0.00019985, "params": 527237, "time_iter": 0.17341, "accuracy": 0.98486, "f1": 0.98484, "auc": 0.99883}
{"epoch": 90, "time_epoch": 38.30389, "eta": 2256.01309, "eta_hours": 0.62667, "loss": 0.05850648, "lr": 0.00019437, "params": 527237, "time_iter": 0.1749, "accuracy": 0.98286, "f1": 0.98283, "auc": 0.99884}
{"epoch": 91, "time_epoch": 38.26179, "eta": 2217.79089, "eta_hours": 0.61605, "loss": 0.05372186, "lr": 0.00018891, "params": 527237, "time_iter": 0.17471, "accuracy": 0.984, "f1": 0.98397, "auc": 0.99891}
{"epoch": 92, "time_epoch": 38.50922, "eta": 2179.71948, "eta_hours": 0.60548, "loss": 0.04935135, "lr": 0.00018349, "params": 527237, "time_iter": 0.17584, "accuracy": 0.98514, "f1": 0.98513, "auc": 0.99894}
{"epoch": 93, "time_epoch": 38.24054, "eta": 2141.4787, "eta_hours": 0.59486, "loss": 0.05468542, "lr": 0.0001781, "params": 527237, "time_iter": 0.17461, "accuracy": 0.98314, "f1": 0.98311, "auc": 0.9988}
{"epoch": 94, "time_epoch": 38.33618, "eta": 2103.29329, "eta_hours": 0.58425, "loss": 0.05608969, "lr": 0.00017275, "params": 527237, "time_iter": 0.17505, "accuracy": 0.98171, "f1": 0.98169, "auc": 0.99896}
{"epoch": 95, "time_epoch": 37.86888, "eta": 2064.84189, "eta_hours": 0.57357, "loss": 0.05065942, "lr": 0.00016743, "params": 527237, "time_iter": 0.17292, "accuracy": 0.98371, "f1": 0.9837, "auc": 0.99897}
{"epoch": 96, "time_epoch": 38.41167, "eta": 2026.69907, "eta_hours": 0.56297, "loss": 0.05853985, "lr": 0.00016216, "params": 527237, "time_iter": 0.1754, "accuracy": 0.984, "f1": 0.98397, "auc": 0.99878}
{"epoch": 97, "time_epoch": 38.30575, "eta": 1988.49456, "eta_hours": 0.55236, "loss": 0.04993001, "lr": 0.00015693, "params": 527237, "time_iter": 0.17491, "accuracy": 0.98514, "f1": 0.98513, "auc": 0.99904}
{"epoch": 98, "time_epoch": 38.50436, "eta": 1950.39032, "eta_hours": 0.54178, "loss": 0.04989484, "lr": 0.00015174, "params": 527237, "time_iter": 0.17582, "accuracy": 0.986, "f1": 0.98598, "auc": 0.99898}
{"epoch": 99, "time_epoch": 38.22259, "eta": 1912.1372, "eta_hours": 0.53115, "loss": 0.05150711, "lr": 0.00014661, "params": 527237, "time_iter": 0.17453, "accuracy": 0.98514, "f1": 0.98511, "auc": 0.99893}
{"epoch": 100, "time_epoch": 38.30988, "eta": 1873.92702, "eta_hours": 0.52054, "loss": 0.05057412, "lr": 0.00014153, "params": 527237, "time_iter": 0.17493, "accuracy": 0.98486, "f1": 0.98484, "auc": 0.99891}
{"epoch": 101, "time_epoch": 38.1461, "eta": 1835.63782, "eta_hours": 0.5099, "loss": 0.04758945, "lr": 0.0001365, "params": 527237, "time_iter": 0.17418, "accuracy": 0.98571, "f1": 0.98569, "auc": 0.9991}
{"epoch": 102, "time_epoch": 37.95746, "eta": 1797.26532, "eta_hours": 0.49924, "loss": 0.04641709, "lr": 0.00013153, "params": 527237, "time_iter": 0.17332, "accuracy": 0.98571, "f1": 0.9857, "auc": 0.99897}
{"epoch": 103, "time_epoch": 38.09984, "eta": 1758.96378, "eta_hours": 0.4886, "loss": 0.04515733, "lr": 0.00012662, "params": 527237, "time_iter": 0.17397, "accuracy": 0.98629, "f1": 0.98627, "auc": 0.9991}
{"epoch": 104, "time_epoch": 38.44315, "eta": 1720.81321, "eta_hours": 0.478, "loss": 0.04806775, "lr": 0.00012178, "params": 527237, "time_iter": 0.17554, "accuracy": 0.98657, "f1": 0.98656, "auc": 0.99885}
{"epoch": 105, "time_epoch": 38.35871, "eta": 1682.62207, "eta_hours": 0.4674, "loss": 0.04494451, "lr": 0.00011699, "params": 527237, "time_iter": 0.17515, "accuracy": 0.986, "f1": 0.98598, "auc": 0.99906}
{"epoch": 106, "time_epoch": 37.93784, "eta": 1644.25867, "eta_hours": 0.45674, "loss": 0.04494261, "lr": 0.00011228, "params": 527237, "time_iter": 0.17323, "accuracy": 0.98657, "f1": 0.98656, "auc": 0.99902}
{"epoch": 107, "time_epoch": 37.82484, "eta": 1605.8592, "eta_hours": 0.44607, "loss": 0.04698455, "lr": 0.00010763, "params": 527237, "time_iter": 0.17272, "accuracy": 0.98629, "f1": 0.98627, "auc": 0.99913}
{"epoch": 108, "time_epoch": 38.23987, "eta": 1567.62638, "eta_hours": 0.43545, "loss": 0.04413753, "lr": 0.00010305, "params": 527237, "time_iter": 0.17461, "accuracy": 0.98543, "f1": 0.98541, "auc": 0.99916}
{"epoch": 109, "time_epoch": 38.47852, "eta": 1529.48022, "eta_hours": 0.42486, "loss": 0.04476523, "lr": 9.855e-05, "params": 527237, "time_iter": 0.1757, "accuracy": 0.98657, "f1": 0.98656, "auc": 0.99908}
{"epoch": 110, "time_epoch": 38.22398, "eta": 1491.23864, "eta_hours": 0.41423, "loss": 0.04354293, "lr": 9.413e-05, "params": 527237, "time_iter": 0.17454, "accuracy": 0.98571, "f1": 0.9857, "auc": 0.99908}
{"epoch": 111, "time_epoch": 38.10649, "eta": 1452.95751, "eta_hours": 0.4036, "loss": 0.04480476, "lr": 8.978e-05, "params": 527237, "time_iter": 0.174, "accuracy": 0.98686, "f1": 0.98684, "auc": 0.99902}
{"epoch": 112, "time_epoch": 38.38281, "eta": 1414.76995, "eta_hours": 0.39299, "loss": 0.04287899, "lr": 8.552e-05, "params": 527237, "time_iter": 0.17526, "accuracy": 0.98714, "f1": 0.98713, "auc": 0.99899}
{"epoch": 113, "time_epoch": 38.21934, "eta": 1376.52734, "eta_hours": 0.38237, "loss": 0.04355156, "lr": 8.133e-05, "params": 527237, "time_iter": 0.17452, "accuracy": 0.98629, "f1": 0.98627, "auc": 0.99917}
{"epoch": 114, "time_epoch": 38.60306, "eta": 1338.40192, "eta_hours": 0.37178, "loss": 0.04201498, "lr": 7.723e-05, "params": 527237, "time_iter": 0.17627, "accuracy": 0.98714, "f1": 0.98713, "auc": 0.99906}
{"epoch": 115, "time_epoch": 38.28602, "eta": 1300.17534, "eta_hours": 0.36116, "loss": 0.04311071, "lr": 7.322e-05, "params": 527237, "time_iter": 0.17482, "accuracy": 0.98657, "f1": 0.98656, "auc": 0.99903}
{"epoch": 116, "time_epoch": 38.07945, "eta": 1261.88948, "eta_hours": 0.35052, "loss": 0.04193505, "lr": 6.93e-05, "params": 527237, "time_iter": 0.17388, "accuracy": 0.98686, "f1": 0.98684, "auc": 0.99914}
{"epoch": 117, "time_epoch": 38.03397, "eta": 1223.59478, "eta_hours": 0.33989, "loss": 0.04239589, "lr": 6.547e-05, "params": 527237, "time_iter": 0.17367, "accuracy": 0.98686, "f1": 0.98684, "auc": 0.99919}
{"epoch": 118, "time_epoch": 38.1106, "eta": 1185.32443, "eta_hours": 0.32926, "loss": 0.04129682, "lr": 6.173e-05, "params": 527237, "time_iter": 0.17402, "accuracy": 0.98714, "f1": 0.98713, "auc": 0.99916}
{"epoch": 119, "time_epoch": 38.14939, "eta": 1147.06644, "eta_hours": 0.31863, "loss": 0.04103522, "lr": 5.809e-05, "params": 527237, "time_iter": 0.1742, "accuracy": 0.98686, "f1": 0.98685, "auc": 0.99911}
{"epoch": 120, "time_epoch": 38.25832, "eta": 1108.83635, "eta_hours": 0.30801, "loss": 0.04140539, "lr": 5.454e-05, "params": 527237, "time_iter": 0.1747, "accuracy": 0.98771, "f1": 0.9877, "auc": 0.99922}
{"epoch": 121, "time_epoch": 38.40423, "eta": 1070.63928, "eta_hours": 0.2974, "loss": 0.0398233, "lr": 5.109e-05, "params": 527237, "time_iter": 0.17536, "accuracy": 0.98743, "f1": 0.98742, "auc": 0.99908}
{"epoch": 122, "time_epoch": 38.28517, "eta": 1032.41271, "eta_hours": 0.28678, "loss": 0.04088852, "lr": 4.775e-05, "params": 527237, "time_iter": 0.17482, "accuracy": 0.988, "f1": 0.98799, "auc": 0.99907}
{"epoch": 123, "time_epoch": 38.13132, "eta": 994.15294, "eta_hours": 0.27615, "loss": 0.04073029, "lr": 4.45e-05, "params": 527237, "time_iter": 0.17412, "accuracy": 0.988, "f1": 0.98799, "auc": 0.99912}
{"epoch": 124, "time_epoch": 38.48105, "eta": 955.96517, "eta_hours": 0.26555, "loss": 0.04247759, "lr": 4.136e-05, "params": 527237, "time_iter": 0.17571, "accuracy": 0.98714, "f1": 0.98713, "auc": 0.99904}
{"epoch": 125, "time_epoch": 38.27078, "eta": 917.73269, "eta_hours": 0.25493, "loss": 0.04042095, "lr": 3.832e-05, "params": 527237, "time_iter": 0.17475, "accuracy": 0.98829, "f1": 0.98827, "auc": 0.99916}
{"epoch": 126, "time_epoch": 38.35852, "eta": 879.5155, "eta_hours": 0.24431, "loss": 0.04085268, "lr": 3.539e-05, "params": 527237, "time_iter": 0.17515, "accuracy": 0.988, "f1": 0.98799, "auc": 0.99918}
{"epoch": 127, "time_epoch": 38.02437, "eta": 841.23866, "eta_hours": 0.23368, "loss": 0.04021484, "lr": 3.256e-05, "params": 527237, "time_iter": 0.17363, "accuracy": 0.98829, "f1": 0.98827, "auc": 0.99907}
{"epoch": 128, "time_epoch": 38.19431, "eta": 802.99341, "eta_hours": 0.22305, "loss": 0.04146532, "lr": 2.985e-05, "params": 527237, "time_iter": 0.1744, "accuracy": 0.98743, "f1": 0.98742, "auc": 0.99914}
{"epoch": 129, "time_epoch": 38.12319, "eta": 764.738, "eta_hours": 0.21243, "loss": 0.03960139, "lr": 2.725e-05, "params": 527237, "time_iter": 0.17408, "accuracy": 0.98714, "f1": 0.98713, "auc": 0.99917}
{"epoch": 130, "time_epoch": 38.14828, "eta": 726.48825, "eta_hours": 0.2018, "loss": 0.03936617, "lr": 2.476e-05, "params": 527237, "time_iter": 0.17419, "accuracy": 0.988, "f1": 0.98799, "auc": 0.99919}
{"epoch": 131, "time_epoch": 38.25261, "eta": 688.25426, "eta_hours": 0.19118, "loss": 0.03967302, "lr": 2.238e-05, "params": 527237, "time_iter": 0.17467, "accuracy": 0.98771, "f1": 0.9877, "auc": 0.99907}
{"epoch": 132, "time_epoch": 38.2399, "eta": 650.01837, "eta_hours": 0.18056, "loss": 0.03916199, "lr": 2.012e-05, "params": 527237, "time_iter": 0.17461, "accuracy": 0.988, "f1": 0.98799, "auc": 0.99936}
{"epoch": 133, "time_epoch": 38.41013, "eta": 611.80274, "eta_hours": 0.16995, "loss": 0.03930338, "lr": 1.797e-05, "params": 527237, "time_iter": 0.17539, "accuracy": 0.988, "f1": 0.98799, "auc": 0.99916}
{"epoch": 134, "time_epoch": 37.78161, "eta": 573.51439, "eta_hours": 0.15931, "loss": 0.03887892, "lr": 1.594e-05, "params": 527237, "time_iter": 0.17252, "accuracy": 0.98857, "f1": 0.98856, "auc": 0.99913}
{"epoch": 135, "time_epoch": 38.20756, "eta": 535.27735, "eta_hours": 0.14869, "loss": 0.03920346, "lr": 1.403e-05, "params": 527237, "time_iter": 0.17446, "accuracy": 0.988, "f1": 0.98799, "auc": 0.99924}
{"epoch": 136, "time_epoch": 38.27431, "eta": 497.04707, "eta_hours": 0.13807, "loss": 0.03792916, "lr": 1.224e-05, "params": 527237, "time_iter": 0.17477, "accuracy": 0.988, "f1": 0.98799, "auc": 0.99924}
{"epoch": 137, "time_epoch": 38.38425, "eta": 458.82571, "eta_hours": 0.12745, "loss": 0.03856928, "lr": 1.056e-05, "params": 527237, "time_iter": 0.17527, "accuracy": 0.98743, "f1": 0.98742, "auc": 0.99913}
{"epoch": 138, "time_epoch": 38.0504, "eta": 420.57559, "eta_hours": 0.11683, "loss": 0.03860988, "lr": 9.01e-06, "params": 527237, "time_iter": 0.17375, "accuracy": 0.988, "f1": 0.98799, "auc": 0.99926}
{"epoch": 139, "time_epoch": 37.91622, "eta": 382.31873, "eta_hours": 0.1062, "loss": 0.03798911, "lr": 7.58e-06, "params": 527237, "time_iter": 0.17313, "accuracy": 0.98829, "f1": 0.98827, "auc": 0.99924}
{"epoch": 140, "time_epoch": 38.1912, "eta": 344.08426, "eta_hours": 0.09558, "loss": 0.03887204, "lr": 6.27e-06, "params": 527237, "time_iter": 0.17439, "accuracy": 0.988, "f1": 0.98799, "auc": 0.99916}
{"epoch": 141, "time_epoch": 38.36168, "eta": 305.86001, "eta_hours": 0.08496, "loss": 0.03738423, "lr": 5.08e-06, "params": 527237, "time_iter": 0.17517, "accuracy": 0.988, "f1": 0.98799, "auc": 0.9993}
{"epoch": 142, "time_epoch": 38.05308, "eta": 267.61872, "eta_hours": 0.07434, "loss": 0.03882089, "lr": 4.02e-06, "params": 527237, "time_iter": 0.17376, "accuracy": 0.98829, "f1": 0.98827, "auc": 0.9993}
{"epoch": 143, "time_epoch": 38.3524, "eta": 229.39253, "eta_hours": 0.06372, "loss": 0.038448, "lr": 3.08e-06, "params": 527237, "time_iter": 0.17513, "accuracy": 0.98829, "f1": 0.98827, "auc": 0.99908}
{"epoch": 144, "time_epoch": 38.36838, "eta": 191.16514, "eta_hours": 0.0531, "loss": 0.03876098, "lr": 2.26e-06, "params": 527237, "time_iter": 0.1752, "accuracy": 0.98829, "f1": 0.98827, "auc": 0.99923}
{"epoch": 145, "time_epoch": 38.50734, "eta": 152.93963, "eta_hours": 0.04248, "loss": 0.03744176, "lr": 1.57e-06, "params": 527237, "time_iter": 0.17583, "accuracy": 0.98829, "f1": 0.98827, "auc": 0.99924}
{"epoch": 146, "time_epoch": 38.6175, "eta": 114.71253, "eta_hours": 0.03186, "loss": 0.03882134, "lr": 1.01e-06, "params": 527237, "time_iter": 0.17634, "accuracy": 0.98771, "f1": 0.9877, "auc": 0.99912}
{"epoch": 147, "time_epoch": 38.35326, "eta": 76.47658, "eta_hours": 0.02124, "loss": 0.03865311, "lr": 5.7e-07, "params": 527237, "time_iter": 0.17513, "accuracy": 0.988, "f1": 0.98799, "auc": 0.9992}
{"epoch": 148, "time_epoch": 38.24726, "eta": 38.23835, "eta_hours": 0.01062, "loss": 0.03856476, "lr": 2.5e-07, "params": 527237, "time_iter": 0.17465, "accuracy": 0.98829, "f1": 0.98827, "auc": 0.99917}
{"epoch": 149, "time_epoch": 38.32552, "eta": 0.0, "eta_hours": 0.0, "loss": 0.03764183, "lr": 6e-08, "params": 527237, "time_iter": 0.175, "accuracy": 0.98857, "f1": 0.98856, "auc": 0.99932}
