{"epoch": 0, "time_epoch": 28.65724, "eta": 2837.06654, "eta_hours": 0.78807, "loss": 0.20224181, "lr": 0.0, "params": 337201, "time_iter": 0.09156, "accuracy": 0.17652, "precision": 0.17652, "recall": 1.0, "f1": 0.30007, "auc": 0.49296}
{"epoch": 1, "time_epoch": 24.94851, "eta": 2626.68175, "eta_hours": 0.72963, "loss": 0.16462354, "lr": 0.0002, "params": 337201, "time_iter": 0.07971, "accuracy": 0.75359, "precision": 0.40082, "recall": 0.80009, "f1": 0.53408, "auc": 0.84122}
{"epoch": 2, "time_epoch": 25.59606, "eta": 2560.85867, "eta_hours": 0.71135, "loss": 0.13243909, "lr": 0.0004, "params": 337201, "time_iter": 0.08178, "accuracy": 0.83726, "precision": 0.52457, "recall": 0.83317, "f1": 0.6438, "auc": 0.89302}
{"epoch": 3, "time_epoch": 26.02396, "eta": 2525.41859, "eta_hours": 0.70151, "loss": 0.11640816, "lr": 0.0006, "params": 337201, "time_iter": 0.08314, "accuracy": 0.84417, "precision": 0.53768, "recall": 0.83623, "f1": 0.65452, "auc": 0.9105}
{"epoch": 4, "time_epoch": 27.08459, "eta": 2513.89701, "eta_hours": 0.6983, "loss": 0.10930895, "lr": 0.0008, "params": 337201, "time_iter": 0.08653, "accuracy": 0.84463, "precision": 0.53848, "recall": 0.83825, "f1": 0.65573, "auc": 0.9172}
{"epoch": 5, "time_epoch": 27.21451, "eta": 2499.22305, "eta_hours": 0.69423, "loss": 0.10378076, "lr": 0.001, "params": 337201, "time_iter": 0.08695, "accuracy": 0.8478, "precision": 0.5444, "recall": 0.84463, "f1": 0.66207, "auc": 0.92393}
{"epoch": 6, "time_epoch": 27.8486, "eta": 2489.39043, "eta_hours": 0.6915, "loss": 0.10093272, "lr": 0.00099973, "params": 337201, "time_iter": 0.08897, "accuracy": 0.85026, "precision": 0.54915, "recall": 0.8476, "f1": 0.66649, "auc": 0.92706}
{"epoch": 7, "time_epoch": 26.7414, "eta": 2462.32103, "eta_hours": 0.68398, "loss": 0.09940985, "lr": 0.00099891, "params": 337201, "time_iter": 0.08544, "accuracy": 0.8518, "precision": 0.55223, "recall": 0.84818, "f1": 0.66893, "auc": 0.92894}
{"epoch": 8, "time_epoch": 27.07811, "eta": 2438.72906, "eta_hours": 0.67742, "loss": 0.09826813, "lr": 0.00099754, "params": 337201, "time_iter": 0.08651, "accuracy": 0.85333, "precision": 0.55527, "recall": 0.84931, "f1": 0.67151, "auc": 0.93017}
{"epoch": 9, "time_epoch": 25.68311, "eta": 2401.88488, "eta_hours": 0.66719, "loss": 0.0979905, "lr": 0.00099563, "params": 337201, "time_iter": 0.08205, "accuracy": 0.8523, "precision": 0.55314, "recall": 0.84979, "f1": 0.6701, "auc": 0.93031}
{"epoch": 10, "time_epoch": 26.09563, "eta": 2370.40758, "eta_hours": 0.65845, "loss": 0.0973558, "lr": 0.00099318, "params": 337201, "time_iter": 0.08337, "accuracy": 0.85339, "precision": 0.55532, "recall": 0.85032, "f1": 0.67187, "auc": 0.93109}
{"epoch": 11, "time_epoch": 25.93268, "eta": 2338.63228, "eta_hours": 0.64962, "loss": 0.0970933, "lr": 0.00099019, "params": 337201, "time_iter": 0.08285, "accuracy": 0.85405, "precision": 0.5566, "recall": 0.85132, "f1": 0.67311, "auc": 0.93133}
{"epoch": 12, "time_epoch": 25.25588, "eta": 2303.22652, "eta_hours": 0.63979, "loss": 0.09661904, "lr": 0.00098666, "params": 337201, "time_iter": 0.08069, "accuracy": 0.85447, "precision": 0.55744, "recall": 0.8519, "f1": 0.67391, "auc": 0.93196}
{"epoch": 13, "time_epoch": 26.77453, "eta": 2278.59955, "eta_hours": 0.63294, "loss": 0.09654321, "lr": 0.0009826, "params": 337201, "time_iter": 0.08554, "accuracy": 0.85416, "precision": 0.55672, "recall": 0.85281, "f1": 0.67367, "auc": 0.93201}
{"epoch": 14, "time_epoch": 26.825, "eta": 2253.97228, "eta_hours": 0.6261, "loss": 0.09635064, "lr": 0.00097802, "params": 337201, "time_iter": 0.0857, "accuracy": 0.85456, "precision": 0.55759, "recall": 0.85232, "f1": 0.67415, "auc": 0.93224}
{"epoch": 15, "time_epoch": 25.59596, "eta": 2222.61779, "eta_hours": 0.61739, "loss": 0.09581889, "lr": 0.00097291, "params": 337201, "time_iter": 0.08178, "accuracy": 0.85568, "precision": 0.55985, "recall": 0.85306, "f1": 0.67603, "auc": 0.93299}
{"epoch": 16, "time_epoch": 25.96334, "eta": 2193.73447, "eta_hours": 0.60937, "loss": 0.09564115, "lr": 0.00096728, "params": 337201, "time_iter": 0.08295, "accuracy": 0.85525, "precision": 0.5589, "recall": 0.85376, "f1": 0.67556, "auc": 0.93314}
{"epoch": 17, "time_epoch": 25.8335, "eta": 2164.5841, "eta_hours": 0.60127, "loss": 0.09540554, "lr": 0.00096114, "params": 337201, "time_iter": 0.08254, "accuracy": 0.85524, "precision": 0.55882, "recall": 0.85456, "f1": 0.67575, "auc": 0.93347}
{"epoch": 18, "time_epoch": 25.35977, "eta": 2133.76331, "eta_hours": 0.59271, "loss": 0.09501876, "lr": 0.0009545, "params": 337201, "time_iter": 0.08102, "accuracy": 0.85602, "precision": 0.56031, "recall": 0.85627, "f1": 0.67737, "auc": 0.93404}
{"epoch": 19, "time_epoch": 25.98742, "eta": 2105.99919, "eta_hours": 0.585, "loss": 0.09469711, "lr": 0.00094736, "params": 337201, "time_iter": 0.08303, "accuracy": 0.8562, "precision": 0.56065, "recall": 0.85675, "f1": 0.67777, "auc": 0.93441}
{"epoch": 20, "time_epoch": 27.12896, "eta": 2082.69865, "eta_hours": 0.57853, "loss": 0.09420109, "lr": 0.00093974, "params": 337201, "time_iter": 0.08667, "accuracy": 0.85806, "precision": 0.5645, "recall": 0.85727, "f1": 0.68074, "auc": 0.93521}
{"epoch": 21, "time_epoch": 31.70355, "eta": 2075.26907, "eta_hours": 0.57646, "loss": 0.093877, "lr": 0.00093163, "params": 337201, "time_iter": 0.10129, "accuracy": 0.85797, "precision": 0.56425, "recall": 0.85806, "f1": 0.68081, "auc": 0.93563}
{"epoch": 22, "time_epoch": 26.07921, "eta": 2046.8994, "eta_hours": 0.56858, "loss": 0.09359588, "lr": 0.00092305, "params": 337201, "time_iter": 0.08332, "accuracy": 0.8575, "precision": 0.56311, "recall": 0.85974, "f1": 0.6805, "auc": 0.936}
{"epoch": 23, "time_epoch": 25.51904, "eta": 2016.94675, "eta_hours": 0.56026, "loss": 0.09338125, "lr": 0.000914, "params": 337201, "time_iter": 0.08153, "accuracy": 0.85782, "precision": 0.56376, "recall": 0.85987, "f1": 0.68102, "auc": 0.93625}
{"epoch": 24, "time_epoch": 26.61204, "eta": 1990.62778, "eta_hours": 0.55295, "loss": 0.09313181, "lr": 0.00090451, "params": 337201, "time_iter": 0.08502, "accuracy": 0.85746, "precision": 0.56284, "recall": 0.86208, "f1": 0.68104, "auc": 0.93663}
{"epoch": 25, "time_epoch": 25.73757, "eta": 1961.79739, "eta_hours": 0.54494, "loss": 0.0929114, "lr": 0.00089457, "params": 337201, "time_iter": 0.08223, "accuracy": 0.85946, "precision": 0.56725, "recall": 0.85962, "f1": 0.68348, "auc": 0.93695}
{"epoch": 26, "time_epoch": 25.65028, "eta": 1932.9601, "eta_hours": 0.53693, "loss": 0.09269691, "lr": 0.0008842, "params": 337201, "time_iter": 0.08195, "accuracy": 0.85895, "precision": 0.56601, "recall": 0.86144, "f1": 0.68315, "auc": 0.93718}
{"epoch": 27, "time_epoch": 25.1118, "eta": 1902.96578, "eta_hours": 0.5286, "loss": 0.09242797, "lr": 0.00087341, "params": 337201, "time_iter": 0.08023, "accuracy": 0.85978, "precision": 0.56779, "recall": 0.86121, "f1": 0.68437, "auc": 0.93759}
{"epoch": 28, "time_epoch": 26.19638, "eta": 1875.96353, "eta_hours": 0.5211, "loss": 0.09236302, "lr": 0.00086221, "params": 337201, "time_iter": 0.08369, "accuracy": 0.85926, "precision": 0.56656, "recall": 0.8627, "f1": 0.68395, "auc": 0.93765}
{"epoch": 29, "time_epoch": 26.49446, "eta": 1849.71054, "eta_hours": 0.51381, "loss": 0.09222546, "lr": 0.00085062, "params": 337201, "time_iter": 0.08465, "accuracy": 0.86042, "precision": 0.56922, "recall": 0.86042, "f1": 0.68516, "auc": 0.93786}
{"epoch": 30, "time_epoch": 25.92352, "eta": 1822.17116, "eta_hours": 0.50616, "loss": 0.09217487, "lr": 0.00083864, "params": 337201, "time_iter": 0.08282, "accuracy": 0.86068, "precision": 0.56974, "recall": 0.86072, "f1": 0.68564, "auc": 0.93791}
{"epoch": 31, "time_epoch": 28.2925, "eta": 1799.76684, "eta_hours": 0.49994, "loss": 0.09210627, "lr": 0.00082629, "params": 337201, "time_iter": 0.09039, "accuracy": 0.86067, "precision": 0.5696, "recall": 0.86214, "f1": 0.68598, "auc": 0.93804}
{"epoch": 32, "time_epoch": 25.87345, "eta": 1772.09427, "eta_hours": 0.49225, "loss": 0.09172902, "lr": 0.00081359, "params": 337201, "time_iter": 0.08266, "accuracy": 0.85976, "precision": 0.56744, "recall": 0.86465, "f1": 0.68521, "auc": 0.93853}
{"epoch": 33, "time_epoch": 25.49805, "eta": 1743.79882, "eta_hours": 0.48439, "loss": 0.09173077, "lr": 0.00080054, "params": 337201, "time_iter": 0.08146, "accuracy": 0.86058, "precision": 0.56939, "recall": 0.86222, "f1": 0.68586, "auc": 0.93854}
{"epoch": 34, "time_epoch": 25.63122, "eta": 1715.91053, "eta_hours": 0.47664, "loss": 0.09177112, "lr": 0.00078716, "params": 337201, "time_iter": 0.08189, "accuracy": 0.86083, "precision": 0.56997, "recall": 0.86183, "f1": 0.68615, "auc": 0.9384}
{"epoch": 35, "time_epoch": 25.7747, "eta": 1688.40271, "eta_hours": 0.469, "loss": 0.09160362, "lr": 0.00077347, "params": 337201, "time_iter": 0.08235, "accuracy": 0.86075, "precision": 0.56972, "recall": 0.8626, "f1": 0.68622, "auc": 0.93865}
{"epoch": 36, "time_epoch": 25.27477, "eta": 1660.13734, "eta_hours": 0.46115, "loss": 0.09158038, "lr": 0.00075948, "params": 337201, "time_iter": 0.08075, "accuracy": 0.86011, "precision": 0.56825, "recall": 0.86371, "f1": 0.6855, "auc": 0.9387}
{"epoch": 37, "time_epoch": 27.11467, "eta": 1635.03132, "eta_hours": 0.45418, "loss": 0.09138444, "lr": 0.00074521, "params": 337201, "time_iter": 0.08663, "accuracy": 0.86139, "precision": 0.57105, "recall": 0.8631, "f1": 0.68734, "auc": 0.939}
{"epoch": 38, "time_epoch": 26.83932, "eta": 1609.39161, "eta_hours": 0.44705, "loss": 0.0912427, "lr": 0.00073067, "params": 337201, "time_iter": 0.08575, "accuracy": 0.86064, "precision": 0.56929, "recall": 0.86474, "f1": 0.68658, "auc": 0.93916}
{"epoch": 39, "time_epoch": 27.19056, "eta": 1584.21878, "eta_hours": 0.44006, "loss": 0.09122549, "lr": 0.00071588, "params": 337201, "time_iter": 0.08687, "accuracy": 0.86128, "precision": 0.57069, "recall": 0.86429, "f1": 0.68745, "auc": 0.9392}
{"epoch": 40, "time_epoch": 25.73581, "eta": 1556.8541, "eta_hours": 0.43246, "loss": 0.09101885, "lr": 0.00070085, "params": 337201, "time_iter": 0.08222, "accuracy": 0.86064, "precision": 0.56919, "recall": 0.86575, "f1": 0.68683, "auc": 0.93946}
{"epoch": 41, "time_epoch": 25.30575, "eta": 1528.97309, "eta_hours": 0.42471, "loss": 0.09095953, "lr": 0.0006856, "params": 337201, "time_iter": 0.08085, "accuracy": 0.86074, "precision": 0.56945, "recall": 0.86522, "f1": 0.68685, "auc": 0.93954}
{"epoch": 42, "time_epoch": 25.75665, "eta": 1501.80957, "eta_hours": 0.41717, "loss": 0.09081992, "lr": 0.00067015, "params": 337201, "time_iter": 0.08229, "accuracy": 0.86164, "precision": 0.57142, "recall": 0.86485, "f1": 0.68816, "auc": 0.93973}
{"epoch": 43, "time_epoch": 25.70333, "eta": 1474.64213, "eta_hours": 0.40962, "loss": 0.09089238, "lr": 0.00065451, "params": 337201, "time_iter": 0.08212, "accuracy": 0.86075, "precision": 0.5695, "recall": 0.86503, "f1": 0.68682, "auc": 0.93959}
{"epoch": 44, "time_epoch": 25.83171, "eta": 1447.69668, "eta_hours": 0.40214, "loss": 0.09068067, "lr": 0.0006387, "params": 337201, "time_iter": 0.08253, "accuracy": 0.86205, "precision": 0.5723, "recall": 0.86473, "f1": 0.68876, "auc": 0.93989}
{"epoch": 45, "time_epoch": 26.31565, "eta": 1421.36775, "eta_hours": 0.39482, "loss": 0.09071454, "lr": 0.00062274, "params": 337201, "time_iter": 0.08408, "accuracy": 0.86135, "precision": 0.57073, "recall": 0.86545, "f1": 0.68785, "auc": 0.93991}
{"epoch": 46, "time_epoch": 25.52832, "eta": 1394.15154, "eta_hours": 0.38726, "loss": 0.09044922, "lr": 0.00060665, "params": 337201, "time_iter": 0.08156, "accuracy": 0.86221, "precision": 0.57259, "recall": 0.86531, "f1": 0.68915, "auc": 0.94027}
{"epoch": 47, "time_epoch": 25.2518, "eta": 1366.70611, "eta_hours": 0.37964, "loss": 0.09051288, "lr": 0.00059044, "params": 337201, "time_iter": 0.08068, "accuracy": 0.86198, "precision": 0.57211, "recall": 0.86521, "f1": 0.68878, "auc": 0.94011}
{"epoch": 48, "time_epoch": 26.00125, "eta": 1340.13025, "eta_hours": 0.37226, "loss": 0.09041332, "lr": 0.00057413, "params": 337201, "time_iter": 0.08307, "accuracy": 0.86232, "precision": 0.57286, "recall": 0.86497, "f1": 0.68924, "auc": 0.9403}
{"epoch": 49, "time_epoch": 26.39388, "eta": 1313.97, "eta_hours": 0.36499, "loss": 0.09026602, "lr": 0.00055774, "params": 337201, "time_iter": 0.08433, "accuracy": 0.86311, "precision": 0.57459, "recall": 0.86468, "f1": 0.6904, "auc": 0.94046}
{"epoch": 50, "time_epoch": 25.25104, "eta": 1286.70256, "eta_hours": 0.35742, "loss": 0.09013255, "lr": 0.00054129, "params": 337201, "time_iter": 0.08067, "accuracy": 0.86284, "precision": 0.57398, "recall": 0.8649, "f1": 0.69003, "auc": 0.94064}
{"epoch": 51, "time_epoch": 25.80797, "eta": 1260.02678, "eta_hours": 0.35001, "loss": 0.09013857, "lr": 0.00052479, "params": 337201, "time_iter": 0.08245, "accuracy": 0.86158, "precision": 0.57109, "recall": 0.8669, "f1": 0.68857, "auc": 0.94066}
{"epoch": 52, "time_epoch": 25.46079, "eta": 1233.07586, "eta_hours": 0.34252, "loss": 0.09011327, "lr": 0.00050827, "params": 337201, "time_iter": 0.08134, "accuracy": 0.86173, "precision": 0.57138, "recall": 0.8671, "f1": 0.68885, "auc": 0.94062}
{"epoch": 53, "time_epoch": 26.65732, "eta": 1207.1994, "eta_hours": 0.33533, "loss": 0.08994687, "lr": 0.00049173, "params": 337201, "time_iter": 0.08517, "accuracy": 0.8629, "precision": 0.57396, "recall": 0.86644, "f1": 0.6905, "auc": 0.94093}
{"epoch": 54, "time_epoch": 25.58249, "eta": 1180.41514, "eta_hours": 0.32789, "loss": 0.08973999, "lr": 0.00047521, "params": 337201, "time_iter": 0.08173, "accuracy": 0.8629, "precision": 0.5739, "recall": 0.86706, "f1": 0.69066, "auc": 0.9412}
{"epoch": 55, "time_epoch": 26.14218, "eta": 1154.11355, "eta_hours": 0.32059, "loss": 0.08977642, "lr": 0.00045871, "params": 337201, "time_iter": 0.08352, "accuracy": 0.86271, "precision": 0.57349, "recall": 0.86711, "f1": 0.69038, "auc": 0.94112}
{"epoch": 56, "time_epoch": 27.46843, "eta": 1128.81807, "eta_hours": 0.31356, "loss": 0.0897536, "lr": 0.00044226, "params": 337201, "time_iter": 0.08776, "accuracy": 0.8628, "precision": 0.57371, "recall": 0.86676, "f1": 0.69042, "auc": 0.94114}
{"epoch": 57, "time_epoch": 26.68963, "eta": 1102.88369, "eta_hours": 0.30636, "loss": 0.08958149, "lr": 0.00042587, "params": 337201, "time_iter": 0.08527, "accuracy": 0.86319, "precision": 0.57456, "recall": 0.8667, "f1": 0.69102, "auc": 0.94136}
{"epoch": 58, "time_epoch": 26.35954, "eta": 1076.69433, "eta_hours": 0.29908, "loss": 0.08942913, "lr": 0.00040956, "params": 337201, "time_iter": 0.08422, "accuracy": 0.86312, "precision": 0.57433, "recall": 0.86748, "f1": 0.6911, "auc": 0.94153}
{"epoch": 59, "time_epoch": 25.61756, "eta": 1050.00464, "eta_hours": 0.29167, "loss": 0.08929489, "lr": 0.00039335, "params": 337201, "time_iter": 0.08185, "accuracy": 0.86233, "precision": 0.57256, "recall": 0.86822, "f1": 0.69006, "auc": 0.94173}
{"epoch": 60, "time_epoch": 25.40156, "eta": 1023.21201, "eta_hours": 0.28423, "loss": 0.08917305, "lr": 0.00037726, "params": 337201, "time_iter": 0.08116, "accuracy": 0.86296, "precision": 0.57388, "recall": 0.86863, "f1": 0.69114, "auc": 0.94192}
{"epoch": 61, "time_epoch": 26.60445, "eta": 997.2015, "eta_hours": 0.277, "loss": 0.08915728, "lr": 0.0003613, "params": 337201, "time_iter": 0.085, "accuracy": 0.86293, "precision": 0.57382, "recall": 0.86864, "f1": 0.6911, "auc": 0.94192}
{"epoch": 62, "time_epoch": 25.71914, "eta": 970.65219, "eta_hours": 0.26963, "loss": 0.0889463, "lr": 0.00034549, "params": 337201, "time_iter": 0.08217, "accuracy": 0.86324, "precision": 0.57443, "recall": 0.86915, "f1": 0.69171, "auc": 0.94221}
{"epoch": 63, "time_epoch": 25.73802, "eta": 944.13944, "eta_hours": 0.26226, "loss": 0.0889698, "lr": 0.00032985, "params": 337201, "time_iter": 0.08223, "accuracy": 0.86341, "precision": 0.57487, "recall": 0.86836, "f1": 0.69177, "auc": 0.94211}
{"epoch": 64, "time_epoch": 26.55752, "eta": 918.09181, "eta_hours": 0.25503, "loss": 0.08884486, "lr": 0.0003144, "params": 337201, "time_iter": 0.08485, "accuracy": 0.86312, "precision": 0.57414, "recall": 0.86954, "f1": 0.69162, "auc": 0.94232}
{"epoch": 65, "time_epoch": 25.76301, "eta": 891.61942, "eta_hours": 0.24767, "loss": 0.08881291, "lr": 0.00029915, "params": 337201, "time_iter": 0.08231, "accuracy": 0.86381, "precision": 0.5757, "recall": 0.86879, "f1": 0.69251, "auc": 0.94235}
{"epoch": 66, "time_epoch": 29.24671, "eta": 866.88407, "eta_hours": 0.2408, "loss": 0.08861644, "lr": 0.00028412, "params": 337201, "time_iter": 0.09344, "accuracy": 0.86315, "precision": 0.57411, "recall": 0.87036, "f1": 0.69185, "auc": 0.94258}
{"epoch": 67, "time_epoch": 28.58127, "eta": 841.70288, "eta_hours": 0.23381, "loss": 0.08851313, "lr": 0.00026933, "params": 337201, "time_iter": 0.09131, "accuracy": 0.86346, "precision": 0.57479, "recall": 0.87019, "f1": 0.69229, "auc": 0.94274}
{"epoch": 68, "time_epoch": 25.34938, "eta": 814.97113, "eta_hours": 0.22638, "loss": 0.08840707, "lr": 0.00025479, "params": 337201, "time_iter": 0.08099, "accuracy": 0.86377, "precision": 0.57549, "recall": 0.86999, "f1": 0.69274, "auc": 0.94287}
{"epoch": 69, "time_epoch": 25.16291, "eta": 788.19897, "eta_hours": 0.21894, "loss": 0.08836591, "lr": 0.00024052, "params": 337201, "time_iter": 0.08039, "accuracy": 0.86342, "precision": 0.57475, "recall": 0.86994, "f1": 0.69218, "auc": 0.94288}
{"epoch": 70, "time_epoch": 25.3963, "eta": 761.56745, "eta_hours": 0.21155, "loss": 0.08821452, "lr": 0.00022653, "params": 337201, "time_iter": 0.08114, "accuracy": 0.86364, "precision": 0.57512, "recall": 0.87095, "f1": 0.69277, "auc": 0.94311}
{"epoch": 71, "time_epoch": 25.37745, "eta": 734.96292, "eta_hours": 0.20416, "loss": 0.08808646, "lr": 0.00021284, "params": 337201, "time_iter": 0.08108, "accuracy": 0.86314, "precision": 0.57395, "recall": 0.87182, "f1": 0.6922, "auc": 0.94325}
{"epoch": 72, "time_epoch": 26.32209, "eta": 708.7414, "eta_hours": 0.19687, "loss": 0.08808941, "lr": 0.00019946, "params": 337201, "time_iter": 0.0841, "accuracy": 0.86306, "precision": 0.57389, "recall": 0.87078, "f1": 0.69183, "auc": 0.9432}
{"epoch": 73, "time_epoch": 29.12959, "eta": 683.50358, "eta_hours": 0.18986, "loss": 0.08793416, "lr": 0.00018641, "params": 337201, "time_iter": 0.09307, "accuracy": 0.86309, "precision": 0.57386, "recall": 0.87161, "f1": 0.69206, "auc": 0.94345}
{"epoch": 74, "time_epoch": 27.57469, "eta": 657.64368, "eta_hours": 0.18268, "loss": 0.08777104, "lr": 0.00017371, "params": 337201, "time_iter": 0.0881, "accuracy": 0.86395, "precision": 0.57569, "recall": 0.8719, "f1": 0.69349, "auc": 0.94363}
{"epoch": 75, "time_epoch": 25.34806, "eta": 631.0355, "eta_hours": 0.17529, "loss": 0.08780317, "lr": 0.00016136, "params": 337201, "time_iter": 0.08098, "accuracy": 0.86357, "precision": 0.57488, "recall": 0.87181, "f1": 0.69287, "auc": 0.94358}
{"epoch": 76, "time_epoch": 25.88078, "eta": 604.61918, "eta_hours": 0.16795, "loss": 0.08768221, "lr": 0.00014938, "params": 337201, "time_iter": 0.08269, "accuracy": 0.86334, "precision": 0.57437, "recall": 0.87196, "f1": 0.69255, "auc": 0.94373}
{"epoch": 77, "time_epoch": 28.28461, "eta": 578.8946, "eta_hours": 0.1608, "loss": 0.08758455, "lr": 0.00013779, "params": 337201, "time_iter": 0.09037, "accuracy": 0.86427, "precision": 0.5764, "recall": 0.87167, "f1": 0.69393, "auc": 0.94387}
{"epoch": 78, "time_epoch": 25.19929, "eta": 552.28505, "eta_hours": 0.15341, "loss": 0.08739217, "lr": 0.00012659, "params": 337201, "time_iter": 0.08051, "accuracy": 0.86362, "precision": 0.57487, "recall": 0.87305, "f1": 0.69326, "auc": 0.94412}
{"epoch": 79, "time_epoch": 25.47066, "eta": 525.77861, "eta_hours": 0.14605, "loss": 0.08742418, "lr": 0.0001158, "params": 337201, "time_iter": 0.08138, "accuracy": 0.86356, "precision": 0.57478, "recall": 0.87268, "f1": 0.69307, "auc": 0.94404}
{"epoch": 80, "time_epoch": 25.96554, "eta": 499.41382, "eta_hours": 0.13873, "loss": 0.08729539, "lr": 0.00010543, "params": 337201, "time_iter": 0.08296, "accuracy": 0.86352, "precision": 0.57459, "recall": 0.87357, "f1": 0.69321, "auc": 0.94418}
{"epoch": 81, "time_epoch": 27.61481, "eta": 473.42081, "eta_hours": 0.13151, "loss": 0.08713898, "lr": 9.549e-05, "params": 337201, "time_iter": 0.08823, "accuracy": 0.8634, "precision": 0.57429, "recall": 0.87398, "f1": 0.69313, "auc": 0.9444}
{"epoch": 82, "time_epoch": 25.48541, "eta": 446.95257, "eta_hours": 0.12415, "loss": 0.08709893, "lr": 8.6e-05, "params": 337201, "time_iter": 0.08142, "accuracy": 0.86364, "precision": 0.57485, "recall": 0.8736, "f1": 0.69342, "auc": 0.94441}
{"epoch": 83, "time_epoch": 25.37304, "eta": 420.48633, "eta_hours": 0.1168, "loss": 0.08711435, "lr": 7.695e-05, "params": 337201, "time_iter": 0.08106, "accuracy": 0.86341, "precision": 0.5743, "recall": 0.87424, "f1": 0.69321, "auc": 0.94441}
{"epoch": 84, "time_epoch": 27.85581, "eta": 394.48395, "eta_hours": 0.10958, "loss": 0.08700937, "lr": 6.837e-05, "params": 337201, "time_iter": 0.089, "accuracy": 0.86375, "precision": 0.57502, "recall": 0.8742, "f1": 0.69373, "auc": 0.94456}
{"epoch": 85, "time_epoch": 27.21014, "eta": 368.33335, "eta_hours": 0.10231, "loss": 0.08700072, "lr": 6.026e-05, "params": 337201, "time_iter": 0.08693, "accuracy": 0.8639, "precision": 0.57546, "recall": 0.87314, "f1": 0.69371, "auc": 0.94452}
{"epoch": 86, "time_epoch": 27.34426, "eta": 342.17844, "eta_hours": 0.09505, "loss": 0.08700138, "lr": 5.264e-05, "params": 337201, "time_iter": 0.08736, "accuracy": 0.86368, "precision": 0.57491, "recall": 0.87396, "f1": 0.69357, "auc": 0.94453}
{"epoch": 87, "time_epoch": 26.45052, "eta": 315.87463, "eta_hours": 0.08774, "loss": 0.08683752, "lr": 4.55e-05, "params": 337201, "time_iter": 0.08451, "accuracy": 0.86388, "precision": 0.57528, "recall": 0.87444, "f1": 0.69399, "auc": 0.94475}
{"epoch": 88, "time_epoch": 28.69791, "eta": 289.84529, "eta_hours": 0.08051, "loss": 0.08685872, "lr": 3.886e-05, "params": 337201, "time_iter": 0.09169, "accuracy": 0.8636, "precision": 0.57465, "recall": 0.87479, "f1": 0.69365, "auc": 0.9447}
{"epoch": 89, "time_epoch": 25.408, "eta": 263.3911, "eta_hours": 0.07316, "loss": 0.08671498, "lr": 3.272e-05, "params": 337201, "time_iter": 0.08118, "accuracy": 0.86369, "precision": 0.57481, "recall": 0.87518, "f1": 0.69388, "auc": 0.94489}
{"epoch": 90, "time_epoch": 25.33375, "eta": 236.95256, "eta_hours": 0.06582, "loss": 0.08663924, "lr": 2.709e-05, "params": 337201, "time_iter": 0.08094, "accuracy": 0.86353, "precision": 0.57443, "recall": 0.87559, "f1": 0.69373, "auc": 0.945}
{"epoch": 91, "time_epoch": 25.79003, "eta": 210.57771, "eta_hours": 0.05849, "loss": 0.08668143, "lr": 2.198e-05, "params": 337201, "time_iter": 0.0824, "accuracy": 0.86357, "precision": 0.5745, "recall": 0.87556, "f1": 0.69378, "auc": 0.94496}
{"epoch": 92, "time_epoch": 26.45894, "eta": 184.26579, "eta_hours": 0.05118, "loss": 0.08665534, "lr": 1.74e-05, "params": 337201, "time_iter": 0.08453, "accuracy": 0.8636, "precision": 0.5746, "recall": 0.87532, "f1": 0.69378, "auc": 0.94499}
{"epoch": 93, "time_epoch": 26.39237, "eta": 157.94649, "eta_hours": 0.04387, "loss": 0.08666003, "lr": 1.334e-05, "params": 337201, "time_iter": 0.08432, "accuracy": 0.86394, "precision": 0.57544, "recall": 0.87407, "f1": 0.694, "auc": 0.94495}
{"epoch": 94, "time_epoch": 25.54583, "eta": 131.58109, "eta_hours": 0.03655, "loss": 0.08660203, "lr": 9.81e-06, "params": 337201, "time_iter": 0.08162, "accuracy": 0.86359, "precision": 0.57458, "recall": 0.8752, "f1": 0.69372, "auc": 0.94505}
{"epoch": 95, "time_epoch": 29.43927, "eta": 105.395, "eta_hours": 0.02928, "loss": 0.08672817, "lr": 6.82e-06, "params": 337201, "time_iter": 0.09406, "accuracy": 0.8639, "precision": 0.57534, "recall": 0.8743, "f1": 0.69399, "auc": 0.94484}
{"epoch": 96, "time_epoch": 26.62586, "eta": 79.05482, "eta_hours": 0.02196, "loss": 0.08652805, "lr": 4.37e-06, "params": 337201, "time_iter": 0.08507, "accuracy": 0.86337, "precision": 0.5741, "recall": 0.8755, "f1": 0.69346, "auc": 0.9451}
{"epoch": 97, "time_epoch": 25.69545, "eta": 52.68982, "eta_hours": 0.01464, "loss": 0.08657902, "lr": 2.46e-06, "params": 337201, "time_iter": 0.08209, "accuracy": 0.86356, "precision": 0.57455, "recall": 0.87504, "f1": 0.69365, "auc": 0.945}
{"epoch": 98, "time_epoch": 26.78135, "eta": 26.34932, "eta_hours": 0.00732, "loss": 0.08649116, "lr": 1.09e-06, "params": 337201, "time_iter": 0.08556, "accuracy": 0.86358, "precision": 0.57457, "recall": 0.8752, "f1": 0.69372, "auc": 0.94518}
{"epoch": 99, "time_epoch": 31.93861, "eta": 0.0, "eta_hours": 0.0, "loss": 0.08649905, "lr": 2.7e-07, "params": 337201, "time_iter": 0.10204, "accuracy": 0.86401, "precision": 0.5755, "recall": 0.875, "f1": 0.69433, "auc": 0.94517}
