{"epoch": 0, "time_epoch": 214.31631, "eta": 21217.31438, "eta_hours": 5.8937, "loss": 0.6976359, "lr": 0.0, "params": 9744496, "time_iter": 0.31287, "accuracy": 0.50066, "ap": 0.02027, "auc": 0.49366}
{"epoch": 1, "time_epoch": 182.15226, "eta": 19426.95999, "eta_hours": 5.39638, "loss": 0.32934042, "lr": 0.0001, "params": 9744496, "time_iter": 0.26592, "accuracy": 0.91973, "ap": 0.02986, "auc": 0.53992}
{"epoch": 2, "time_epoch": 177.53927, "eta": 18559.58679, "eta_hours": 5.15544, "loss": 0.06613756, "lr": 0.0002, "params": 9744496, "time_iter": 0.25918, "accuracy": 0.97961, "ap": 0.04353, "auc": 0.62961}
{"epoch": 3, "time_epoch": 182.56439, "eta": 18157.73355, "eta_hours": 5.04381, "loss": 0.04908243, "lr": 0.0003, "params": 9744496, "time_iter": 0.26652, "accuracy": 0.98107, "ap": 0.07893, "auc": 0.73146}
{"epoch": 4, "time_epoch": 172.26925, "eta": 17647.98817, "eta_hours": 4.90222, "loss": 0.04509194, "lr": 0.0004, "params": 9744496, "time_iter": 0.25149, "accuracy": 0.98195, "ap": 0.10826, "auc": 0.79474}
{"epoch": 5, "time_epoch": 178.67158, "eta": 17351.03792, "eta_hours": 4.81973, "loss": 0.04300199, "lr": 0.0005, "params": 9744496, "time_iter": 0.26083, "accuracy": 0.98261, "ap": 0.13327, "auc": 0.82434}
{"epoch": 6, "time_epoch": 174.02439, "eta": 17026.14041, "eta_hours": 4.72948, "loss": 0.04134949, "lr": 0.00049986, "params": 9744496, "time_iter": 0.25405, "accuracy": 0.98314, "ap": 0.15542, "auc": 0.84195}
{"epoch": 7, "time_epoch": 178.25291, "eta": 16787.58916, "eta_hours": 4.66322, "loss": 0.04018694, "lr": 0.00049945, "params": 9744496, "time_iter": 0.26022, "accuracy": 0.98362, "ap": 0.17427, "auc": 0.85488}
{"epoch": 8, "time_epoch": 180.07867, "eta": 16580.89804, "eta_hours": 4.60581, "loss": 0.03922219, "lr": 0.00049877, "params": 9744496, "time_iter": 0.26289, "accuracy": 0.9839, "ap": 0.18971, "auc": 0.86393}
{"epoch": 9, "time_epoch": 185.36488, "eta": 16427.10527, "eta_hours": 4.56308, "loss": 0.03852775, "lr": 0.00049782, "params": 9744496, "time_iter": 0.27061, "accuracy": 0.98417, "ap": 0.20149, "auc": 0.86879}
{"epoch": 10, "time_epoch": 182.17609, "eta": 16241.77191, "eta_hours": 4.5116, "loss": 0.03768276, "lr": 0.00049659, "params": 9744496, "time_iter": 0.26595, "accuracy": 0.98447, "ap": 0.21906, "auc": 0.87634}
{"epoch": 11, "time_epoch": 187.82336, "eta": 16098.37805, "eta_hours": 4.47177, "loss": 0.03696622, "lr": 0.00049509, "params": 9744496, "time_iter": 0.27419, "accuracy": 0.98483, "ap": 0.23514, "auc": 0.88211}
{"epoch": 12, "time_epoch": 192.23422, "eta": 15977.6677, "eta_hours": 4.43824, "loss": 0.03628386, "lr": 0.00049333, "params": 9744496, "time_iter": 0.28063, "accuracy": 0.98503, "ap": 0.24985, "auc": 0.88675}
{"epoch": 13, "time_epoch": 170.97877, "eta": 15716.1705, "eta_hours": 4.3656, "loss": 0.03565394, "lr": 0.0004913, "params": 9744496, "time_iter": 0.2496, "accuracy": 0.9853, "ap": 0.26183, "auc": 0.89199}
{"epoch": 14, "time_epoch": 173.51571, "eta": 15481.11841, "eta_hours": 4.30031, "loss": 0.03515553, "lr": 0.00048901, "params": 9744496, "time_iter": 0.25331, "accuracy": 0.9855, "ap": 0.27082, "auc": 0.89516}
{"epoch": 15, "time_epoch": 174.15778, "eta": 15257.12922, "eta_hours": 4.23809, "loss": 0.03459497, "lr": 0.00048645, "params": 9744496, "time_iter": 0.25424, "accuracy": 0.98571, "ap": 0.28519, "auc": 0.89863}
{"epoch": 16, "time_epoch": 178.80682, "eta": 15061.70079, "eta_hours": 4.18381, "loss": 0.03407693, "lr": 0.00048364, "params": 9744496, "time_iter": 0.26103, "accuracy": 0.98591, "ap": 0.29846, "auc": 0.90185}
{"epoch": 17, "time_epoch": 179.17993, "eta": 14869.81893, "eta_hours": 4.13051, "loss": 0.03354708, "lr": 0.00048057, "params": 9744496, "time_iter": 0.26158, "accuracy": 0.98615, "ap": 0.30869, "auc": 0.90651}
{"epoch": 18, "time_epoch": 175.62363, "eta": 14664.11306, "eta_hours": 4.07336, "loss": 0.03310513, "lr": 0.00047725, "params": 9744496, "time_iter": 0.25638, "accuracy": 0.98626, "ap": 0.3206, "auc": 0.90887}
{"epoch": 19, "time_epoch": 181.43378, "eta": 14484.65603, "eta_hours": 4.02352, "loss": 0.03270825, "lr": 0.00047368, "params": 9744496, "time_iter": 0.26487, "accuracy": 0.98643, "ap": 0.33049, "auc": 0.91254}
{"epoch": 20, "time_epoch": 182.82848, "eta": 14310.25743, "eta_hours": 3.97507, "loss": 0.03224689, "lr": 0.00046987, "params": 9744496, "time_iter": 0.2669, "accuracy": 0.98668, "ap": 0.33864, "auc": 0.91453}
{"epoch": 21, "time_epoch": 191.72691, "eta": 14166.64147, "eta_hours": 3.93518, "loss": 0.03193544, "lr": 0.00046581, "params": 9744496, "time_iter": 0.27989, "accuracy": 0.98671, "ap": 0.35161, "auc": 0.91731}
{"epoch": 22, "time_epoch": 180.13032, "eta": 13980.01859, "eta_hours": 3.88334, "loss": 0.03154269, "lr": 0.00046152, "params": 9744496, "time_iter": 0.26296, "accuracy": 0.98687, "ap": 0.35904, "auc": 0.91971}
{"epoch": 23, "time_epoch": 174.25952, "eta": 13775.34589, "eta_hours": 3.82648, "loss": 0.03117112, "lr": 0.000457, "params": 9744496, "time_iter": 0.25439, "accuracy": 0.98708, "ap": 0.36839, "auc": 0.92233}
{"epoch": 24, "time_epoch": 173.53209, "eta": 13570.92394, "eta_hours": 3.7697, "loss": 0.03085956, "lr": 0.00045225, "params": 9744496, "time_iter": 0.25333, "accuracy": 0.98708, "ap": 0.37636, "auc": 0.92498}
{"epoch": 25, "time_epoch": 176.3989, "eta": 13377.03753, "eta_hours": 3.71584, "loss": 0.03057967, "lr": 0.00044729, "params": 9744496, "time_iter": 0.25752, "accuracy": 0.9873, "ap": 0.38492, "auc": 0.92626}
{"epoch": 26, "time_epoch": 179.14023, "eta": 13191.85825, "eta_hours": 3.66441, "loss": 0.03020979, "lr": 0.0004421, "params": 9744496, "time_iter": 0.26152, "accuracy": 0.98754, "ap": 0.39157, "auc": 0.92867}
{"epoch": 27, "time_epoch": 170.31863, "eta": 12984.4262, "eta_hours": 3.60679, "loss": 0.02997136, "lr": 0.00043671, "params": 9744496, "time_iter": 0.24864, "accuracy": 0.9875, "ap": 0.39911, "auc": 0.93049}
{"epoch": 28, "time_epoch": 169.077, "eta": 12776.51384, "eta_hours": 3.54903, "loss": 0.02962363, "lr": 0.00043111, "params": 9744496, "time_iter": 0.24683, "accuracy": 0.98768, "ap": 0.41049, "auc": 0.93229}
{"epoch": 29, "time_epoch": 171.70937, "eta": 12577.33271, "eta_hours": 3.4937, "loss": 0.02936092, "lr": 0.00042531, "params": 9744496, "time_iter": 0.25067, "accuracy": 0.98782, "ap": 0.415, "auc": 0.9339}
{"epoch": 30, "time_epoch": 171.48495, "eta": 12379.42445, "eta_hours": 3.43873, "loss": 0.02912717, "lr": 0.00041932, "params": 9744496, "time_iter": 0.25034, "accuracy": 0.98784, "ap": 0.42084, "auc": 0.9358}
{"epoch": 31, "time_epoch": 172.1128, "eta": 12184.50181, "eta_hours": 3.38458, "loss": 0.0288264, "lr": 0.00041315, "params": 9744496, "time_iter": 0.25126, "accuracy": 0.98796, "ap": 0.431, "auc": 0.93809}
{"epoch": 32, "time_epoch": 175.23991, "eta": 11997.31056, "eta_hours": 3.33259, "loss": 0.02858984, "lr": 0.00040679, "params": 9744496, "time_iter": 0.25582, "accuracy": 0.98811, "ap": 0.43729, "auc": 0.93903}
{"epoch": 33, "time_epoch": 173.83456, "eta": 11808.09431, "eta_hours": 3.28003, "loss": 0.0282911, "lr": 0.00040027, "params": 9744496, "time_iter": 0.25377, "accuracy": 0.98821, "ap": 0.44835, "auc": 0.94077}
{"epoch": 34, "time_epoch": 182.62692, "eta": 11636.08567, "eta_hours": 3.23225, "loss": 0.02806194, "lr": 0.00039358, "params": 9744496, "time_iter": 0.26661, "accuracy": 0.98831, "ap": 0.4523, "auc": 0.94251}
{"epoch": 35, "time_epoch": 184.19944, "eta": 11466.28272, "eta_hours": 3.18508, "loss": 0.02776688, "lr": 0.00038674, "params": 9744496, "time_iter": 0.2689, "accuracy": 0.98842, "ap": 0.45602, "auc": 0.94425}
{"epoch": 36, "time_epoch": 175.68758, "eta": 11281.20841, "eta_hours": 3.13367, "loss": 0.02758882, "lr": 0.00037974, "params": 9744496, "time_iter": 0.25648, "accuracy": 0.98853, "ap": 0.46131, "auc": 0.94524}
{"epoch": 37, "time_epoch": 187.28292, "eta": 11115.54685, "eta_hours": 3.08765, "loss": 0.02730162, "lr": 0.00037261, "params": 9744496, "time_iter": 0.27341, "accuracy": 0.98863, "ap": 0.46953, "auc": 0.94694}
{"epoch": 38, "time_epoch": 186.40919, "eta": 10947.40991, "eta_hours": 3.04095, "loss": 0.02709731, "lr": 0.00036534, "params": 9744496, "time_iter": 0.27213, "accuracy": 0.98876, "ap": 0.47631, "auc": 0.94836}
{"epoch": 39, "time_epoch": 185.18762, "eta": 10776.52699, "eta_hours": 2.99348, "loss": 0.0267949, "lr": 0.00035794, "params": 9744496, "time_iter": 0.27035, "accuracy": 0.98889, "ap": 0.48678, "auc": 0.9498}
{"epoch": 40, "time_epoch": 185.22649, "eta": 10605.00223, "eta_hours": 2.94583, "loss": 0.02662059, "lr": 0.00035042, "params": 9744496, "time_iter": 0.2704, "accuracy": 0.98889, "ap": 0.49006, "auc": 0.95106}
{"epoch": 41, "time_epoch": 182.1968, "eta": 10428.64114, "eta_hours": 2.89684, "loss": 0.02639086, "lr": 0.0003428, "params": 9744496, "time_iter": 0.26598, "accuracy": 0.98903, "ap": 0.49457, "auc": 0.95213}
{"epoch": 42, "time_epoch": 180.92683, "eta": 10250.32517, "eta_hours": 2.84731, "loss": 0.02619351, "lr": 0.00033507, "params": 9744496, "time_iter": 0.26413, "accuracy": 0.98906, "ap": 0.50008, "auc": 0.95356}
{"epoch": 43, "time_epoch": 184.87894, "eta": 10076.9205, "eta_hours": 2.79914, "loss": 0.02594555, "lr": 0.00032725, "params": 9744496, "time_iter": 0.2699, "accuracy": 0.98915, "ap": 0.5053, "auc": 0.95493}
{"epoch": 44, "time_epoch": 178.15726, "eta": 9894.79046, "eta_hours": 2.74855, "loss": 0.02569517, "lr": 0.00031935, "params": 9744496, "time_iter": 0.26008, "accuracy": 0.98937, "ap": 0.51437, "auc": 0.9562}
{"epoch": 45, "time_epoch": 178.01546, "eta": 9712.66669, "eta_hours": 2.69796, "loss": 0.02550015, "lr": 0.00031137, "params": 9744496, "time_iter": 0.25988, "accuracy": 0.98937, "ap": 0.5173, "auc": 0.95734}
{"epoch": 46, "time_epoch": 176.7666, "eta": 9529.30946, "eta_hours": 2.64703, "loss": 0.02528406, "lr": 0.00030332, "params": 9744496, "time_iter": 0.25805, "accuracy": 0.98948, "ap": 0.52444, "auc": 0.95825}
{"epoch": 47, "time_epoch": 185.24562, "eta": 9355.41243, "eta_hours": 2.59873, "loss": 0.02505544, "lr": 0.00029522, "params": 9744496, "time_iter": 0.27043, "accuracy": 0.98955, "ap": 0.53267, "auc": 0.9596}
{"epoch": 48, "time_epoch": 177.37822, "eta": 9172.86369, "eta_hours": 2.54802, "loss": 0.02484109, "lr": 0.00028707, "params": 9744496, "time_iter": 0.25895, "accuracy": 0.98964, "ap": 0.53734, "auc": 0.9606}
{"epoch": 49, "time_epoch": 173.62625, "eta": 8986.76979, "eta_hours": 2.49632, "loss": 0.02464789, "lr": 0.00027887, "params": 9744496, "time_iter": 0.25347, "accuracy": 0.98972, "ap": 0.5439, "auc": 0.96193}
{"epoch": 50, "time_epoch": 179.89322, "eta": 8807.18603, "eta_hours": 2.44644, "loss": 0.0244273, "lr": 0.00027064, "params": 9744496, "time_iter": 0.26262, "accuracy": 0.98985, "ap": 0.54577, "auc": 0.96267}
{"epoch": 51, "time_epoch": 182.58345, "eta": 8630.07366, "eta_hours": 2.39724, "loss": 0.02422981, "lr": 0.0002624, "params": 9744496, "time_iter": 0.26655, "accuracy": 0.9899, "ap": 0.55034, "auc": 0.96377}
{"epoch": 52, "time_epoch": 175.96813, "eta": 8446.88842, "eta_hours": 2.34636, "loss": 0.02404016, "lr": 0.00025413, "params": 9744496, "time_iter": 0.25689, "accuracy": 0.99002, "ap": 0.56003, "auc": 0.96427}
{"epoch": 53, "time_epoch": 178.39039, "eta": 8266.03388, "eta_hours": 2.29612, "loss": 0.02383367, "lr": 0.00024587, "params": 9744496, "time_iter": 0.26042, "accuracy": 0.99005, "ap": 0.56389, "auc": 0.96548}
{"epoch": 54, "time_epoch": 171.0374, "eta": 8079.25286, "eta_hours": 2.24424, "loss": 0.0236353, "lr": 0.0002376, "params": 9744496, "time_iter": 0.24969, "accuracy": 0.9902, "ap": 0.57024, "auc": 0.96635}
{"epoch": 55, "time_epoch": 170.48931, "eta": 7892.60348, "eta_hours": 2.19239, "loss": 0.02344925, "lr": 0.00022936, "params": 9744496, "time_iter": 0.24889, "accuracy": 0.9903, "ap": 0.57891, "auc": 0.96717}
{"epoch": 56, "time_epoch": 171.74975, "eta": 7707.47197, "eta_hours": 2.14096, "loss": 0.02323267, "lr": 0.00022113, "params": 9744496, "time_iter": 0.25073, "accuracy": 0.99034, "ap": 0.58252, "auc": 0.96803}
{"epoch": 57, "time_epoch": 181.39988, "eta": 7529.78993, "eta_hours": 2.09161, "loss": 0.02305974, "lr": 0.00021293, "params": 9744496, "time_iter": 0.26482, "accuracy": 0.99045, "ap": 0.58544, "auc": 0.96925}
{"epoch": 58, "time_epoch": 177.00057, "eta": 7348.92471, "eta_hours": 2.04137, "loss": 0.02288351, "lr": 0.00020478, "params": 9744496, "time_iter": 0.25839, "accuracy": 0.9905, "ap": 0.59003, "auc": 0.9697}
{"epoch": 59, "time_epoch": 176.87725, "eta": 7168.1061, "eta_hours": 1.99114, "loss": 0.02273891, "lr": 0.00019668, "params": 9744496, "time_iter": 0.25821, "accuracy": 0.99057, "ap": 0.59485, "auc": 0.97026}
{"epoch": 60, "time_epoch": 171.93446, "eta": 6984.25657, "eta_hours": 1.94007, "loss": 0.02250866, "lr": 0.00018863, "params": 9744496, "time_iter": 0.251, "accuracy": 0.99065, "ap": 0.59961, "auc": 0.97118}
{"epoch": 61, "time_epoch": 183.14191, "eta": 6807.66048, "eta_hours": 1.89102, "loss": 0.02237234, "lr": 0.00018065, "params": 9744496, "time_iter": 0.26736, "accuracy": 0.99073, "ap": 0.60267, "auc": 0.97159}
{"epoch": 62, "time_epoch": 173.45214, "eta": 6625.16577, "eta_hours": 1.84032, "loss": 0.02219684, "lr": 0.00017275, "params": 9744496, "time_iter": 0.25321, "accuracy": 0.99085, "ap": 0.60974, "auc": 0.97264}
{"epoch": 63, "time_epoch": 176.54721, "eta": 6444.69461, "eta_hours": 1.79019, "loss": 0.02204096, "lr": 0.00016493, "params": 9744496, "time_iter": 0.25773, "accuracy": 0.99082, "ap": 0.61081, "auc": 0.97305}
{"epoch": 64, "time_epoch": 170.61494, "eta": 6261.14989, "eta_hours": 1.73921, "loss": 0.02188322, "lr": 0.0001572, "params": 9744496, "time_iter": 0.24907, "accuracy": 0.99092, "ap": 0.6164, "auc": 0.97372}
{"epoch": 65, "time_epoch": 174.47523, "eta": 6079.98562, "eta_hours": 1.68888, "loss": 0.02171677, "lr": 0.00014958, "params": 9744496, "time_iter": 0.25471, "accuracy": 0.99104, "ap": 0.61969, "auc": 0.97453}
{"epoch": 66, "time_epoch": 174.39122, "eta": 5898.97965, "eta_hours": 1.63861, "loss": 0.02154978, "lr": 0.00014206, "params": 9744496, "time_iter": 0.25459, "accuracy": 0.99107, "ap": 0.62282, "auc": 0.97487}
{"epoch": 67, "time_epoch": 174.93931, "eta": 5718.42615, "eta_hours": 1.58845, "loss": 0.02136559, "lr": 0.00013466, "params": 9744496, "time_iter": 0.25539, "accuracy": 0.99115, "ap": 0.62947, "auc": 0.97547}
{"epoch": 68, "time_epoch": 187.10521, "eta": 5543.50122, "eta_hours": 1.53986, "loss": 0.02124556, "lr": 0.00012739, "params": 9744496, "time_iter": 0.27315, "accuracy": 0.99112, "ap": 0.63485, "auc": 0.97615}
{"epoch": 69, "time_epoch": 174.87078, "eta": 5362.98496, "eta_hours": 1.48972, "loss": 0.02112827, "lr": 0.00012026, "params": 9744496, "time_iter": 0.25529, "accuracy": 0.99122, "ap": 0.63418, "auc": 0.97666}
{"epoch": 70, "time_epoch": 172.22005, "eta": 5181.54503, "eta_hours": 1.43932, "loss": 0.02097381, "lr": 0.00011326, "params": 9744496, "time_iter": 0.25142, "accuracy": 0.99124, "ap": 0.64056, "auc": 0.97694}
{"epoch": 71, "time_epoch": 178.54031, "eta": 5002.81908, "eta_hours": 1.38967, "loss": 0.02083397, "lr": 0.00010642, "params": 9744496, "time_iter": 0.26064, "accuracy": 0.99132, "ap": 0.64185, "auc": 0.97745}
{"epoch": 72, "time_epoch": 172.70515, "eta": 4821.94001, "eta_hours": 1.33943, "loss": 0.0206875, "lr": 9.973e-05, "params": 9744496, "time_iter": 0.25212, "accuracy": 0.99141, "ap": 0.64648, "auc": 0.97783}
{"epoch": 73, "time_epoch": 173.09579, "eta": 4641.41911, "eta_hours": 1.28928, "loss": 0.0205756, "lr": 9.321e-05, "params": 9744496, "time_iter": 0.25269, "accuracy": 0.9915, "ap": 0.65334, "auc": 0.97845}
{"epoch": 74, "time_epoch": 174.78568, "eta": 4461.65952, "eta_hours": 1.23935, "loss": 0.02048409, "lr": 8.685e-05, "params": 9744496, "time_iter": 0.25516, "accuracy": 0.99151, "ap": 0.65291, "auc": 0.97881}
{"epoch": 75, "time_epoch": 175.65127, "eta": 4282.30415, "eta_hours": 1.18953, "loss": 0.02036419, "lr": 8.068e-05, "params": 9744496, "time_iter": 0.25643, "accuracy": 0.99156, "ap": 0.65697, "auc": 0.97897}
{"epoch": 76, "time_epoch": 175.831, "eta": 4103.09868, "eta_hours": 1.13975, "loss": 0.02020907, "lr": 7.469e-05, "params": 9744496, "time_iter": 0.25669, "accuracy": 0.99164, "ap": 0.66282, "auc": 0.97958}
{"epoch": 77, "time_epoch": 172.44307, "eta": 3923.02417, "eta_hours": 1.08973, "loss": 0.02013849, "lr": 6.889e-05, "params": 9744496, "time_iter": 0.25174, "accuracy": 0.99166, "ap": 0.66227, "auc": 0.97965}
{"epoch": 78, "time_epoch": 175.9437, "eta": 3744.07341, "eta_hours": 1.04002, "loss": 0.02007335, "lr": 6.329e-05, "params": 9744496, "time_iter": 0.25685, "accuracy": 0.99171, "ap": 0.66457, "auc": 0.97999}
{"epoch": 79, "time_epoch": 177.87377, "eta": 3565.68034, "eta_hours": 0.99047, "loss": 0.01996631, "lr": 5.79e-05, "params": 9744496, "time_iter": 0.25967, "accuracy": 0.99174, "ap": 0.6686, "auc": 0.98039}
{"epoch": 80, "time_epoch": 170.80369, "eta": 3385.64168, "eta_hours": 0.94046, "loss": 0.0198406, "lr": 5.271e-05, "params": 9744496, "time_iter": 0.24935, "accuracy": 0.99182, "ap": 0.67038, "auc": 0.98076}
{"epoch": 81, "time_epoch": 174.86544, "eta": 3206.71986, "eta_hours": 0.89076, "loss": 0.01977227, "lr": 4.775e-05, "params": 9744496, "time_iter": 0.25528, "accuracy": 0.99183, "ap": 0.67131, "auc": 0.98067}
{"epoch": 82, "time_epoch": 172.6668, "eta": 3027.44547, "eta_hours": 0.84096, "loss": 0.01968591, "lr": 4.3e-05, "params": 9744496, "time_iter": 0.25207, "accuracy": 0.99183, "ap": 0.67515, "auc": 0.98106}
{"epoch": 83, "time_epoch": 169.63109, "eta": 2847.75017, "eta_hours": 0.79104, "loss": 0.01964976, "lr": 3.848e-05, "params": 9744496, "time_iter": 0.24764, "accuracy": 0.99188, "ap": 0.67434, "auc": 0.98108}
{"epoch": 84, "time_epoch": 171.94405, "eta": 2668.69984, "eta_hours": 0.74131, "loss": 0.01955385, "lr": 3.419e-05, "params": 9744496, "time_iter": 0.25101, "accuracy": 0.99195, "ap": 0.67783, "auc": 0.98137}
{"epoch": 85, "time_epoch": 173.26379, "eta": 2490.02962, "eta_hours": 0.69167, "loss": 0.01952274, "lr": 3.013e-05, "params": 9744496, "time_iter": 0.25294, "accuracy": 0.99192, "ap": 0.67848, "auc": 0.98143}
{"epoch": 86, "time_epoch": 180.0906, "eta": 2312.50378, "eta_hours": 0.64236, "loss": 0.01945242, "lr": 2.632e-05, "params": 9744496, "time_iter": 0.26291, "accuracy": 0.99192, "ap": 0.6817, "auc": 0.98186}
{"epoch": 87, "time_epoch": 173.97868, "eta": 2134.0862, "eta_hours": 0.5928, "loss": 0.01940221, "lr": 2.275e-05, "params": 9744496, "time_iter": 0.25398, "accuracy": 0.99199, "ap": 0.68003, "auc": 0.98175}
{"epoch": 88, "time_epoch": 176.14718, "eta": 1956.0364, "eta_hours": 0.54334, "loss": 0.01934737, "lr": 1.943e-05, "params": 9744496, "time_iter": 0.25715, "accuracy": 0.99201, "ap": 0.68304, "auc": 0.98188}
{"epoch": 89, "time_epoch": 175.4732, "eta": 1777.95399, "eta_hours": 0.49388, "loss": 0.01931665, "lr": 1.636e-05, "params": 9744496, "time_iter": 0.25617, "accuracy": 0.99201, "ap": 0.68402, "auc": 0.98202}
{"epoch": 90, "time_epoch": 173.96647, "eta": 1599.7799, "eta_hours": 0.44438, "loss": 0.01924257, "lr": 1.355e-05, "params": 9744496, "time_iter": 0.25397, "accuracy": 0.99205, "ap": 0.68465, "auc": 0.98219}
{"epoch": 91, "time_epoch": 174.20375, "eta": 1421.71792, "eta_hours": 0.39492, "loss": 0.0192123, "lr": 1.099e-05, "params": 9744496, "time_iter": 0.25431, "accuracy": 0.99206, "ap": 0.68662, "auc": 0.9823}
{"epoch": 92, "time_epoch": 172.77332, "eta": 1243.63125, "eta_hours": 0.34545, "loss": 0.01917951, "lr": 8.7e-06, "params": 9744496, "time_iter": 0.25222, "accuracy": 0.99207, "ap": 0.68627, "auc": 0.98241}
{"epoch": 93, "time_epoch": 174.76009, "eta": 1065.78444, "eta_hours": 0.29605, "loss": 0.01919251, "lr": 6.67e-06, "params": 9744496, "time_iter": 0.25512, "accuracy": 0.99208, "ap": 0.68623, "auc": 0.98233}
{"epoch": 94, "time_epoch": 171.99809, "eta": 887.85724, "eta_hours": 0.24663, "loss": 0.01913357, "lr": 4.91e-06, "params": 9744496, "time_iter": 0.25109, "accuracy": 0.9921, "ap": 0.68904, "auc": 0.98249}
{"epoch": 95, "time_epoch": 176.00821, "eta": 710.22066, "eta_hours": 0.19728, "loss": 0.01916176, "lr": 3.41e-06, "params": 9744496, "time_iter": 0.25695, "accuracy": 0.99205, "ap": 0.68611, "auc": 0.9824}
{"epoch": 96, "time_epoch": 170.9577, "eta": 532.46145, "eta_hours": 0.14791, "loss": 0.0191071, "lr": 2.18e-06, "params": 9744496, "time_iter": 0.24957, "accuracy": 0.99214, "ap": 0.68861, "auc": 0.98251}
{"epoch": 97, "time_epoch": 172.16879, "eta": 354.86576, "eta_hours": 0.09857, "loss": 0.01909433, "lr": 1.23e-06, "params": 9744496, "time_iter": 0.25134, "accuracy": 0.9921, "ap": 0.68981, "auc": 0.98247}
{"epoch": 98, "time_epoch": 172.85395, "eta": 177.38663, "eta_hours": 0.04927, "loss": 0.01910683, "lr": 5.5e-07, "params": 9744496, "time_iter": 0.25234, "accuracy": 0.99207, "ap": 0.69054, "auc": 0.98245}
{"epoch": 99, "time_epoch": 169.80899, "eta": 0.0, "eta_hours": 0.0, "loss": 0.01913422, "lr": 1.4e-07, "params": 9744496, "time_iter": 0.2479, "accuracy": 0.99211, "ap": 0.68883, "auc": 0.98241}
