{"epoch": 0, "time_epoch": 29.63825, "eta": 2934.18648, "eta_hours": 0.81505, "loss": 0.20136009, "lr": 0.0, "params": 337201, "time_iter": 0.09469, "accuracy": 0.42388, "precision": 0.17666, "recall": 0.61843, "f1": 0.27482, "auc": 0.50387}
{"epoch": 1, "time_epoch": 26.68993, "eta": 2760.0805, "eta_hours": 0.76669, "loss": 0.16122486, "lr": 0.0002, "params": 337201, "time_iter": 0.08527, "accuracy": 0.76556, "precision": 0.41367, "recall": 0.78614, "f1": 0.54209, "auc": 0.84163}
{"epoch": 2, "time_epoch": 26.85816, "eta": 2689.69155, "eta_hours": 0.74714, "loss": 0.12982339, "lr": 0.0004, "params": 337201, "time_iter": 0.08581, "accuracy": 0.83382, "precision": 0.51835, "recall": 0.82686, "f1": 0.63723, "auc": 0.89263}
{"epoch": 3, "time_epoch": 26.48868, "eta": 2632.20033, "eta_hours": 0.73117, "loss": 0.11551051, "lr": 0.0006, "params": 337201, "time_iter": 0.08463, "accuracy": 0.83961, "precision": 0.52893, "recall": 0.83501, "f1": 0.64763, "auc": 0.91007}
{"epoch": 4, "time_epoch": 26.41789, "eta": 2585.76516, "eta_hours": 0.71827, "loss": 0.108269, "lr": 0.0008, "params": 337201, "time_iter": 0.0844, "accuracy": 0.8437, "precision": 0.53668, "recall": 0.83786, "f1": 0.65428, "auc": 0.9178}
{"epoch": 5, "time_epoch": 26.56568, "eta": 2548.31778, "eta_hours": 0.70787, "loss": 0.10385953, "lr": 0.001, "params": 337201, "time_iter": 0.08487, "accuracy": 0.84693, "precision": 0.54277, "recall": 0.84291, "f1": 0.66033, "auc": 0.92284}
{"epoch": 6, "time_epoch": 26.50958, "eta": 2513.23417, "eta_hours": 0.69812, "loss": 0.10087464, "lr": 0.00099973, "params": 337201, "time_iter": 0.0847, "accuracy": 0.84945, "precision": 0.54759, "recall": 0.84632, "f1": 0.66494, "auc": 0.92685}
{"epoch": 7, "time_epoch": 26.52077, "eta": 2480.42274, "eta_hours": 0.68901, "loss": 0.09954894, "lr": 0.00099891, "params": 337201, "time_iter": 0.08473, "accuracy": 0.85091, "precision": 0.55041, "recall": 0.84822, "f1": 0.66761, "auc": 0.92831}
{"epoch": 8, "time_epoch": 26.06589, "eta": 2444.40993, "eta_hours": 0.679, "loss": 0.09861974, "lr": 0.00099754, "params": 337201, "time_iter": 0.08328, "accuracy": 0.85156, "precision": 0.55163, "recall": 0.84978, "f1": 0.66898, "auc": 0.92937}
{"epoch": 9, "time_epoch": 26.70675, "eta": 2416.15423, "eta_hours": 0.67115, "loss": 0.09768866, "lr": 0.00099563, "params": 337201, "time_iter": 0.08533, "accuracy": 0.85309, "precision": 0.55469, "recall": 0.85059, "f1": 0.67149, "auc": 0.9306}
{"epoch": 10, "time_epoch": 26.33201, "eta": 2385.14813, "eta_hours": 0.66254, "loss": 0.09746661, "lr": 0.00099318, "params": 337201, "time_iter": 0.08413, "accuracy": 0.85298, "precision": 0.55442, "recall": 0.8513, "f1": 0.67151, "auc": 0.93084}
{"epoch": 11, "time_epoch": 26.75058, "eta": 2357.99059, "eta_hours": 0.655, "loss": 0.09711831, "lr": 0.00099019, "params": 337201, "time_iter": 0.08547, "accuracy": 0.85403, "precision": 0.55658, "recall": 0.85102, "f1": 0.67301, "auc": 0.93124}
{"epoch": 12, "time_epoch": 26.30146, "eta": 2327.89, "eta_hours": 0.64664, "loss": 0.09676723, "lr": 0.00098666, "params": 337201, "time_iter": 0.08403, "accuracy": 0.85344, "precision": 0.55533, "recall": 0.85163, "f1": 0.67228, "auc": 0.93167}
{"epoch": 13, "time_epoch": 26.16817, "eta": 2297.51338, "eta_hours": 0.6382, "loss": 0.09662067, "lr": 0.0009826, "params": 337201, "time_iter": 0.0836, "accuracy": 0.85428, "precision": 0.55708, "recall": 0.85127, "f1": 0.67345, "auc": 0.93179}
{"epoch": 14, "time_epoch": 26.11098, "eta": 2267.37378, "eta_hours": 0.62983, "loss": 0.09628256, "lr": 0.00097802, "params": 337201, "time_iter": 0.08342, "accuracy": 0.85377, "precision": 0.55588, "recall": 0.85349, "f1": 0.67326, "auc": 0.9322}
{"epoch": 15, "time_epoch": 26.45002, "eta": 2239.51773, "eta_hours": 0.62209, "loss": 0.09615703, "lr": 0.00097291, "params": 337201, "time_iter": 0.0845, "accuracy": 0.8542, "precision": 0.55679, "recall": 0.85311, "f1": 0.67381, "auc": 0.93242}
{"epoch": 16, "time_epoch": 26.53208, "eta": 2212.22773, "eta_hours": 0.61451, "loss": 0.09585589, "lr": 0.00096728, "params": 337201, "time_iter": 0.08477, "accuracy": 0.85607, "precision": 0.56072, "recall": 0.85246, "f1": 0.67647, "auc": 0.93281}
{"epoch": 17, "time_epoch": 26.3543, "eta": 2184.21207, "eta_hours": 0.60673, "loss": 0.09584729, "lr": 0.00096114, "params": 337201, "time_iter": 0.0842, "accuracy": 0.85516, "precision": 0.55882, "recall": 0.8525, "f1": 0.6751, "auc": 0.93279}
{"epoch": 18, "time_epoch": 26.31218, "eta": 2156.19173, "eta_hours": 0.59894, "loss": 0.09555141, "lr": 0.0009545, "params": 337201, "time_iter": 0.08406, "accuracy": 0.85584, "precision": 0.56016, "recall": 0.85343, "f1": 0.67637, "auc": 0.93319}
{"epoch": 19, "time_epoch": 26.1059, "eta": 2127.51707, "eta_hours": 0.59098, "loss": 0.09550163, "lr": 0.00094736, "params": 337201, "time_iter": 0.08341, "accuracy": 0.85503, "precision": 0.5584, "recall": 0.85449, "f1": 0.67542, "auc": 0.9333}
{"epoch": 20, "time_epoch": 26.45439, "eta": 2100.39804, "eta_hours": 0.58344, "loss": 0.09508636, "lr": 0.00093974, "params": 337201, "time_iter": 0.08452, "accuracy": 0.85536, "precision": 0.559, "recall": 0.85544, "f1": 0.67615, "auc": 0.93388}
{"epoch": 21, "time_epoch": 26.3493, "eta": 2072.96684, "eta_hours": 0.57582, "loss": 0.09472207, "lr": 0.00093163, "params": 337201, "time_iter": 0.08418, "accuracy": 0.85558, "precision": 0.55935, "recall": 0.85678, "f1": 0.67683, "auc": 0.93435}
{"epoch": 22, "time_epoch": 26.27507, "eta": 2045.38121, "eta_hours": 0.56816, "loss": 0.0945268, "lr": 0.00092305, "params": 337201, "time_iter": 0.08395, "accuracy": 0.85594, "precision": 0.56005, "recall": 0.8573, "f1": 0.67751, "auc": 0.93462}
{"epoch": 23, "time_epoch": 26.4055, "eta": 2018.31782, "eta_hours": 0.56064, "loss": 0.09411263, "lr": 0.000914, "params": 337201, "time_iter": 0.08436, "accuracy": 0.85744, "precision": 0.56316, "recall": 0.85751, "f1": 0.67984, "auc": 0.93524}
{"epoch": 24, "time_epoch": 26.22155, "eta": 1990.75523, "eta_hours": 0.55299, "loss": 0.09392228, "lr": 0.00090451, "params": 337201, "time_iter": 0.08377, "accuracy": 0.85678, "precision": 0.56171, "recall": 0.85856, "f1": 0.67911, "auc": 0.9355}
{"epoch": 25, "time_epoch": 26.57288, "eta": 1964.29572, "eta_hours": 0.54564, "loss": 0.09352085, "lr": 0.00089457, "params": 337201, "time_iter": 0.0849, "accuracy": 0.85849, "precision": 0.56538, "recall": 0.85754, "f1": 0.68146, "auc": 0.93608}
{"epoch": 26, "time_epoch": 26.36066, "eta": 1937.25403, "eta_hours": 0.53813, "loss": 0.09324906, "lr": 0.0008842, "params": 337201, "time_iter": 0.08422, "accuracy": 0.85864, "precision": 0.56551, "recall": 0.85968, "f1": 0.68224, "auc": 0.93645}
{"epoch": 27, "time_epoch": 26.50795, "eta": 1910.63973, "eta_hours": 0.53073, "loss": 0.09286494, "lr": 0.00087341, "params": 337201, "time_iter": 0.08469, "accuracy": 0.85928, "precision": 0.56684, "recall": 0.85987, "f1": 0.68327, "auc": 0.93697}
{"epoch": 28, "time_epoch": 26.26122, "eta": 1883.4287, "eta_hours": 0.52317, "loss": 0.09264293, "lr": 0.00086221, "params": 337201, "time_iter": 0.0839, "accuracy": 0.85981, "precision": 0.56799, "recall": 0.85964, "f1": 0.68403, "auc": 0.93726}
{"epoch": 29, "time_epoch": 26.35551, "eta": 1856.501, "eta_hours": 0.51569, "loss": 0.09244337, "lr": 0.00085062, "params": 337201, "time_iter": 0.0842, "accuracy": 0.85999, "precision": 0.56829, "recall": 0.86056, "f1": 0.68453, "auc": 0.93751}
{"epoch": 30, "time_epoch": 26.23593, "eta": 1829.34406, "eta_hours": 0.50815, "loss": 0.09226444, "lr": 0.00083864, "params": 337201, "time_iter": 0.08382, "accuracy": 0.86045, "precision": 0.5693, "recall": 0.86029, "f1": 0.68518, "auc": 0.93773}
{"epoch": 31, "time_epoch": 26.31722, "eta": 1802.41742, "eta_hours": 0.50067, "loss": 0.09206991, "lr": 0.00082629, "params": 337201, "time_iter": 0.08408, "accuracy": 0.86074, "precision": 0.56983, "recall": 0.86117, "f1": 0.68584, "auc": 0.93808}
{"epoch": 32, "time_epoch": 26.2645, "eta": 1775.42069, "eta_hours": 0.49317, "loss": 0.09194057, "lr": 0.00081359, "params": 337201, "time_iter": 0.08391, "accuracy": 0.86094, "precision": 0.57029, "recall": 0.86078, "f1": 0.68605, "auc": 0.93823}
{"epoch": 33, "time_epoch": 26.08655, "eta": 1748.12159, "eta_hours": 0.48559, "loss": 0.0918261, "lr": 0.00080054, "params": 337201, "time_iter": 0.08334, "accuracy": 0.86023, "precision": 0.56863, "recall": 0.86238, "f1": 0.68536, "auc": 0.93838}
{"epoch": 34, "time_epoch": 26.51778, "eta": 1721.69264, "eta_hours": 0.47825, "loss": 0.09175012, "lr": 0.00078716, "params": 337201, "time_iter": 0.08472, "accuracy": 0.85966, "precision": 0.56728, "recall": 0.86404, "f1": 0.6849, "auc": 0.93848}
{"epoch": 35, "time_epoch": 26.11426, "eta": 1694.54138, "eta_hours": 0.47071, "loss": 0.09155404, "lr": 0.00077347, "params": 337201, "time_iter": 0.08343, "accuracy": 0.86079, "precision": 0.56975, "recall": 0.86323, "f1": 0.68644, "auc": 0.93876}
{"epoch": 36, "time_epoch": 26.3844, "eta": 1667.90615, "eta_hours": 0.46331, "loss": 0.09134189, "lr": 0.00075948, "params": 337201, "time_iter": 0.0843, "accuracy": 0.8609, "precision": 0.56994, "recall": 0.8636, "f1": 0.68669, "auc": 0.93905}
{"epoch": 37, "time_epoch": 26.14849, "eta": 1640.89921, "eta_hours": 0.45581, "loss": 0.09112279, "lr": 0.00074521, "params": 337201, "time_iter": 0.08354, "accuracy": 0.86155, "precision": 0.57129, "recall": 0.86411, "f1": 0.68784, "auc": 0.93937}
{"epoch": 38, "time_epoch": 26.37435, "eta": 1614.28957, "eta_hours": 0.44841, "loss": 0.09113434, "lr": 0.00073067, "params": 337201, "time_iter": 0.08426, "accuracy": 0.86084, "precision": 0.56979, "recall": 0.86404, "f1": 0.68672, "auc": 0.93927}
{"epoch": 39, "time_epoch": 26.25669, "eta": 1587.5152, "eta_hours": 0.44098, "loss": 0.09093984, "lr": 0.00071588, "params": 337201, "time_iter": 0.08389, "accuracy": 0.86092, "precision": 0.56989, "recall": 0.86482, "f1": 0.68704, "auc": 0.93959}
{"epoch": 40, "time_epoch": 26.36078, "eta": 1560.91586, "eta_hours": 0.43359, "loss": 0.09100033, "lr": 0.00070085, "params": 337201, "time_iter": 0.08422, "accuracy": 0.86099, "precision": 0.57003, "recall": 0.86473, "f1": 0.68711, "auc": 0.93946}
{"epoch": 41, "time_epoch": 26.21637, "eta": 1534.12847, "eta_hours": 0.42615, "loss": 0.09096662, "lr": 0.0006856, "params": 337201, "time_iter": 0.08376, "accuracy": 0.86223, "precision": 0.57281, "recall": 0.86351, "f1": 0.68874, "auc": 0.93954}
{"epoch": 42, "time_epoch": 26.24395, "eta": 1507.40419, "eta_hours": 0.41872, "loss": 0.09077437, "lr": 0.00067015, "params": 337201, "time_iter": 0.08385, "accuracy": 0.86057, "precision": 0.56901, "recall": 0.86616, "f1": 0.68683, "auc": 0.93978}
{"epoch": 43, "time_epoch": 26.30773, "eta": 1480.78292, "eta_hours": 0.41133, "loss": 0.09071265, "lr": 0.00065451, "params": 337201, "time_iter": 0.08405, "accuracy": 0.86192, "precision": 0.57201, "recall": 0.86491, "f1": 0.68861, "auc": 0.93985}
{"epoch": 44, "time_epoch": 26.44471, "eta": 1454.34301, "eta_hours": 0.40398, "loss": 0.0904752, "lr": 0.0006387, "params": 337201, "time_iter": 0.08449, "accuracy": 0.8626, "precision": 0.5735, "recall": 0.86451, "f1": 0.68956, "auc": 0.94019}
{"epoch": 45, "time_epoch": 26.43237, "eta": 1427.8884, "eta_hours": 0.39664, "loss": 0.09043946, "lr": 0.00062274, "params": 337201, "time_iter": 0.08445, "accuracy": 0.86273, "precision": 0.57382, "recall": 0.86412, "f1": 0.68967, "auc": 0.94025}
{"epoch": 46, "time_epoch": 26.30615, "eta": 1401.2924, "eta_hours": 0.38925, "loss": 0.09041629, "lr": 0.00060665, "params": 337201, "time_iter": 0.08405, "accuracy": 0.86289, "precision": 0.57411, "recall": 0.86469, "f1": 0.69006, "auc": 0.94024}
{"epoch": 47, "time_epoch": 26.24375, "eta": 1374.64089, "eta_hours": 0.38184, "loss": 0.0902888, "lr": 0.00059044, "params": 337201, "time_iter": 0.08385, "accuracy": 0.86227, "precision": 0.57268, "recall": 0.86574, "f1": 0.68936, "auc": 0.94044}
{"epoch": 48, "time_epoch": 26.47945, "eta": 1348.25133, "eta_hours": 0.37451, "loss": 0.09017133, "lr": 0.00057413, "params": 337201, "time_iter": 0.0846, "accuracy": 0.86268, "precision": 0.57352, "recall": 0.8661, "f1": 0.69008, "auc": 0.94056}
{"epoch": 49, "time_epoch": 26.35758, "eta": 1321.73631, "eta_hours": 0.36715, "loss": 0.09004547, "lr": 0.00055774, "params": 337201, "time_iter": 0.08421, "accuracy": 0.86228, "precision": 0.57259, "recall": 0.86685, "f1": 0.68964, "auc": 0.94075}
{"epoch": 50, "time_epoch": 26.32244, "eta": 1295.1937, "eta_hours": 0.35978, "loss": 0.09000314, "lr": 0.00054129, "params": 337201, "time_iter": 0.0841, "accuracy": 0.86247, "precision": 0.57302, "recall": 0.86676, "f1": 0.68992, "auc": 0.94077}
{"epoch": 51, "time_epoch": 26.19968, "eta": 1268.54624, "eta_hours": 0.35237, "loss": 0.08992169, "lr": 0.00052479, "params": 337201, "time_iter": 0.08371, "accuracy": 0.86272, "precision": 0.57352, "recall": 0.8671, "f1": 0.69039, "auc": 0.94094}
{"epoch": 52, "time_epoch": 26.47862, "eta": 1242.16304, "eta_hours": 0.34505, "loss": 0.08977832, "lr": 0.00050827, "params": 337201, "time_iter": 0.0846, "accuracy": 0.86251, "precision": 0.57301, "recall": 0.86773, "f1": 0.69022, "auc": 0.94114}
{"epoch": 53, "time_epoch": 26.24154, "eta": 1215.57435, "eta_hours": 0.33766, "loss": 0.08965398, "lr": 0.00049173, "params": 337201, "time_iter": 0.08384, "accuracy": 0.8631, "precision": 0.57432, "recall": 0.86726, "f1": 0.69102, "auc": 0.94129}
{"epoch": 54, "time_epoch": 26.50852, "eta": 1189.21672, "eta_hours": 0.33034, "loss": 0.08957866, "lr": 0.00047521, "params": 337201, "time_iter": 0.08469, "accuracy": 0.86327, "precision": 0.57468, "recall": 0.86726, "f1": 0.69128, "auc": 0.94138}
{"epoch": 55, "time_epoch": 26.26673, "eta": 1162.66373, "eta_hours": 0.32296, "loss": 0.08960967, "lr": 0.00045871, "params": 337201, "time_iter": 0.08392, "accuracy": 0.86303, "precision": 0.57416, "recall": 0.86736, "f1": 0.69094, "auc": 0.94135}
{"epoch": 56, "time_epoch": 26.51654, "eta": 1136.30923, "eta_hours": 0.31564, "loss": 0.08939536, "lr": 0.00044226, "params": 337201, "time_iter": 0.08472, "accuracy": 0.86339, "precision": 0.57488, "recall": 0.86784, "f1": 0.69162, "auc": 0.94164}
{"epoch": 57, "time_epoch": 26.11052, "eta": 1109.65513, "eta_hours": 0.30824, "loss": 0.08936263, "lr": 0.00042587, "params": 337201, "time_iter": 0.08342, "accuracy": 0.86288, "precision": 0.57372, "recall": 0.86843, "f1": 0.69096, "auc": 0.94167}
{"epoch": 58, "time_epoch": 26.43419, "eta": 1083.24438, "eta_hours": 0.3009, "loss": 0.08922797, "lr": 0.00040956, "params": 337201, "time_iter": 0.08445, "accuracy": 0.86306, "precision": 0.57412, "recall": 0.86843, "f1": 0.69125, "auc": 0.94178}
{"epoch": 59, "time_epoch": 26.21928, "eta": 1056.68958, "eta_hours": 0.29352, "loss": 0.08922332, "lr": 0.00039335, "params": 337201, "time_iter": 0.08377, "accuracy": 0.86296, "precision": 0.57394, "recall": 0.86808, "f1": 0.69101, "auc": 0.94179}
{"epoch": 60, "time_epoch": 26.3554, "eta": 1030.2328, "eta_hours": 0.28618, "loss": 0.08898426, "lr": 0.00037726, "params": 337201, "time_iter": 0.0842, "accuracy": 0.86336, "precision": 0.5747, "recall": 0.86889, "f1": 0.69182, "auc": 0.94214}
{"epoch": 61, "time_epoch": 26.19233, "eta": 1003.67935, "eta_hours": 0.2788, "loss": 0.08891553, "lr": 0.0003613, "params": 337201, "time_iter": 0.08368, "accuracy": 0.86337, "precision": 0.57469, "recall": 0.86925, "f1": 0.69192, "auc": 0.94226}
{"epoch": 62, "time_epoch": 26.30219, "eta": 977.20189, "eta_hours": 0.27144, "loss": 0.08884635, "lr": 0.00034549, "params": 337201, "time_iter": 0.08403, "accuracy": 0.86345, "precision": 0.57488, "recall": 0.86924, "f1": 0.69206, "auc": 0.9423}
{"epoch": 63, "time_epoch": 26.15784, "eta": 950.6487, "eta_hours": 0.26407, "loss": 0.08869976, "lr": 0.00032985, "params": 337201, "time_iter": 0.08357, "accuracy": 0.86332, "precision": 0.57458, "recall": 0.86931, "f1": 0.69187, "auc": 0.9425}
{"epoch": 64, "time_epoch": 26.45069, "eta": 924.26537, "eta_hours": 0.25674, "loss": 0.0886832, "lr": 0.0003144, "params": 337201, "time_iter": 0.08451, "accuracy": 0.86298, "precision": 0.57376, "recall": 0.87029, "f1": 0.69158, "auc": 0.94252}
{"epoch": 65, "time_epoch": 26.29353, "eta": 897.79903, "eta_hours": 0.24939, "loss": 0.0885674, "lr": 0.00029915, "params": 337201, "time_iter": 0.084, "accuracy": 0.86351, "precision": 0.57488, "recall": 0.87051, "f1": 0.69246, "auc": 0.94266}
{"epoch": 66, "time_epoch": 26.24105, "eta": 871.31201, "eta_hours": 0.24203, "loss": 0.08845247, "lr": 0.00028412, "params": 337201, "time_iter": 0.08384, "accuracy": 0.86342, "precision": 0.57468, "recall": 0.87056, "f1": 0.69233, "auc": 0.94277}
{"epoch": 67, "time_epoch": 26.17718, "eta": 844.80216, "eta_hours": 0.23467, "loss": 0.08826717, "lr": 0.00026933, "params": 337201, "time_iter": 0.08363, "accuracy": 0.86354, "precision": 0.57487, "recall": 0.87115, "f1": 0.69266, "auc": 0.94305}
{"epoch": 68, "time_epoch": 26.45589, "eta": 818.42717, "eta_hours": 0.22734, "loss": 0.08815439, "lr": 0.00025479, "params": 337201, "time_iter": 0.08452, "accuracy": 0.86327, "precision": 0.5743, "recall": 0.87098, "f1": 0.69219, "auc": 0.94314}
{"epoch": 69, "time_epoch": 26.44904, "eta": 792.04694, "eta_hours": 0.22001, "loss": 0.08793847, "lr": 0.00024052, "params": 337201, "time_iter": 0.0845, "accuracy": 0.86435, "precision": 0.57662, "recall": 0.87115, "f1": 0.69392, "auc": 0.94347}
{"epoch": 70, "time_epoch": 26.2825, "eta": 765.59674, "eta_hours": 0.21267, "loss": 0.08801318, "lr": 0.00022653, "params": 337201, "time_iter": 0.08397, "accuracy": 0.86405, "precision": 0.57595, "recall": 0.87141, "f1": 0.69352, "auc": 0.94335}
{"epoch": 71, "time_epoch": 26.24174, "eta": 739.13535, "eta_hours": 0.20532, "loss": 0.08786927, "lr": 0.00021284, "params": 337201, "time_iter": 0.08384, "accuracy": 0.86415, "precision": 0.57611, "recall": 0.87189, "f1": 0.69379, "auc": 0.94354}
{"epoch": 72, "time_epoch": 26.03109, "eta": 712.60207, "eta_hours": 0.19795, "loss": 0.08782218, "lr": 0.00019946, "params": 337201, "time_iter": 0.08317, "accuracy": 0.86426, "precision": 0.57638, "recall": 0.87156, "f1": 0.69388, "auc": 0.94359}
{"epoch": 73, "time_epoch": 26.19658, "eta": 686.1405, "eta_hours": 0.19059, "loss": 0.08769016, "lr": 0.00018641, "params": 337201, "time_iter": 0.0837, "accuracy": 0.86436, "precision": 0.57654, "recall": 0.87216, "f1": 0.69419, "auc": 0.94372}
{"epoch": 74, "time_epoch": 26.23881, "eta": 659.70008, "eta_hours": 0.18325, "loss": 0.08761383, "lr": 0.00017371, "params": 337201, "time_iter": 0.08383, "accuracy": 0.86426, "precision": 0.5763, "recall": 0.87253, "f1": 0.69413, "auc": 0.94385}
{"epoch": 75, "time_epoch": 26.14517, "eta": 633.23539, "eta_hours": 0.1759, "loss": 0.08757865, "lr": 0.00016136, "params": 337201, "time_iter": 0.08353, "accuracy": 0.86442, "precision": 0.57669, "recall": 0.87197, "f1": 0.69424, "auc": 0.94385}
{"epoch": 76, "time_epoch": 26.48966, "eta": 606.88191, "eta_hours": 0.16858, "loss": 0.08742549, "lr": 0.00014938, "params": 337201, "time_iter": 0.08463, "accuracy": 0.8646, "precision": 0.57701, "recall": 0.87273, "f1": 0.69471, "auc": 0.94408}
{"epoch": 77, "time_epoch": 26.48985, "eta": 580.52498, "eta_hours": 0.16126, "loss": 0.08720083, "lr": 0.00013779, "params": 337201, "time_iter": 0.08463, "accuracy": 0.86452, "precision": 0.57676, "recall": 0.87337, "f1": 0.69473, "auc": 0.94433}
{"epoch": 78, "time_epoch": 26.26839, "eta": 554.10582, "eta_hours": 0.15392, "loss": 0.08723332, "lr": 0.00012659, "params": 337201, "time_iter": 0.08392, "accuracy": 0.86429, "precision": 0.5763, "recall": 0.87301, "f1": 0.69428, "auc": 0.9443}
{"epoch": 79, "time_epoch": 26.28235, "eta": 527.69392, "eta_hours": 0.14658, "loss": 0.08719177, "lr": 0.0001158, "params": 337201, "time_iter": 0.08397, "accuracy": 0.86434, "precision": 0.57642, "recall": 0.87299, "f1": 0.69437, "auc": 0.94431}
{"epoch": 80, "time_epoch": 26.35526, "eta": 501.30232, "eta_hours": 0.13925, "loss": 0.08713764, "lr": 0.00010543, "params": 337201, "time_iter": 0.0842, "accuracy": 0.86451, "precision": 0.57676, "recall": 0.87321, "f1": 0.69468, "auc": 0.94439}
{"epoch": 81, "time_epoch": 26.33992, "eta": 474.90823, "eta_hours": 0.13192, "loss": 0.08697993, "lr": 9.549e-05, "params": 337201, "time_iter": 0.08415, "accuracy": 0.86466, "precision": 0.57701, "recall": 0.87395, "f1": 0.6951, "auc": 0.94458}
{"epoch": 82, "time_epoch": 26.37846, "eta": 448.52335, "eta_hours": 0.12459, "loss": 0.0869123, "lr": 8.6e-05, "params": 337201, "time_iter": 0.08428, "accuracy": 0.86456, "precision": 0.57674, "recall": 0.87447, "f1": 0.69507, "auc": 0.9447}
{"epoch": 83, "time_epoch": 26.3065, "eta": 422.12491, "eta_hours": 0.11726, "loss": 0.08683653, "lr": 7.695e-05, "params": 337201, "time_iter": 0.08405, "accuracy": 0.86478, "precision": 0.57728, "recall": 0.87379, "f1": 0.69524, "auc": 0.9448}
{"epoch": 84, "time_epoch": 26.49559, "eta": 395.76201, "eta_hours": 0.10993, "loss": 0.08675898, "lr": 6.837e-05, "params": 337201, "time_iter": 0.08465, "accuracy": 0.86487, "precision": 0.57739, "recall": 0.87475, "f1": 0.69563, "auc": 0.94487}
{"epoch": 85, "time_epoch": 26.38589, "eta": 369.37816, "eta_hours": 0.10261, "loss": 0.08671363, "lr": 6.026e-05, "params": 337201, "time_iter": 0.0843, "accuracy": 0.86487, "precision": 0.57747, "recall": 0.87397, "f1": 0.69543, "auc": 0.94493}
{"epoch": 86, "time_epoch": 26.29145, "eta": 342.98016, "eta_hours": 0.09527, "loss": 0.08663146, "lr": 5.264e-05, "params": 337201, "time_iter": 0.084, "accuracy": 0.86501, "precision": 0.57775, "recall": 0.87395, "f1": 0.69564, "auc": 0.94502}
{"epoch": 87, "time_epoch": 26.20273, "eta": 316.57247, "eta_hours": 0.08794, "loss": 0.08657648, "lr": 4.55e-05, "params": 337201, "time_iter": 0.08371, "accuracy": 0.86551, "precision": 0.57881, "recall": 0.87425, "f1": 0.69649, "auc": 0.94508}
{"epoch": 88, "time_epoch": 26.25926, "eta": 290.17638, "eta_hours": 0.0806, "loss": 0.08658399, "lr": 3.886e-05, "params": 337201, "time_iter": 0.0839, "accuracy": 0.86498, "precision": 0.57764, "recall": 0.87452, "f1": 0.69573, "auc": 0.94509}
{"epoch": 89, "time_epoch": 26.43909, "eta": 263.80331, "eta_hours": 0.07328, "loss": 0.08658348, "lr": 3.272e-05, "params": 337201, "time_iter": 0.08447, "accuracy": 0.86514, "precision": 0.57804, "recall": 0.87402, "f1": 0.69586, "auc": 0.94509}
{"epoch": 90, "time_epoch": 26.36628, "eta": 237.42159, "eta_hours": 0.06595, "loss": 0.08651103, "lr": 2.709e-05, "params": 337201, "time_iter": 0.08424, "accuracy": 0.86492, "precision": 0.57747, "recall": 0.87506, "f1": 0.69578, "auc": 0.94515}
{"epoch": 91, "time_epoch": 26.30672, "eta": 211.03503, "eta_hours": 0.05862, "loss": 0.08644835, "lr": 2.198e-05, "params": 337201, "time_iter": 0.08405, "accuracy": 0.86477, "precision": 0.57716, "recall": 0.87489, "f1": 0.6955, "auc": 0.94522}
{"epoch": 92, "time_epoch": 26.5982, "eta": 184.67212, "eta_hours": 0.0513, "loss": 0.08646138, "lr": 1.74e-05, "params": 337201, "time_iter": 0.08498, "accuracy": 0.86536, "precision": 0.57842, "recall": 0.87492, "f1": 0.69643, "auc": 0.94521}
{"epoch": 93, "time_epoch": 26.49021, "eta": 158.29731, "eta_hours": 0.04397, "loss": 0.08641532, "lr": 1.334e-05, "params": 337201, "time_iter": 0.08463, "accuracy": 0.86521, "precision": 0.5781, "recall": 0.87483, "f1": 0.69616, "auc": 0.9453}
{"epoch": 94, "time_epoch": 26.1846, "eta": 131.90399, "eta_hours": 0.03664, "loss": 0.08643088, "lr": 9.81e-06, "params": 337201, "time_iter": 0.08366, "accuracy": 0.86532, "precision": 0.57836, "recall": 0.87469, "f1": 0.69631, "auc": 0.94524}
{"epoch": 95, "time_epoch": 26.37645, "eta": 105.52301, "eta_hours": 0.02931, "loss": 0.08630637, "lr": 6.82e-06, "params": 337201, "time_iter": 0.08427, "accuracy": 0.86535, "precision": 0.57837, "recall": 0.87519, "f1": 0.69647, "auc": 0.94544}
{"epoch": 96, "time_epoch": 26.32423, "eta": 79.14051, "eta_hours": 0.02198, "loss": 0.08627668, "lr": 4.37e-06, "params": 337201, "time_iter": 0.0841, "accuracy": 0.86517, "precision": 0.57799, "recall": 0.87512, "f1": 0.69617, "auc": 0.94547}
{"epoch": 97, "time_epoch": 26.29416, "eta": 52.75858, "eta_hours": 0.01466, "loss": 0.0863056, "lr": 2.46e-06, "params": 337201, "time_iter": 0.08401, "accuracy": 0.86512, "precision": 0.57791, "recall": 0.87492, "f1": 0.69605, "auc": 0.94538}
{"epoch": 98, "time_epoch": 26.0663, "eta": 26.37613, "eta_hours": 0.00733, "loss": 0.08629094, "lr": 1.09e-06, "params": 337201, "time_iter": 0.08328, "accuracy": 0.86525, "precision": 0.57818, "recall": 0.87497, "f1": 0.69627, "auc": 0.94545}
{"epoch": 99, "time_epoch": 26.2241, "eta": 0.0, "eta_hours": 0.0, "loss": 0.08628957, "lr": 2.7e-07, "params": 337201, "time_iter": 0.08378, "accuracy": 0.86524, "precision": 0.57813, "recall": 0.87516, "f1": 0.69629, "auc": 0.94544}
