{"epoch": 0, "time_epoch": 190.81434, "time_epoch_std": 17.85905, "eta": 37972.05341, "eta_std": 3553.95063, "eta_hours": 10.54779, "eta_hours_std": 0.98721, "loss": 3.61265, "loss_std": 0.00427, "lr": 0.0, "lr_std": 0.0, "params": 3434533.0, "params_std": 0.0, "time_iter": 0.07807, "time_iter_std": 0.00731, "accuracy": 0.02834, "accuracy_std": 0.01117, "f1": 0.00807, "f1_std": 0.00273, "auc": 0.501, "auc_std": 0.00361}
{"epoch": 1, "time_epoch": 182.34783, "time_epoch_std": 11.90848, "eta": 36943.0547, "eta_std": 2942.12463, "eta_hours": 10.26196, "eta_hours_std": 0.81726, "loss": 3.45538, "loss_std": 0.00481, "lr": 3e-05, "lr_std": 0.0, "params": 3434533.0, "params_std": 0.0, "time_iter": 0.07461, "time_iter_std": 0.00487, "accuracy": 0.11011, "accuracy_std": 0.00167, "f1": 0.01423, "f1_std": 0.00206, "auc": 0.54534, "auc_std": 0.00345}
{"epoch": 2, "time_epoch": 180.54296, "time_epoch_std": 6.74735, "eta": 36359.97048, "eta_std": 2359.35525, "eta_hours": 10.09999, "eta_hours_std": 0.65538, "loss": 3.25854, "loss_std": 0.00493, "lr": 6e-05, "lr_std": 0.0, "params": 3434533.0, "params_std": 0.0, "time_iter": 0.07387, "time_iter_std": 0.00276, "accuracy": 0.13955, "accuracy_std": 0.0027, "f1": 0.02208, "f1_std": 0.00119, "auc": 0.65084, "auc_std": 0.00558}
{"epoch": 3, "time_epoch": 182.47384, "time_epoch_std": 12.61089, "eta": 36072.76999, "eta_std": 2374.13575, "eta_hours": 10.02022, "eta_hours_std": 0.65948, "loss": 3.04747, "loss_std": 0.01899, "lr": 9e-05, "lr_std": 0.0, "params": 3434533.0, "params_std": 0.0, "time_iter": 0.07466, "time_iter_std": 0.00516, "accuracy": 0.18858, "accuracy_std": 0.00786, "f1": 0.04293, "f1_std": 0.00366, "auc": 0.75482, "auc_std": 0.0104}
{"epoch": 4, "time_epoch": 187.04127, "time_epoch_std": 26.72782, "eta": 36005.58983, "eta_std": 2914.08047, "eta_hours": 10.00155, "eta_hours_std": 0.80947, "loss": 2.64149, "loss_std": 0.02108, "lr": 0.00012, "lr_std": 0.0, "params": 3434533.0, "params_std": 0.0, "time_iter": 0.07653, "time_iter_std": 0.01093, "accuracy": 0.30576, "accuracy_std": 0.00706, "f1": 0.10588, "f1_std": 0.00449, "auc": 0.8601, "auc_std": 0.0043}
{"epoch": 5, "time_epoch": 187.67849, "time_epoch_std": 25.97582, "eta": 35919.0593, "eta_std": 3253.75924, "eta_hours": 9.97752, "eta_hours_std": 0.90382, "loss": 2.20965, "loss_std": 0.02963, "lr": 0.00015, "lr_std": 0.0, "params": 3434533.0, "params_std": 0.0, "time_iter": 0.07679, "time_iter_std": 0.01063, "accuracy": 0.39787, "accuracy_std": 0.00791, "f1": 0.15998, "f1_std": 0.00479, "auc": 0.91415, "auc_std": 0.00426}
{"epoch": 6, "time_epoch": 181.41902, "time_epoch_std": 8.79164, "eta": 35631.04691, "eta_std": 3009.64402, "eta_hours": 9.89751, "eta_hours_std": 0.83601, "loss": 1.81483, "loss_std": 0.02662, "lr": 0.00018, "lr_std": 0.0, "params": 3434533.0, "params_std": 0.0, "time_iter": 0.07423, "time_iter_std": 0.0036, "accuracy": 0.47704, "accuracy_std": 0.00734, "f1": 0.22796, "f1_std": 0.00828, "auc": 0.94717, "auc_std": 0.00229}
{"epoch": 7, "time_epoch": 184.94114, "time_epoch_std": 18.72795, "eta": 35454.21376, "eta_std": 3068.76, "eta_hours": 9.84839, "eta_hours_std": 0.85243, "loss": 1.5118, "loss_std": 0.02321, "lr": 0.00021, "lr_std": 0.0, "params": 3434533.0, "params_std": 0.0, "time_iter": 0.07567, "time_iter_std": 0.00766, "accuracy": 0.55173, "accuracy_std": 0.00678, "f1": 0.32473, "f1_std": 0.00726, "auc": 0.96514, "auc_std": 0.00147}
{"epoch": 8, "time_epoch": 180.79728, "time_epoch_std": 6.95137, "eta": 35187.63687, "eta_std": 2847.53391, "eta_hours": 9.77434, "eta_hours_std": 0.79098, "loss": 1.27839, "loss_std": 0.02298, "lr": 0.00024, "lr_std": 0.0, "params": 3434533.0, "params_std": 0.0, "time_iter": 0.07398, "time_iter_std": 0.00284, "accuracy": 0.61323, "accuracy_std": 0.0069, "f1": 0.41369, "f1_std": 0.00782, "auc": 0.9754, "auc_std": 0.00106}
{"epoch": 9, "time_epoch": 181.37207, "time_epoch_std": 10.0937, "eta": 34949.1368, "eta_std": 2740.91153, "eta_hours": 9.70809, "eta_hours_std": 0.76137, "loss": 1.08919, "loss_std": 0.02014, "lr": 0.00027, "lr_std": 0.0, "params": 3434533.0, "params_std": 0.0, "time_iter": 0.07421, "time_iter_std": 0.00413, "accuracy": 0.66359, "accuracy_std": 0.0064, "f1": 0.50147, "f1_std": 0.00963, "auc": 0.98185, "auc_std": 0.00074}
{"epoch": 10, "time_epoch": 185.91931, "time_epoch_std": 23.18365, "eta": 34799.15353, "eta_std": 2874.06971, "eta_hours": 9.66643, "eta_hours_std": 0.79835, "loss": 0.93586, "loss_std": 0.019, "lr": 0.0003, "lr_std": 0.0, "params": 3434533.0, "params_std": 0.0, "time_iter": 0.07607, "time_iter_std": 0.00948, "accuracy": 0.70919, "accuracy_std": 0.00667, "f1": 0.58457, "f1_std": 0.00944, "auc": 0.98619, "auc_std": 0.00059}
{"epoch": 11, "time_epoch": 184.98303, "time_epoch_std": 20.33186, "eta": 34628.51254, "eta_std": 2936.23374, "eta_hours": 9.61903, "eta_hours_std": 0.81562, "loss": 0.79631, "loss_std": 0.01565, "lr": 0.0003, "lr_std": 0.0, "params": 3434533.0, "params_std": 0.0, "time_iter": 0.07569, "time_iter_std": 0.00832, "accuracy": 0.75442, "accuracy_std": 0.00545, "f1": 0.66471, "f1_std": 0.00751, "auc": 0.98981, "auc_std": 0.00043}
{"epoch": 12, "time_epoch": 181.25376, "time_epoch_std": 9.30721, "eta": 34402.02098, "eta_std": 2828.49924, "eta_hours": 9.55612, "eta_hours_std": 0.78569, "loss": 0.68044, "loss_std": 0.01321, "lr": 0.0003, "lr_std": 0.0, "params": 3434533.0, "params_std": 0.0, "time_iter": 0.07416, "time_iter_std": 0.00381, "accuracy": 0.79325, "accuracy_std": 0.00435, "f1": 0.73623, "f1_std": 0.0063, "auc": 0.99241, "auc_std": 0.00027}
{"epoch": 13, "time_epoch": 182.81098, "time_epoch_std": 12.84955, "eta": 34202.68082, "eta_std": 2782.36163, "eta_hours": 9.50074, "eta_hours_std": 0.77288, "loss": 0.58802, "loss_std": 0.01215, "lr": 0.0003, "lr_std": 0.0, "params": 3434533.0, "params_std": 0.0, "time_iter": 0.0748, "time_iter_std": 0.00526, "accuracy": 0.82429, "accuracy_std": 0.00409, "f1": 0.78962, "f1_std": 0.00552, "auc": 0.99419, "auc_std": 0.00025}
{"epoch": 14, "time_epoch": 180.95032, "time_epoch_std": 8.99373, "eta": 33982.59643, "eta_std": 2692.51538, "eta_hours": 9.43961, "eta_hours_std": 0.74792, "loss": 0.50846, "loss_std": 0.01036, "lr": 0.0003, "lr_std": 0.0, "params": 3434533.0, "params_std": 0.0, "time_iter": 0.07404, "time_iter_std": 0.00368, "accuracy": 0.85026, "accuracy_std": 0.00317, "f1": 0.82792, "f1_std": 0.00437, "auc": 0.99558, "auc_std": 0.00015}
{"epoch": 15, "time_epoch": 181.42589, "time_epoch_std": 9.03299, "eta": 33772.87273, "eta_std": 2613.99383, "eta_hours": 9.38136, "eta_hours_std": 0.72611, "loss": 0.44404, "loss_std": 0.00871, "lr": 0.0003, "lr_std": 0.0, "params": 3434533.0, "params_std": 0.0, "time_iter": 0.07423, "time_iter_std": 0.0037, "accuracy": 0.86961, "accuracy_std": 0.00243, "f1": 0.85459, "f1_std": 0.0033, "auc": 0.99654, "auc_std": 0.00014}
{"epoch": 16, "time_epoch": 182.78828, "time_epoch_std": 13.21964, "eta": 33581.14395, "eta_std": 2589.10444, "eta_hours": 9.3281, "eta_hours_std": 0.7192, "loss": 0.39164, "loss_std": 0.00811, "lr": 0.0003, "lr_std": 0.0, "params": 3434533.0, "params_std": 0.0, "time_iter": 0.07479, "time_iter_std": 0.00541, "accuracy": 0.8858, "accuracy_std": 0.00249, "f1": 0.87527, "f1_std": 0.00301, "auc": 0.99727, "auc_std": 0.00011}
{"epoch": 17, "time_epoch": 184.54938, "time_epoch_std": 18.80444, "eta": 33408.21522, "eta_std": 2621.49973, "eta_hours": 9.28006, "eta_hours_std": 0.72819, "loss": 0.34913, "loss_std": 0.00652, "lr": 0.0003, "lr_std": 0.0, "params": 3434533.0, "params_std": 0.0, "time_iter": 0.07551, "time_iter_std": 0.00769, "accuracy": 0.89777, "accuracy_std": 0.00185, "f1": 0.88975, "f1_std": 0.00215, "auc": 0.99779, "auc_std": 8e-05}
{"epoch": 18, "time_epoch": 183.10998, "time_epoch_std": 14.15405, "eta": 33220.3511, "eta_std": 2604.50457, "eta_hours": 9.22788, "eta_hours_std": 0.72347, "loss": 0.31439, "loss_std": 0.00584, "lr": 0.0003, "lr_std": 0.0, "params": 3434533.0, "params_std": 0.0, "time_iter": 0.07492, "time_iter_std": 0.00579, "accuracy": 0.90798, "accuracy_std": 0.00161, "f1": 0.90173, "f1_std": 0.0019, "auc": 0.99818, "auc_std": 6e-05}
{"epoch": 19, "time_epoch": 182.61494, "time_epoch_std": 12.49968, "eta": 33028.50707, "eta_std": 2572.94005, "eta_hours": 9.17458, "eta_hours_std": 0.71471, "loss": 0.2849, "loss_std": 0.00537, "lr": 0.0003, "lr_std": 0.0, "params": 3434533.0, "params_std": 0.0, "time_iter": 0.07472, "time_iter_std": 0.00511, "accuracy": 0.91621, "accuracy_std": 0.00198, "f1": 0.91089, "f1_std": 0.0021, "auc": 0.99849, "auc_std": 6e-05}
{"epoch": 20, "time_epoch": 179.63583, "time_epoch_std": 5.65185, "eta": 32812.14861, "eta_std": 2483.28716, "eta_hours": 9.11449, "eta_hours_std": 0.6898, "loss": 0.25919, "loss_std": 0.00577, "lr": 0.0003, "lr_std": 0.0, "params": 3434533.0, "params_std": 0.0, "time_iter": 0.0735, "time_iter_std": 0.00231, "accuracy": 0.92337, "accuracy_std": 0.00169, "f1": 0.91923, "f1_std": 0.00201, "auc": 0.99873, "auc_std": 6e-05}
{"epoch": 21, "time_epoch": 181.95573, "time_epoch_std": 11.29615, "eta": 32617.89871, "eta_std": 2446.52736, "eta_hours": 9.06053, "eta_hours_std": 0.67959, "loss": 0.24018, "loss_std": 0.00613, "lr": 0.0003, "lr_std": 0.0, "params": 3434533.0, "params_std": 0.0, "time_iter": 0.07445, "time_iter_std": 0.00462, "accuracy": 0.9283, "accuracy_std": 0.00198, "f1": 0.92475, "f1_std": 0.00189, "auc": 0.99891, "auc_std": 5e-05}
{"epoch": 22, "time_epoch": 183.08204, "time_epoch_std": 16.54936, "eta": 32433.3855, "eta_std": 2453.5261, "eta_hours": 9.00927, "eta_hours_std": 0.68154, "loss": 0.22137, "loss_std": 0.00437, "lr": 0.0003, "lr_std": 0.0, "params": 3434533.0, "params_std": 0.0, "time_iter": 0.07491, "time_iter_std": 0.00677, "accuracy": 0.93375, "accuracy_std": 0.00143, "f1": 0.9306, "f1_std": 0.00144, "auc": 0.99908, "auc_std": 4e-05}
{"epoch": 23, "time_epoch": 183.45331, "time_epoch_std": 17.74487, "eta": 32251.71422, "eta_std": 2467.1946, "eta_hours": 8.95881, "eta_hours_std": 0.68533, "loss": 0.20503, "loss_std": 0.00412, "lr": 0.0003, "lr_std": 0.0, "params": 3434533.0, "params_std": 0.0, "time_iter": 0.07506, "time_iter_std": 0.00726, "accuracy": 0.93866, "accuracy_std": 0.00116, "f1": 0.93595, "f1_std": 0.00089, "auc": 0.9992, "auc_std": 4e-05}
{"epoch": 24, "time_epoch": 181.37944, "time_epoch_std": 9.88585, "eta": 32055.38328, "eta_std": 2423.82834, "eta_hours": 8.90427, "eta_hours_std": 0.67329, "loss": 0.18994, "loss_std": 0.00417, "lr": 0.0003, "lr_std": 0.0, "params": 3434533.0, "params_std": 0.0, "time_iter": 0.07421, "time_iter_std": 0.00404, "accuracy": 0.94294, "accuracy_std": 0.00138, "f1": 0.94068, "f1_std": 0.00134, "auc": 0.99931, "auc_std": 4e-05}
{"epoch": 25, "time_epoch": 183.02938, "time_epoch_std": 14.61346, "eta": 31871.24438, "eta_std": 2414.98148, "eta_hours": 8.85312, "eta_hours_std": 0.67083, "loss": 0.17742, "loss_std": 0.00437, "lr": 0.0003, "lr_std": 0.0, "params": 3434533.0, "params_std": 0.0, "time_iter": 0.07489, "time_iter_std": 0.00598, "accuracy": 0.94639, "accuracy_std": 0.00132, "f1": 0.94434, "f1_std": 0.00147, "auc": 0.9994, "auc_std": 3e-05}
{"epoch": 26, "time_epoch": 179.39818, "time_epoch_std": 5.74059, "eta": 31663.92109, "eta_std": 2346.80475, "eta_hours": 8.79553, "eta_hours_std": 0.65189, "loss": 0.16664, "loss_std": 0.0059, "lr": 0.00029, "lr_std": 0.0, "params": 3434533.0, "params_std": 0.0, "time_iter": 0.0734, "time_iter_std": 0.00235, "accuracy": 0.94951, "accuracy_std": 0.00196, "f1": 0.94749, "f1_std": 0.00196, "auc": 0.99947, "auc_std": 4e-05}
{"epoch": 27, "time_epoch": 182.68725, "time_epoch_std": 13.80475, "eta": 31478.79673, "eta_std": 2334.42563, "eta_hours": 8.74411, "eta_hours_std": 0.64845, "loss": 0.155, "loss_std": 0.0038, "lr": 0.00029, "lr_std": 0.0, "params": 3434533.0, "params_std": 0.0, "time_iter": 0.07475, "time_iter_std": 0.00565, "accuracy": 0.95295, "accuracy_std": 0.00125, "f1": 0.9512, "f1_std": 0.00118, "auc": 0.99955, "auc_std": 3e-05}
{"epoch": 28, "time_epoch": 184.28636, "time_epoch_std": 18.56642, "eta": 31303.26966, "eta_std": 2350.04208, "eta_hours": 8.69535, "eta_hours_std": 0.65279, "loss": 0.14676, "loss_std": 0.00469, "lr": 0.00029, "lr_std": 0.0, "params": 3434533.0, "params_std": 0.0, "time_iter": 0.0754, "time_iter_std": 0.00759, "accuracy": 0.95539, "accuracy_std": 0.00144, "f1": 0.95365, "f1_std": 0.00169, "auc": 0.99959, "auc_std": 3e-05}
{"epoch": 29, "time_epoch": 184.42148, "time_epoch_std": 19.16477, "eta": 31127.92435, "eta_std": 2366.75026, "eta_hours": 8.64664, "eta_hours_std": 0.65743, "loss": 0.13786, "loss_std": 0.00452, "lr": 0.00029, "lr_std": 0.0, "params": 3434533.0, "params_std": 0.0, "time_iter": 0.07546, "time_iter_std": 0.00784, "accuracy": 0.95799, "accuracy_std": 0.00146, "f1": 0.95644, "f1_std": 0.00161, "auc": 0.99964, "auc_std": 3e-05}
{"epoch": 30, "time_epoch": 181.18009, "time_epoch_std": 9.2303, "eta": 30934.32265, "eta_std": 2326.7378, "eta_hours": 8.59287, "eta_hours_std": 0.64632, "loss": 0.12924, "loss_std": 0.00442, "lr": 0.00029, "lr_std": 0.0, "params": 3434533.0, "params_std": 0.0, "time_iter": 0.07413, "time_iter_std": 0.00378, "accuracy": 0.96057, "accuracy_std": 0.00121, "f1": 0.95896, "f1_std": 0.00128, "auc": 0.99968, "auc_std": 3e-05}
{"epoch": 31, "time_epoch": 180.22359, "time_epoch_std": 6.92321, "eta": 30736.47566, "eta_std": 2274.64735, "eta_hours": 8.53791, "eta_hours_std": 0.63185, "loss": 0.1236, "loss_std": 0.00393, "lr": 0.00029, "lr_std": 0.0, "params": 3434533.0, "params_std": 0.0, "time_iter": 0.07374, "time_iter_std": 0.00283, "accuracy": 0.96219, "accuracy_std": 0.001, "f1": 0.96069, "f1_std": 0.00119, "auc": 0.99971, "auc_std": 2e-05}
{"epoch": 32, "time_epoch": 183.85539, "time_epoch_std": 17.51233, "eta": 30558.07592, "eta_std": 2280.94004, "eta_hours": 8.48835, "eta_hours_std": 0.6336, "loss": 0.11695, "loss_std": 0.00359, "lr": 0.00029, "lr_std": 0.0, "params": 3434533.0, "params_std": 0.0, "time_iter": 0.07523, "time_iter_std": 0.00717, "accuracy": 0.96407, "accuracy_std": 0.00093, "f1": 0.96309, "f1_std": 0.00116, "auc": 0.99974, "auc_std": 2e-05}
{"epoch": 33, "time_epoch": 180.47306, "time_epoch_std": 9.38921, "eta": 30362.84152, "eta_std": 2246.02076, "eta_hours": 8.43412, "eta_hours_std": 0.6239, "loss": 0.11109, "loss_std": 0.00283, "lr": 0.00029, "lr_std": 0.0, "params": 3434533.0, "params_std": 0.0, "time_iter": 0.07385, "time_iter_std": 0.00384, "accuracy": 0.96594, "accuracy_std": 0.0009, "f1": 0.96476, "f1_std": 0.00097, "auc": 0.99976, "auc_std": 1e-05}
{"epoch": 34, "time_epoch": 179.21932, "time_epoch_std": 5.74803, "eta": 30162.54013, "eta_std": 2193.39541, "eta_hours": 8.37848, "eta_hours_std": 0.60928, "loss": 0.10488, "loss_std": 0.00291, "lr": 0.00029, "lr_std": 0.0, "params": 3434533.0, "params_std": 0.0, "time_iter": 0.07333, "time_iter_std": 0.00235, "accuracy": 0.96787, "accuracy_std": 0.00093, "f1": 0.96699, "f1_std": 0.00097, "auc": 0.99979, "auc_std": 2e-05}
{"epoch": 35, "time_epoch": 179.15646, "time_epoch_std": 5.74167, "eta": 29963.12358, "eta_std": 2143.44851, "eta_hours": 8.32309, "eta_hours_std": 0.5954, "loss": 0.1001, "loss_std": 0.00254, "lr": 0.00029, "lr_std": 0.0, "params": 3434533.0, "params_std": 0.0, "time_iter": 0.0733, "time_iter_std": 0.00235, "accuracy": 0.96929, "accuracy_std": 0.00068, "f1": 0.96832, "f1_std": 0.00085, "auc": 0.99981, "auc_std": 1e-05}
{"epoch": 36, "time_epoch": 179.35234, "time_epoch_std": 6.9717, "eta": 29765.66512, "eta_std": 2102.92952, "eta_hours": 8.26824, "eta_hours_std": 0.58415, "loss": 0.09523, "loss_std": 0.00179, "lr": 0.00029, "lr_std": 0.0, "params": 3434533.0, "params_std": 0.0, "time_iter": 0.07338, "time_iter_std": 0.00285, "accuracy": 0.97054, "accuracy_std": 0.00061, "f1": 0.96966, "f1_std": 0.0006, "auc": 0.99983, "auc_std": 1e-05}
{"epoch": 37, "time_epoch": 182.38316, "time_epoch_std": 13.30398, "eta": 29582.0805, "eta_std": 2090.83765, "eta_hours": 8.21724, "eta_hours_std": 0.58079, "loss": 0.09052, "loss_std": 0.00274, "lr": 0.00029, "lr_std": 0.0, "params": 3434533.0, "params_std": 0.0, "time_iter": 0.07462, "time_iter_std": 0.00544, "accuracy": 0.97207, "accuracy_std": 0.00095, "f1": 0.97141, "f1_std": 0.00112, "auc": 0.99984, "auc_std": 1e-05}
{"epoch": 38, "time_epoch": 178.54671, "time_epoch_std": 4.24095, "eta": 29382.71979, "eta_std": 2034.62284, "eta_hours": 8.16187, "eta_hours_std": 0.56517, "loss": 0.08622, "loss_std": 0.00195, "lr": 0.00028, "lr_std": 0.0, "params": 3434533.0, "params_std": 0.0, "time_iter": 0.07306, "time_iter_std": 0.00174, "accuracy": 0.97333, "accuracy_std": 0.00061, "f1": 0.97255, "f1_std": 0.00051, "auc": 0.99986, "auc_std": 1e-05}
{"epoch": 39, "time_epoch": 178.90017, "time_epoch_std": 5.27923, "eta": 29185.81363, "eta_std": 1990.60906, "eta_hours": 8.10717, "eta_hours_std": 0.55295, "loss": 0.08352, "loss_std": 0.0029, "lr": 0.00028, "lr_std": 0.0, "params": 3434533.0, "params_std": 0.0, "time_iter": 0.0732, "time_iter_std": 0.00216, "accuracy": 0.97428, "accuracy_std": 0.00103, "f1": 0.97345, "f1_std": 0.00097, "auc": 0.99987, "auc_std": 1e-05}
{"epoch": 40, "time_epoch": 180.85274, "time_epoch_std": 11.29739, "eta": 28997.358, "eta_std": 1973.60451, "eta_hours": 8.05482, "eta_hours_std": 0.54822, "loss": 0.07977, "loss_std": 0.0029, "lr": 0.00028, "lr_std": 0.0, "params": 3434533.0, "params_std": 0.0, "time_iter": 0.074, "time_iter_std": 0.00462, "accuracy": 0.97524, "accuracy_std": 0.00086, "f1": 0.97457, "f1_std": 0.00093, "auc": 0.99988, "auc_std": 1e-05}
{"epoch": 41, "time_epoch": 181.82911, "time_epoch_std": 14.09995, "eta": 28812.9374, "eta_std": 1967.33262, "eta_hours": 8.0036, "eta_hours_std": 0.54648, "loss": 0.07745, "loss_std": 0.00368, "lr": 0.00028, "lr_std": 0.0, "params": 3434533.0, "params_std": 0.0, "time_iter": 0.0744, "time_iter_std": 0.00577, "accuracy": 0.9759, "accuracy_std": 0.00113, "f1": 0.97532, "f1_std": 0.00114, "auc": 0.99988, "auc_std": 1e-05}
{"epoch": 42, "time_epoch": 179.20943, "time_epoch_std": 5.59501, "eta": 28619.07248, "eta_std": 1927.08442, "eta_hours": 7.94974, "eta_hours_std": 0.5353, "loss": 0.07404, "loss_std": 0.00409, "lr": 0.00028, "lr_std": 0.0, "params": 3434533.0, "params_std": 0.0, "time_iter": 0.07333, "time_iter_std": 0.00229, "accuracy": 0.97677, "accuracy_std": 0.00125, "f1": 0.97606, "f1_std": 0.00125, "auc": 0.99989, "auc_std": 1e-05}
{"epoch": 43, "time_epoch": 179.49286, "time_epoch_std": 6.2041, "eta": 28426.87858, "eta_std": 1891.74076, "eta_hours": 7.89636, "eta_hours_std": 0.52548, "loss": 0.07041, "loss_std": 0.00309, "lr": 0.00028, "lr_std": 0.0, "params": 3434533.0, "params_std": 0.0, "time_iter": 0.07344, "time_iter_std": 0.00254, "accuracy": 0.97807, "accuracy_std": 0.00113, "f1": 0.97751, "f1_std": 0.00125, "auc": 0.99991, "auc_std": 1e-05}
{"epoch": 44, "time_epoch": 180.58585, "time_epoch_std": 10.25826, "eta": 28239.01394, "eta_std": 1873.10242, "eta_hours": 7.84417, "eta_hours_std": 0.52031, "loss": 0.06725, "loss_std": 0.00305, "lr": 0.00028, "lr_std": 0.0, "params": 3434533.0, "params_std": 0.0, "time_iter": 0.07389, "time_iter_std": 0.0042, "accuracy": 0.97896, "accuracy_std": 0.00102, "f1": 0.97856, "f1_std": 0.00101, "auc": 0.99991, "auc_std": 1e-05}
{"epoch": 45, "time_epoch": 182.5368, "time_epoch_std": 13.55763, "eta": 28057.99718, "eta_std": 1865.84718, "eta_hours": 7.79389, "eta_hours_std": 0.51829, "loss": 0.06382, "loss_std": 0.00214, "lr": 0.00028, "lr_std": 0.0, "params": 3434533.0, "params_std": 0.0, "time_iter": 0.07468, "time_iter_std": 0.00555, "accuracy": 0.98014, "accuracy_std": 0.00073, "f1": 0.97963, "f1_std": 0.00084, "auc": 0.99992, "auc_std": 1e-05}
{"epoch": 46, "time_epoch": 179.64043, "time_epoch_std": 6.27814, "eta": 27867.48715, "eta_std": 1832.81229, "eta_hours": 7.74097, "eta_hours_std": 0.50911, "loss": 0.06241, "loss_std": 0.00229, "lr": 0.00027, "lr_std": 0.0, "params": 3434533.0, "params_std": 0.0, "time_iter": 0.0735, "time_iter_std": 0.00257, "accuracy": 0.98049, "accuracy_std": 0.00063, "f1": 0.98008, "f1_std": 0.00071, "auc": 0.99992, "auc_std": 1e-05}
{"epoch": 47, "time_epoch": 180.08854, "time_epoch_std": 7.13233, "eta": 27678.84903, "eta_std": 1804.76115, "eta_hours": 7.68857, "eta_hours_std": 0.50132, "loss": 0.06023, "loss_std": 0.0021, "lr": 0.00027, "lr_std": 0.0, "params": 3434533.0, "params_std": 0.0, "time_iter": 0.07369, "time_iter_std": 0.00292, "accuracy": 0.98108, "accuracy_std": 0.00064, "f1": 0.98059, "f1_std": 0.00082, "auc": 0.99993, "auc_std": 0.0}
{"epoch": 48, "time_epoch": 183.72541, "time_epoch_std": 16.38179, "eta": 27501.76737, "eta_std": 1806.61275, "eta_hours": 7.63938, "eta_hours_std": 0.50184, "loss": 0.05799, "loss_std": 0.00186, "lr": 0.00027, "lr_std": 0.0, "params": 3434533.0, "params_std": 0.0, "time_iter": 0.07517, "time_iter_std": 0.0067, "accuracy": 0.98192, "accuracy_std": 0.00055, "f1": 0.98163, "f1_std": 0.00053, "auc": 0.99993, "auc_std": 1e-05}
{"epoch": 49, "time_epoch": 182.43103, "time_epoch_std": 15.10139, "eta": 27320.53681, "eta_std": 1803.93233, "eta_hours": 7.58904, "eta_hours_std": 0.50109, "loss": 0.05612, "loss_std": 0.00339, "lr": 0.00027, "lr_std": 0.0, "params": 3434533.0, "params_std": 0.0, "time_iter": 0.07464, "time_iter_std": 0.00618, "accuracy": 0.98248, "accuracy_std": 0.00098, "f1": 0.98211, "f1_std": 0.00103, "auc": 0.99994, "auc_std": 1e-05}
{"epoch": 50, "time_epoch": 178.75814, "time_epoch_std": 5.5799, "eta": 27128.52859, "eta_std": 1771.62966, "eta_hours": 7.5357, "eta_hours_std": 0.49212, "loss": 0.05381, "loss_std": 0.00234, "lr": 0.00027, "lr_std": 0.0, "params": 3434533.0, "params_std": 0.0, "time_iter": 0.07314, "time_iter_std": 0.00228, "accuracy": 0.98316, "accuracy_std": 0.00082, "f1": 0.98271, "f1_std": 0.00079, "auc": 0.99994, "auc_std": 1e-05}
{"epoch": 51, "time_epoch": 179.61325, "time_epoch_std": 7.40137, "eta": 26939.46376, "eta_std": 1745.6224, "eta_hours": 7.48318, "eta_hours_std": 0.48489, "loss": 0.05093, "loss_std": 0.00211, "lr": 0.00027, "lr_std": 0.0, "params": 3434533.0, "params_std": 0.0, "time_iter": 0.07349, "time_iter_std": 0.00303, "accuracy": 0.98411, "accuracy_std": 0.00066, "f1": 0.98364, "f1_std": 0.00075, "auc": 0.99995, "auc_std": 1e-05}
{"epoch": 52, "time_epoch": 178.6181, "time_epoch_std": 5.1035, "eta": 26747.99546, "eta_std": 1713.53017, "eta_hours": 7.43, "eta_hours_std": 0.47598, "loss": 0.04942, "loss_std": 0.00177, "lr": 0.00027, "lr_std": 0.0, "params": 3434533.0, "params_std": 0.0, "time_iter": 0.07308, "time_iter_std": 0.00209, "accuracy": 0.98451, "accuracy_std": 0.00059, "f1": 0.98418, "f1_std": 0.00064, "auc": 0.99995, "auc_std": 0.0}
{"epoch": 53, "time_epoch": 181.1644, "time_epoch_std": 11.54068, "eta": 26563.88752, "eta_std": 1701.49379, "eta_hours": 7.37886, "eta_hours_std": 0.47264, "loss": 0.04781, "loss_std": 0.00192, "lr": 0.00026, "lr_std": 0.0, "params": 3434533.0, "params_std": 0.0, "time_iter": 0.07413, "time_iter_std": 0.00472, "accuracy": 0.98495, "accuracy_std": 0.00078, "f1": 0.98475, "f1_std": 0.00072, "auc": 0.99996, "auc_std": 0.0}
{"epoch": 54, "time_epoch": 179.38949, "time_epoch_std": 7.40922, "eta": 26375.20733, "eta_std": 1678.2827, "eta_hours": 7.32645, "eta_hours_std": 0.46619, "loss": 0.0464, "loss_std": 0.00174, "lr": 0.00026, "lr_std": 0.0, "params": 3434533.0, "params_std": 0.0, "time_iter": 0.0734, "time_iter_std": 0.00303, "accuracy": 0.98537, "accuracy_std": 0.00062, "f1": 0.98522, "f1_std": 0.0006, "auc": 0.99996, "auc_std": 0.0}
{"epoch": 55, "time_epoch": 178.36984, "time_epoch_std": 4.50245, "eta": 26184.237, "eta_std": 1647.46699, "eta_hours": 7.2734, "eta_hours_std": 0.45763, "loss": 0.04457, "loss_std": 0.00142, "lr": 0.00026, "lr_std": 0.0, "params": 3434533.0, "params_std": 0.0, "time_iter": 0.07298, "time_iter_std": 0.00184, "accuracy": 0.98598, "accuracy_std": 0.0006, "f1": 0.98578, "f1_std": 0.00072, "auc": 0.99996, "auc_std": 0.0}
{"epoch": 56, "time_epoch": 181.66023, "time_epoch_std": 12.99054, "eta": 26001.96362, "eta_std": 1639.86435, "eta_hours": 7.22277, "eta_hours_std": 0.45552, "loss": 0.04259, "loss_std": 0.00153, "lr": 0.00026, "lr_std": 0.0, "params": 3434533.0, "params_std": 0.0, "time_iter": 0.07433, "time_iter_std": 0.00532, "accuracy": 0.98658, "accuracy_std": 0.00051, "f1": 0.98635, "f1_std": 0.00055, "auc": 0.99997, "auc_std": 0.0}
{"epoch": 57, "time_epoch": 182.15223, "time_epoch_std": 14.97886, "eta": 25820.91592, "eta_std": 1636.83701, "eta_hours": 7.17248, "eta_hours_std": 0.45468, "loss": 0.04233, "loss_std": 0.00208, "lr": 0.00026, "lr_std": 0.0, "params": 3434533.0, "params_std": 0.0, "time_iter": 0.07453, "time_iter_std": 0.00613, "accuracy": 0.9867, "accuracy_std": 0.00066, "f1": 0.98641, "f1_std": 0.0006, "auc": 0.99996, "auc_std": 1e-05}
{"epoch": 58, "time_epoch": 181.62391, "time_epoch_std": 12.9541, "eta": 25638.5682, "eta_std": 1628.6562, "eta_hours": 7.12182, "eta_hours_std": 0.4524, "loss": 0.04079, "loss_std": 0.00146, "lr": 0.00026, "lr_std": 0.0, "params": 3434533.0, "params_std": 0.0, "time_iter": 0.07431, "time_iter_std": 0.0053, "accuracy": 0.98707, "accuracy_std": 0.00051, "f1": 0.98691, "f1_std": 0.00063, "auc": 0.99997, "auc_std": 0.0}
{"epoch": 59, "time_epoch": 178.20779, "time_epoch_std": 4.46168, "eta": 25448.27365, "eta_std": 1598.87162, "eta_hours": 7.06897, "eta_hours_std": 0.44413, "loss": 0.03876, "loss_std": 0.00193, "lr": 0.00025, "lr_std": 0.0, "params": 3434533.0, "params_std": 0.0, "time_iter": 0.07292, "time_iter_std": 0.00183, "accuracy": 0.98785, "accuracy_std": 0.00062, "f1": 0.98773, "f1_std": 0.00053, "auc": 0.99997, "auc_std": 0.0}
{"epoch": 60, "time_epoch": 181.07109, "time_epoch_std": 11.88813, "eta": 25264.89997, "eta_std": 1588.47186, "eta_hours": 7.01803, "eta_hours_std": 0.44124, "loss": 0.03738, "loss_std": 0.00146, "lr": 0.00025, "lr_std": 0.0, "params": 3434533.0, "params_std": 0.0, "time_iter": 0.07409, "time_iter_std": 0.00486, "accuracy": 0.9884, "accuracy_std": 0.00044, "f1": 0.98815, "f1_std": 0.0004, "auc": 0.99997, "auc_std": 0.0}
{"epoch": 61, "time_epoch": 183.06636, "time_epoch_std": 16.87913, "eta": 25086.04165, "eta_std": 1588.95109, "eta_hours": 6.96835, "eta_hours_std": 0.44137, "loss": 0.03709, "loss_std": 0.00171, "lr": 0.00025, "lr_std": 0.0, "params": 3434533.0, "params_std": 0.0, "time_iter": 0.0749, "time_iter_std": 0.00691, "accuracy": 0.98846, "accuracy_std": 0.00058, "f1": 0.98836, "f1_std": 0.00056, "auc": 0.99997, "auc_std": 0.0}
{"epoch": 62, "time_epoch": 181.70972, "time_epoch_std": 13.14867, "eta": 24904.09959, "eta_std": 1580.80616, "eta_hours": 6.91781, "eta_hours_std": 0.43911, "loss": 0.03566, "loss_std": 0.00148, "lr": 0.00025, "lr_std": 0.0, "params": 3434533.0, "params_std": 0.0, "time_iter": 0.07435, "time_iter_std": 0.00538, "accuracy": 0.98883, "accuracy_std": 0.00054, "f1": 0.98871, "f1_std": 0.00052, "auc": 0.99997, "auc_std": 0.0}
{"epoch": 63, "time_epoch": 180.13786, "time_epoch_std": 7.74906, "eta": 24718.82457, "eta_std": 1560.85444, "eta_hours": 6.86634, "eta_hours_std": 0.43357, "loss": 0.0354, "loss_std": 0.00269, "lr": 0.00025, "lr_std": 0.0, "params": 3434533.0, "params_std": 0.0, "time_iter": 0.0737, "time_iter_std": 0.00317, "accuracy": 0.9889, "accuracy_std": 0.00081, "f1": 0.98869, "f1_std": 0.00088, "auc": 0.99997, "auc_std": 1e-05}
{"epoch": 64, "time_epoch": 179.8578, "time_epoch_std": 6.5078, "eta": 24533.12596, "eta_std": 1538.59427, "eta_hours": 6.81476, "eta_hours_std": 0.42739, "loss": 0.03403, "loss_std": 0.00165, "lr": 0.00024, "lr_std": 0.0, "params": 3434533.0, "params_std": 0.0, "time_iter": 0.07359, "time_iter_std": 0.00266, "accuracy": 0.98937, "accuracy_std": 0.00058, "f1": 0.98921, "f1_std": 0.00059, "auc": 0.99998, "auc_std": 0.0}
{"epoch": 65, "time_epoch": 182.36993, "time_epoch_std": 13.25318, "eta": 24352.70472, "eta_std": 1530.6678, "eta_hours": 6.76464, "eta_hours_std": 0.42519, "loss": 0.03338, "loss_std": 0.00229, "lr": 0.00024, "lr_std": 0.0, "params": 3434533.0, "params_std": 0.0, "time_iter": 0.07462, "time_iter_std": 0.00542, "accuracy": 0.98956, "accuracy_std": 0.00076, "f1": 0.98941, "f1_std": 0.00082, "auc": 0.99998, "auc_std": 1e-05}
{"epoch": 66, "time_epoch": 183.52421, "time_epoch_std": 16.99239, "eta": 24174.51666, "eta_std": 1530.17571, "eta_hours": 6.71514, "eta_hours_std": 0.42505, "loss": 0.03243, "loss_std": 0.00157, "lr": 0.00024, "lr_std": 0.0, "params": 3434533.0, "params_std": 0.0, "time_iter": 0.07509, "time_iter_std": 0.00695, "accuracy": 0.98992, "accuracy_std": 0.00065, "f1": 0.98982, "f1_std": 0.00077, "auc": 0.99998, "auc_std": 0.0}
{"epoch": 67, "time_epoch": 179.63761, "time_epoch_std": 7.0511, "eta": 23988.62707, "eta_std": 1505.4481, "eta_hours": 6.66351, "eta_hours_std": 0.41818, "loss": 0.03123, "loss_std": 0.00143, "lr": 0.00024, "lr_std": 0.0, "params": 3434533.0, "params_std": 0.0, "time_iter": 0.0735, "time_iter_std": 0.00289, "accuracy": 0.99021, "accuracy_std": 0.0006, "f1": 0.9902, "f1_std": 0.00055, "auc": 0.99998, "auc_std": 0.0}
{"epoch": 68, "time_epoch": 181.06243, "time_epoch_std": 8.16641, "eta": 23805.62378, "eta_std": 1486.60945, "eta_hours": 6.61267, "eta_hours_std": 0.41295, "loss": 0.03017, "loss_std": 0.00113, "lr": 0.00024, "lr_std": 0.0, "params": 3434533.0, "params_std": 0.0, "time_iter": 0.07408, "time_iter_std": 0.00334, "accuracy": 0.99058, "accuracy_std": 0.00041, "f1": 0.99048, "f1_std": 0.00042, "auc": 0.99998, "auc_std": 0.0}
{"epoch": 69, "time_epoch": 180.70573, "time_epoch_std": 8.6515, "eta": 23622.01351, "eta_std": 1468.46676, "eta_hours": 6.56167, "eta_hours_std": 0.40791, "loss": 0.02883, "loss_std": 0.00104, "lr": 0.00023, "lr_std": 0.0, "params": 3434533.0, "params_std": 0.0, "time_iter": 0.07394, "time_iter_std": 0.00354, "accuracy": 0.99099, "accuracy_std": 0.00037, "f1": 0.99087, "f1_std": 0.0005, "auc": 0.99998, "auc_std": 0.0}
{"epoch": 70, "time_epoch": 181.96242, "time_epoch_std": 12.18187, "eta": 23440.76834, "eta_std": 1458.26937, "eta_hours": 6.51132, "eta_hours_std": 0.40508, "loss": 0.02851, "loss_std": 0.00131, "lr": 0.00023, "lr_std": 0.0, "params": 3434533.0, "params_std": 0.0, "time_iter": 0.07445, "time_iter_std": 0.00498, "accuracy": 0.99117, "accuracy_std": 0.00046, "f1": 0.9911, "f1_std": 0.00048, "auc": 0.99998, "auc_std": 1e-05}
{"epoch": 71, "time_epoch": 180.16274, "time_epoch_std": 7.10199, "eta": 23256.30382, "eta_std": 1437.06703, "eta_hours": 6.46009, "eta_hours_std": 0.39919, "loss": 0.02765, "loss_std": 0.00158, "lr": 0.00023, "lr_std": 0.0, "params": 3434533.0, "params_std": 0.0, "time_iter": 0.07372, "time_iter_std": 0.00291, "accuracy": 0.9913, "accuracy_std": 0.00061, "f1": 0.99121, "f1_std": 0.00054, "auc": 0.99998, "auc_std": 0.0}
{"epoch": 72, "time_epoch": 180.08643, "time_epoch_std": 7.88878, "eta": 23071.8244, "eta_std": 1416.49151, "eta_hours": 6.40884, "eta_hours_std": 0.39347, "loss": 0.02672, "loss_std": 0.00116, "lr": 0.00023, "lr_std": 0.0, "params": 3434533.0, "params_std": 0.0, "time_iter": 0.07368, "time_iter_std": 0.00323, "accuracy": 0.99153, "accuracy_std": 0.00027, "f1": 0.99146, "f1_std": 0.00034, "auc": 0.99998, "auc_std": 1e-05}
{"epoch": 73, "time_epoch": 180.67163, "time_epoch_std": 9.02993, "eta": 22888.46013, "eta_std": 1400.6896, "eta_hours": 6.35791, "eta_hours_std": 0.38908, "loss": 0.02556, "loss_std": 0.0008, "lr": 0.00023, "lr_std": 0.0, "params": 3434533.0, "params_std": 0.0, "time_iter": 0.07393, "time_iter_std": 0.0037, "accuracy": 0.99204, "accuracy_std": 0.00022, "f1": 0.99199, "f1_std": 0.00027, "auc": 0.99999, "auc_std": 0.0}
{"epoch": 74, "time_epoch": 183.60056, "time_epoch_std": 15.31286, "eta": 22710.04921, "eta_std": 1396.17263, "eta_hours": 6.30835, "eta_hours_std": 0.38782, "loss": 0.02512, "loss_std": 0.00093, "lr": 0.00022, "lr_std": 0.0, "params": 3434533.0, "params_std": 0.0, "time_iter": 0.07512, "time_iter_std": 0.00627, "accuracy": 0.99217, "accuracy_std": 0.00029, "f1": 0.99215, "f1_std": 0.00038, "auc": 0.99999, "auc_std": 0.0}
{"epoch": 75, "time_epoch": 183.07716, "time_epoch_std": 12.34682, "eta": 22530.64775, "eta_std": 1385.72023, "eta_hours": 6.25851, "eta_hours_std": 0.38492, "loss": 0.02454, "loss_std": 0.00125, "lr": 0.00022, "lr_std": 0.0, "params": 3434533.0, "params_std": 0.0, "time_iter": 0.07491, "time_iter_std": 0.00505, "accuracy": 0.99235, "accuracy_std": 0.00046, "f1": 0.9923, "f1_std": 0.00044, "auc": 0.99999, "auc_std": 0.0}
{"epoch": 76, "time_epoch": 182.43882, "time_epoch_std": 13.2174, "eta": 22350.13113, "eta_std": 1377.64779, "eta_hours": 6.20837, "eta_hours_std": 0.38268, "loss": 0.02413, "loss_std": 0.00125, "lr": 0.00022, "lr_std": 0.0, "params": 3434533.0, "params_std": 0.0, "time_iter": 0.07465, "time_iter_std": 0.00541, "accuracy": 0.99248, "accuracy_std": 0.00049, "f1": 0.99238, "f1_std": 0.00054, "auc": 0.99999, "auc_std": 0.0}
{"epoch": 77, "time_epoch": 180.1496, "time_epoch_std": 8.11913, "eta": 22165.98465, "eta_std": 1361.10879, "eta_hours": 6.15722, "eta_hours_std": 0.37809, "loss": 0.02271, "loss_std": 0.00109, "lr": 0.00022, "lr_std": 0.0, "params": 3434533.0, "params_std": 0.0, "time_iter": 0.07371, "time_iter_std": 0.00332, "accuracy": 0.99292, "accuracy_std": 0.00039, "f1": 0.99279, "f1_std": 0.0004, "auc": 0.99999, "auc_std": 0.0}
{"epoch": 78, "time_epoch": 180.82942, "time_epoch_std": 8.61641, "eta": 21982.9806, "eta_std": 1345.19648, "eta_hours": 6.10638, "eta_hours_std": 0.37367, "loss": 0.02256, "loss_std": 0.00087, "lr": 0.00021, "lr_std": 0.0, "params": 3434533.0, "params_std": 0.0, "time_iter": 0.07399, "time_iter_std": 0.00353, "accuracy": 0.99302, "accuracy_std": 0.00021, "f1": 0.99289, "f1_std": 0.0003, "auc": 0.99999, "auc_std": 0.0}
{"epoch": 79, "time_epoch": 183.50511, "time_epoch_std": 16.51482, "eta": 21804.04444, "eta_std": 1342.06368, "eta_hours": 6.05668, "eta_hours_std": 0.37279, "loss": 0.02205, "loss_std": 0.00142, "lr": 0.00021, "lr_std": 0.0, "params": 3434533.0, "params_std": 0.0, "time_iter": 0.07508, "time_iter_std": 0.00676, "accuracy": 0.99313, "accuracy_std": 0.0005, "f1": 0.99309, "f1_std": 0.00044, "auc": 0.99999, "auc_std": 0.0}
{"epoch": 80, "time_epoch": 183.33991, "time_epoch_std": 14.21926, "eta": 21624.75278, "eta_std": 1334.35611, "eta_hours": 6.00688, "eta_hours_std": 0.37065, "loss": 0.02162, "loss_std": 0.00148, "lr": 0.00021, "lr_std": 0.0, "params": 3434533.0, "params_std": 0.0, "time_iter": 0.07502, "time_iter_std": 0.00582, "accuracy": 0.99322, "accuracy_std": 0.00054, "f1": 0.99317, "f1_std": 0.00049, "auc": 0.99999, "auc_std": 0.0}
{"epoch": 81, "time_epoch": 181.75169, "time_epoch_std": 10.79036, "eta": 21443.07689, "eta_std": 1322.06109, "eta_hours": 5.95641, "eta_hours_std": 0.36724, "loss": 0.0204, "loss_std": 0.0011, "lr": 0.00021, "lr_std": 0.0, "params": 3434533.0, "params_std": 0.0, "time_iter": 0.07436, "time_iter_std": 0.00442, "accuracy": 0.99365, "accuracy_std": 0.00042, "f1": 0.99358, "f1_std": 0.00046, "auc": 0.99999, "auc_std": 0.0}
{"epoch": 82, "time_epoch": 181.26862, "time_epoch_std": 9.03107, "eta": 21260.71822, "eta_std": 1305.60355, "eta_hours": 5.90576, "eta_hours_std": 0.36267, "loss": 0.02072, "loss_std": 0.00205, "lr": 0.00021, "lr_std": 0.0, "params": 3434533.0, "params_std": 0.0, "time_iter": 0.07417, "time_iter_std": 0.0037, "accuracy": 0.99358, "accuracy_std": 0.00066, "f1": 0.99358, "f1_std": 0.00067, "auc": 0.99999, "auc_std": 0.0}
{"epoch": 83, "time_epoch": 180.21331, "time_epoch_std": 7.2004, "eta": 21076.92817, "eta_std": 1288.27706, "eta_hours": 5.8547, "eta_hours_std": 0.35785, "loss": 0.01999, "loss_std": 0.0013, "lr": 0.0002, "lr_std": 0.0, "params": 3434533.0, "params_std": 0.0, "time_iter": 0.07374, "time_iter_std": 0.00295, "accuracy": 0.9938, "accuracy_std": 0.00038, "f1": 0.99375, "f1_std": 0.00039, "auc": 0.99999, "auc_std": 0.0}
{"epoch": 84, "time_epoch": 183.30318, "time_epoch_std": 16.03689, "eta": 20897.4027, "eta_std": 1283.79167, "eta_hours": 5.80483, "eta_hours_std": 0.35661, "loss": 0.01886, "loss_std": 0.0011, "lr": 0.0002, "lr_std": 0.0, "params": 3434533.0, "params_std": 0.0, "time_iter": 0.075, "time_iter_std": 0.00656, "accuracy": 0.99406, "accuracy_std": 0.00042, "f1": 0.99394, "f1_std": 0.0005, "auc": 0.99999, "auc_std": 0.0}
{"epoch": 85, "time_epoch": 182.42796, "time_epoch_std": 13.85122, "eta": 20716.6292, "eta_std": 1276.14683, "eta_hours": 5.75462, "eta_hours_std": 0.35449, "loss": 0.01896, "loss_std": 0.00093, "lr": 0.0002, "lr_std": 0.0, "params": 3434533.0, "params_std": 0.0, "time_iter": 0.07464, "time_iter_std": 0.00567, "accuracy": 0.99403, "accuracy_std": 0.00032, "f1": 0.99394, "f1_std": 0.00037, "auc": 0.99999, "auc_std": 0.0}
{"epoch": 86, "time_epoch": 179.70219, "time_epoch_std": 6.97068, "eta": 20532.27729, "eta_std": 1257.89802, "eta_hours": 5.70341, "eta_hours_std": 0.34942, "loss": 0.01781, "loss_std": 0.00077, "lr": 0.0002, "lr_std": 0.0, "params": 3434533.0, "params_std": 0.0, "time_iter": 0.07353, "time_iter_std": 0.00285, "accuracy": 0.99443, "accuracy_std": 0.00029, "f1": 0.99438, "f1_std": 0.0003, "auc": 0.99999, "auc_std": 0.0}
{"epoch": 87, "time_epoch": 180.40535, "time_epoch_std": 8.4281, "eta": 20348.92598, "eta_std": 1239.91868, "eta_hours": 5.65248, "eta_hours_std": 0.34442, "loss": 0.01716, "loss_std": 0.00106, "lr": 0.00019, "lr_std": 0.0, "params": 3434533.0, "params_std": 0.0, "time_iter": 0.07381, "time_iter_std": 0.00345, "accuracy": 0.9947, "accuracy_std": 0.00035, "f1": 0.99463, "f1_std": 0.00035, "auc": 0.99999, "auc_std": 0.0}
{"epoch": 88, "time_epoch": 183.69893, "time_epoch_std": 16.0506, "eta": 20169.74861, "eta_std": 1235.02155, "eta_hours": 5.60271, "eta_hours_std": 0.34306, "loss": 0.01726, "loss_std": 0.00112, "lr": 0.00019, "lr_std": 0.0, "params": 3434533.0, "params_std": 0.0, "time_iter": 0.07516, "time_iter_std": 0.00657, "accuracy": 0.99465, "accuracy_std": 0.00033, "f1": 0.99468, "f1_std": 0.00035, "auc": 0.99999, "auc_std": 0.0}
{"epoch": 89, "time_epoch": 184.79973, "time_epoch_std": 17.64001, "eta": 19991.81618, "eta_std": 1231.77116, "eta_hours": 5.55328, "eta_hours_std": 0.34216, "loss": 0.01655, "loss_std": 0.0009, "lr": 0.00019, "lr_std": 0.0, "params": 3434533.0, "params_std": 0.0, "time_iter": 0.07561, "time_iter_std": 0.00722, "accuracy": 0.99494, "accuracy_std": 0.00035, "f1": 0.9949, "f1_std": 0.00035, "auc": 0.99999, "auc_std": 0.0}
{"epoch": 90, "time_epoch": 181.31571, "time_epoch_std": 9.94334, "eta": 19809.55964, "eta_std": 1215.23746, "eta_hours": 5.50266, "eta_hours_std": 0.33756, "loss": 0.01647, "loss_std": 0.00083, "lr": 0.00019, "lr_std": 0.0, "params": 3434533.0, "params_std": 0.0, "time_iter": 0.07419, "time_iter_std": 0.00407, "accuracy": 0.9949, "accuracy_std": 0.00032, "f1": 0.99497, "f1_std": 0.00035, "auc": 0.99999, "auc_std": 0.0}
{"epoch": 91, "time_epoch": 180.44606, "time_epoch_std": 7.56843, "eta": 19626.30267, "eta_std": 1199.17052, "eta_hours": 5.45175, "eta_hours_std": 0.3331, "loss": 0.0156, "loss_std": 0.00122, "lr": 0.00018, "lr_std": 0.0, "params": 3434533.0, "params_std": 0.0, "time_iter": 0.07383, "time_iter_std": 0.0031, "accuracy": 0.99517, "accuracy_std": 0.00033, "f1": 0.99511, "f1_std": 0.00035, "auc": 0.99999, "auc_std": 0.0}
{"epoch": 92, "time_epoch": 182.62433, "time_epoch_std": 13.82109, "eta": 19445.61232, "eta_std": 1191.11116, "eta_hours": 5.40156, "eta_hours_std": 0.33086, "loss": 0.01525, "loss_std": 0.00086, "lr": 0.00018, "lr_std": 0.0, "params": 3434533.0, "params_std": 0.0, "time_iter": 0.07472, "time_iter_std": 0.00566, "accuracy": 0.99533, "accuracy_std": 0.00021, "f1": 0.9952, "f1_std": 0.00029, "auc": 1.0, "auc_std": 0.0}
{"epoch": 93, "time_epoch": 183.22042, "time_epoch_std": 14.10927, "eta": 19265.55302, "eta_std": 1182.99361, "eta_hours": 5.35154, "eta_hours_std": 0.32861, "loss": 0.01467, "loss_std": 0.00106, "lr": 0.00018, "lr_std": 0.0, "params": 3434533.0, "params_std": 0.0, "time_iter": 0.07497, "time_iter_std": 0.00577, "accuracy": 0.99553, "accuracy_std": 0.00039, "f1": 0.99545, "f1_std": 0.00043, "auc": 0.99999, "auc_std": 0.0}
{"epoch": 94, "time_epoch": 182.77846, "time_epoch_std": 10.69717, "eta": 19084.93868, "eta_std": 1170.7277, "eta_hours": 5.30137, "eta_hours_std": 0.3252, "loss": 0.01485, "loss_std": 0.00084, "lr": 0.00018, "lr_std": 0.0, "params": 3434533.0, "params_std": 0.0, "time_iter": 0.07479, "time_iter_std": 0.00438, "accuracy": 0.99546, "accuracy_std": 0.00022, "f1": 0.99545, "f1_std": 0.00025, "auc": 1.0, "auc_std": 0.0}
{"epoch": 95, "time_epoch": 180.13876, "time_epoch_std": 5.87634, "eta": 18901.41958, "eta_std": 1152.34003, "eta_hours": 5.25039, "eta_hours_std": 0.32009, "loss": 0.01413, "loss_std": 0.00073, "lr": 0.00017, "lr_std": 0.0, "params": 3434533.0, "params_std": 0.0, "time_iter": 0.07371, "time_iter_std": 0.00241, "accuracy": 0.9957, "accuracy_std": 0.00027, "f1": 0.99572, "f1_std": 0.00028, "auc": 1.0, "auc_std": 0.0}
{"epoch": 96, "time_epoch": 182.30691, "time_epoch_std": 11.20214, "eta": 18720.27245, "eta_std": 1141.22028, "eta_hours": 5.20008, "eta_hours_std": 0.31701, "loss": 0.0138, "loss_std": 0.00144, "lr": 0.00017, "lr_std": 0.0, "params": 3434533.0, "params_std": 0.0, "time_iter": 0.07459, "time_iter_std": 0.00458, "accuracy": 0.99565, "accuracy_std": 0.00053, "f1": 0.99564, "f1_std": 0.00053, "auc": 1.0, "auc_std": 0.0}
{"epoch": 97, "time_epoch": 185.07384, "time_epoch_std": 17.44656, "eta": 18541.98152, "eta_std": 1136.68577, "eta_hours": 5.15055, "eta_hours_std": 0.31575, "loss": 0.01336, "loss_std": 0.00057, "lr": 0.00017, "lr_std": 0.0, "params": 3434533.0, "params_std": 0.0, "time_iter": 0.07573, "time_iter_std": 0.00714, "accuracy": 0.99588, "accuracy_std": 0.00022, "f1": 0.99591, "f1_std": 0.00028, "auc": 1.0, "auc_std": 0.0}
{"epoch": 98, "time_epoch": 183.20246, "time_epoch_std": 13.07559, "eta": 18361.64436, "eta_std": 1127.45035, "eta_hours": 5.10046, "eta_hours_std": 0.31318, "loss": 0.01312, "loss_std": 0.00082, "lr": 0.00017, "lr_std": 0.0, "params": 3434533.0, "params_std": 0.0, "time_iter": 0.07496, "time_iter_std": 0.00535, "accuracy": 0.99598, "accuracy_std": 0.00032, "f1": 0.99598, "f1_std": 0.00034, "auc": 1.0, "auc_std": 0.0}
{"epoch": 99, "time_epoch": 182.09583, "time_epoch_std": 8.88244, "eta": 18180.14328, "eta_std": 1112.22741, "eta_hours": 5.05004, "eta_hours_std": 0.30895, "loss": 0.01253, "loss_std": 0.00087, "lr": 0.00016, "lr_std": 0.0, "params": 3434533.0, "params_std": 0.0, "time_iter": 0.07451, "time_iter_std": 0.00363, "accuracy": 0.99606, "accuracy_std": 0.00035, "f1": 0.9961, "f1_std": 0.00029, "auc": 1.0, "auc_std": 0.0}
{"epoch": 100, "time_epoch": 180.67601, "time_epoch_std": 7.49557, "eta": 17997.23871, "eta_std": 1096.53388, "eta_hours": 4.99923, "eta_hours_std": 0.30459, "loss": 0.01222, "loss_std": 0.00085, "lr": 0.00016, "lr_std": 0.0, "params": 3434533.0, "params_std": 0.0, "time_iter": 0.07393, "time_iter_std": 0.00307, "accuracy": 0.99623, "accuracy_std": 0.00022, "f1": 0.9962, "f1_std": 0.00026, "auc": 1.0, "auc_std": 0.0}
{"epoch": 101, "time_epoch": 181.65025, "time_epoch_std": 9.95984, "eta": 17815.31387, "eta_std": 1084.25415, "eta_hours": 4.9487, "eta_hours_std": 0.30118, "loss": 0.01185, "loss_std": 0.00068, "lr": 0.00016, "lr_std": 0.0, "params": 3434533.0, "params_std": 0.0, "time_iter": 0.07433, "time_iter_std": 0.00408, "accuracy": 0.99631, "accuracy_std": 0.00029, "f1": 0.99627, "f1_std": 0.0003, "auc": 1.0, "auc_std": 0.0}
{"epoch": 102, "time_epoch": 182.84929, "time_epoch_std": 14.29239, "eta": 17634.52356, "eta_std": 1076.16475, "eta_hours": 4.89848, "eta_hours_std": 0.29893, "loss": 0.01159, "loss_std": 0.00111, "lr": 0.00016, "lr_std": 0.0, "params": 3434533.0, "params_std": 0.0, "time_iter": 0.07481, "time_iter_std": 0.00585, "accuracy": 0.99646, "accuracy_std": 0.00033, "f1": 0.99641, "f1_std": 0.00036, "auc": 1.0, "auc_std": 0.0}
{"epoch": 103, "time_epoch": 180.11956, "time_epoch_std": 7.11103, "eta": 17451.1739, "eta_std": 1060.20609, "eta_hours": 4.84755, "eta_hours_std": 0.2945, "loss": 0.01113, "loss_std": 0.00113, "lr": 0.00015, "lr_std": 0.0, "params": 3434533.0, "params_std": 0.0, "time_iter": 0.0737, "time_iter_std": 0.00291, "accuracy": 0.99656, "accuracy_std": 0.00043, "f1": 0.99658, "f1_std": 0.00043, "auc": 1.0, "auc_std": 0.0}
{"epoch": 104, "time_epoch": 180.21771, "time_epoch_std": 7.03133, "eta": 17267.97457, "eta_std": 1044.52572, "eta_hours": 4.79666, "eta_hours_std": 0.29015, "loss": 0.01095, "loss_std": 0.00078, "lr": 0.00015, "lr_std": 0.0, "params": 3434533.0, "params_std": 0.0, "time_iter": 0.07374, "time_iter_std": 0.00288, "accuracy": 0.99661, "accuracy_std": 0.00027, "f1": 0.99656, "f1_std": 0.00031, "auc": 1.0, "auc_std": 0.0}
{"epoch": 105, "time_epoch": 180.56335, "time_epoch_std": 7.87315, "eta": 17085.13801, "eta_std": 1030.28906, "eta_hours": 4.74587, "eta_hours_std": 0.28619, "loss": 0.01069, "loss_std": 0.0008, "lr": 0.00015, "lr_std": 0.0, "params": 3434533.0, "params_std": 0.0, "time_iter": 0.07388, "time_iter_std": 0.00322, "accuracy": 0.99675, "accuracy_std": 0.00022, "f1": 0.99673, "f1_std": 0.0003, "auc": 1.0, "auc_std": 0.0}
{"epoch": 106, "time_epoch": 180.83116, "time_epoch_std": 8.29438, "eta": 16902.5767, "eta_std": 1016.41011, "eta_hours": 4.69516, "eta_hours_std": 0.28234, "loss": 0.01021, "loss_std": 0.00077, "lr": 0.00015, "lr_std": 0.0, "params": 3434533.0, "params_std": 0.0, "time_iter": 0.07399, "time_iter_std": 0.00339, "accuracy": 0.99685, "accuracy_std": 0.0003, "f1": 0.99688, "f1_std": 0.00029, "auc": 1.0, "auc_std": 0.0}
{"epoch": 107, "time_epoch": 180.5147, "time_epoch_std": 7.36662, "eta": 16719.77785, "eta_std": 1001.76179, "eta_hours": 4.64438, "eta_hours_std": 0.27827, "loss": 0.01005, "loss_std": 0.00091, "lr": 0.00015, "lr_std": 0.0, "params": 3434533.0, "params_std": 0.0, "time_iter": 0.07386, "time_iter_std": 0.00302, "accuracy": 0.99694, "accuracy_std": 0.00023, "f1": 0.99699, "f1_std": 0.00021, "auc": 1.0, "auc_std": 0.0}
{"epoch": 108, "time_epoch": 184.00946, "time_epoch_std": 15.90961, "eta": 16539.93856, "eta_std": 995.01077, "eta_hours": 4.59443, "eta_hours_std": 0.27639, "loss": 0.00969, "loss_std": 0.00066, "lr": 0.00014, "lr_std": 0.0, "params": 3434533.0, "params_std": 0.0, "time_iter": 0.07529, "time_iter_std": 0.00651, "accuracy": 0.997, "accuracy_std": 0.00031, "f1": 0.99702, "f1_std": 0.00026, "auc": 1.0, "auc_std": 0.0}
{"epoch": 109, "time_epoch": 183.10911, "time_epoch_std": 14.7427, "eta": 16359.2868, "eta_std": 987.17434, "eta_hours": 4.54425, "eta_hours_std": 0.27421, "loss": 0.00948, "loss_std": 0.00079, "lr": 0.00014, "lr_std": 0.0, "params": 3434533.0, "params_std": 0.0, "time_iter": 0.07492, "time_iter_std": 0.00603, "accuracy": 0.99716, "accuracy_std": 0.00027, "f1": 0.99718, "f1_std": 0.00028, "auc": 1.0, "auc_std": 0.0}
{"epoch": 110, "time_epoch": 182.09214, "time_epoch_std": 11.57019, "eta": 16177.77536, "eta_std": 976.55144, "eta_hours": 4.49383, "eta_hours_std": 0.27127, "loss": 0.00903, "loss_std": 0.00065, "lr": 0.00014, "lr_std": 0.0, "params": 3434533.0, "params_std": 0.0, "time_iter": 0.07451, "time_iter_std": 0.00474, "accuracy": 0.9972, "accuracy_std": 0.0002, "f1": 0.99722, "f1_std": 0.00022, "auc": 1.0, "auc_std": 0.0}
{"epoch": 111, "time_epoch": 184.68343, "time_epoch_std": 19.22489, "eta": 15998.28956, "eta_std": 971.94868, "eta_hours": 4.44397, "eta_hours_std": 0.26998, "loss": 0.00901, "loss_std": 0.00065, "lr": 0.00014, "lr_std": 0.0, "params": 3434533.0, "params_std": 0.0, "time_iter": 0.07557, "time_iter_std": 0.00787, "accuracy": 0.99729, "accuracy_std": 0.00022, "f1": 0.99722, "f1_std": 0.00031, "auc": 1.0, "auc_std": 0.0}
{"epoch": 112, "time_epoch": 182.97365, "time_epoch_std": 13.97103, "eta": 15817.39539, "eta_std": 963.14139, "eta_hours": 4.39372, "eta_hours_std": 0.26754, "loss": 0.00854, "loss_std": 0.00104, "lr": 0.00013, "lr_std": 0.0, "params": 3434533.0, "params_std": 0.0, "time_iter": 0.07487, "time_iter_std": 0.00572, "accuracy": 0.99748, "accuracy_std": 0.00033, "f1": 0.99751, "f1_std": 0.0003, "auc": 1.0, "auc_std": 0.0}
{"epoch": 113, "time_epoch": 181.01162, "time_epoch_std": 8.23619, "eta": 15634.9846, "eta_std": 949.2994, "eta_hours": 4.34305, "eta_hours_std": 0.26369, "loss": 0.00836, "loss_std": 0.00087, "lr": 0.00013, "lr_std": 0.0, "params": 3434533.0, "params_std": 0.0, "time_iter": 0.07406, "time_iter_std": 0.00337, "accuracy": 0.9975, "accuracy_std": 0.00029, "f1": 0.9975, "f1_std": 0.00029, "auc": 1.0, "auc_std": 0.0}
{"epoch": 114, "time_epoch": 184.54308, "time_epoch_std": 17.16812, "eta": 15455.20836, "eta_std": 942.74924, "eta_hours": 4.29311, "eta_hours_std": 0.26187, "loss": 0.00818, "loss_std": 0.00066, "lr": 0.00013, "lr_std": 0.0, "params": 3434533.0, "params_std": 0.0, "time_iter": 0.07551, "time_iter_std": 0.00702, "accuracy": 0.99758, "accuracy_std": 0.0002, "f1": 0.9976, "f1_std": 0.00018, "auc": 1.0, "auc_std": 0.0}
{"epoch": 115, "time_epoch": 186.44584, "time_epoch_std": 23.61514, "eta": 15276.72779, "eta_std": 940.56575, "eta_hours": 4.24353, "eta_hours_std": 0.26127, "loss": 0.00768, "loss_std": 0.00081, "lr": 0.00013, "lr_std": 0.0, "params": 3434533.0, "params_std": 0.0, "time_iter": 0.07629, "time_iter_std": 0.00966, "accuracy": 0.9977, "accuracy_std": 0.00033, "f1": 0.99775, "f1_std": 0.00036, "auc": 1.0, "auc_std": 0.0}
{"epoch": 116, "time_epoch": 181.19294, "time_epoch_std": 9.5603, "eta": 15094.38465, "eta_std": 927.66288, "eta_hours": 4.19288, "eta_hours_std": 0.25769, "loss": 0.00755, "loss_std": 0.00058, "lr": 0.00012, "lr_std": 0.0, "params": 3434533.0, "params_std": 0.0, "time_iter": 0.07414, "time_iter_std": 0.00391, "accuracy": 0.99777, "accuracy_std": 0.00021, "f1": 0.99775, "f1_std": 0.00021, "auc": 1.0, "auc_std": 0.0}
{"epoch": 117, "time_epoch": 182.81456, "time_epoch_std": 11.27599, "eta": 14913.1879, "eta_std": 915.79192, "eta_hours": 4.14255, "eta_hours_std": 0.25439, "loss": 0.00731, "loss_std": 0.00063, "lr": 0.00012, "lr_std": 0.0, "params": 3434533.0, "params_std": 0.0, "time_iter": 0.0748, "time_iter_std": 0.00461, "accuracy": 0.99784, "accuracy_std": 0.00022, "f1": 0.99785, "f1_std": 0.0002, "auc": 1.0, "auc_std": 0.0}
{"epoch": 118, "time_epoch": 181.98603, "time_epoch_std": 11.54435, "eta": 14731.39999, "eta_std": 904.82146, "eta_hours": 4.09206, "eta_hours_std": 0.25134, "loss": 0.00705, "loss_std": 0.00053, "lr": 0.00012, "lr_std": 0.0, "params": 3434533.0, "params_std": 0.0, "time_iter": 0.07446, "time_iter_std": 0.00472, "accuracy": 0.99789, "accuracy_std": 0.00021, "f1": 0.99788, "f1_std": 0.00023, "auc": 1.0, "auc_std": 0.0}
{"epoch": 119, "time_epoch": 183.39437, "time_epoch_std": 14.5038, "eta": 14550.54768, "eta_std": 895.86556, "eta_hours": 4.04182, "eta_hours_std": 0.24885, "loss": 0.0071, "loss_std": 0.00077, "lr": 0.00012, "lr_std": 0.0, "params": 3434533.0, "params_std": 0.0, "time_iter": 0.07504, "time_iter_std": 0.00593, "accuracy": 0.99791, "accuracy_std": 0.00022, "f1": 0.99798, "f1_std": 0.00022, "auc": 1.0, "auc_std": 0.0}
{"epoch": 120, "time_epoch": 184.25522, "time_epoch_std": 17.24235, "eta": 14370.21539, "eta_std": 888.5745, "eta_hours": 3.99173, "eta_hours_std": 0.24683, "loss": 0.00674, "loss_std": 0.00071, "lr": 0.00011, "lr_std": 0.0, "params": 3434533.0, "params_std": 0.0, "time_iter": 0.07539, "time_iter_std": 0.00706, "accuracy": 0.99798, "accuracy_std": 0.00024, "f1": 0.99797, "f1_std": 0.00033, "auc": 1.0, "auc_std": 0.0}
{"epoch": 121, "time_epoch": 184.76602, "time_epoch_std": 18.5241, "eta": 14190.14537, "eta_std": 881.90684, "eta_hours": 3.94171, "eta_hours_std": 0.24497, "loss": 0.00667, "loss_std": 0.00059, "lr": 0.00011, "lr_std": 0.0, "params": 3434533.0, "params_std": 0.0, "time_iter": 0.0756, "time_iter_std": 0.00758, "accuracy": 0.99799, "accuracy_std": 0.00021, "f1": 0.99799, "f1_std": 0.00027, "auc": 1.0, "auc_std": 0.0}
{"epoch": 122, "time_epoch": 181.7059, "time_epoch_std": 10.67662, "eta": 14008.08331, "eta_std": 870.15761, "eta_hours": 3.89114, "eta_hours_std": 0.24171, "loss": 0.00618, "loss_std": 0.00054, "lr": 0.00011, "lr_std": 0.0, "params": 3434533.0, "params_std": 0.0, "time_iter": 0.07435, "time_iter_std": 0.00437, "accuracy": 0.9982, "accuracy_std": 0.00018, "f1": 0.99821, "f1_std": 0.00021, "auc": 1.0, "auc_std": 0.0}
{"epoch": 123, "time_epoch": 182.2451, "time_epoch_std": 9.91495, "eta": 13826.35747, "eta_std": 857.53823, "eta_hours": 3.84065, "eta_hours_std": 0.2382, "loss": 0.00596, "loss_std": 0.00058, "lr": 0.00011, "lr_std": 0.0, "params": 3434533.0, "params_std": 0.0, "time_iter": 0.07457, "time_iter_std": 0.00406, "accuracy": 0.99826, "accuracy_std": 0.00019, "f1": 0.99827, "f1_std": 0.00022, "auc": 1.0, "auc_std": 0.0}
{"epoch": 124, "time_epoch": 184.2301, "time_epoch_std": 16.3709, "eta": 13645.81432, "eta_std": 849.26542, "eta_hours": 3.7905, "eta_hours_std": 0.23591, "loss": 0.00582, "loss_std": 0.00042, "lr": 0.0001, "lr_std": 0.0, "params": 3434533.0, "params_std": 0.0, "time_iter": 0.07538, "time_iter_std": 0.0067, "accuracy": 0.99829, "accuracy_std": 0.00018, "f1": 0.99832, "f1_std": 0.00019, "auc": 1.0, "auc_std": 0.0}
{"epoch": 125, "time_epoch": 187.7297, "time_epoch_std": 21.45906, "eta": 13467.26796, "eta_std": 843.503, "eta_hours": 3.74091, "eta_hours_std": 0.23431, "loss": 0.00575, "loss_std": 0.00067, "lr": 0.0001, "lr_std": 0.0, "params": 3434533.0, "params_std": 0.0, "time_iter": 0.07681, "time_iter_std": 0.00878, "accuracy": 0.9983, "accuracy_std": 0.00022, "f1": 0.9983, "f1_std": 0.00021, "auc": 1.0, "auc_std": 0.0}
{"epoch": 126, "time_epoch": 187.85891, "time_epoch_std": 20.95415, "eta": 13288.65126, "eta_std": 837.17554, "eta_hours": 3.69129, "eta_hours_std": 0.23255, "loss": 0.00553, "loss_std": 0.00033, "lr": 0.0001, "lr_std": 0.0, "params": 3434533.0, "params_std": 0.0, "time_iter": 0.07687, "time_iter_std": 0.00858, "accuracy": 0.9984, "accuracy_std": 0.00016, "f1": 0.99846, "f1_std": 0.00014, "auc": 1.0, "auc_std": 0.0}
{"epoch": 127, "time_epoch": 184.03147, "time_epoch_std": 12.27185, "eta": 13107.73722, "eta_std": 825.37758, "eta_hours": 3.64104, "eta_hours_std": 0.22927, "loss": 0.00536, "loss_std": 0.00035, "lr": 0.0001, "lr_std": 0.0, "params": 3434533.0, "params_std": 0.0, "time_iter": 0.0753, "time_iter_std": 0.00502, "accuracy": 0.99843, "accuracy_std": 0.00012, "f1": 0.99845, "f1_std": 0.00012, "auc": 1.0, "auc_std": 0.0}
{"epoch": 128, "time_epoch": 181.67908, "time_epoch_std": 8.68308, "eta": 12925.48011, "eta_std": 811.51268, "eta_hours": 3.59041, "eta_hours_std": 0.22542, "loss": 0.00533, "loss_std": 0.0006, "lr": 9e-05, "lr_std": 0.0, "params": 3434533.0, "params_std": 0.0, "time_iter": 0.07434, "time_iter_std": 0.00355, "accuracy": 0.99843, "accuracy_std": 0.00019, "f1": 0.99846, "f1_std": 0.00021, "auc": 1.0, "auc_std": 0.0}
{"epoch": 129, "time_epoch": 179.13971, "time_epoch_std": 5.80151, "eta": 12741.86455, "eta_std": 796.6495, "eta_hours": 3.53941, "eta_hours_std": 0.22129, "loss": 0.00511, "loss_std": 0.00069, "lr": 9e-05, "lr_std": 0.0, "params": 3434533.0, "params_std": 0.0, "time_iter": 0.0733, "time_iter_std": 0.00237, "accuracy": 0.99849, "accuracy_std": 0.00027, "f1": 0.99848, "f1_std": 0.0003, "auc": 1.0, "auc_std": 0.0}
{"epoch": 130, "time_epoch": 182.12379, "time_epoch_std": 11.86539, "eta": 12559.88909, "eta_std": 785.47321, "eta_hours": 3.48886, "eta_hours_std": 0.21819, "loss": 0.00487, "loss_std": 0.00062, "lr": 9e-05, "lr_std": 0.0, "params": 3434533.0, "params_std": 0.0, "time_iter": 0.07452, "time_iter_std": 0.00485, "accuracy": 0.99859, "accuracy_std": 0.00024, "f1": 0.99856, "f1_std": 0.00023, "auc": 1.0, "auc_std": 0.0}
{"epoch": 131, "time_epoch": 184.47916, "time_epoch_std": 18.92484, "eta": 12379.12475, "eta_std": 777.84626, "eta_hours": 3.43865, "eta_hours_std": 0.21607, "loss": 0.00465, "loss_std": 0.00055, "lr": 9e-05, "lr_std": 0.0, "params": 3434533.0, "params_std": 0.0, "time_iter": 0.07548, "time_iter_std": 0.00774, "accuracy": 0.99864, "accuracy_std": 0.00018, "f1": 0.99862, "f1_std": 0.00021, "auc": 1.0, "auc_std": 0.0}
{"epoch": 132, "time_epoch": 181.78794, "time_epoch_std": 11.28586, "eta": 12196.94882, "eta_std": 766.21102, "eta_hours": 3.38804, "eta_hours_std": 0.21284, "loss": 0.00467, "loss_std": 0.0004, "lr": 9e-05, "lr_std": 0.0, "params": 3434533.0, "params_std": 0.0, "time_iter": 0.07438, "time_iter_std": 0.00462, "accuracy": 0.99868, "accuracy_std": 0.00013, "f1": 0.99868, "f1_std": 0.00015, "auc": 1.0, "auc_std": 0.0}
{"epoch": 133, "time_epoch": 182.46238, "time_epoch_std": 12.18217, "eta": 12015.11087, "eta_std": 755.06854, "eta_hours": 3.33753, "eta_hours_std": 0.20974, "loss": 0.00446, "loss_std": 0.00059, "lr": 8e-05, "lr_std": 0.0, "params": 3434533.0, "params_std": 0.0, "time_iter": 0.07466, "time_iter_std": 0.00498, "accuracy": 0.99865, "accuracy_std": 0.0002, "f1": 0.99867, "f1_std": 0.00019, "auc": 1.0, "auc_std": 0.0}
{"epoch": 134, "time_epoch": 182.96461, "time_epoch_std": 14.57434, "eta": 11833.50548, "eta_std": 745.02327, "eta_hours": 3.28708, "eta_hours_std": 0.20695, "loss": 0.00417, "loss_std": 0.00034, "lr": 8e-05, "lr_std": 0.0, "params": 3434533.0, "params_std": 0.0, "time_iter": 0.07486, "time_iter_std": 0.00596, "accuracy": 0.99883, "accuracy_std": 0.00013, "f1": 0.99884, "f1_std": 0.00018, "auc": 1.0, "auc_std": 0.0}
{"epoch": 135, "time_epoch": 183.86031, "time_epoch_std": 17.24173, "eta": 11652.30162, "eta_std": 736.14716, "eta_hours": 3.23675, "eta_hours_std": 0.20448, "loss": 0.00419, "loss_std": 0.00033, "lr": 8e-05, "lr_std": 0.0, "params": 3434533.0, "params_std": 0.0, "time_iter": 0.07523, "time_iter_std": 0.00705, "accuracy": 0.99876, "accuracy_std": 0.00012, "f1": 0.99875, "f1_std": 0.00013, "auc": 1.0, "auc_std": 0.0}
{"epoch": 136, "time_epoch": 185.0584, "time_epoch_std": 20.30082, "eta": 11471.60991, "eta_std": 728.57944, "eta_hours": 3.18656, "eta_hours_std": 0.20238, "loss": 0.00395, "loss_std": 0.00032, "lr": 8e-05, "lr_std": 0.0, "params": 3434533.0, "params_std": 0.0, "time_iter": 0.07572, "time_iter_std": 0.00831, "accuracy": 0.99885, "accuracy_std": 0.00012, "f1": 0.99884, "f1_std": 0.00018, "auc": 1.0, "auc_std": 0.0}
{"epoch": 137, "time_epoch": 180.51624, "time_epoch_std": 7.92332, "eta": 11288.81424, "eta_std": 715.06907, "eta_hours": 3.13578, "eta_hours_std": 0.19863, "loss": 0.00382, "loss_std": 0.00032, "lr": 7e-05, "lr_std": 0.0, "params": 3434533.0, "params_std": 0.0, "time_iter": 0.07386, "time_iter_std": 0.00324, "accuracy": 0.99893, "accuracy_std": 0.00011, "f1": 0.99892, "f1_std": 0.00014, "auc": 1.0, "auc_std": 0.0}
{"epoch": 138, "time_epoch": 180.84138, "time_epoch_std": 9.54995, "eta": 11106.19406, "eta_std": 702.02434, "eta_hours": 3.08506, "eta_hours_std": 0.19501, "loss": 0.0036, "loss_std": 0.00029, "lr": 7e-05, "lr_std": 0.0, "params": 3434533.0, "params_std": 0.0, "time_iter": 0.07399, "time_iter_std": 0.00391, "accuracy": 0.99898, "accuracy_std": 0.0001, "f1": 0.99903, "f1_std": 0.00012, "auc": 1.0, "auc_std": 0.0}
{"epoch": 139, "time_epoch": 182.12101, "time_epoch_std": 12.82668, "eta": 10924.1477, "eta_std": 691.03794, "eta_hours": 3.03449, "eta_hours_std": 0.19196, "loss": 0.00355, "loss_std": 0.00039, "lr": 7e-05, "lr_std": 0.0, "params": 3434533.0, "params_std": 0.0, "time_iter": 0.07452, "time_iter_std": 0.00525, "accuracy": 0.99897, "accuracy_std": 0.00016, "f1": 0.99899, "f1_std": 0.00015, "auc": 1.0, "auc_std": 0.0}
{"epoch": 140, "time_epoch": 179.26338, "time_epoch_std": 6.95671, "eta": 10740.90453, "eta_std": 676.54513, "eta_hours": 2.98359, "eta_hours_std": 0.18793, "loss": 0.0033, "loss_std": 0.00038, "lr": 7e-05, "lr_std": 0.0, "params": 3434533.0, "params_std": 0.0, "time_iter": 0.07335, "time_iter_std": 0.00285, "accuracy": 0.99909, "accuracy_std": 0.00013, "f1": 0.99909, "f1_std": 0.00015, "auc": 1.0, "auc_std": 0.0}
{"epoch": 141, "time_epoch": 178.51792, "time_epoch_std": 5.42335, "eta": 10557.41294, "eta_std": 661.83166, "eta_hours": 2.93262, "eta_hours_std": 0.18384, "loss": 0.00334, "loss_std": 0.00041, "lr": 7e-05, "lr_std": 0.0, "params": 3434533.0, "params_std": 0.0, "time_iter": 0.07304, "time_iter_std": 0.00222, "accuracy": 0.99904, "accuracy_std": 0.00015, "f1": 0.99907, "f1_std": 0.00016, "auc": 1.0, "auc_std": 0.0}
{"epoch": 142, "time_epoch": 178.67153, "time_epoch_std": 5.21161, "eta": 10374.05214, "eta_std": 647.20377, "eta_hours": 2.88168, "eta_hours_std": 0.17978, "loss": 0.0031, "loss_std": 0.00047, "lr": 6e-05, "lr_std": 0.0, "params": 3434533.0, "params_std": 0.0, "time_iter": 0.07311, "time_iter_std": 0.00213, "accuracy": 0.99915, "accuracy_std": 0.0002, "f1": 0.99918, "f1_std": 0.00019, "auc": 1.0, "auc_std": 0.0}
{"epoch": 143, "time_epoch": 178.04808, "time_epoch_std": 4.48024, "eta": 10190.51401, "eta_std": 632.34372, "eta_hours": 2.8307, "eta_hours_std": 0.17565, "loss": 0.00315, "loss_std": 0.00037, "lr": 6e-05, "lr_std": 0.0, "params": 3434533.0, "params_std": 0.0, "time_iter": 0.07285, "time_iter_std": 0.00183, "accuracy": 0.99911, "accuracy_std": 0.00013, "f1": 0.99911, "f1_std": 0.00011, "auc": 1.0, "auc_std": 0.0}
{"epoch": 144, "time_epoch": 184.22522, "time_epoch_std": 18.84305, "eta": 10009.39466, "eta_std": 623.81308, "eta_hours": 2.78039, "eta_hours_std": 0.17328, "loss": 0.003, "loss_std": 0.00043, "lr": 6e-05, "lr_std": 0.0, "params": 3434533.0, "params_std": 0.0, "time_iter": 0.07538, "time_iter_std": 0.00771, "accuracy": 0.99918, "accuracy_std": 0.00011, "f1": 0.9992, "f1_std": 0.00012, "auc": 1.0, "auc_std": 0.0}
{"epoch": 145, "time_epoch": 178.33078, "time_epoch_std": 5.73929, "eta": 9826.05263, "eta_std": 609.41271, "eta_hours": 2.72946, "eta_hours_std": 0.16928, "loss": 0.00286, "loss_std": 0.00031, "lr": 6e-05, "lr_std": 0.0, "params": 3434533.0, "params_std": 0.0, "time_iter": 0.07297, "time_iter_std": 0.00235, "accuracy": 0.99921, "accuracy_std": 0.00011, "f1": 0.99923, "f1_std": 0.0001, "auc": 1.0, "auc_std": 0.0}
{"epoch": 146, "time_epoch": 179.53139, "time_epoch_std": 5.91399, "eta": 9643.21165, "eta_std": 595.47358, "eta_hours": 2.67867, "eta_hours_std": 0.16541, "loss": 0.00281, "loss_std": 0.00044, "lr": 6e-05, "lr_std": 0.0, "params": 3434533.0, "params_std": 0.0, "time_iter": 0.07346, "time_iter_std": 0.00242, "accuracy": 0.99925, "accuracy_std": 0.00013, "f1": 0.99926, "f1_std": 0.00014, "auc": 1.0, "auc_std": 0.0}
{"epoch": 147, "time_epoch": 178.61335, "time_epoch_std": 6.09457, "eta": 9460.09284, "eta_std": 581.14817, "eta_hours": 2.6278, "eta_hours_std": 0.16143, "loss": 0.00261, "loss_std": 0.00029, "lr": 5e-05, "lr_std": 0.0, "params": 3434533.0, "params_std": 0.0, "time_iter": 0.07308, "time_iter_std": 0.00249, "accuracy": 0.99928, "accuracy_std": 9e-05, "f1": 0.9993, "f1_std": 9e-05, "auc": 1.0, "auc_std": 0.0}
{"epoch": 148, "time_epoch": 178.58726, "time_epoch_std": 5.48213, "eta": 9277.02558, "eta_std": 567.30905, "eta_hours": 2.57695, "eta_hours_std": 0.15758, "loss": 0.00263, "loss_std": 0.00017, "lr": 5e-05, "lr_std": 0.0, "params": 3434533.0, "params_std": 0.0, "time_iter": 0.07307, "time_iter_std": 0.00224, "accuracy": 0.99928, "accuracy_std": 7e-05, "f1": 0.9993, "f1_std": 0.00011, "auc": 1.0, "auc_std": 0.0}
{"epoch": 149, "time_epoch": 182.71983, "time_epoch_std": 14.26225, "eta": 9095.39557, "eta_std": 557.19475, "eta_hours": 2.5265, "eta_hours_std": 0.15478, "loss": 0.00244, "loss_std": 0.00021, "lr": 5e-05, "lr_std": 0.0, "params": 3434533.0, "params_std": 0.0, "time_iter": 0.07476, "time_iter_std": 0.00584, "accuracy": 0.99932, "accuracy_std": 7e-05, "f1": 0.99933, "f1_std": 0.00011, "auc": 1.0, "auc_std": 0.0}
{"epoch": 150, "time_epoch": 178.54548, "time_epoch_std": 5.28226, "eta": 8912.39654, "eta_std": 543.27387, "eta_hours": 2.47567, "eta_hours_std": 0.15091, "loss": 0.00239, "loss_std": 0.00027, "lr": 5e-05, "lr_std": 0.0, "params": 3434533.0, "params_std": 0.0, "time_iter": 0.07306, "time_iter_std": 0.00216, "accuracy": 0.99934, "accuracy_std": 0.0001, "f1": 0.99937, "f1_std": 0.00011, "auc": 1.0, "auc_std": 0.0}
{"epoch": 151, "time_epoch": 178.4664, "time_epoch_std": 4.92107, "eta": 8729.43113, "eta_std": 529.80268, "eta_hours": 2.42484, "eta_hours_std": 0.14717, "loss": 0.00245, "loss_std": 0.00041, "lr": 5e-05, "lr_std": 0.0, "params": 3434533.0, "params_std": 0.0, "time_iter": 0.07302, "time_iter_std": 0.00201, "accuracy": 0.99935, "accuracy_std": 0.00011, "f1": 0.99936, "f1_std": 9e-05, "auc": 1.0, "auc_std": 0.0}
{"epoch": 152, "time_epoch": 180.64189, "time_epoch_std": 9.96411, "eta": 8547.19283, "eta_std": 518.40553, "eta_hours": 2.37422, "eta_hours_std": 0.144, "loss": 0.0023, "loss_std": 0.00028, "lr": 4e-05, "lr_std": 0.0, "params": 3434533.0, "params_std": 0.0, "time_iter": 0.07391, "time_iter_std": 0.00408, "accuracy": 0.99939, "accuracy_std": 0.0001, "f1": 0.9994, "f1_std": 0.0001, "auc": 1.0, "auc_std": 0.0}
{"epoch": 153, "time_epoch": 181.42854, "time_epoch_std": 11.69724, "eta": 8365.21023, "eta_std": 507.55212, "eta_hours": 2.32367, "eta_hours_std": 0.14099, "loss": 0.00221, "loss_std": 0.0003, "lr": 4e-05, "lr_std": 0.0, "params": 3434533.0, "params_std": 0.0, "time_iter": 0.07424, "time_iter_std": 0.00479, "accuracy": 0.99942, "accuracy_std": 0.00012, "f1": 0.99943, "f1_std": 0.00011, "auc": 1.0, "auc_std": 0.0}
{"epoch": 154, "time_epoch": 183.80578, "time_epoch_std": 18.05691, "eta": 8183.92495, "eta_std": 498.38808, "eta_hours": 2.27331, "eta_hours_std": 0.13844, "loss": 0.00213, "loss_std": 0.0002, "lr": 4e-05, "lr_std": 0.0, "params": 3434533.0, "params_std": 0.0, "time_iter": 0.07521, "time_iter_std": 0.00739, "accuracy": 0.99944, "accuracy_std": 5e-05, "f1": 0.99942, "f1_std": 6e-05, "auc": 1.0, "auc_std": 0.0}
{"epoch": 155, "time_epoch": 179.9062, "time_epoch_std": 7.31404, "eta": 8001.50746, "eta_std": 485.65893, "eta_hours": 2.22264, "eta_hours_std": 0.13491, "loss": 0.00205, "loss_std": 0.00013, "lr": 4e-05, "lr_std": 0.0, "params": 3434533.0, "params_std": 0.0, "time_iter": 0.07361, "time_iter_std": 0.00299, "accuracy": 0.99944, "accuracy_std": 6e-05, "f1": 0.99948, "f1_std": 6e-05, "auc": 1.0, "auc_std": 0.0}
{"epoch": 156, "time_epoch": 178.77141, "time_epoch_std": 4.90807, "eta": 7818.81117, "eta_std": 472.82504, "eta_hours": 2.17189, "eta_hours_std": 0.13134, "loss": 0.00183, "loss_std": 0.00032, "lr": 4e-05, "lr_std": 0.0, "params": 3434533.0, "params_std": 0.0, "time_iter": 0.07315, "time_iter_std": 0.00201, "accuracy": 0.99952, "accuracy_std": 0.0001, "f1": 0.99954, "f1_std": 0.00012, "auc": 1.0, "auc_std": 0.0}
{"epoch": 157, "time_epoch": 184.01806, "time_epoch_std": 17.01362, "eta": 7637.55924, "eta_std": 463.38199, "eta_hours": 2.12155, "eta_hours_std": 0.12872, "loss": 0.00186, "loss_std": 0.00027, "lr": 4e-05, "lr_std": 0.0, "params": 3434533.0, "params_std": 0.0, "time_iter": 0.07529, "time_iter_std": 0.00696, "accuracy": 0.99953, "accuracy_std": 9e-05, "f1": 0.99954, "f1_std": 0.00011, "auc": 1.0, "auc_std": 0.0}
{"epoch": 158, "time_epoch": 183.12639, "time_epoch_std": 15.83722, "eta": 7456.04259, "eta_std": 453.54649, "eta_hours": 2.07112, "eta_hours_std": 0.12598, "loss": 0.00177, "loss_std": 0.00023, "lr": 3e-05, "lr_std": 0.0, "params": 3434533.0, "params_std": 0.0, "time_iter": 0.07493, "time_iter_std": 0.00648, "accuracy": 0.99953, "accuracy_std": 9e-05, "f1": 0.99954, "f1_std": 0.00013, "auc": 1.0, "auc_std": 0.0}
{"epoch": 159, "time_epoch": 180.04223, "time_epoch_std": 7.81767, "eta": 7273.73477, "eta_std": 441.58277, "eta_hours": 2.02048, "eta_hours_std": 0.12266, "loss": 0.00174, "loss_std": 0.00021, "lr": 3e-05, "lr_std": 0.0, "params": 3434533.0, "params_std": 0.0, "time_iter": 0.07367, "time_iter_std": 0.0032, "accuracy": 0.99955, "accuracy_std": 8e-05, "f1": 0.99954, "f1_std": 0.00012, "auc": 1.0, "auc_std": 0.0}
{"epoch": 160, "time_epoch": 180.2916, "time_epoch_std": 7.85193, "eta": 7091.51551, "eta_std": 429.65887, "eta_hours": 1.96987, "eta_hours_std": 0.11935, "loss": 0.00168, "loss_std": 0.00029, "lr": 3e-05, "lr_std": 0.0, "params": 3434533.0, "params_std": 0.0, "time_iter": 0.07377, "time_iter_std": 0.00321, "accuracy": 0.99957, "accuracy_std": 0.00012, "f1": 0.99958, "f1_std": 0.00014, "auc": 1.0, "auc_std": 0.0}
{"epoch": 161, "time_epoch": 182.70886, "time_epoch_std": 14.4385, "eta": 6909.88706, "eta_std": 419.41909, "eta_hours": 1.91941, "eta_hours_std": 0.1165, "loss": 0.00163, "loss_std": 0.00018, "lr": 3e-05, "lr_std": 0.0, "params": 3434533.0, "params_std": 0.0, "time_iter": 0.07476, "time_iter_std": 0.00591, "accuracy": 0.99958, "accuracy_std": 5e-05, "f1": 0.99961, "f1_std": 6e-05, "auc": 1.0, "auc_std": 0.0}
{"epoch": 162, "time_epoch": 182.58265, "time_epoch_std": 13.58745, "eta": 6728.21669, "eta_std": 408.93107, "eta_hours": 1.86895, "eta_hours_std": 0.11359, "loss": 0.00148, "loss_std": 0.00014, "lr": 3e-05, "lr_std": 0.0, "params": 3434533.0, "params_std": 0.0, "time_iter": 0.07471, "time_iter_std": 0.00556, "accuracy": 0.99963, "accuracy_std": 4e-05, "f1": 0.99966, "f1_std": 4e-05, "auc": 1.0, "auc_std": 0.0}
{"epoch": 163, "time_epoch": 184.46039, "time_epoch_std": 18.97407, "eta": 6546.9474, "eta_std": 399.53773, "eta_hours": 1.8186, "eta_hours_std": 0.11098, "loss": 0.00159, "loss_std": 0.00025, "lr": 3e-05, "lr_std": 0.0, "params": 3434533.0, "params_std": 0.0, "time_iter": 0.07548, "time_iter_std": 0.00776, "accuracy": 0.99957, "accuracy_std": 7e-05, "f1": 0.99958, "f1_std": 8e-05, "auc": 1.0, "auc_std": 0.0}
{"epoch": 164, "time_epoch": 182.23015, "time_epoch_std": 10.80004, "eta": 6365.16634, "eta_std": 388.33768, "eta_hours": 1.7681, "eta_hours_std": 0.10787, "loss": 0.00148, "loss_std": 0.00018, "lr": 3e-05, "lr_std": 0.0, "params": 3434533.0, "params_std": 0.0, "time_iter": 0.07456, "time_iter_std": 0.00442, "accuracy": 0.99965, "accuracy_std": 7e-05, "f1": 0.99966, "f1_std": 8e-05, "auc": 1.0, "auc_std": 0.0}
{"epoch": 165, "time_epoch": 182.52527, "time_epoch_std": 12.77368, "eta": 6183.44031, "eta_std": 377.5772, "eta_hours": 1.71762, "eta_hours_std": 0.10488, "loss": 0.00144, "loss_std": 0.00021, "lr": 2e-05, "lr_std": 0.0, "params": 3434533.0, "params_std": 0.0, "time_iter": 0.07468, "time_iter_std": 0.00523, "accuracy": 0.99964, "accuracy_std": 5e-05, "f1": 0.99967, "f1_std": 7e-05, "auc": 1.0, "auc_std": 0.0}
{"epoch": 166, "time_epoch": 182.88376, "time_epoch_std": 13.53595, "eta": 6001.77556, "eta_std": 366.94641, "eta_hours": 1.66716, "eta_hours_std": 0.10193, "loss": 0.00135, "loss_std": 0.00021, "lr": 2e-05, "lr_std": 0.0, "params": 3434533.0, "params_std": 0.0, "time_iter": 0.07483, "time_iter_std": 0.00554, "accuracy": 0.99968, "accuracy_std": 7e-05, "f1": 0.99967, "f1_std": 5e-05, "auc": 1.0, "auc_std": 0.0}
{"epoch": 167, "time_epoch": 184.12249, "time_epoch_std": 17.85407, "eta": 5820.33224, "eta_std": 357.08821, "eta_hours": 1.61676, "eta_hours_std": 0.09919, "loss": 0.00135, "loss_std": 0.00023, "lr": 2e-05, "lr_std": 0.0, "params": 3434533.0, "params_std": 0.0, "time_iter": 0.07534, "time_iter_std": 0.00731, "accuracy": 0.99971, "accuracy_std": 8e-05, "f1": 0.99971, "f1_std": 0.0001, "auc": 1.0, "auc_std": 0.0}
{"epoch": 168, "time_epoch": 184.50737, "time_epoch_std": 17.89643, "eta": 5638.92781, "eta_std": 347.13338, "eta_hours": 1.56637, "eta_hours_std": 0.09643, "loss": 0.00134, "loss_std": 0.00024, "lr": 2e-05, "lr_std": 0.0, "params": 3434533.0, "params_std": 0.0, "time_iter": 0.07549, "time_iter_std": 0.00732, "accuracy": 0.99968, "accuracy_std": 6e-05, "f1": 0.99969, "f1_std": 6e-05, "auc": 1.0, "auc_std": 0.0}
{"epoch": 169, "time_epoch": 179.97862, "time_epoch_std": 7.42808, "eta": 5456.68769, "eta_std": 335.10043, "eta_hours": 1.51575, "eta_hours_std": 0.09308, "loss": 0.00122, "loss_std": 0.00021, "lr": 2e-05, "lr_std": 0.0, "params": 3434533.0, "params_std": 0.0, "time_iter": 0.07364, "time_iter_std": 0.00304, "accuracy": 0.99969, "accuracy_std": 0.00011, "f1": 0.99969, "f1_std": 0.00012, "auc": 1.0, "auc_std": 0.0}
{"epoch": 170, "time_epoch": 180.56057, "time_epoch_std": 7.82156, "eta": 5274.57271, "eta_std": 323.30347, "eta_hours": 1.46516, "eta_hours_std": 0.08981, "loss": 0.00126, "loss_std": 0.00017, "lr": 2e-05, "lr_std": 0.0, "params": 3434533.0, "params_std": 0.0, "time_iter": 0.07388, "time_iter_std": 0.0032, "accuracy": 0.9997, "accuracy_std": 6e-05, "f1": 0.99972, "f1_std": 8e-05, "auc": 1.0, "auc_std": 0.0}
{"epoch": 171, "time_epoch": 183.75701, "time_epoch_std": 16.30657, "eta": 5092.99616, "eta_std": 312.98635, "eta_hours": 1.41472, "eta_hours_std": 0.08694, "loss": 0.00117, "loss_std": 0.00016, "lr": 2e-05, "lr_std": 0.0, "params": 3434533.0, "params_std": 0.0, "time_iter": 0.07519, "time_iter_std": 0.00667, "accuracy": 0.9997, "accuracy_std": 8e-05, "f1": 0.9997, "f1_std": 7e-05, "auc": 1.0, "auc_std": 0.0}
{"epoch": 172, "time_epoch": 182.79081, "time_epoch_std": 13.71546, "eta": 4911.2436, "eta_std": 302.20249, "eta_hours": 1.36423, "eta_hours_std": 0.08394, "loss": 0.00116, "loss_std": 0.00021, "lr": 2e-05, "lr_std": 0.0, "params": 3434533.0, "params_std": 0.0, "time_iter": 0.07479, "time_iter_std": 0.00561, "accuracy": 0.99973, "accuracy_std": 7e-05, "f1": 0.99975, "f1_std": 6e-05, "auc": 1.0, "auc_std": 0.0}
{"epoch": 173, "time_epoch": 181.33006, "time_epoch_std": 10.03819, "eta": 4729.26084, "eta_std": 290.7889, "eta_hours": 1.31368, "eta_hours_std": 0.08077, "loss": 0.00118, "loss_std": 0.00021, "lr": 1e-05, "lr_std": 0.0, "params": 3434533.0, "params_std": 0.0, "time_iter": 0.07419, "time_iter_std": 0.00411, "accuracy": 0.99973, "accuracy_std": 8e-05, "f1": 0.99973, "f1_std": 0.0001, "auc": 1.0, "auc_std": 0.0}
{"epoch": 174, "time_epoch": 180.78177, "time_epoch_std": 8.60079, "eta": 4547.20721, "eta_std": 279.20116, "eta_hours": 1.26311, "eta_hours_std": 0.07756, "loss": 0.00111, "loss_std": 0.00016, "lr": 1e-05, "lr_std": 0.0, "params": 3434533.0, "params_std": 0.0, "time_iter": 0.07397, "time_iter_std": 0.00352, "accuracy": 0.99975, "accuracy_std": 6e-05, "f1": 0.99977, "f1_std": 6e-05, "auc": 1.0, "auc_std": 0.0}
{"epoch": 175, "time_epoch": 182.72033, "time_epoch_std": 13.38387, "eta": 4365.43238, "eta_std": 268.32623, "eta_hours": 1.21262, "eta_hours_std": 0.07453, "loss": 0.00107, "loss_std": 0.00013, "lr": 1e-05, "lr_std": 0.0, "params": 3434533.0, "params_std": 0.0, "time_iter": 0.07476, "time_iter_std": 0.00548, "accuracy": 0.99975, "accuracy_std": 5e-05, "f1": 0.99975, "f1_std": 6e-05, "auc": 1.0, "auc_std": 0.0}
{"epoch": 176, "time_epoch": 184.07187, "time_epoch_std": 16.68218, "eta": 4183.82249, "eta_std": 257.84455, "eta_hours": 1.16217, "eta_hours_std": 0.07162, "loss": 0.00111, "loss_std": 0.00022, "lr": 1e-05, "lr_std": 0.0, "params": 3434533.0, "params_std": 0.0, "time_iter": 0.07532, "time_iter_std": 0.00682, "accuracy": 0.99972, "accuracy_std": 0.0001, "f1": 0.99973, "f1_std": 9e-05, "auc": 1.0, "auc_std": 0.0}
{"epoch": 177, "time_epoch": 184.56524, "time_epoch_std": 19.845, "eta": 4002.24592, "eta_std": 247.65904, "eta_hours": 1.11174, "eta_hours_std": 0.0688, "loss": 0.001, "loss_std": 7e-05, "lr": 1e-05, "lr_std": 0.0, "params": 3434533.0, "params_std": 0.0, "time_iter": 0.07552, "time_iter_std": 0.00812, "accuracy": 0.99978, "accuracy_std": 4e-05, "f1": 0.99978, "f1_std": 5e-05, "auc": 1.0, "auc_std": 0.0}
{"epoch": 178, "time_epoch": 180.52241, "time_epoch_std": 8.59497, "eta": 3820.16166, "eta_std": 236.03554, "eta_hours": 1.06116, "eta_hours_std": 0.06557, "loss": 0.00109, "loss_std": 0.00016, "lr": 1e-05, "lr_std": 0.0, "params": 3434533.0, "params_std": 0.0, "time_iter": 0.07386, "time_iter_std": 0.00352, "accuracy": 0.99974, "accuracy_std": 5e-05, "f1": 0.99973, "f1_std": 7e-05, "auc": 1.0, "auc_std": 0.0}
{"epoch": 179, "time_epoch": 180.89715, "time_epoch_std": 9.3767, "eta": 3638.13638, "eta_std": 224.4137, "eta_hours": 1.01059, "eta_hours_std": 0.06234, "loss": 0.00103, "loss_std": 0.00014, "lr": 1e-05, "lr_std": 0.0, "params": 3434533.0, "params_std": 0.0, "time_iter": 0.07402, "time_iter_std": 0.00384, "accuracy": 0.99978, "accuracy_std": 4e-05, "f1": 0.9998, "f1_std": 4e-05, "auc": 1.0, "auc_std": 0.0}
{"epoch": 180, "time_epoch": 185.13242, "time_epoch_std": 18.65714, "eta": 3456.56816, "eta_std": 213.95729, "eta_hours": 0.96016, "eta_hours_std": 0.05943, "loss": 0.00093, "loss_std": 0.00021, "lr": 1e-05, "lr_std": 0.0, "params": 3434533.0, "params_std": 0.0, "time_iter": 0.07575, "time_iter_std": 0.00763, "accuracy": 0.99979, "accuracy_std": 5e-05, "f1": 0.99981, "f1_std": 5e-05, "auc": 1.0, "auc_std": 0.0}
{"epoch": 181, "time_epoch": 184.28054, "time_epoch_std": 17.10103, "eta": 3274.87652, "eta_std": 203.26743, "eta_hours": 0.90969, "eta_hours_std": 0.05646, "loss": 0.00101, "loss_std": 0.00016, "lr": 1e-05, "lr_std": 0.0, "params": 3434533.0, "params_std": 0.0, "time_iter": 0.0754, "time_iter_std": 0.007, "accuracy": 0.99979, "accuracy_std": 6e-05, "f1": 0.9998, "f1_std": 6e-05, "auc": 1.0, "auc_std": 0.0}
{"epoch": 182, "time_epoch": 182.41627, "time_epoch_std": 13.02589, "eta": 3092.98341, "eta_std": 192.13094, "eta_hours": 0.85916, "eta_hours_std": 0.05337, "loss": 0.00089, "loss_std": 0.00015, "lr": 1e-05, "lr_std": 0.0, "params": 3434533.0, "params_std": 0.0, "time_iter": 0.07464, "time_iter_std": 0.00533, "accuracy": 0.99979, "accuracy_std": 7e-05, "f1": 0.9998, "f1_std": 7e-05, "auc": 1.0, "auc_std": 0.0}
{"epoch": 183, "time_epoch": 180.27671, "time_epoch_std": 8.15092, "eta": 2910.89856, "eta_std": 180.53802, "eta_hours": 0.80858, "eta_hours_std": 0.05015, "loss": 0.00094, "loss_std": 0.00016, "lr": 1e-05, "lr_std": 0.0, "params": 3434533.0, "params_std": 0.0, "time_iter": 0.07376, "time_iter_std": 0.00334, "accuracy": 0.99981, "accuracy_std": 4e-05, "f1": 0.99983, "f1_std": 4e-05, "auc": 1.0, "auc_std": 0.0}
{"epoch": 184, "time_epoch": 179.91331, "time_epoch_std": 6.514, "eta": 2728.80379, "eta_std": 168.75077, "eta_hours": 0.758, "eta_hours_std": 0.04687, "loss": 0.00092, "loss_std": 0.00013, "lr": 1e-05, "lr_std": 0.0, "params": 3434533.0, "params_std": 0.0, "time_iter": 0.07362, "time_iter_std": 0.00267, "accuracy": 0.99981, "accuracy_std": 3e-05, "f1": 0.99981, "f1_std": 4e-05, "auc": 1.0, "auc_std": 0.0}
{"epoch": 185, "time_epoch": 182.90249, "time_epoch_std": 15.76061, "eta": 2546.95747, "eta_std": 157.80757, "eta_hours": 0.70749, "eta_hours_std": 0.04383, "loss": 0.00094, "loss_std": 0.00012, "lr": 0.0, "lr_std": 0.0, "params": 3434533.0, "params_std": 0.0, "time_iter": 0.07484, "time_iter_std": 0.00645, "accuracy": 0.9998, "accuracy_std": 5e-05, "f1": 0.99981, "f1_std": 5e-05, "auc": 1.0, "auc_std": 0.0}
{"epoch": 186, "time_epoch": 182.21431, "time_epoch_std": 11.86338, "eta": 2365.05201, "eta_std": 146.57236, "eta_hours": 0.65696, "eta_hours_std": 0.04071, "loss": 0.00092, "loss_std": 0.00016, "lr": 0.0, "lr_std": 0.0, "params": 3434533.0, "params_std": 0.0, "time_iter": 0.07456, "time_iter_std": 0.00486, "accuracy": 0.99979, "accuracy_std": 7e-05, "f1": 0.9998, "f1_std": 5e-05, "auc": 1.0, "auc_std": 0.0}
{"epoch": 187, "time_epoch": 179.38438, "time_epoch_std": 5.67001, "eta": 2182.96263, "eta_std": 134.87322, "eta_hours": 0.60638, "eta_hours_std": 0.03747, "loss": 0.00091, "loss_std": 0.00011, "lr": 0.0, "lr_std": 0.0, "params": 3434533.0, "params_std": 0.0, "time_iter": 0.0734, "time_iter_std": 0.00232, "accuracy": 0.99979, "accuracy_std": 4e-05, "f1": 0.99979, "f1_std": 4e-05, "auc": 1.0, "auc_std": 0.0}
{"epoch": 188, "time_epoch": 182.82951, "time_epoch_std": 13.93385, "eta": 2001.10239, "eta_std": 123.78799, "eta_hours": 0.55586, "eta_hours_std": 0.03439, "loss": 0.00089, "loss_std": 0.00015, "lr": 0.0, "lr_std": 0.0, "params": 3434533.0, "params_std": 0.0, "time_iter": 0.07481, "time_iter_std": 0.0057, "accuracy": 0.99979, "accuracy_std": 7e-05, "f1": 0.9998, "f1_std": 8e-05, "auc": 1.0, "auc_std": 0.0}
{"epoch": 189, "time_epoch": 183.6076, "time_epoch_std": 16.2469, "eta": 1819.27289, "eta_std": 112.7942, "eta_hours": 0.50536, "eta_hours_std": 0.03133, "loss": 0.00086, "loss_std": 0.00011, "lr": 0.0, "lr_std": 0.0, "params": 3434533.0, "params_std": 0.0, "time_iter": 0.07513, "time_iter_std": 0.00665, "accuracy": 0.99982, "accuracy_std": 4e-05, "f1": 0.99981, "f1_std": 5e-05, "auc": 1.0, "auc_std": 0.0}
{"epoch": 190, "time_epoch": 179.84705, "time_epoch_std": 7.41714, "eta": 1637.24758, "eta_std": 101.29539, "eta_hours": 0.45479, "eta_hours_std": 0.02814, "loss": 0.00087, "loss_std": 0.00016, "lr": 0.0, "lr_std": 0.0, "params": 3434533.0, "params_std": 0.0, "time_iter": 0.07359, "time_iter_std": 0.00303, "accuracy": 0.99981, "accuracy_std": 4e-05, "f1": 0.99984, "f1_std": 5e-05, "auc": 1.0, "auc_std": 0.0}
{"epoch": 191, "time_epoch": 179.9117, "time_epoch_std": 7.08549, "eta": 1455.24766, "eta_std": 89.85515, "eta_hours": 0.40424, "eta_hours_std": 0.02496, "loss": 0.0009, "loss_std": 0.00013, "lr": 0.0, "lr_std": 0.0, "params": 3434533.0, "params_std": 0.0, "time_iter": 0.07361, "time_iter_std": 0.0029, "accuracy": 0.99979, "accuracy_std": 5e-05, "f1": 0.9998, "f1_std": 6e-05, "auc": 1.0, "auc_std": 0.0}
{"epoch": 192, "time_epoch": 180.5191, "time_epoch_std": 7.86664, "eta": 1273.2914, "eta_std": 78.48727, "eta_hours": 0.35369, "eta_hours_std": 0.0218, "loss": 0.00081, "loss_std": 0.00014, "lr": 0.0, "lr_std": 0.0, "params": 3434533.0, "params_std": 0.0, "time_iter": 0.07386, "time_iter_std": 0.00322, "accuracy": 0.99982, "accuracy_std": 6e-05, "f1": 0.99982, "f1_std": 6e-05, "auc": 1.0, "auc_std": 0.0}
{"epoch": 193, "time_epoch": 183.52708, "time_epoch_std": 14.33023, "eta": 1091.44299, "eta_std": 67.36208, "eta_hours": 0.30318, "eta_hours_std": 0.01871, "loss": 0.00084, "loss_std": 0.00018, "lr": 0.0, "lr_std": 0.0, "params": 3434533.0, "params_std": 0.0, "time_iter": 0.07509, "time_iter_std": 0.00586, "accuracy": 0.99981, "accuracy_std": 7e-05, "f1": 0.99982, "f1_std": 6e-05, "auc": 1.0, "auc_std": 0.0}
{"epoch": 194, "time_epoch": 182.29131, "time_epoch_std": 9.94178, "eta": 909.54567, "eta_std": 56.069, "eta_hours": 0.25265, "eta_hours_std": 0.01557, "loss": 0.00087, "loss_std": 0.00014, "lr": 0.0, "lr_std": 0.0, "params": 3434533.0, "params_std": 0.0, "time_iter": 0.07459, "time_iter_std": 0.00407, "accuracy": 0.9998, "accuracy_std": 5e-05, "f1": 0.9998, "f1_std": 6e-05, "auc": 1.0, "auc_std": 0.0}
{"epoch": 195, "time_epoch": 182.3291, "time_epoch_std": 11.12917, "eta": 727.64511, "eta_std": 44.84988, "eta_hours": 0.20212, "eta_hours_std": 0.01246, "loss": 0.00084, "loss_std": 0.00015, "lr": 0.0, "lr_std": 0.0, "params": 3434533.0, "params_std": 0.0, "time_iter": 0.0746, "time_iter_std": 0.00455, "accuracy": 0.99982, "accuracy_std": 4e-05, "f1": 0.99983, "f1_std": 6e-05, "auc": 1.0, "auc_std": 0.0}
{"epoch": 196, "time_epoch": 179.99254, "time_epoch_std": 6.70702, "eta": 545.70461, "eta_std": 33.55524, "eta_hours": 0.15159, "eta_hours_std": 0.00932, "loss": 0.00085, "loss_std": 0.00018, "lr": 0.0, "lr_std": 0.0, "params": 3434533.0, "params_std": 0.0, "time_iter": 0.07365, "time_iter_std": 0.00274, "accuracy": 0.99982, "accuracy_std": 6e-05, "f1": 0.99982, "f1_std": 5e-05, "auc": 1.0, "auc_std": 0.0}
{"epoch": 197, "time_epoch": 182.37837, "time_epoch_std": 11.76759, "eta": 363.80789, "eta_std": 22.37543, "eta_hours": 0.10106, "eta_hours_std": 0.00621, "loss": 0.00084, "loss_std": 0.00015, "lr": 0.0, "lr_std": 0.0, "params": 3434533.0, "params_std": 0.0, "time_iter": 0.07462, "time_iter_std": 0.00482, "accuracy": 0.99982, "accuracy_std": 5e-05, "f1": 0.99982, "f1_std": 6e-05, "auc": 1.0, "auc_std": 0.0}
{"epoch": 198, "time_epoch": 181.32274, "time_epoch_std": 7.31836, "eta": 181.90102, "eta_std": 11.15905, "eta_hours": 0.05053, "eta_hours_std": 0.0031, "loss": 0.00078, "loss_std": 0.00015, "lr": 0.0, "lr_std": 0.0, "params": 3434533.0, "params_std": 0.0, "time_iter": 0.07419, "time_iter_std": 0.00299, "accuracy": 0.99982, "accuracy_std": 5e-05, "f1": 0.99982, "f1_std": 5e-05, "auc": 1.0, "auc_std": 0.0}
{"epoch": 199, "time_epoch": 180.35013, "time_epoch_std": 7.10633, "eta": 0.0, "eta_std": 0.0, "eta_hours": 0.0, "eta_hours_std": 0.0, "loss": 0.00084, "loss_std": 0.00014, "lr": 0.0, "lr_std": 0.0, "params": 3434533.0, "params_std": 0.0, "time_iter": 0.07379, "time_iter_std": 0.00291, "accuracy": 0.9998, "accuracy_std": 4e-05, "f1": 0.99982, "f1_std": 4e-05, "auc": 1.0, "auc_std": 0.0}
