{"epoch": 0, "time_epoch": 30.30075, "eta": 2999.77387, "eta_hours": 0.83327, "loss": 0.20177994, "lr": 0.0, "params": 337201, "time_iter": 0.09681, "accuracy": 0.61642, "precision": 0.16562, "recall": 0.2905, "f1": 0.21096, "auc": 0.48783}
{"epoch": 1, "time_epoch": 29.36223, "eta": 2923.48569, "eta_hours": 0.81208, "loss": 0.16908115, "lr": 0.0002, "params": 337201, "time_iter": 0.09381, "accuracy": 0.75035, "precision": 0.38969, "recall": 0.73187, "f1": 0.50858, "auc": 0.81638}
{"epoch": 2, "time_epoch": 26.11604, "eta": 2773.52156, "eta_hours": 0.77042, "loss": 0.13277381, "lr": 0.0004, "params": 337201, "time_iter": 0.08344, "accuracy": 0.83186, "precision": 0.51481, "recall": 0.82482, "f1": 0.63394, "auc": 0.88958}
{"epoch": 3, "time_epoch": 26.02167, "eta": 2683.21645, "eta_hours": 0.74534, "loss": 0.11508867, "lr": 0.0006, "params": 337201, "time_iter": 0.08314, "accuracy": 0.84434, "precision": 0.5383, "recall": 0.83026, "f1": 0.65314, "auc": 0.91007}
{"epoch": 4, "time_epoch": 25.89785, "eta": 2616.27212, "eta_hours": 0.72674, "loss": 0.10780591, "lr": 0.0008, "params": 337201, "time_iter": 0.08274, "accuracy": 0.84677, "precision": 0.54284, "recall": 0.83597, "f1": 0.65825, "auc": 0.91847}
{"epoch": 5, "time_epoch": 25.79042, "eta": 2561.32685, "eta_hours": 0.71148, "loss": 0.10377574, "lr": 0.001, "params": 337201, "time_iter": 0.0824, "accuracy": 0.84712, "precision": 0.54321, "recall": 0.84167, "f1": 0.66028, "auc": 0.92293}
{"epoch": 6, "time_epoch": 25.93297, "eta": 2516.60552, "eta_hours": 0.69906, "loss": 0.10195835, "lr": 0.00099973, "params": 337201, "time_iter": 0.08285, "accuracy": 0.84842, "precision": 0.54568, "recall": 0.84376, "f1": 0.66275, "auc": 0.92506}
{"epoch": 7, "time_epoch": 26.31456, "eta": 2480.96952, "eta_hours": 0.68916, "loss": 0.09931262, "lr": 0.00099891, "params": 337201, "time_iter": 0.08407, "accuracy": 0.85112, "precision": 0.55077, "recall": 0.84915, "f1": 0.66816, "auc": 0.92873}
{"epoch": 8, "time_epoch": 26.09552, "eta": 2445.1902, "eta_hours": 0.67922, "loss": 0.09804754, "lr": 0.00099754, "params": 337201, "time_iter": 0.08337, "accuracy": 0.85207, "precision": 0.5525, "recall": 0.85225, "f1": 0.67039, "auc": 0.93032}
{"epoch": 9, "time_epoch": 25.82401, "eta": 2408.90408, "eta_hours": 0.66914, "loss": 0.09738794, "lr": 0.00099563, "params": 337201, "time_iter": 0.0825, "accuracy": 0.85323, "precision": 0.5549, "recall": 0.85161, "f1": 0.67196, "auc": 0.93103}
{"epoch": 10, "time_epoch": 25.70098, "eta": 2373.52474, "eta_hours": 0.65931, "loss": 0.097312, "lr": 0.00099318, "params": 337201, "time_iter": 0.08211, "accuracy": 0.85379, "precision": 0.55614, "recall": 0.85045, "f1": 0.6725, "auc": 0.93108}
{"epoch": 11, "time_epoch": 27.01161, "eta": 2349.36973, "eta_hours": 0.6526, "loss": 0.09678401, "lr": 0.00099019, "params": 337201, "time_iter": 0.0863, "accuracy": 0.85385, "precision": 0.55615, "recall": 0.85204, "f1": 0.67301, "auc": 0.93171}
{"epoch": 12, "time_epoch": 28.13284, "eta": 2332.27889, "eta_hours": 0.64786, "loss": 0.09654104, "lr": 0.00098666, "params": 337201, "time_iter": 0.08988, "accuracy": 0.8545, "precision": 0.55747, "recall": 0.85234, "f1": 0.67407, "auc": 0.93203}
{"epoch": 13, "time_epoch": 26.06385, "eta": 2300.90106, "eta_hours": 0.63914, "loss": 0.09627044, "lr": 0.0009826, "params": 337201, "time_iter": 0.08327, "accuracy": 0.85424, "precision": 0.55687, "recall": 0.85298, "f1": 0.67383, "auc": 0.93234}
{"epoch": 14, "time_epoch": 25.77232, "eta": 2268.5798, "eta_hours": 0.63016, "loss": 0.09585975, "lr": 0.00097802, "params": 337201, "time_iter": 0.08234, "accuracy": 0.85507, "precision": 0.55854, "recall": 0.85358, "f1": 0.67524, "auc": 0.93292}
{"epoch": 15, "time_epoch": 25.75261, "eta": 2236.97367, "eta_hours": 0.62138, "loss": 0.09575904, "lr": 0.00097291, "params": 337201, "time_iter": 0.08228, "accuracy": 0.85518, "precision": 0.55876, "recall": 0.85376, "f1": 0.67546, "auc": 0.93302}
{"epoch": 16, "time_epoch": 25.72149, "eta": 2205.90427, "eta_hours": 0.61275, "loss": 0.09564518, "lr": 0.00096728, "params": 337201, "time_iter": 0.08218, "accuracy": 0.85544, "precision": 0.55928, "recall": 0.85403, "f1": 0.67592, "auc": 0.93314}
{"epoch": 17, "time_epoch": 25.91167, "eta": 2176.29545, "eta_hours": 0.60453, "loss": 0.095306, "lr": 0.00096114, "params": 337201, "time_iter": 0.08278, "accuracy": 0.85609, "precision": 0.56067, "recall": 0.85371, "f1": 0.67683, "auc": 0.93357}
{"epoch": 18, "time_epoch": 25.90817, "eta": 2147.06086, "eta_hours": 0.59641, "loss": 0.09492518, "lr": 0.0009545, "params": 337201, "time_iter": 0.08277, "accuracy": 0.85511, "precision": 0.55837, "recall": 0.85697, "f1": 0.67617, "auc": 0.93408}
{"epoch": 19, "time_epoch": 25.70601, "eta": 2117.35028, "eta_hours": 0.58815, "loss": 0.09461236, "lr": 0.00094736, "params": 337201, "time_iter": 0.08213, "accuracy": 0.8566, "precision": 0.56151, "recall": 0.8564, "f1": 0.67829, "auc": 0.93452}
{"epoch": 20, "time_epoch": 25.35092, "eta": 2086.68527, "eta_hours": 0.57963, "loss": 0.09429759, "lr": 0.00093974, "params": 337201, "time_iter": 0.08099, "accuracy": 0.8576, "precision": 0.56361, "recall": 0.85619, "f1": 0.67976, "auc": 0.93499}
{"epoch": 21, "time_epoch": 25.4204, "eta": 2056.74971, "eta_hours": 0.57132, "loss": 0.09402107, "lr": 0.00093163, "params": 337201, "time_iter": 0.08122, "accuracy": 0.85777, "precision": 0.56388, "recall": 0.85721, "f1": 0.68027, "auc": 0.93535}
{"epoch": 22, "time_epoch": 25.71937, "eta": 2028.20766, "eta_hours": 0.56339, "loss": 0.09368762, "lr": 0.00092305, "params": 337201, "time_iter": 0.08217, "accuracy": 0.85828, "precision": 0.56491, "recall": 0.85788, "f1": 0.68123, "auc": 0.9358}
{"epoch": 23, "time_epoch": 25.76854, "eta": 2000.05655, "eta_hours": 0.55557, "loss": 0.09328232, "lr": 0.000914, "params": 337201, "time_iter": 0.08233, "accuracy": 0.85767, "precision": 0.56346, "recall": 0.85991, "f1": 0.68081, "auc": 0.93639}
{"epoch": 24, "time_epoch": 26.12937, "eta": 1973.17852, "eta_hours": 0.54811, "loss": 0.09307361, "lr": 0.00090451, "params": 337201, "time_iter": 0.08348, "accuracy": 0.85942, "precision": 0.56727, "recall": 0.85855, "f1": 0.68316, "auc": 0.93669}
{"epoch": 25, "time_epoch": 25.74284, "eta": 1945.25796, "eta_hours": 0.54035, "loss": 0.09275589, "lr": 0.00089457, "params": 337201, "time_iter": 0.08225, "accuracy": 0.85904, "precision": 0.56625, "recall": 0.86088, "f1": 0.68316, "auc": 0.93712}
{"epoch": 26, "time_epoch": 25.9275, "eta": 1917.99799, "eta_hours": 0.53278, "loss": 0.09256107, "lr": 0.0008842, "params": 337201, "time_iter": 0.08284, "accuracy": 0.85929, "precision": 0.56679, "recall": 0.86071, "f1": 0.68349, "auc": 0.93737}
{"epoch": 27, "time_epoch": 25.90848, "eta": 1890.78427, "eta_hours": 0.52522, "loss": 0.09238939, "lr": 0.00087341, "params": 337201, "time_iter": 0.08277, "accuracy": 0.85975, "precision": 0.56768, "recall": 0.86174, "f1": 0.68446, "auc": 0.93765}
{"epoch": 28, "time_epoch": 26.5627, "eta": 1865.26228, "eta_hours": 0.51813, "loss": 0.09237066, "lr": 0.00086221, "params": 337201, "time_iter": 0.08486, "accuracy": 0.86023, "precision": 0.56891, "recall": 0.8594, "f1": 0.68461, "auc": 0.9376}
{"epoch": 29, "time_epoch": 25.86231, "eta": 1838.03668, "eta_hours": 0.51057, "loss": 0.09204842, "lr": 0.00085062, "params": 337201, "time_iter": 0.08263, "accuracy": 0.86022, "precision": 0.56864, "recall": 0.86202, "f1": 0.68525, "auc": 0.93808}
{"epoch": 30, "time_epoch": 26.0847, "eta": 1811.39403, "eta_hours": 0.50317, "loss": 0.09197358, "lr": 0.00083864, "params": 337201, "time_iter": 0.08334, "accuracy": 0.86039, "precision": 0.56904, "recall": 0.86177, "f1": 0.68546, "auc": 0.93815}
{"epoch": 31, "time_epoch": 26.19633, "eta": 1785.02347, "eta_hours": 0.49584, "loss": 0.09186947, "lr": 0.00082629, "params": 337201, "time_iter": 0.08369, "accuracy": 0.86032, "precision": 0.56875, "recall": 0.86319, "f1": 0.6857, "auc": 0.93832}
{"epoch": 32, "time_epoch": 25.65884, "eta": 1757.57219, "eta_hours": 0.48821, "loss": 0.09175209, "lr": 0.00081359, "params": 337201, "time_iter": 0.08198, "accuracy": 0.86013, "precision": 0.56836, "recall": 0.86308, "f1": 0.68538, "auc": 0.93849}
{"epoch": 33, "time_epoch": 25.64947, "eta": 1730.20815, "eta_hours": 0.48061, "loss": 0.09181678, "lr": 0.00080054, "params": 337201, "time_iter": 0.08195, "accuracy": 0.85994, "precision": 0.56793, "recall": 0.86343, "f1": 0.68518, "auc": 0.93839}
{"epoch": 34, "time_epoch": 25.45444, "eta": 1702.5799, "eta_hours": 0.47294, "loss": 0.09158771, "lr": 0.00078716, "params": 337201, "time_iter": 0.08132, "accuracy": 0.86033, "precision": 0.56875, "recall": 0.86345, "f1": 0.68578, "auc": 0.93867}
{"epoch": 35, "time_epoch": 25.89337, "eta": 1675.85274, "eta_hours": 0.46551, "loss": 0.09153486, "lr": 0.00077347, "params": 337201, "time_iter": 0.08273, "accuracy": 0.86111, "precision": 0.57047, "recall": 0.86283, "f1": 0.68683, "auc": 0.93878}
{"epoch": 36, "time_epoch": 26.17227, "eta": 1649.64552, "eta_hours": 0.45823, "loss": 0.09144181, "lr": 0.00075948, "params": 337201, "time_iter": 0.08362, "accuracy": 0.86141, "precision": 0.5712, "recall": 0.86192, "f1": 0.68707, "auc": 0.93888}
{"epoch": 37, "time_epoch": 26.11295, "eta": 1623.34336, "eta_hours": 0.45093, "loss": 0.09122719, "lr": 0.00074521, "params": 337201, "time_iter": 0.08343, "accuracy": 0.86224, "precision": 0.57299, "recall": 0.86188, "f1": 0.68836, "auc": 0.93917}
{"epoch": 38, "time_epoch": 27.41062, "eta": 1599.0806, "eta_hours": 0.44419, "loss": 0.09134115, "lr": 0.00073067, "params": 337201, "time_iter": 0.08757, "accuracy": 0.86191, "precision": 0.57228, "recall": 0.86175, "f1": 0.6878, "auc": 0.93902}
{"epoch": 39, "time_epoch": 25.68974, "eta": 1572.07912, "eta_hours": 0.43669, "loss": 0.09108836, "lr": 0.00071588, "params": 337201, "time_iter": 0.08208, "accuracy": 0.86237, "precision": 0.57325, "recall": 0.86214, "f1": 0.68862, "auc": 0.9394}
{"epoch": 40, "time_epoch": 25.51031, "eta": 1544.88342, "eta_hours": 0.42913, "loss": 0.09107325, "lr": 0.00070085, "params": 337201, "time_iter": 0.0815, "accuracy": 0.86152, "precision": 0.57128, "recall": 0.86353, "f1": 0.68765, "auc": 0.93942}
{"epoch": 41, "time_epoch": 25.72476, "eta": 1518.06412, "eta_hours": 0.42168, "loss": 0.09099676, "lr": 0.0006856, "params": 337201, "time_iter": 0.08219, "accuracy": 0.86171, "precision": 0.57166, "recall": 0.86374, "f1": 0.68798, "auc": 0.93947}
{"epoch": 42, "time_epoch": 26.78817, "eta": 1492.70537, "eta_hours": 0.41464, "loss": 0.0906708, "lr": 0.00067015, "params": 337201, "time_iter": 0.08559, "accuracy": 0.86256, "precision": 0.57348, "recall": 0.86388, "f1": 0.68934, "auc": 0.93997}
{"epoch": 43, "time_epoch": 25.95589, "eta": 1466.22238, "eta_hours": 0.40728, "loss": 0.09071476, "lr": 0.00065451, "params": 337201, "time_iter": 0.08293, "accuracy": 0.86226, "precision": 0.57285, "recall": 0.86374, "f1": 0.68884, "auc": 0.93985}
{"epoch": 44, "time_epoch": 25.65711, "eta": 1439.39765, "eta_hours": 0.39983, "loss": 0.09054888, "lr": 0.0006387, "params": 337201, "time_iter": 0.08197, "accuracy": 0.86221, "precision": 0.57266, "recall": 0.86444, "f1": 0.68893, "auc": 0.94009}
{"epoch": 45, "time_epoch": 25.90175, "eta": 1412.91086, "eta_hours": 0.39248, "loss": 0.09047572, "lr": 0.00062274, "params": 337201, "time_iter": 0.08275, "accuracy": 0.86198, "precision": 0.57206, "recall": 0.86569, "f1": 0.68889, "auc": 0.94015}
{"epoch": 46, "time_epoch": 26.18535, "eta": 1386.76878, "eta_hours": 0.38521, "loss": 0.09052665, "lr": 0.00060665, "params": 337201, "time_iter": 0.08366, "accuracy": 0.86271, "precision": 0.57378, "recall": 0.86413, "f1": 0.68964, "auc": 0.94012}
{"epoch": 47, "time_epoch": 25.99226, "eta": 1360.41571, "eta_hours": 0.37789, "loss": 0.09033626, "lr": 0.00059044, "params": 337201, "time_iter": 0.08304, "accuracy": 0.86247, "precision": 0.57314, "recall": 0.86528, "f1": 0.68955, "auc": 0.94042}
{"epoch": 48, "time_epoch": 25.44589, "eta": 1333.50869, "eta_hours": 0.37042, "loss": 0.09023484, "lr": 0.00057413, "params": 337201, "time_iter": 0.0813, "accuracy": 0.86309, "precision": 0.57448, "recall": 0.86533, "f1": 0.69053, "auc": 0.94053}
{"epoch": 49, "time_epoch": 25.69058, "eta": 1306.90481, "eta_hours": 0.36303, "loss": 0.09010899, "lr": 0.00055774, "params": 337201, "time_iter": 0.08208, "accuracy": 0.86294, "precision": 0.57414, "recall": 0.86552, "f1": 0.69035, "auc": 0.94067}
{"epoch": 50, "time_epoch": 25.54416, "eta": 1280.19607, "eta_hours": 0.35561, "loss": 0.09000699, "lr": 0.00054129, "params": 337201, "time_iter": 0.08161, "accuracy": 0.86235, "precision": 0.57276, "recall": 0.86658, "f1": 0.68968, "auc": 0.94082}
{"epoch": 51, "time_epoch": 25.80869, "eta": 1253.7763, "eta_hours": 0.34827, "loss": 0.09000002, "lr": 0.00052479, "params": 337201, "time_iter": 0.08246, "accuracy": 0.86311, "precision": 0.57447, "recall": 0.86587, "f1": 0.69069, "auc": 0.94082}
{"epoch": 52, "time_epoch": 25.91438, "eta": 1227.47332, "eta_hours": 0.34096, "loss": 0.08991887, "lr": 0.00050827, "params": 337201, "time_iter": 0.08279, "accuracy": 0.86297, "precision": 0.5741, "recall": 0.86657, "f1": 0.69065, "auc": 0.94095}
{"epoch": 53, "time_epoch": 25.68479, "eta": 1200.98916, "eta_hours": 0.33361, "loss": 0.08978016, "lr": 0.00049173, "params": 337201, "time_iter": 0.08206, "accuracy": 0.86353, "precision": 0.57531, "recall": 0.86649, "f1": 0.6915, "auc": 0.9411}
{"epoch": 54, "time_epoch": 25.74665, "eta": 1174.58467, "eta_hours": 0.32627, "loss": 0.08985395, "lr": 0.00047521, "params": 337201, "time_iter": 0.08226, "accuracy": 0.86301, "precision": 0.57424, "recall": 0.86598, "f1": 0.69056, "auc": 0.94101}
{"epoch": 55, "time_epoch": 26.00602, "eta": 1148.40747, "eta_hours": 0.319, "loss": 0.08955346, "lr": 0.00045871, "params": 337201, "time_iter": 0.08309, "accuracy": 0.86366, "precision": 0.57561, "recall": 0.86637, "f1": 0.69168, "auc": 0.94144}
{"epoch": 56, "time_epoch": 25.9769, "eta": 1122.2143, "eta_hours": 0.31173, "loss": 0.08957608, "lr": 0.00044226, "params": 337201, "time_iter": 0.08299, "accuracy": 0.86334, "precision": 0.57485, "recall": 0.86712, "f1": 0.69136, "auc": 0.94134}
{"epoch": 57, "time_epoch": 25.6692, "eta": 1095.80578, "eta_hours": 0.30439, "loss": 0.08934279, "lr": 0.00042587, "params": 337201, "time_iter": 0.08201, "accuracy": 0.86391, "precision": 0.57604, "recall": 0.86749, "f1": 0.69234, "auc": 0.94174}
{"epoch": 58, "time_epoch": 26.07727, "eta": 1069.7059, "eta_hours": 0.29714, "loss": 0.08930505, "lr": 0.00040956, "params": 337201, "time_iter": 0.08331, "accuracy": 0.86336, "precision": 0.57477, "recall": 0.86834, "f1": 0.6917, "auc": 0.94174}
{"epoch": 59, "time_epoch": 25.61046, "eta": 1043.29556, "eta_hours": 0.2898, "loss": 0.08926784, "lr": 0.00039335, "params": 337201, "time_iter": 0.08182, "accuracy": 0.86314, "precision": 0.57437, "recall": 0.86758, "f1": 0.69117, "auc": 0.94172}
{"epoch": 60, "time_epoch": 25.79127, "eta": 1017.02705, "eta_hours": 0.28251, "loss": 0.0890981, "lr": 0.00037726, "params": 337201, "time_iter": 0.0824, "accuracy": 0.86373, "precision": 0.57562, "recall": 0.86788, "f1": 0.69217, "auc": 0.94199}
{"epoch": 61, "time_epoch": 25.75414, "eta": 990.75117, "eta_hours": 0.27521, "loss": 0.08902311, "lr": 0.0003613, "params": 337201, "time_iter": 0.08228, "accuracy": 0.86315, "precision": 0.57426, "recall": 0.86893, "f1": 0.69151, "auc": 0.9421}
{"epoch": 62, "time_epoch": 25.95995, "eta": 964.61273, "eta_hours": 0.26795, "loss": 0.08889887, "lr": 0.00034549, "params": 337201, "time_iter": 0.08294, "accuracy": 0.86369, "precision": 0.5754, "recall": 0.86908, "f1": 0.69239, "auc": 0.94224}
{"epoch": 63, "time_epoch": 26.29488, "eta": 938.66827, "eta_hours": 0.26074, "loss": 0.08878057, "lr": 0.00032985, "params": 337201, "time_iter": 0.08401, "accuracy": 0.864, "precision": 0.57612, "recall": 0.86859, "f1": 0.69275, "auc": 0.94237}
{"epoch": 64, "time_epoch": 25.91953, "eta": 912.51091, "eta_hours": 0.25348, "loss": 0.0885986, "lr": 0.0003144, "params": 337201, "time_iter": 0.08281, "accuracy": 0.86366, "precision": 0.57526, "recall": 0.86995, "f1": 0.69256, "auc": 0.94261}
{"epoch": 65, "time_epoch": 26.71931, "eta": 886.77276, "eta_hours": 0.24633, "loss": 0.08858973, "lr": 0.00029915, "params": 337201, "time_iter": 0.08537, "accuracy": 0.86444, "precision": 0.57705, "recall": 0.86895, "f1": 0.69354, "auc": 0.94264}
{"epoch": 66, "time_epoch": 26.37829, "eta": 860.83737, "eta_hours": 0.23912, "loss": 0.08848492, "lr": 0.00028412, "params": 337201, "time_iter": 0.08428, "accuracy": 0.86418, "precision": 0.57644, "recall": 0.86938, "f1": 0.69323, "auc": 0.94275}
{"epoch": 67, "time_epoch": 26.46937, "eta": 834.93181, "eta_hours": 0.23193, "loss": 0.08834189, "lr": 0.00026933, "params": 337201, "time_iter": 0.08457, "accuracy": 0.86382, "precision": 0.57555, "recall": 0.87042, "f1": 0.69292, "auc": 0.94293}
{"epoch": 68, "time_epoch": 26.58043, "eta": 809.0598, "eta_hours": 0.22474, "loss": 0.08830492, "lr": 0.00025479, "params": 337201, "time_iter": 0.08492, "accuracy": 0.86374, "precision": 0.57537, "recall": 0.87055, "f1": 0.69283, "auc": 0.94298}
{"epoch": 69, "time_epoch": 26.42685, "eta": 783.10173, "eta_hours": 0.21753, "loss": 0.08809216, "lr": 0.00024052, "params": 337201, "time_iter": 0.08443, "accuracy": 0.86441, "precision": 0.57676, "recall": 0.87106, "f1": 0.694, "auc": 0.94325}
{"epoch": 70, "time_epoch": 26.48982, "eta": 757.15617, "eta_hours": 0.21032, "loss": 0.08805837, "lr": 0.00022653, "params": 337201, "time_iter": 0.08463, "accuracy": 0.86388, "precision": 0.57561, "recall": 0.87125, "f1": 0.69322, "auc": 0.94328}
{"epoch": 71, "time_epoch": 25.72294, "eta": 730.89727, "eta_hours": 0.20303, "loss": 0.08790204, "lr": 0.00021284, "params": 337201, "time_iter": 0.08218, "accuracy": 0.86365, "precision": 0.57506, "recall": 0.87155, "f1": 0.69292, "auc": 0.94343}
{"epoch": 72, "time_epoch": 25.553, "eta": 704.5902, "eta_hours": 0.19572, "loss": 0.08777578, "lr": 0.00019946, "params": 337201, "time_iter": 0.08164, "accuracy": 0.86397, "precision": 0.5757, "recall": 0.87219, "f1": 0.69359, "auc": 0.94365}
{"epoch": 73, "time_epoch": 25.45424, "eta": 678.26881, "eta_hours": 0.18841, "loss": 0.08769718, "lr": 0.00018641, "params": 337201, "time_iter": 0.08132, "accuracy": 0.86444, "precision": 0.57683, "recall": 0.87107, "f1": 0.69405, "auc": 0.94372}
{"epoch": 74, "time_epoch": 25.54441, "eta": 652.0006, "eta_hours": 0.18111, "loss": 0.08766909, "lr": 0.00017371, "params": 337201, "time_iter": 0.08161, "accuracy": 0.86488, "precision": 0.57777, "recall": 0.87108, "f1": 0.69473, "auc": 0.94376}
{"epoch": 75, "time_epoch": 25.60487, "eta": 625.77052, "eta_hours": 0.17383, "loss": 0.08749796, "lr": 0.00016136, "params": 337201, "time_iter": 0.0818, "accuracy": 0.86424, "precision": 0.57627, "recall": 0.87224, "f1": 0.69402, "auc": 0.94399}
{"epoch": 76, "time_epoch": 25.6512, "eta": 599.57053, "eta_hours": 0.16655, "loss": 0.08742616, "lr": 0.00014938, "params": 337201, "time_iter": 0.08195, "accuracy": 0.86434, "precision": 0.57645, "recall": 0.87267, "f1": 0.69429, "auc": 0.94404}
{"epoch": 77, "time_epoch": 26.90253, "eta": 573.73755, "eta_hours": 0.15937, "loss": 0.08728972, "lr": 0.00013779, "params": 337201, "time_iter": 0.08595, "accuracy": 0.86478, "precision": 0.57742, "recall": 0.87232, "f1": 0.69488, "auc": 0.94418}
{"epoch": 78, "time_epoch": 25.72268, "eta": 547.56385, "eta_hours": 0.1521, "loss": 0.08713597, "lr": 0.00012659, "params": 337201, "time_iter": 0.08218, "accuracy": 0.86469, "precision": 0.57719, "recall": 0.87287, "f1": 0.69489, "auc": 0.94442}
{"epoch": 79, "time_epoch": 25.51659, "eta": 521.34992, "eta_hours": 0.14482, "loss": 0.08716377, "lr": 0.0001158, "params": 337201, "time_iter": 0.08152, "accuracy": 0.86458, "precision": 0.57697, "recall": 0.87269, "f1": 0.69467, "auc": 0.94439}
{"epoch": 80, "time_epoch": 25.60649, "eta": 495.17428, "eta_hours": 0.13755, "loss": 0.08699515, "lr": 0.00010543, "params": 337201, "time_iter": 0.08181, "accuracy": 0.86496, "precision": 0.57775, "recall": 0.87303, "f1": 0.69534, "auc": 0.94458}
{"epoch": 81, "time_epoch": 25.93361, "eta": 469.08434, "eta_hours": 0.1303, "loss": 0.08693536, "lr": 9.549e-05, "params": 337201, "time_iter": 0.08285, "accuracy": 0.86476, "precision": 0.57722, "recall": 0.87409, "f1": 0.69529, "auc": 0.94468}
{"epoch": 82, "time_epoch": 25.59598, "eta": 442.92901, "eta_hours": 0.12304, "loss": 0.08690907, "lr": 8.6e-05, "params": 337201, "time_iter": 0.08178, "accuracy": 0.86508, "precision": 0.57797, "recall": 0.87333, "f1": 0.6956, "auc": 0.94464}
{"epoch": 83, "time_epoch": 25.97842, "eta": 416.85984, "eta_hours": 0.11579, "loss": 0.08694727, "lr": 7.695e-05, "params": 337201, "time_iter": 0.083, "accuracy": 0.86505, "precision": 0.57792, "recall": 0.87323, "f1": 0.69553, "auc": 0.94459}
{"epoch": 84, "time_epoch": 25.57709, "eta": 390.72199, "eta_hours": 0.10853, "loss": 0.08680325, "lr": 6.837e-05, "params": 337201, "time_iter": 0.08172, "accuracy": 0.86447, "precision": 0.57665, "recall": 0.87329, "f1": 0.69463, "auc": 0.94474}
{"epoch": 85, "time_epoch": 25.93093, "eta": 364.65477, "eta_hours": 0.10129, "loss": 0.08675955, "lr": 6.026e-05, "params": 337201, "time_iter": 0.08285, "accuracy": 0.86479, "precision": 0.5773, "recall": 0.87387, "f1": 0.69528, "auc": 0.94477}
{"epoch": 86, "time_epoch": 25.53868, "eta": 338.53208, "eta_hours": 0.09404, "loss": 0.0866203, "lr": 5.264e-05, "params": 337201, "time_iter": 0.08159, "accuracy": 0.86514, "precision": 0.5781, "recall": 0.87349, "f1": 0.69574, "auc": 0.94502}
{"epoch": 87, "time_epoch": 25.85575, "eta": 312.4659, "eta_hours": 0.0868, "loss": 0.08655855, "lr": 4.55e-05, "params": 337201, "time_iter": 0.08261, "accuracy": 0.86465, "precision": 0.57687, "recall": 0.87513, "f1": 0.69536, "auc": 0.94507}
{"epoch": 88, "time_epoch": 25.66557, "eta": 286.38095, "eta_hours": 0.07955, "loss": 0.08657856, "lr": 3.886e-05, "params": 337201, "time_iter": 0.082, "accuracy": 0.86461, "precision": 0.57687, "recall": 0.87421, "f1": 0.69508, "auc": 0.94503}
{"epoch": 89, "time_epoch": 25.39093, "eta": 260.27479, "eta_hours": 0.0723, "loss": 0.08645754, "lr": 3.272e-05, "params": 337201, "time_iter": 0.08112, "accuracy": 0.8653, "precision": 0.57837, "recall": 0.87422, "f1": 0.69617, "auc": 0.94521}
{"epoch": 90, "time_epoch": 25.71077, "eta": 234.21599, "eta_hours": 0.06506, "loss": 0.08637135, "lr": 2.709e-05, "params": 337201, "time_iter": 0.08214, "accuracy": 0.86487, "precision": 0.57737, "recall": 0.87494, "f1": 0.69567, "auc": 0.94531}
{"epoch": 91, "time_epoch": 25.45579, "eta": 208.14258, "eta_hours": 0.05782, "loss": 0.0864846, "lr": 2.198e-05, "params": 337201, "time_iter": 0.08133, "accuracy": 0.86496, "precision": 0.5776, "recall": 0.87457, "f1": 0.69572, "auc": 0.94515}
{"epoch": 92, "time_epoch": 25.84417, "eta": 182.11169, "eta_hours": 0.05059, "loss": 0.08632822, "lr": 1.74e-05, "params": 337201, "time_iter": 0.08257, "accuracy": 0.86472, "precision": 0.57699, "recall": 0.87533, "f1": 0.69552, "auc": 0.94535}
{"epoch": 93, "time_epoch": 25.56765, "eta": 156.06712, "eta_hours": 0.04335, "loss": 0.08647829, "lr": 1.334e-05, "params": 337201, "time_iter": 0.08169, "accuracy": 0.86507, "precision": 0.57785, "recall": 0.87427, "f1": 0.69581, "auc": 0.94513}
{"epoch": 94, "time_epoch": 25.76151, "eta": 130.04279, "eta_hours": 0.03612, "loss": 0.0864112, "lr": 9.81e-06, "params": 337201, "time_iter": 0.08231, "accuracy": 0.86448, "precision": 0.57653, "recall": 0.87489, "f1": 0.69505, "auc": 0.94522}
{"epoch": 95, "time_epoch": 25.50627, "eta": 104.0133, "eta_hours": 0.02889, "loss": 0.08639006, "lr": 6.82e-06, "params": 337201, "time_iter": 0.08149, "accuracy": 0.86512, "precision": 0.57795, "recall": 0.87442, "f1": 0.69593, "auc": 0.9453}
{"epoch": 96, "time_epoch": 25.88417, "eta": 78.00629, "eta_hours": 0.02167, "loss": 0.08632797, "lr": 4.37e-06, "params": 337201, "time_iter": 0.0827, "accuracy": 0.86503, "precision": 0.57772, "recall": 0.8748, "f1": 0.69588, "auc": 0.94533}
{"epoch": 97, "time_epoch": 25.60564, "eta": 51.9961, "eta_hours": 0.01444, "loss": 0.08628568, "lr": 2.46e-06, "params": 337201, "time_iter": 0.08181, "accuracy": 0.86497, "precision": 0.57756, "recall": 0.87505, "f1": 0.69584, "auc": 0.94542}
{"epoch": 98, "time_epoch": 25.49176, "eta": 25.99294, "eta_hours": 0.00722, "loss": 0.08633403, "lr": 1.09e-06, "params": 337201, "time_iter": 0.08144, "accuracy": 0.86486, "precision": 0.57737, "recall": 0.87463, "f1": 0.69557, "auc": 0.94533}
{"epoch": 99, "time_epoch": 26.25313, "eta": 0.0, "eta_hours": 0.0, "loss": 0.08631737, "lr": 2.7e-07, "params": 337201, "time_iter": 0.08388, "accuracy": 0.86497, "precision": 0.57756, "recall": 0.87515, "f1": 0.69587, "auc": 0.94535}
