{"epoch": 1241, "time_epoch": 19.56389, "time_epoch_std": 1.57663, "eta": 13158.58221, "eta_std": 5379.40079, "eta_hours": 3.65516, "eta_hours_std": 1.49428, "loss": 0.0253, "loss_std": 0.01117, "lr": 0.00029, "lr_std": 0.00019, "params": 423717.0, "params_std": 0.0, "time_iter": 0.0625, "time_iter_std": 0.00504, "mae": 0.02531, "mae_std": 0.01117, "r2": 0.99931, "r2_std": 0.00089, "spearmanr": 0.99979, "spearmanr_std": 0.0002, "mse": 0.0028, "mse_std": 0.00358, "rmse": 0.04507, "rmse_std": 0.02773}
