{"epoch": 0, "time_epoch": 82.98973, "eta": 8215.98375, "eta_hours": 2.28222, "loss": 1.79694474, "lr": 0.0, "params": 502054, "time_iter": 0.13278, "accuracy": 0.16583, "f1": 0.12216, "auc": 0.49794}
{"epoch": 1, "time_epoch": 80.32761, "eta": 8002.55012, "eta_hours": 2.22293, "loss": 1.66483998, "lr": 0.0002, "params": 502054, "time_iter": 0.12852, "accuracy": 0.3489, "f1": 0.34307, "auc": 0.6895}
{"epoch": 2, "time_epoch": 80.96036, "eta": 7898.31251, "eta_hours": 2.19398, "loss": 1.26590532, "lr": 0.0004, "params": 502054, "time_iter": 0.12954, "accuracy": 0.58117, "f1": 0.5809, "auc": 0.8463}
{"epoch": 3, "time_epoch": 80.13125, "eta": 7785.81493, "eta_hours": 2.16273, "loss": 0.98906197, "lr": 0.0006, "params": 502054, "time_iter": 0.12821, "accuracy": 0.67161, "f1": 0.6716, "auc": 0.9053}
{"epoch": 4, "time_epoch": 80.65629, "eta": 7696.23964, "eta_hours": 2.13784, "loss": 0.88525522, "lr": 0.0008, "params": 502054, "time_iter": 0.12905, "accuracy": 0.69519, "f1": 0.69518, "auc": 0.92358}
{"epoch": 5, "time_epoch": 80.55626, "eta": 7608.07029, "eta_hours": 2.11335, "loss": 0.83003227, "lr": 0.001, "params": 502054, "time_iter": 0.12889, "accuracy": 0.70858, "f1": 0.70858, "auc": 0.93215}
{"epoch": 6, "time_epoch": 80.74106, "eta": 7524.53131, "eta_hours": 2.09015, "loss": 0.78861257, "lr": 0.00099973, "params": 502054, "time_iter": 0.12919, "accuracy": 0.72117, "f1": 0.72117, "auc": 0.93836}
{"epoch": 7, "time_epoch": 80.64088, "eta": 7440.53971, "eta_hours": 2.06682, "loss": 0.76709649, "lr": 0.00099891, "params": 502054, "time_iter": 0.12903, "accuracy": 0.72758, "f1": 0.72758, "auc": 0.94142}
{"epoch": 8, "time_epoch": 80.60218, "eta": 7356.90141, "eta_hours": 2.04358, "loss": 0.75063731, "lr": 0.00099754, "params": 502054, "time_iter": 0.12896, "accuracy": 0.73225, "f1": 0.73225, "auc": 0.94388}
{"epoch": 9, "time_epoch": 80.72214, "eta": 7274.94996, "eta_hours": 2.02082, "loss": 0.73931357, "lr": 0.00099563, "params": 502054, "time_iter": 0.12916, "accuracy": 0.73574, "f1": 0.73574, "auc": 0.94544}
{"epoch": 10, "time_epoch": 80.49329, "eta": 7191.37039, "eta_hours": 1.9976, "loss": 0.72595243, "lr": 0.00099318, "params": 502054, "time_iter": 0.12879, "accuracy": 0.74111, "f1": 0.74111, "auc": 0.9473}
{"epoch": 11, "time_epoch": 80.52359, "eta": 7108.52742, "eta_hours": 1.97459, "loss": 0.72393464, "lr": 0.00099019, "params": 502054, "time_iter": 0.12884, "accuracy": 0.74256, "f1": 0.74256, "auc": 0.94752}
{"epoch": 12, "time_epoch": 80.63007, "eta": 7026.75385, "eta_hours": 1.95188, "loss": 0.71581054, "lr": 0.00098666, "params": 502054, "time_iter": 0.12901, "accuracy": 0.74426, "f1": 0.74426, "auc": 0.94873}
{"epoch": 13, "time_epoch": 80.52993, "eta": 6944.52854, "eta_hours": 1.92904, "loss": 0.71040785, "lr": 0.0009826, "params": 502054, "time_iter": 0.12885, "accuracy": 0.74617, "f1": 0.74617, "auc": 0.94948}
{"epoch": 14, "time_epoch": 80.68519, "eta": 6863.40906, "eta_hours": 1.9065, "loss": 0.7026269, "lr": 0.00097802, "params": 502054, "time_iter": 0.1291, "accuracy": 0.74897, "f1": 0.74897, "auc": 0.95056}
{"epoch": 15, "time_epoch": 80.85421, "eta": 6783.23123, "eta_hours": 1.88423, "loss": 0.69979738, "lr": 0.00097291, "params": 502054, "time_iter": 0.12937, "accuracy": 0.74923, "f1": 0.74923, "auc": 0.95096}
{"epoch": 16, "time_epoch": 80.40609, "eta": 6700.78595, "eta_hours": 1.86133, "loss": 0.69131408, "lr": 0.00096728, "params": 502054, "time_iter": 0.12865, "accuracy": 0.75298, "f1": 0.75298, "auc": 0.95211}
{"epoch": 17, "time_epoch": 80.67741, "eta": 6619.80326, "eta_hours": 1.83883, "loss": 0.68745349, "lr": 0.00096114, "params": 502054, "time_iter": 0.12908, "accuracy": 0.75387, "f1": 0.75387, "auc": 0.95266}
{"epoch": 18, "time_epoch": 80.62422, "eta": 6538.62595, "eta_hours": 1.81628, "loss": 0.68377727, "lr": 0.0009545, "params": 502054, "time_iter": 0.129, "accuracy": 0.75497, "f1": 0.75497, "auc": 0.95315}
{"epoch": 19, "time_epoch": 80.69906, "eta": 6457.8033, "eta_hours": 1.79383, "loss": 0.68270167, "lr": 0.00094736, "params": 502054, "time_iter": 0.12912, "accuracy": 0.75587, "f1": 0.75587, "auc": 0.9533}
{"epoch": 20, "time_epoch": 80.91943, "eta": 6377.82143, "eta_hours": 1.77162, "loss": 0.67836394, "lr": 0.00093974, "params": 502054, "time_iter": 0.12947, "accuracy": 0.75735, "f1": 0.75734, "auc": 0.95387}
{"epoch": 21, "time_epoch": 80.81595, "eta": 6297.38744, "eta_hours": 1.74927, "loss": 0.67379613, "lr": 0.00093163, "params": 502054, "time_iter": 0.12931, "accuracy": 0.75882, "f1": 0.75882, "auc": 0.95451}
{"epoch": 22, "time_epoch": 80.62834, "eta": 6216.29216, "eta_hours": 1.72675, "loss": 0.67251771, "lr": 0.00092305, "params": 502054, "time_iter": 0.12901, "accuracy": 0.75884, "f1": 0.75884, "auc": 0.95467}
{"epoch": 23, "time_epoch": 80.4724, "eta": 6134.74198, "eta_hours": 1.70409, "loss": 0.66779611, "lr": 0.000914, "params": 502054, "time_iter": 0.12876, "accuracy": 0.76065, "f1": 0.76065, "auc": 0.95532}
{"epoch": 24, "time_epoch": 80.68767, "eta": 6053.92384, "eta_hours": 1.68165, "loss": 0.66424926, "lr": 0.00090451, "params": 502054, "time_iter": 0.1291, "accuracy": 0.76198, "f1": 0.76198, "auc": 0.95577}
{"epoch": 25, "time_epoch": 81.08606, "eta": 5974.24962, "eta_hours": 1.65951, "loss": 0.66095683, "lr": 0.00089457, "params": 502054, "time_iter": 0.12974, "accuracy": 0.76313, "f1": 0.76313, "auc": 0.95623}
{"epoch": 26, "time_epoch": 80.38463, "eta": 5892.57434, "eta_hours": 1.63683, "loss": 0.65846597, "lr": 0.0008842, "params": 502054, "time_iter": 0.12862, "accuracy": 0.76368, "f1": 0.76367, "auc": 0.95654}
{"epoch": 27, "time_epoch": 80.05884, "eta": 5810.15351, "eta_hours": 1.61393, "loss": 0.65411815, "lr": 0.00087341, "params": 502054, "time_iter": 0.12809, "accuracy": 0.76526, "f1": 0.76526, "auc": 0.95713}
{"epoch": 28, "time_epoch": 80.78558, "eta": 5729.67483, "eta_hours": 1.59158, "loss": 0.64957961, "lr": 0.00086221, "params": 502054, "time_iter": 0.12926, "accuracy": 0.76675, "f1": 0.76674, "auc": 0.95771}
{"epoch": 29, "time_epoch": 80.67487, "eta": 5648.91738, "eta_hours": 1.56914, "loss": 0.65015827, "lr": 0.00085062, "params": 502054, "time_iter": 0.12908, "accuracy": 0.76648, "f1": 0.76648, "auc": 0.95765}
{"epoch": 30, "time_epoch": 80.73115, "eta": 5568.29053, "eta_hours": 1.54675, "loss": 0.64586457, "lr": 0.00083864, "params": 502054, "time_iter": 0.12917, "accuracy": 0.76757, "f1": 0.76757, "auc": 0.95822}
{"epoch": 31, "time_epoch": 80.60723, "eta": 5487.39383, "eta_hours": 1.52428, "loss": 0.64076169, "lr": 0.00082629, "params": 502054, "time_iter": 0.12897, "accuracy": 0.76961, "f1": 0.76961, "auc": 0.95888}
{"epoch": 32, "time_epoch": 80.79583, "eta": 5406.89758, "eta_hours": 1.50192, "loss": 0.63891422, "lr": 0.00081359, "params": 502054, "time_iter": 0.12927, "accuracy": 0.77036, "f1": 0.77036, "auc": 0.95906}
{"epoch": 33, "time_epoch": 80.61477, "eta": 5326.03224, "eta_hours": 1.47945, "loss": 0.63623781, "lr": 0.00080054, "params": 502054, "time_iter": 0.12898, "accuracy": 0.77166, "f1": 0.77166, "auc": 0.95944}
{"epoch": 34, "time_epoch": 80.62737, "eta": 5245.20463, "eta_hours": 1.457, "loss": 0.63284283, "lr": 0.00078716, "params": 502054, "time_iter": 0.129, "accuracy": 0.77275, "f1": 0.77275, "auc": 0.95988}
{"epoch": 35, "time_epoch": 80.80825, "eta": 5164.70969, "eta_hours": 1.43464, "loss": 0.63047591, "lr": 0.00077347, "params": 502054, "time_iter": 0.12929, "accuracy": 0.77331, "f1": 0.7733, "auc": 0.96017}
{"epoch": 36, "time_epoch": 80.83025, "eta": 5084.23529, "eta_hours": 1.41229, "loss": 0.62984367, "lr": 0.00075948, "params": 502054, "time_iter": 0.12933, "accuracy": 0.77338, "f1": 0.77338, "auc": 0.96024}
{"epoch": 37, "time_epoch": 80.64168, "eta": 5003.43448, "eta_hours": 1.38984, "loss": 0.6275287, "lr": 0.00074521, "params": 502054, "time_iter": 0.12903, "accuracy": 0.77414, "f1": 0.77414, "auc": 0.96054}
{"epoch": 38, "time_epoch": 80.8467, "eta": 4922.96251, "eta_hours": 1.36749, "loss": 0.62334178, "lr": 0.00073067, "params": 502054, "time_iter": 0.12935, "accuracy": 0.77569, "f1": 0.77568, "auc": 0.96107}
{"epoch": 39, "time_epoch": 80.78576, "eta": 4842.38039, "eta_hours": 1.34511, "loss": 0.62031096, "lr": 0.00071588, "params": 502054, "time_iter": 0.12926, "accuracy": 0.77675, "f1": 0.77675, "auc": 0.96145}
{"epoch": 40, "time_epoch": 80.72461, "eta": 4761.70034, "eta_hours": 1.32269, "loss": 0.61649286, "lr": 0.00070085, "params": 502054, "time_iter": 0.12916, "accuracy": 0.77788, "f1": 0.77788, "auc": 0.96193}
{"epoch": 41, "time_epoch": 81.2865, "eta": 4681.79411, "eta_hours": 1.3005, "loss": 0.61140123, "lr": 0.0006856, "params": 502054, "time_iter": 0.13006, "accuracy": 0.77929, "f1": 0.77929, "auc": 0.96256}
{"epoch": 42, "time_epoch": 81.38787, "eta": 4601.95806, "eta_hours": 1.27832, "loss": 0.61266659, "lr": 0.00067015, "params": 502054, "time_iter": 0.13022, "accuracy": 0.77942, "f1": 0.77941, "auc": 0.96239}
{"epoch": 43, "time_epoch": 81.49222, "eta": 4522.18428, "eta_hours": 1.25616, "loss": 0.60958524, "lr": 0.00065451, "params": 502054, "time_iter": 0.13039, "accuracy": 0.78015, "f1": 0.78015, "auc": 0.96278}
{"epoch": 44, "time_epoch": 81.89018, "eta": 4442.82052, "eta_hours": 1.23412, "loss": 0.60559779, "lr": 0.0006387, "params": 502054, "time_iter": 0.13102, "accuracy": 0.78146, "f1": 0.78146, "auc": 0.96326}
{"epoch": 45, "time_epoch": 81.4611, "eta": 4362.84321, "eta_hours": 1.2119, "loss": 0.60394018, "lr": 0.00062274, "params": 502054, "time_iter": 0.13034, "accuracy": 0.78275, "f1": 0.78275, "auc": 0.96345}
{"epoch": 46, "time_epoch": 81.56459, "eta": 4282.91947, "eta_hours": 1.1897, "loss": 0.60269796, "lr": 0.00060665, "params": 502054, "time_iter": 0.1305, "accuracy": 0.78306, "f1": 0.78306, "auc": 0.96361}
{"epoch": 47, "time_epoch": 82.58341, "eta": 4204.03108, "eta_hours": 1.16779, "loss": 0.59818491, "lr": 0.00059044, "params": 502054, "time_iter": 0.13213, "accuracy": 0.78453, "f1": 0.78453, "auc": 0.96416}
{"epoch": 48, "time_epoch": 82.37843, "eta": 4124.77853, "eta_hours": 1.14577, "loss": 0.59470986, "lr": 0.00057413, "params": 502054, "time_iter": 0.13181, "accuracy": 0.7859, "f1": 0.7859, "auc": 0.96455}
{"epoch": 49, "time_epoch": 82.73141, "eta": 4045.75391, "eta_hours": 1.12382, "loss": 0.59424986, "lr": 0.00055774, "params": 502054, "time_iter": 0.13237, "accuracy": 0.78549, "f1": 0.78549, "auc": 0.96464}
{"epoch": 50, "time_epoch": 82.38777, "eta": 3966.25378, "eta_hours": 1.10174, "loss": 0.59015099, "lr": 0.00054129, "params": 502054, "time_iter": 0.13182, "accuracy": 0.78708, "f1": 0.78708, "auc": 0.96512}
{"epoch": 51, "time_epoch": 82.37573, "eta": 3886.63146, "eta_hours": 1.07962, "loss": 0.58735329, "lr": 0.00052479, "params": 502054, "time_iter": 0.1318, "accuracy": 0.78782, "f1": 0.78782, "auc": 0.96547}
{"epoch": 52, "time_epoch": 82.18223, "eta": 3806.73365, "eta_hours": 1.05743, "loss": 0.58371696, "lr": 0.00050827, "params": 502054, "time_iter": 0.13149, "accuracy": 0.78963, "f1": 0.78963, "auc": 0.96589}
{"epoch": 53, "time_epoch": 81.07059, "eta": 3725.80428, "eta_hours": 1.03495, "loss": 0.58153991, "lr": 0.00049173, "params": 502054, "time_iter": 0.12971, "accuracy": 0.79021, "f1": 0.79021, "auc": 0.96613}
{"epoch": 54, "time_epoch": 80.69927, "eta": 3644.56596, "eta_hours": 1.01238, "loss": 0.58051599, "lr": 0.00047521, "params": 502054, "time_iter": 0.12912, "accuracy": 0.79041, "f1": 0.79041, "auc": 0.96626}
{"epoch": 55, "time_epoch": 81.67031, "eta": 3564.10986, "eta_hours": 0.99003, "loss": 0.5769843, "lr": 0.00045871, "params": 502054, "time_iter": 0.13067, "accuracy": 0.79169, "f1": 0.79169, "auc": 0.96667}
{"epoch": 56, "time_epoch": 81.84434, "eta": 3483.74244, "eta_hours": 0.96771, "loss": 0.5720617, "lr": 0.00044226, "params": 502054, "time_iter": 0.13095, "accuracy": 0.79361, "f1": 0.79361, "auc": 0.96722}
{"epoch": 57, "time_epoch": 81.91896, "eta": 3403.37812, "eta_hours": 0.94538, "loss": 0.57262524, "lr": 0.00042587, "params": 502054, "time_iter": 0.13107, "accuracy": 0.79306, "f1": 0.79306, "auc": 0.96717}
{"epoch": 58, "time_epoch": 81.96276, "eta": 3322.99155, "eta_hours": 0.92305, "loss": 0.56963219, "lr": 0.00040956, "params": 502054, "time_iter": 0.13114, "accuracy": 0.79447, "f1": 0.79447, "auc": 0.9675}
{"epoch": 59, "time_epoch": 83.83233, "eta": 3243.79881, "eta_hours": 0.90106, "loss": 0.56495494, "lr": 0.00039335, "params": 502054, "time_iter": 0.13413, "accuracy": 0.79626, "f1": 0.79625, "auc": 0.96804}
{"epoch": 60, "time_epoch": 83.43175, "eta": 3164.19784, "eta_hours": 0.87894, "loss": 0.56441414, "lr": 0.00037726, "params": 502054, "time_iter": 0.13349, "accuracy": 0.79616, "f1": 0.79616, "auc": 0.96811}
{"epoch": 61, "time_epoch": 82.71234, "eta": 3084.03238, "eta_hours": 0.85668, "loss": 0.56369613, "lr": 0.0003613, "params": 502054, "time_iter": 0.13234, "accuracy": 0.79659, "f1": 0.79659, "auc": 0.96817}
{"epoch": 62, "time_epoch": 80.4326, "eta": 3002.44717, "eta_hours": 0.83401, "loss": 0.55928846, "lr": 0.00034549, "params": 502054, "time_iter": 0.12869, "accuracy": 0.79778, "f1": 0.79778, "auc": 0.96869}
{"epoch": 63, "time_epoch": 80.77121, "eta": 2921.08844, "eta_hours": 0.81141, "loss": 0.5548771, "lr": 0.00032985, "params": 502054, "time_iter": 0.12923, "accuracy": 0.79968, "f1": 0.79968, "auc": 0.96917}
{"epoch": 64, "time_epoch": 81.09415, "eta": 2839.92168, "eta_hours": 0.78887, "loss": 0.55536058, "lr": 0.0003144, "params": 502054, "time_iter": 0.12975, "accuracy": 0.79932, "f1": 0.79932, "auc": 0.96912}
{"epoch": 65, "time_epoch": 80.7635, "eta": 2758.58679, "eta_hours": 0.76627, "loss": 0.5524123, "lr": 0.00029915, "params": 502054, "time_iter": 0.12922, "accuracy": 0.80062, "f1": 0.80062, "auc": 0.96944}
{"epoch": 66, "time_epoch": 80.84867, "eta": 2677.31091, "eta_hours": 0.7437, "loss": 0.54888201, "lr": 0.00028412, "params": 502054, "time_iter": 0.12936, "accuracy": 0.80141, "f1": 0.80141, "auc": 0.96984}
{"epoch": 67, "time_epoch": 80.90705, "eta": 2596.07505, "eta_hours": 0.72113, "loss": 0.5486305, "lr": 0.00026933, "params": 502054, "time_iter": 0.12945, "accuracy": 0.80171, "f1": 0.80171, "auc": 0.96985}
{"epoch": 68, "time_epoch": 81.03693, "eta": 2514.90709, "eta_hours": 0.69859, "loss": 0.54697982, "lr": 0.00025479, "params": 502054, "time_iter": 0.12966, "accuracy": 0.80246, "f1": 0.80246, "auc": 0.97005}
{"epoch": 69, "time_epoch": 80.86597, "eta": 2433.6696, "eta_hours": 0.67602, "loss": 0.54378642, "lr": 0.00024052, "params": 502054, "time_iter": 0.12939, "accuracy": 0.80387, "f1": 0.80387, "auc": 0.97038}
{"epoch": 70, "time_epoch": 80.89772, "eta": 2352.45554, "eta_hours": 0.65346, "loss": 0.5422335, "lr": 0.00022653, "params": 502054, "time_iter": 0.12944, "accuracy": 0.8041, "f1": 0.8041, "auc": 0.97055}
{"epoch": 71, "time_epoch": 80.88553, "eta": 2271.24553, "eta_hours": 0.6309, "loss": 0.53987701, "lr": 0.00021284, "params": 502054, "time_iter": 0.12942, "accuracy": 0.80447, "f1": 0.80448, "auc": 0.97084}
{"epoch": 72, "time_epoch": 80.76239, "eta": 2189.99886, "eta_hours": 0.60833, "loss": 0.53754426, "lr": 0.00019946, "params": 502054, "time_iter": 0.12922, "accuracy": 0.80538, "f1": 0.80538, "auc": 0.97108}
{"epoch": 73, "time_epoch": 80.54827, "eta": 2108.69005, "eta_hours": 0.58575, "loss": 0.53529069, "lr": 0.00018641, "params": 502054, "time_iter": 0.12888, "accuracy": 0.80635, "f1": 0.80635, "auc": 0.97133}
{"epoch": 74, "time_epoch": 81.03137, "eta": 2027.56256, "eta_hours": 0.56321, "loss": 0.53426658, "lr": 0.00017371, "params": 502054, "time_iter": 0.12965, "accuracy": 0.80697, "f1": 0.80697, "auc": 0.97142}
{"epoch": 75, "time_epoch": 80.94914, "eta": 1946.41162, "eta_hours": 0.54067, "loss": 0.53303209, "lr": 0.00016136, "params": 502054, "time_iter": 0.12952, "accuracy": 0.80694, "f1": 0.80694, "auc": 0.97155}
{"epoch": 76, "time_epoch": 80.5899, "eta": 1865.15863, "eta_hours": 0.5181, "loss": 0.53114054, "lr": 0.00014938, "params": 502054, "time_iter": 0.12894, "accuracy": 0.80801, "f1": 0.80801, "auc": 0.97176}
{"epoch": 77, "time_epoch": 80.99904, "eta": 1784.03803, "eta_hours": 0.49557, "loss": 0.53072192, "lr": 0.00013779, "params": 502054, "time_iter": 0.1296, "accuracy": 0.80817, "f1": 0.80817, "auc": 0.9718}
{"epoch": 78, "time_epoch": 80.90749, "eta": 1702.89618, "eta_hours": 0.47303, "loss": 0.52752412, "lr": 0.00012659, "params": 502054, "time_iter": 0.12945, "accuracy": 0.80919, "f1": 0.80919, "auc": 0.97215}
{"epoch": 79, "time_epoch": 80.50564, "eta": 1621.65972, "eta_hours": 0.45046, "loss": 0.52704233, "lr": 0.0001158, "params": 502054, "time_iter": 0.12881, "accuracy": 0.80951, "f1": 0.8095, "auc": 0.9722}
{"epoch": 80, "time_epoch": 80.87267, "eta": 1540.5274, "eta_hours": 0.42792, "loss": 0.52744806, "lr": 0.00010543, "params": 502054, "time_iter": 0.1294, "accuracy": 0.80925, "f1": 0.80925, "auc": 0.97216}
{"epoch": 81, "time_epoch": 80.70432, "eta": 1459.36446, "eta_hours": 0.40538, "loss": 0.52461829, "lr": 9.549e-05, "params": 502054, "time_iter": 0.12913, "accuracy": 0.81057, "f1": 0.81057, "auc": 0.97245}
{"epoch": 82, "time_epoch": 80.90574, "eta": 1378.25382, "eta_hours": 0.38285, "loss": 0.52288893, "lr": 8.6e-05, "params": 502054, "time_iter": 0.12945, "accuracy": 0.8111, "f1": 0.8111, "auc": 0.97263}
{"epoch": 83, "time_epoch": 80.49351, "eta": 1297.06954, "eta_hours": 0.3603, "loss": 0.52149598, "lr": 7.695e-05, "params": 502054, "time_iter": 0.12879, "accuracy": 0.81096, "f1": 0.81096, "auc": 0.97278}
{"epoch": 84, "time_epoch": 80.62918, "eta": 1215.92546, "eta_hours": 0.33776, "loss": 0.52101251, "lr": 6.837e-05, "params": 502054, "time_iter": 0.12901, "accuracy": 0.81105, "f1": 0.81105, "auc": 0.97284}
{"epoch": 85, "time_epoch": 80.59345, "eta": 1134.78754, "eta_hours": 0.31522, "loss": 0.52179454, "lr": 6.026e-05, "params": 502054, "time_iter": 0.12895, "accuracy": 0.81113, "f1": 0.81113, "auc": 0.97274}
{"epoch": 86, "time_epoch": 80.50658, "eta": 1053.64915, "eta_hours": 0.29268, "loss": 0.52020111, "lr": 5.264e-05, "params": 502054, "time_iter": 0.12881, "accuracy": 0.81188, "f1": 0.81188, "auc": 0.97291}
{"epoch": 87, "time_epoch": 80.54539, "eta": 972.53041, "eta_hours": 0.27015, "loss": 0.51947872, "lr": 4.55e-05, "params": 502054, "time_iter": 0.12887, "accuracy": 0.81183, "f1": 0.81183, "auc": 0.97298}
{"epoch": 88, "time_epoch": 80.83223, "eta": 891.46001, "eta_hours": 0.24763, "loss": 0.51699625, "lr": 3.886e-05, "params": 502054, "time_iter": 0.12933, "accuracy": 0.81336, "f1": 0.81337, "auc": 0.97324}
{"epoch": 89, "time_epoch": 80.43599, "eta": 810.35088, "eta_hours": 0.2251, "loss": 0.51864706, "lr": 3.272e-05, "params": 502054, "time_iter": 0.1287, "accuracy": 0.81292, "f1": 0.81292, "auc": 0.97307}
{"epoch": 90, "time_epoch": 80.92047, "eta": 729.30446, "eta_hours": 0.20258, "loss": 0.51831778, "lr": 2.709e-05, "params": 502054, "time_iter": 0.12947, "accuracy": 0.81255, "f1": 0.81255, "auc": 0.9731}
{"epoch": 91, "time_epoch": 80.64406, "eta": 648.23674, "eta_hours": 0.18007, "loss": 0.51694523, "lr": 2.198e-05, "params": 502054, "time_iter": 0.12903, "accuracy": 0.8133, "f1": 0.8133, "auc": 0.97325}
{"epoch": 92, "time_epoch": 80.69928, "eta": 567.18228, "eta_hours": 0.15755, "loss": 0.51807108, "lr": 1.74e-05, "params": 502054, "time_iter": 0.12912, "accuracy": 0.81269, "f1": 0.81269, "auc": 0.97313}
{"epoch": 93, "time_epoch": 80.80067, "eta": 486.14186, "eta_hours": 0.13504, "loss": 0.51536617, "lr": 1.334e-05, "params": 502054, "time_iter": 0.12928, "accuracy": 0.81404, "f1": 0.81404, "auc": 0.97341}
{"epoch": 94, "time_epoch": 80.639, "eta": 405.09797, "eta_hours": 0.11253, "loss": 0.51646226, "lr": 9.81e-06, "params": 502054, "time_iter": 0.12902, "accuracy": 0.81344, "f1": 0.81344, "auc": 0.97329}
{"epoch": 95, "time_epoch": 80.73876, "eta": 324.06667, "eta_hours": 0.09002, "loss": 0.51398958, "lr": 6.82e-06, "params": 502054, "time_iter": 0.12918, "accuracy": 0.81416, "f1": 0.81416, "auc": 0.97356}
{"epoch": 96, "time_epoch": 80.88298, "eta": 243.04587, "eta_hours": 0.06751, "loss": 0.51465713, "lr": 4.37e-06, "params": 502054, "time_iter": 0.12941, "accuracy": 0.81368, "f1": 0.81368, "auc": 0.9735}
{"epoch": 97, "time_epoch": 80.76395, "eta": 162.02545, "eta_hours": 0.04501, "loss": 0.51561386, "lr": 2.46e-06, "params": 502054, "time_iter": 0.12922, "accuracy": 0.81356, "f1": 0.81356, "auc": 0.97339}
{"epoch": 98, "time_epoch": 80.99528, "eta": 81.01255, "eta_hours": 0.0225, "loss": 0.51629167, "lr": 1.09e-06, "params": 502054, "time_iter": 0.12959, "accuracy": 0.81302, "f1": 0.81302, "auc": 0.97332}
{"epoch": 99, "time_epoch": 80.93241, "eta": 0.0, "eta_hours": 0.0, "loss": 0.51493132, "lr": 2.7e-07, "params": 502054, "time_iter": 0.12949, "accuracy": 0.81342, "f1": 0.81342, "auc": 0.97345}
