{"epoch": 0, "time_epoch": 83.0104, "eta": 8218.02972, "eta_hours": 2.28279, "loss": 1.7953263, "lr": 0.0, "params": 502054, "time_iter": 0.13282, "accuracy": 0.16718, "f1": 0.12087, "auc": 0.50062}
{"epoch": 1, "time_epoch": 82.11585, "eta": 8091.18639, "eta_hours": 2.24755, "loss": 1.71241277, "lr": 0.0002, "params": 502054, "time_iter": 0.13139, "accuracy": 0.30148, "f1": 0.28874, "auc": 0.6445}
{"epoch": 2, "time_epoch": 82.74756, "eta": 8014.58659, "eta_hours": 2.22627, "loss": 1.39031701, "lr": 0.0004, "params": 502054, "time_iter": 0.1324, "accuracy": 0.514, "f1": 0.51216, "auc": 0.80687}
{"epoch": 3, "time_epoch": 81.60034, "eta": 7907.37956, "eta_hours": 2.19649, "loss": 1.12998098, "lr": 0.0006, "params": 502054, "time_iter": 0.13056, "accuracy": 0.6107, "f1": 0.61053, "auc": 0.87357}
{"epoch": 4, "time_epoch": 82.21833, "eta": 7822.15719, "eta_hours": 2.17282, "loss": 0.98653896, "lr": 0.0008, "params": 502054, "time_iter": 0.13155, "accuracy": 0.6567, "f1": 0.65668, "auc": 0.90386}
{"epoch": 5, "time_epoch": 81.27215, "eta": 7723.1126, "eta_hours": 2.14531, "loss": 0.90019393, "lr": 0.001, "params": 502054, "time_iter": 0.13004, "accuracy": 0.68504, "f1": 0.68504, "auc": 0.9196}
{"epoch": 6, "time_epoch": 80.84488, "eta": 7623.4693, "eta_hours": 2.11763, "loss": 0.84422858, "lr": 0.00099973, "params": 502054, "time_iter": 0.12935, "accuracy": 0.70332, "f1": 0.70332, "auc": 0.92899}
{"epoch": 7, "time_epoch": 81.54661, "eta": 7536.59551, "eta_hours": 2.0935, "loss": 0.8142488, "lr": 0.00099891, "params": 502054, "time_iter": 0.13047, "accuracy": 0.71344, "f1": 0.71344, "auc": 0.93374}
{"epoch": 8, "time_epoch": 81.27439, "eta": 7448.15302, "eta_hours": 2.06893, "loss": 0.79573595, "lr": 0.00099754, "params": 502054, "time_iter": 0.13004, "accuracy": 0.71906, "f1": 0.71906, "auc": 0.9366}
{"epoch": 9, "time_epoch": 81.28418, "eta": 7361.23232, "eta_hours": 2.04479, "loss": 0.77993219, "lr": 0.00099563, "params": 502054, "time_iter": 0.13005, "accuracy": 0.72379, "f1": 0.72379, "auc": 0.9391}
{"epoch": 10, "time_epoch": 81.41855, "eta": 7276.42361, "eta_hours": 2.02123, "loss": 0.76562716, "lr": 0.00099318, "params": 502054, "time_iter": 0.13027, "accuracy": 0.72832, "f1": 0.72832, "auc": 0.94127}
{"epoch": 11, "time_epoch": 81.63508, "eta": 7193.76777, "eta_hours": 1.99827, "loss": 0.75779731, "lr": 0.00099019, "params": 502054, "time_iter": 0.13062, "accuracy": 0.73051, "f1": 0.73051, "auc": 0.94245}
{"epoch": 12, "time_epoch": 82.1682, "eta": 7114.8368, "eta_hours": 1.97634, "loss": 0.7491901, "lr": 0.00098666, "params": 502054, "time_iter": 0.13147, "accuracy": 0.73337, "f1": 0.73337, "auc": 0.94375}
{"epoch": 13, "time_epoch": 81.24087, "eta": 7029.74692, "eta_hours": 1.95271, "loss": 0.73876273, "lr": 0.0009826, "params": 502054, "time_iter": 0.12999, "accuracy": 0.73716, "f1": 0.73716, "auc": 0.94527}
{"epoch": 14, "time_epoch": 81.53161, "eta": 6946.81774, "eta_hours": 1.92967, "loss": 0.73432128, "lr": 0.00097802, "params": 502054, "time_iter": 0.13045, "accuracy": 0.73897, "f1": 0.73898, "auc": 0.94589}
{"epoch": 15, "time_epoch": 81.01356, "eta": 6861.34352, "eta_hours": 1.90593, "loss": 0.72461223, "lr": 0.00097291, "params": 502054, "time_iter": 0.12962, "accuracy": 0.74125, "f1": 0.74125, "auc": 0.94736}
{"epoch": 16, "time_epoch": 80.93899, "eta": 6776.03002, "eta_hours": 1.88223, "loss": 0.71686892, "lr": 0.00096728, "params": 502054, "time_iter": 0.1295, "accuracy": 0.74348, "f1": 0.74348, "auc": 0.9485}
{"epoch": 17, "time_epoch": 81.6982, "eta": 6694.66118, "eta_hours": 1.85963, "loss": 0.70953204, "lr": 0.00096114, "params": 502054, "time_iter": 0.13072, "accuracy": 0.74653, "f1": 0.74653, "auc": 0.94952}
{"epoch": 18, "time_epoch": 81.12073, "eta": 6610.79584, "eta_hours": 1.83633, "loss": 0.70463381, "lr": 0.0009545, "params": 502054, "time_iter": 0.12979, "accuracy": 0.74868, "f1": 0.74868, "auc": 0.9502}
{"epoch": 19, "time_epoch": 81.28192, "eta": 6527.8497, "eta_hours": 1.81329, "loss": 0.70136834, "lr": 0.00094736, "params": 502054, "time_iter": 0.13005, "accuracy": 0.74921, "f1": 0.74921, "auc": 0.95067}
{"epoch": 20, "time_epoch": 81.11046, "eta": 6444.41704, "eta_hours": 1.79012, "loss": 0.69653281, "lr": 0.00093974, "params": 502054, "time_iter": 0.12978, "accuracy": 0.75065, "f1": 0.75065, "auc": 0.95136}
{"epoch": 21, "time_epoch": 80.14213, "eta": 6357.76234, "eta_hours": 1.76605, "loss": 0.69151062, "lr": 0.00093163, "params": 502054, "time_iter": 0.12823, "accuracy": 0.75269, "f1": 0.75269, "auc": 0.95204}
{"epoch": 22, "time_epoch": 80.56736, "eta": 6273.09752, "eta_hours": 1.74253, "loss": 0.68820707, "lr": 0.00092305, "params": 502054, "time_iter": 0.12891, "accuracy": 0.75322, "f1": 0.75322, "auc": 0.95253}
{"epoch": 23, "time_epoch": 80.73632, "eta": 6189.30921, "eta_hours": 1.71925, "loss": 0.6817614, "lr": 0.000914, "params": 502054, "time_iter": 0.12918, "accuracy": 0.75566, "f1": 0.75566, "auc": 0.95343}
{"epoch": 24, "time_epoch": 81.69307, "eta": 6108.63529, "eta_hours": 1.69684, "loss": 0.67665728, "lr": 0.00090451, "params": 502054, "time_iter": 0.13071, "accuracy": 0.7567, "f1": 0.7567, "auc": 0.95413}
{"epoch": 25, "time_epoch": 84.48788, "eta": 6035.83745, "eta_hours": 1.67662, "loss": 0.67590682, "lr": 0.00089457, "params": 502054, "time_iter": 0.13518, "accuracy": 0.75739, "f1": 0.75739, "auc": 0.95423}
{"epoch": 26, "time_epoch": 84.44342, "eta": 5962.05348, "eta_hours": 1.65613, "loss": 0.67292885, "lr": 0.0008842, "params": 502054, "time_iter": 0.13511, "accuracy": 0.75839, "f1": 0.75839, "auc": 0.95462}
{"epoch": 27, "time_epoch": 82.17564, "eta": 5881.67667, "eta_hours": 1.6338, "loss": 0.67109825, "lr": 0.00087341, "params": 502054, "time_iter": 0.13148, "accuracy": 0.75904, "f1": 0.75904, "auc": 0.95487}
{"epoch": 28, "time_epoch": 81.29642, "eta": 5799.02323, "eta_hours": 1.61084, "loss": 0.66673594, "lr": 0.00086221, "params": 502054, "time_iter": 0.13007, "accuracy": 0.76033, "f1": 0.76033, "auc": 0.95545}
{"epoch": 29, "time_epoch": 81.94151, "eta": 5717.96547, "eta_hours": 1.58832, "loss": 0.66453934, "lr": 0.00085062, "params": 502054, "time_iter": 0.13111, "accuracy": 0.76136, "f1": 0.76136, "auc": 0.95573}
{"epoch": 30, "time_epoch": 81.92885, "eta": 5636.82251, "eta_hours": 1.56578, "loss": 0.66262646, "lr": 0.00083864, "params": 502054, "time_iter": 0.13109, "accuracy": 0.76119, "f1": 0.76119, "auc": 0.95602}
{"epoch": 31, "time_epoch": 82.34913, "eta": 5556.52353, "eta_hours": 1.54348, "loss": 0.65809126, "lr": 0.00082629, "params": 502054, "time_iter": 0.13176, "accuracy": 0.76339, "f1": 0.76339, "auc": 0.95661}
{"epoch": 32, "time_epoch": 81.594, "eta": 5474.56717, "eta_hours": 1.52071, "loss": 0.65259149, "lr": 0.00081359, "params": 502054, "time_iter": 0.13055, "accuracy": 0.76494, "f1": 0.76494, "auc": 0.95733}
{"epoch": 33, "time_epoch": 82.16641, "eta": 5393.74326, "eta_hours": 1.49826, "loss": 0.65003981, "lr": 0.00080054, "params": 502054, "time_iter": 0.13147, "accuracy": 0.76657, "f1": 0.76657, "auc": 0.95765}
{"epoch": 34, "time_epoch": 81.52664, "eta": 5311.65451, "eta_hours": 1.47546, "loss": 0.64927941, "lr": 0.00078716, "params": 502054, "time_iter": 0.13044, "accuracy": 0.76597, "f1": 0.76597, "auc": 0.95775}
{"epoch": 35, "time_epoch": 81.55384, "eta": 5229.64533, "eta_hours": 1.45268, "loss": 0.64422519, "lr": 0.00077347, "params": 502054, "time_iter": 0.13049, "accuracy": 0.76794, "f1": 0.76794, "auc": 0.95842}
{"epoch": 36, "time_epoch": 81.82881, "eta": 5148.12895, "eta_hours": 1.43004, "loss": 0.64484117, "lr": 0.00075948, "params": 502054, "time_iter": 0.13093, "accuracy": 0.76777, "f1": 0.76777, "auc": 0.95833}
{"epoch": 37, "time_epoch": 82.0286, "eta": 5066.92211, "eta_hours": 1.40748, "loss": 0.6416472, "lr": 0.00074521, "params": 502054, "time_iter": 0.13125, "accuracy": 0.76882, "f1": 0.76882, "auc": 0.95875}
{"epoch": 38, "time_epoch": 81.95753, "eta": 4985.56196, "eta_hours": 1.38488, "loss": 0.63697857, "lr": 0.00073067, "params": 502054, "time_iter": 0.13113, "accuracy": 0.77035, "f1": 0.77035, "auc": 0.95935}
{"epoch": 39, "time_epoch": 81.73927, "eta": 4903.84456, "eta_hours": 1.36218, "loss": 0.63327085, "lr": 0.00071588, "params": 502054, "time_iter": 0.13078, "accuracy": 0.77235, "f1": 0.77235, "auc": 0.9598}
{"epoch": 40, "time_epoch": 82.93268, "eta": 4823.84344, "eta_hours": 1.33996, "loss": 0.63388891, "lr": 0.00070085, "params": 502054, "time_iter": 0.13269, "accuracy": 0.77177, "f1": 0.77177, "auc": 0.95973}
{"epoch": 41, "time_epoch": 81.35316, "eta": 4741.52147, "eta_hours": 1.31709, "loss": 0.63134805, "lr": 0.0006856, "params": 502054, "time_iter": 0.13017, "accuracy": 0.77227, "f1": 0.77227, "auc": 0.96007}
{"epoch": 42, "time_epoch": 81.37899, "eta": 4659.2788, "eta_hours": 1.29424, "loss": 0.62705677, "lr": 0.00067015, "params": 502054, "time_iter": 0.13021, "accuracy": 0.77357, "f1": 0.77357, "auc": 0.96062}
{"epoch": 43, "time_epoch": 81.53913, "eta": 4577.2792, "eta_hours": 1.27147, "loss": 0.62438483, "lr": 0.00065451, "params": 502054, "time_iter": 0.13046, "accuracy": 0.77461, "f1": 0.77461, "auc": 0.96096}
{"epoch": 44, "time_epoch": 81.90664, "eta": 4495.74926, "eta_hours": 1.24882, "loss": 0.62446892, "lr": 0.0006387, "params": 502054, "time_iter": 0.13105, "accuracy": 0.77452, "f1": 0.77452, "auc": 0.96094}
{"epoch": 45, "time_epoch": 81.62379, "eta": 4413.87089, "eta_hours": 1.22608, "loss": 0.61935511, "lr": 0.00062274, "params": 502054, "time_iter": 0.1306, "accuracy": 0.7765, "f1": 0.7765, "auc": 0.96158}
{"epoch": 46, "time_epoch": 80.54987, "eta": 4330.79234, "eta_hours": 1.203, "loss": 0.61656054, "lr": 0.00060665, "params": 502054, "time_iter": 0.12888, "accuracy": 0.77736, "f1": 0.77736, "auc": 0.96193}
{"epoch": 47, "time_epoch": 80.09056, "eta": 4247.32157, "eta_hours": 1.17981, "loss": 0.61191222, "lr": 0.00059044, "params": 502054, "time_iter": 0.12814, "accuracy": 0.77899, "f1": 0.77899, "auc": 0.9625}
{"epoch": 48, "time_epoch": 79.96488, "eta": 4163.85795, "eta_hours": 1.15663, "loss": 0.61230952, "lr": 0.00057413, "params": 502054, "time_iter": 0.12794, "accuracy": 0.7786, "f1": 0.7786, "auc": 0.96245}
{"epoch": 49, "time_epoch": 80.49867, "eta": 4081.06808, "eta_hours": 1.13363, "loss": 0.61066743, "lr": 0.00055774, "params": 502054, "time_iter": 0.1288, "accuracy": 0.77867, "f1": 0.77868, "auc": 0.96266}
{"epoch": 50, "time_epoch": 80.41279, "eta": 3998.28554, "eta_hours": 1.11063, "loss": 0.60578421, "lr": 0.00054129, "params": 502054, "time_iter": 0.12866, "accuracy": 0.78059, "f1": 0.78059, "auc": 0.96325}
{"epoch": 51, "time_epoch": 80.53637, "eta": 3915.70822, "eta_hours": 1.0877, "loss": 0.60477724, "lr": 0.00052479, "params": 502054, "time_iter": 0.12886, "accuracy": 0.78161, "f1": 0.78161, "auc": 0.96337}
{"epoch": 52, "time_epoch": 80.35713, "eta": 3833.04897, "eta_hours": 1.06474, "loss": 0.5997735, "lr": 0.00050827, "params": 502054, "time_iter": 0.12857, "accuracy": 0.783, "f1": 0.783, "auc": 0.96398}
{"epoch": 53, "time_epoch": 80.13104, "eta": 3750.28238, "eta_hours": 1.04175, "loss": 0.59786701, "lr": 0.00049173, "params": 502054, "time_iter": 0.12821, "accuracy": 0.7839, "f1": 0.7839, "auc": 0.9642}
{"epoch": 54, "time_epoch": 79.74416, "eta": 3667.2951, "eta_hours": 1.01869, "loss": 0.59414051, "lr": 0.00047521, "params": 502054, "time_iter": 0.12759, "accuracy": 0.78491, "f1": 0.78491, "auc": 0.96466}
{"epoch": 55, "time_epoch": 79.86523, "eta": 3584.51877, "eta_hours": 0.9957, "loss": 0.59286288, "lr": 0.00045871, "params": 502054, "time_iter": 0.12778, "accuracy": 0.7859, "f1": 0.7859, "auc": 0.96479}
{"epoch": 56, "time_epoch": 79.39782, "eta": 3501.49197, "eta_hours": 0.97264, "loss": 0.59059936, "lr": 0.00044226, "params": 502054, "time_iter": 0.12704, "accuracy": 0.7862, "f1": 0.7862, "auc": 0.96509}
{"epoch": 57, "time_epoch": 79.75885, "eta": 3418.85175, "eta_hours": 0.94968, "loss": 0.59067657, "lr": 0.00042587, "params": 502054, "time_iter": 0.12761, "accuracy": 0.78618, "f1": 0.78618, "auc": 0.96507}
{"epoch": 58, "time_epoch": 82.08885, "eta": 3337.92836, "eta_hours": 0.9272, "loss": 0.58336694, "lr": 0.00040956, "params": 502054, "time_iter": 0.13134, "accuracy": 0.78842, "f1": 0.78842, "auc": 0.96595}
{"epoch": 59, "time_epoch": 79.73268, "eta": 3255.39533, "eta_hours": 0.90428, "loss": 0.58441101, "lr": 0.00039335, "params": 502054, "time_iter": 0.12757, "accuracy": 0.78817, "f1": 0.78817, "auc": 0.9658}
{"epoch": 60, "time_epoch": 80.26759, "eta": 3173.29611, "eta_hours": 0.88147, "loss": 0.58038981, "lr": 0.00037726, "params": 502054, "time_iter": 0.12843, "accuracy": 0.79061, "f1": 0.79061, "auc": 0.96627}
{"epoch": 61, "time_epoch": 79.72361, "eta": 3090.92257, "eta_hours": 0.85859, "loss": 0.57910253, "lr": 0.0003613, "params": 502054, "time_iter": 0.12756, "accuracy": 0.79054, "f1": 0.79054, "auc": 0.96643}
{"epoch": 62, "time_epoch": 79.63254, "eta": 3008.57966, "eta_hours": 0.83572, "loss": 0.57904739, "lr": 0.00034549, "params": 502054, "time_iter": 0.12741, "accuracy": 0.79022, "f1": 0.79022, "auc": 0.96644}
{"epoch": 63, "time_epoch": 79.70058, "eta": 2926.35973, "eta_hours": 0.81288, "loss": 0.57490907, "lr": 0.00032985, "params": 502054, "time_iter": 0.12752, "accuracy": 0.79171, "f1": 0.79171, "auc": 0.96691}
{"epoch": 64, "time_epoch": 80.50339, "eta": 2844.6496, "eta_hours": 0.79018, "loss": 0.57266133, "lr": 0.0003144, "params": 502054, "time_iter": 0.12881, "accuracy": 0.79227, "f1": 0.79227, "auc": 0.96717}
{"epoch": 65, "time_epoch": 79.65974, "eta": 2762.54144, "eta_hours": 0.76737, "loss": 0.57049132, "lr": 0.00029915, "params": 502054, "time_iter": 0.12746, "accuracy": 0.7934, "f1": 0.7934, "auc": 0.96742}
{"epoch": 66, "time_epoch": 80.17953, "eta": 2680.76237, "eta_hours": 0.74466, "loss": 0.56888487, "lr": 0.00028412, "params": 502054, "time_iter": 0.12829, "accuracy": 0.79431, "f1": 0.79431, "auc": 0.9676}
{"epoch": 67, "time_epoch": 79.54134, "eta": 2598.73003, "eta_hours": 0.72187, "loss": 0.56544685, "lr": 0.00026933, "params": 502054, "time_iter": 0.12727, "accuracy": 0.79483, "f1": 0.79483, "auc": 0.96801}
{"epoch": 68, "time_epoch": 79.93802, "eta": 2516.94811, "eta_hours": 0.69915, "loss": 0.56643607, "lr": 0.00025479, "params": 502054, "time_iter": 0.1279, "accuracy": 0.79501, "f1": 0.79501, "auc": 0.96788}
{"epoch": 69, "time_epoch": 78.95079, "eta": 2434.79577, "eta_hours": 0.67633, "loss": 0.5638247, "lr": 0.00024052, "params": 502054, "time_iter": 0.12632, "accuracy": 0.79552, "f1": 0.79552, "auc": 0.96821}
{"epoch": 70, "time_epoch": 79.62498, "eta": 2353.00899, "eta_hours": 0.65361, "loss": 0.5603161, "lr": 0.00022653, "params": 502054, "time_iter": 0.1274, "accuracy": 0.79695, "f1": 0.79695, "auc": 0.96858}
{"epoch": 71, "time_epoch": 80.21761, "eta": 2271.51272, "eta_hours": 0.63098, "loss": 0.55793277, "lr": 0.00021284, "params": 502054, "time_iter": 0.12835, "accuracy": 0.79736, "f1": 0.79736, "auc": 0.96886}
{"epoch": 72, "time_epoch": 79.95722, "eta": 2189.95518, "eta_hours": 0.60832, "loss": 0.55617232, "lr": 0.00019946, "params": 502054, "time_iter": 0.12793, "accuracy": 0.79847, "f1": 0.79847, "auc": 0.96904}
{"epoch": 73, "time_epoch": 79.61193, "eta": 2108.31957, "eta_hours": 0.58564, "loss": 0.55389098, "lr": 0.00018641, "params": 502054, "time_iter": 0.12738, "accuracy": 0.79965, "f1": 0.79965, "auc": 0.96929}
{"epoch": 74, "time_epoch": 80.55845, "eta": 2027.05344, "eta_hours": 0.56307, "loss": 0.55399003, "lr": 0.00017371, "params": 502054, "time_iter": 0.12889, "accuracy": 0.79932, "f1": 0.79932, "auc": 0.96929}
{"epoch": 75, "time_epoch": 79.93119, "eta": 1945.60785, "eta_hours": 0.54045, "loss": 0.55257949, "lr": 0.00016136, "params": 502054, "time_iter": 0.12789, "accuracy": 0.80009, "f1": 0.80009, "auc": 0.96944}
{"epoch": 76, "time_epoch": 79.31377, "eta": 1864.01716, "eta_hours": 0.51778, "loss": 0.5506267, "lr": 0.00014938, "params": 502054, "time_iter": 0.1269, "accuracy": 0.80052, "f1": 0.80052, "auc": 0.96964}
{"epoch": 77, "time_epoch": 79.33041, "eta": 1782.48955, "eta_hours": 0.49514, "loss": 0.54786439, "lr": 0.00013779, "params": 502054, "time_iter": 0.12693, "accuracy": 0.80169, "f1": 0.80169, "auc": 0.96996}
{"epoch": 78, "time_epoch": 79.85705, "eta": 1701.15756, "eta_hours": 0.47254, "loss": 0.54693836, "lr": 0.00012659, "params": 502054, "time_iter": 0.12777, "accuracy": 0.80179, "f1": 0.80179, "auc": 0.97007}
{"epoch": 79, "time_epoch": 80.06095, "eta": 1619.91342, "eta_hours": 0.44998, "loss": 0.5463901, "lr": 0.0001158, "params": 502054, "time_iter": 0.1281, "accuracy": 0.80213, "f1": 0.80213, "auc": 0.97012}
{"epoch": 80, "time_epoch": 79.44915, "eta": 1538.55499, "eta_hours": 0.42738, "loss": 0.54654108, "lr": 0.00010543, "params": 502054, "time_iter": 0.12712, "accuracy": 0.80182, "f1": 0.80182, "auc": 0.97012}
{"epoch": 81, "time_epoch": 79.53283, "eta": 1457.26149, "eta_hours": 0.40479, "loss": 0.54466578, "lr": 9.549e-05, "params": 502054, "time_iter": 0.12725, "accuracy": 0.8026, "f1": 0.8026, "auc": 0.97033}
{"epoch": 82, "time_epoch": 80.41772, "eta": 1376.19166, "eta_hours": 0.38228, "loss": 0.54252616, "lr": 8.6e-05, "params": 502054, "time_iter": 0.12867, "accuracy": 0.80319, "f1": 0.80319, "auc": 0.97055}
{"epoch": 83, "time_epoch": 80.76982, "eta": 1295.20442, "eta_hours": 0.35978, "loss": 0.54257351, "lr": 7.695e-05, "params": 502054, "time_iter": 0.12923, "accuracy": 0.80314, "f1": 0.80314, "auc": 0.97056}
{"epoch": 84, "time_epoch": 81.96501, "eta": 1214.43322, "eta_hours": 0.33734, "loss": 0.54251404, "lr": 6.837e-05, "params": 502054, "time_iter": 0.13114, "accuracy": 0.80318, "f1": 0.80318, "auc": 0.97055}
{"epoch": 85, "time_epoch": 84.6563, "eta": 1134.07236, "eta_hours": 0.31502, "loss": 0.53995952, "lr": 6.026e-05, "params": 502054, "time_iter": 0.13545, "accuracy": 0.80446, "f1": 0.80446, "auc": 0.97083}
{"epoch": 86, "time_epoch": 85.57918, "eta": 1053.75067, "eta_hours": 0.29271, "loss": 0.53907874, "lr": 5.264e-05, "params": 502054, "time_iter": 0.13693, "accuracy": 0.80467, "f1": 0.80467, "auc": 0.97091}
{"epoch": 87, "time_epoch": 81.63901, "eta": 972.77219, "eta_hours": 0.27021, "loss": 0.54063687, "lr": 4.55e-05, "params": 502054, "time_iter": 0.13062, "accuracy": 0.80409, "f1": 0.80409, "auc": 0.97075}
{"epoch": 88, "time_epoch": 81.58827, "eta": 891.77259, "eta_hours": 0.24771, "loss": 0.5378932, "lr": 3.886e-05, "params": 502054, "time_iter": 0.13054, "accuracy": 0.805, "f1": 0.805, "auc": 0.97106}
{"epoch": 89, "time_epoch": 81.66828, "eta": 810.76881, "eta_hours": 0.22521, "loss": 0.53793772, "lr": 3.272e-05, "params": 502054, "time_iter": 0.13067, "accuracy": 0.80522, "f1": 0.80523, "auc": 0.97104}
{"epoch": 90, "time_epoch": 81.5755, "eta": 729.74124, "eta_hours": 0.20271, "loss": 0.53619109, "lr": 2.709e-05, "params": 502054, "time_iter": 0.13052, "accuracy": 0.80576, "f1": 0.80576, "auc": 0.97123}
{"epoch": 91, "time_epoch": 82.26019, "eta": 648.7613, "eta_hours": 0.18021, "loss": 0.53757312, "lr": 2.198e-05, "params": 502054, "time_iter": 0.13162, "accuracy": 0.80539, "f1": 0.80539, "auc": 0.97109}
{"epoch": 92, "time_epoch": 81.30788, "eta": 567.68215, "eta_hours": 0.15769, "loss": 0.53431059, "lr": 1.74e-05, "params": 502054, "time_iter": 0.13009, "accuracy": 0.80618, "f1": 0.80618, "auc": 0.97144}
{"epoch": 93, "time_epoch": 81.48175, "eta": 486.60923, "eta_hours": 0.13517, "loss": 0.53587686, "lr": 1.334e-05, "params": 502054, "time_iter": 0.13037, "accuracy": 0.80588, "f1": 0.80588, "auc": 0.97126}
{"epoch": 94, "time_epoch": 81.15576, "eta": 405.51054, "eta_hours": 0.11264, "loss": 0.53408859, "lr": 9.81e-06, "params": 502054, "time_iter": 0.12985, "accuracy": 0.80637, "f1": 0.80637, "auc": 0.97147}
{"epoch": 95, "time_epoch": 81.52877, "eta": 324.42621, "eta_hours": 0.09012, "loss": 0.53526224, "lr": 6.82e-06, "params": 502054, "time_iter": 0.13045, "accuracy": 0.80569, "f1": 0.80569, "auc": 0.97134}
{"epoch": 96, "time_epoch": 81.49423, "eta": 243.33165, "eta_hours": 0.06759, "loss": 0.53322267, "lr": 4.37e-06, "params": 502054, "time_iter": 0.13039, "accuracy": 0.80624, "f1": 0.80624, "auc": 0.97157}
{"epoch": 97, "time_epoch": 81.3282, "eta": 162.22554, "eta_hours": 0.04506, "loss": 0.53447701, "lr": 2.46e-06, "params": 502054, "time_iter": 0.13013, "accuracy": 0.80638, "f1": 0.80638, "auc": 0.9714}
{"epoch": 98, "time_epoch": 81.15895, "eta": 81.11324, "eta_hours": 0.02253, "loss": 0.53662389, "lr": 1.09e-06, "params": 502054, "time_iter": 0.12985, "accuracy": 0.80537, "f1": 0.80537, "auc": 0.9712}
{"epoch": 99, "time_epoch": 81.67978, "eta": 0.0, "eta_hours": 0.0, "loss": 0.53359922, "lr": 2.7e-07, "params": 502054, "time_iter": 0.13069, "accuracy": 0.80643, "f1": 0.80643, "auc": 0.97153}
