{"epoch": 0, "time_epoch": 39.68111, "eta": 5912.48602, "eta_hours": 1.64236, "loss": 1.61424892, "lr": 0.0, "params": 527237, "time_iter": 0.18119, "accuracy": 0.15771, "f1": 0.05586, "auc": 0.43916}
{"epoch": 1, "time_epoch": 38.59945, "eta": 5792.76197, "eta_hours": 1.6091, "loss": 1.53748832, "lr": 5e-05, "params": 527237, "time_iter": 0.17625, "accuracy": 0.42971, "f1": 0.31898, "auc": 0.79225}
{"epoch": 2, "time_epoch": 38.33175, "eta": 5714.00333, "eta_hours": 1.58722, "loss": 1.39927488, "lr": 0.0001, "params": 527237, "time_iter": 0.17503, "accuracy": 0.65371, "f1": 0.60001, "auc": 0.8961}
{"epoch": 3, "time_epoch": 38.63641, "eta": 5666.57832, "eta_hours": 1.57405, "loss": 1.30068061, "lr": 0.00015, "params": 527237, "time_iter": 0.17642, "accuracy": 0.72771, "f1": 0.68376, "auc": 0.92674}
{"epoch": 4, "time_epoch": 38.63319, "eta": 5622.57535, "eta_hours": 1.56183, "loss": 1.19876956, "lr": 0.0002, "params": 527237, "time_iter": 0.17641, "accuracy": 0.77743, "f1": 0.75944, "auc": 0.94206}
{"epoch": 5, "time_epoch": 38.79176, "eta": 5584.16809, "eta_hours": 1.55116, "loss": 1.09303798, "lr": 0.00025, "params": 527237, "time_iter": 0.17713, "accuracy": 0.8, "f1": 0.78742, "auc": 0.94738}
{"epoch": 6, "time_epoch": 38.65061, "eta": 5542.76742, "eta_hours": 1.53966, "loss": 0.99592559, "lr": 0.0003, "params": 527237, "time_iter": 0.17649, "accuracy": 0.81714, "f1": 0.81098, "auc": 0.95311}
{"epoch": 7, "time_epoch": 38.55883, "eta": 5500.42526, "eta_hours": 1.5279, "loss": 0.91011958, "lr": 0.00035, "params": 527237, "time_iter": 0.17607, "accuracy": 0.82829, "f1": 0.82301, "auc": 0.95674}
{"epoch": 8, "time_epoch": 38.66592, "eta": 5460.60159, "eta_hours": 1.51683, "loss": 0.80986573, "lr": 0.0004, "params": 527237, "time_iter": 0.17656, "accuracy": 0.85371, "f1": 0.84933, "auc": 0.96427}
{"epoch": 9, "time_epoch": 38.85417, "eta": 5423.64487, "eta_hours": 1.50657, "loss": 0.72611899, "lr": 0.00045, "params": 527237, "time_iter": 0.17742, "accuracy": 0.87286, "f1": 0.87152, "auc": 0.97056}
{"epoch": 10, "time_epoch": 38.72158, "eta": 5384.66779, "eta_hours": 1.49574, "loss": 0.64092495, "lr": 0.0005, "params": 527237, "time_iter": 0.17681, "accuracy": 0.88829, "f1": 0.88769, "auc": 0.97399}
{"epoch": 11, "time_epoch": 38.73618, "eta": 5345.90119, "eta_hours": 1.48497, "loss": 0.54999056, "lr": 0.00049994, "params": 527237, "time_iter": 0.17688, "accuracy": 0.90286, "f1": 0.90289, "auc": 0.97935}
{"epoch": 12, "time_epoch": 38.6008, "eta": 5305.71257, "eta_hours": 1.47381, "loss": 0.49118104, "lr": 0.00049975, "params": 527237, "time_iter": 0.17626, "accuracy": 0.90571, "f1": 0.90568, "auc": 0.98206}
{"epoch": 13, "time_epoch": 38.35707, "eta": 5263.38306, "eta_hours": 1.46205, "loss": 0.42112366, "lr": 0.00049943, "params": 527237, "time_iter": 0.17515, "accuracy": 0.91771, "f1": 0.9174, "auc": 0.98536}
{"epoch": 14, "time_epoch": 38.43594, "eta": 5222.29307, "eta_hours": 1.45064, "loss": 0.37810247, "lr": 0.00049899, "params": 527237, "time_iter": 0.17551, "accuracy": 0.92229, "f1": 0.92253, "auc": 0.98693}
{"epoch": 15, "time_epoch": 38.62218, "eta": 5183.09462, "eta_hours": 1.43975, "loss": 0.3368548, "lr": 0.00049843, "params": 527237, "time_iter": 0.17636, "accuracy": 0.928, "f1": 0.92803, "auc": 0.98814}
{"epoch": 16, "time_epoch": 38.43872, "eta": 5142.52862, "eta_hours": 1.42848, "loss": 0.31024018, "lr": 0.00049774, "params": 527237, "time_iter": 0.17552, "accuracy": 0.92971, "f1": 0.9296, "auc": 0.98874}
{"epoch": 17, "time_epoch": 38.68937, "eta": 5104.03706, "eta_hours": 1.41779, "loss": 0.26285624, "lr": 0.00049692, "params": 527237, "time_iter": 0.17666, "accuracy": 0.94371, "f1": 0.94378, "auc": 0.99149}
{"epoch": 18, "time_epoch": 38.57135, "eta": 5064.71098, "eta_hours": 1.40686, "loss": 0.25433381, "lr": 0.00049598, "params": 527237, "time_iter": 0.17612, "accuracy": 0.94229, "f1": 0.94217, "auc": 0.99063}
{"epoch": 19, "time_epoch": 39.0876, "eta": 5028.816, "eta_hours": 1.39689, "loss": 0.2335889, "lr": 0.00049492, "params": 527237, "time_iter": 0.17848, "accuracy": 0.94514, "f1": 0.94524, "auc": 0.99127}
{"epoch": 20, "time_epoch": 38.88571, "eta": 4991.37677, "eta_hours": 1.38649, "loss": 0.22819265, "lr": 0.00049373, "params": 527237, "time_iter": 0.17756, "accuracy": 0.94229, "f1": 0.94228, "auc": 0.99152}
{"epoch": 21, "time_epoch": 38.64317, "eta": 4952.39493, "eta_hours": 1.37567, "loss": 0.20154419, "lr": 0.00049242, "params": 527237, "time_iter": 0.17645, "accuracy": 0.95029, "f1": 0.95024, "auc": 0.9928}
{"epoch": 22, "time_epoch": 38.57412, "eta": 4913.06126, "eta_hours": 1.36474, "loss": 0.197256, "lr": 0.00049099, "params": 527237, "time_iter": 0.17614, "accuracy": 0.94971, "f1": 0.94968, "auc": 0.99225}
{"epoch": 23, "time_epoch": 38.68119, "eta": 4874.353, "eta_hours": 1.35399, "loss": 0.2052249, "lr": 0.00048944, "params": 527237, "time_iter": 0.17663, "accuracy": 0.94343, "f1": 0.9435, "auc": 0.99222}
{"epoch": 24, "time_epoch": 38.85234, "eta": 4836.50264, "eta_hours": 1.34347, "loss": 0.18091333, "lr": 0.00048776, "params": 527237, "time_iter": 0.17741, "accuracy": 0.95314, "f1": 0.95311, "auc": 0.99278}
{"epoch": 25, "time_epoch": 38.72902, "eta": 4797.9871, "eta_hours": 1.33277, "loss": 0.18093847, "lr": 0.00048597, "params": 527237, "time_iter": 0.17684, "accuracy": 0.94971, "f1": 0.94964, "auc": 0.99359}
{"epoch": 26, "time_epoch": 38.5434, "eta": 4758.61013, "eta_hours": 1.32184, "loss": 0.16072213, "lr": 0.00048406, "params": 527237, "time_iter": 0.176, "accuracy": 0.95714, "f1": 0.95716, "auc": 0.99412}
{"epoch": 27, "time_epoch": 38.8683, "eta": 4720.70832, "eta_hours": 1.31131, "loss": 0.16593116, "lr": 0.00048203, "params": 527237, "time_iter": 0.17748, "accuracy": 0.95257, "f1": 0.95255, "auc": 0.99409}
{"epoch": 28, "time_epoch": 38.88839, "eta": 4682.82369, "eta_hours": 1.30078, "loss": 0.16393779, "lr": 0.00047988, "params": 527237, "time_iter": 0.17757, "accuracy": 0.95457, "f1": 0.95456, "auc": 0.99448}
{"epoch": 29, "time_epoch": 38.73458, "eta": 4644.25689, "eta_hours": 1.29007, "loss": 0.16326297, "lr": 0.00047762, "params": 527237, "time_iter": 0.17687, "accuracy": 0.952, "f1": 0.95193, "auc": 0.99377}
{"epoch": 30, "time_epoch": 38.93992, "eta": 4606.46753, "eta_hours": 1.27957, "loss": 0.15750258, "lr": 0.00047524, "params": 527237, "time_iter": 0.17781, "accuracy": 0.95371, "f1": 0.95366, "auc": 0.9946}
{"epoch": 31, "time_epoch": 38.50453, "eta": 4567.00075, "eta_hours": 1.26861, "loss": 0.15433576, "lr": 0.00047275, "params": 527237, "time_iter": 0.17582, "accuracy": 0.95743, "f1": 0.95742, "auc": 0.994}
{"epoch": 32, "time_epoch": 38.78069, "eta": 4528.5714, "eta_hours": 1.25794, "loss": 0.14061108, "lr": 0.00047015, "params": 527237, "time_iter": 0.17708, "accuracy": 0.95686, "f1": 0.95684, "auc": 0.99467}
{"epoch": 33, "time_epoch": 38.97521, "eta": 4490.78502, "eta_hours": 1.24744, "loss": 0.13807344, "lr": 0.00046744, "params": 527237, "time_iter": 0.17797, "accuracy": 0.96, "f1": 0.95997, "auc": 0.99555}
{"epoch": 34, "time_epoch": 38.75659, "eta": 4452.21239, "eta_hours": 1.23673, "loss": 0.12937624, "lr": 0.00046461, "params": 527237, "time_iter": 0.17697, "accuracy": 0.96114, "f1": 0.96106, "auc": 0.99565}
{"epoch": 35, "time_epoch": 38.9321, "eta": 4414.18533, "eta_hours": 1.22616, "loss": 0.13341549, "lr": 0.00046168, "params": 527237, "time_iter": 0.17777, "accuracy": 0.96343, "f1": 0.96342, "auc": 0.99557}
{"epoch": 36, "time_epoch": 38.39061, "eta": 4374.45562, "eta_hours": 1.21513, "loss": 0.13587218, "lr": 0.00045864, "params": 527237, "time_iter": 0.1753, "accuracy": 0.95857, "f1": 0.95849, "auc": 0.99488}
{"epoch": 37, "time_epoch": 38.68159, "eta": 4335.65399, "eta_hours": 1.20435, "loss": 0.12990094, "lr": 0.0004555, "params": 527237, "time_iter": 0.17663, "accuracy": 0.962, "f1": 0.9619, "auc": 0.99544}
{"epoch": 38, "time_epoch": 38.5386, "eta": 4296.45157, "eta_hours": 1.19346, "loss": 0.12054706, "lr": 0.00045225, "params": 527237, "time_iter": 0.17598, "accuracy": 0.96657, "f1": 0.96652, "auc": 0.99581}
{"epoch": 39, "time_epoch": 38.50048, "eta": 4257.1775, "eta_hours": 1.18255, "loss": 0.12355031, "lr": 0.00044891, "params": 527237, "time_iter": 0.1758, "accuracy": 0.964, "f1": 0.96395, "auc": 0.99598}
{"epoch": 40, "time_epoch": 38.82727, "eta": 4218.80995, "eta_hours": 1.17189, "loss": 0.11842836, "lr": 0.00044546, "params": 527237, "time_iter": 0.17729, "accuracy": 0.96829, "f1": 0.96825, "auc": 0.99632}
{"epoch": 41, "time_epoch": 38.81096, "eta": 4180.37857, "eta_hours": 1.16122, "loss": 0.11923453, "lr": 0.00044191, "params": 527237, "time_iter": 0.17722, "accuracy": 0.96257, "f1": 0.96256, "auc": 0.99644}
{"epoch": 42, "time_epoch": 38.64034, "eta": 4141.50496, "eta_hours": 1.15042, "loss": 0.11068248, "lr": 0.00043827, "params": 527237, "time_iter": 0.17644, "accuracy": 0.96714, "f1": 0.96708, "auc": 0.99654}
{"epoch": 43, "time_epoch": 38.44632, "eta": 4102.17454, "eta_hours": 1.13949, "loss": 0.11559099, "lr": 0.00043453, "params": 527237, "time_iter": 0.17555, "accuracy": 0.96429, "f1": 0.9642, "auc": 0.99615}
{"epoch": 44, "time_epoch": 38.67044, "eta": 4063.40636, "eta_hours": 1.12872, "loss": 0.11924067, "lr": 0.0004307, "params": 527237, "time_iter": 0.17658, "accuracy": 0.96314, "f1": 0.96305, "auc": 0.99603}
{"epoch": 45, "time_epoch": 38.89186, "eta": 4025.14304, "eta_hours": 1.1181, "loss": 0.10340586, "lr": 0.00042678, "params": 527237, "time_iter": 0.17759, "accuracy": 0.96886, "f1": 0.9688, "auc": 0.99725}
{"epoch": 46, "time_epoch": 38.39763, "eta": 3985.76986, "eta_hours": 1.10716, "loss": 0.10666689, "lr": 0.00042277, "params": 527237, "time_iter": 0.17533, "accuracy": 0.97057, "f1": 0.97054, "auc": 0.99715}
{"epoch": 47, "time_epoch": 38.47479, "eta": 3946.6013, "eta_hours": 1.09628, "loss": 0.10942616, "lr": 0.00041867, "params": 527237, "time_iter": 0.17568, "accuracy": 0.96857, "f1": 0.96852, "auc": 0.9965}
{"epoch": 48, "time_epoch": 38.69427, "eta": 3907.91347, "eta_hours": 1.08553, "loss": 0.10594857, "lr": 0.00041448, "params": 527237, "time_iter": 0.17669, "accuracy": 0.96971, "f1": 0.96969, "auc": 0.9969}
{"epoch": 49, "time_epoch": 38.53679, "eta": 3868.91042, "eta_hours": 1.0747, "loss": 0.10620187, "lr": 0.00041022, "params": 527237, "time_iter": 0.17597, "accuracy": 0.96886, "f1": 0.96879, "auc": 0.99694}
{"epoch": 50, "time_epoch": 38.54067, "eta": 3829.93317, "eta_hours": 1.06387, "loss": 0.09255621, "lr": 0.00040587, "params": 527237, "time_iter": 0.17598, "accuracy": 0.97543, "f1": 0.97542, "auc": 0.99735}
{"epoch": 51, "time_epoch": 38.37854, "eta": 3790.66716, "eta_hours": 1.05296, "loss": 0.09339158, "lr": 0.00040145, "params": 527237, "time_iter": 0.17524, "accuracy": 0.97171, "f1": 0.97164, "auc": 0.99739}
{"epoch": 52, "time_epoch": 38.62368, "eta": 3751.88331, "eta_hours": 1.04219, "loss": 0.09967984, "lr": 0.00039695, "params": 527237, "time_iter": 0.17636, "accuracy": 0.972, "f1": 0.97195, "auc": 0.99759}
{"epoch": 53, "time_epoch": 38.67931, "eta": 3713.20427, "eta_hours": 1.03145, "loss": 0.09022164, "lr": 0.00039237, "params": 527237, "time_iter": 0.17662, "accuracy": 0.974, "f1": 0.97397, "auc": 0.99758}
{"epoch": 54, "time_epoch": 39.02723, "eta": 3675.12618, "eta_hours": 1.02087, "loss": 0.09131411, "lr": 0.00038772, "params": 527237, "time_iter": 0.17821, "accuracy": 0.974, "f1": 0.97393, "auc": 0.99777}
{"epoch": 55, "time_epoch": 38.33529, "eta": 3635.85273, "eta_hours": 1.00996, "loss": 0.08489666, "lr": 0.00038301, "params": 527237, "time_iter": 0.17505, "accuracy": 0.97714, "f1": 0.97711, "auc": 0.99764}
{"epoch": 56, "time_epoch": 38.77852, "eta": 3597.33536, "eta_hours": 0.99926, "loss": 0.09634949, "lr": 0.00037822, "params": 527237, "time_iter": 0.17707, "accuracy": 0.97114, "f1": 0.9711, "auc": 0.99724}
{"epoch": 57, "time_epoch": 38.83074, "eta": 3558.89182, "eta_hours": 0.98858, "loss": 0.08563284, "lr": 0.00037338, "params": 527237, "time_iter": 0.17731, "accuracy": 0.97343, "f1": 0.97339, "auc": 0.99827}
{"epoch": 58, "time_epoch": 38.70966, "eta": 3520.24839, "eta_hours": 0.97785, "loss": 0.08976353, "lr": 0.00036847, "params": 527237, "time_iter": 0.17676, "accuracy": 0.974, "f1": 0.97397, "auc": 0.9977}
{"epoch": 59, "time_epoch": 38.94668, "eta": 3481.95829, "eta_hours": 0.96721, "loss": 0.07770208, "lr": 0.0003635, "params": 527237, "time_iter": 0.17784, "accuracy": 0.97743, "f1": 0.97739, "auc": 0.99829}
{"epoch": 60, "time_epoch": 38.07181, "eta": 3442.37022, "eta_hours": 0.95621, "loss": 0.07997051, "lr": 0.00035847, "params": 527237, "time_iter": 0.17384, "accuracy": 0.97886, "f1": 0.97881, "auc": 0.99824}
{"epoch": 61, "time_epoch": 38.63869, "eta": 3403.63566, "eta_hours": 0.94545, "loss": 0.07731778, "lr": 0.00035339, "params": 527237, "time_iter": 0.17643, "accuracy": 0.97829, "f1": 0.97825, "auc": 0.99819}
{"epoch": 62, "time_epoch": 38.56117, "eta": 3364.79709, "eta_hours": 0.93467, "loss": 0.07936389, "lr": 0.00034826, "params": 527237, "time_iter": 0.17608, "accuracy": 0.97629, "f1": 0.97625, "auc": 0.9983}
{"epoch": 63, "time_epoch": 38.94524, "eta": 3326.48329, "eta_hours": 0.92402, "loss": 0.08427518, "lr": 0.00034307, "params": 527237, "time_iter": 0.17783, "accuracy": 0.97486, "f1": 0.97482, "auc": 0.99805}
{"epoch": 64, "time_epoch": 38.56393, "eta": 3287.65141, "eta_hours": 0.91324, "loss": 0.08362376, "lr": 0.00033784, "params": 527237, "time_iter": 0.17609, "accuracy": 0.976, "f1": 0.97595, "auc": 0.99827}
{"epoch": 65, "time_epoch": 38.38995, "eta": 3248.60623, "eta_hours": 0.90239, "loss": 0.07940402, "lr": 0.00033257, "params": 527237, "time_iter": 0.1753, "accuracy": 0.978, "f1": 0.97798, "auc": 0.99844}
{"epoch": 66, "time_epoch": 38.96675, "eta": 3210.29515, "eta_hours": 0.89175, "loss": 0.08078117, "lr": 0.00032725, "params": 527237, "time_iter": 0.17793, "accuracy": 0.97743, "f1": 0.9774, "auc": 0.99826}
{"epoch": 67, "time_epoch": 39.08714, "eta": 3172.10996, "eta_hours": 0.88114, "loss": 0.0737778, "lr": 0.0003219, "params": 527237, "time_iter": 0.17848, "accuracy": 0.97943, "f1": 0.97939, "auc": 0.99835}
{"epoch": 68, "time_epoch": 38.93452, "eta": 3133.71946, "eta_hours": 0.87048, "loss": 0.07534148, "lr": 0.00031651, "params": 527237, "time_iter": 0.17778, "accuracy": 0.97914, "f1": 0.97912, "auc": 0.99848}
{"epoch": 69, "time_epoch": 38.63574, "eta": 3094.97196, "eta_hours": 0.85971, "loss": 0.06858977, "lr": 0.00031109, "params": 527237, "time_iter": 0.17642, "accuracy": 0.98029, "f1": 0.98025, "auc": 0.99859}
{"epoch": 70, "time_epoch": 38.18027, "eta": 3055.72082, "eta_hours": 0.84881, "loss": 0.06755014, "lr": 0.00030563, "params": 527237, "time_iter": 0.17434, "accuracy": 0.98029, "f1": 0.98026, "auc": 0.99835}
{"epoch": 71, "time_epoch": 38.84477, "eta": 3017.21929, "eta_hours": 0.83812, "loss": 0.06905221, "lr": 0.00030015, "params": 527237, "time_iter": 0.17737, "accuracy": 0.98057, "f1": 0.98055, "auc": 0.99856}
{"epoch": 72, "time_epoch": 38.71061, "eta": 2978.56685, "eta_hours": 0.82738, "loss": 0.07174312, "lr": 0.00029464, "params": 527237, "time_iter": 0.17676, "accuracy": 0.97943, "f1": 0.97939, "auc": 0.99858}
{"epoch": 73, "time_epoch": 38.59291, "eta": 2939.79196, "eta_hours": 0.81661, "loss": 0.0670044, "lr": 0.00028911, "params": 527237, "time_iter": 0.17622, "accuracy": 0.98143, "f1": 0.9814, "auc": 0.99847}
{"epoch": 74, "time_epoch": 38.53103, "eta": 2900.96005, "eta_hours": 0.80582, "loss": 0.0664924, "lr": 0.00028356, "params": 527237, "time_iter": 0.17594, "accuracy": 0.982, "f1": 0.98196, "auc": 0.9987}
{"epoch": 75, "time_epoch": 38.31595, "eta": 2861.92663, "eta_hours": 0.79498, "loss": 0.07128381, "lr": 0.00027799, "params": 527237, "time_iter": 0.17496, "accuracy": 0.97943, "f1": 0.9794, "auc": 0.99863}
{"epoch": 76, "time_epoch": 38.92204, "eta": 2823.48645, "eta_hours": 0.7843, "loss": 0.06479258, "lr": 0.00027241, "params": 527237, "time_iter": 0.17773, "accuracy": 0.98114, "f1": 0.98111, "auc": 0.99863}
{"epoch": 77, "time_epoch": 38.61296, "eta": 2784.74861, "eta_hours": 0.77354, "loss": 0.06240716, "lr": 0.00026682, "params": 527237, "time_iter": 0.17631, "accuracy": 0.98229, "f1": 0.98226, "auc": 0.99872}
{"epoch": 78, "time_epoch": 38.81466, "eta": 2746.19521, "eta_hours": 0.76283, "loss": 0.06585504, "lr": 0.00026122, "params": 527237, "time_iter": 0.17724, "accuracy": 0.98114, "f1": 0.98111, "auc": 0.99868}
{"epoch": 79, "time_epoch": 38.77818, "eta": 2707.60336, "eta_hours": 0.75211, "loss": 0.06250789, "lr": 0.00025561, "params": 527237, "time_iter": 0.17707, "accuracy": 0.98171, "f1": 0.98168, "auc": 0.99874}
{"epoch": 80, "time_epoch": 38.35339, "eta": 2668.64504, "eta_hours": 0.74129, "loss": 0.06321889, "lr": 0.00025, "params": 527237, "time_iter": 0.17513, "accuracy": 0.98086, "f1": 0.98083, "auc": 0.99868}
{"epoch": 81, "time_epoch": 38.97938, "eta": 2630.22059, "eta_hours": 0.73062, "loss": 0.06306499, "lr": 0.00024439, "params": 527237, "time_iter": 0.17799, "accuracy": 0.98286, "f1": 0.98283, "auc": 0.99889}
{"epoch": 82, "time_epoch": 38.81613, "eta": 2591.651, "eta_hours": 0.7199, "loss": 0.06156908, "lr": 0.00023878, "params": 527237, "time_iter": 0.17724, "accuracy": 0.98029, "f1": 0.98025, "auc": 0.99883}
{"epoch": 83, "time_epoch": 39.21378, "eta": 2553.38797, "eta_hours": 0.70927, "loss": 0.06002666, "lr": 0.00023318, "params": 527237, "time_iter": 0.17906, "accuracy": 0.982, "f1": 0.98197, "auc": 0.99884}
{"epoch": 84, "time_epoch": 38.62983, "eta": 2514.65603, "eta_hours": 0.69852, "loss": 0.06160074, "lr": 0.00022759, "params": 527237, "time_iter": 0.17639, "accuracy": 0.98171, "f1": 0.98169, "auc": 0.999}
{"epoch": 85, "time_epoch": 38.72945, "eta": 2476.00059, "eta_hours": 0.68778, "loss": 0.06314396, "lr": 0.00022201, "params": 527237, "time_iter": 0.17685, "accuracy": 0.98114, "f1": 0.98111, "auc": 0.99881}
{"epoch": 86, "time_epoch": 38.63385, "eta": 2437.27422, "eta_hours": 0.67702, "loss": 0.0554978, "lr": 0.00021644, "params": 527237, "time_iter": 0.17641, "accuracy": 0.98257, "f1": 0.98254, "auc": 0.99899}
{"epoch": 87, "time_epoch": 38.91511, "eta": 2398.74812, "eta_hours": 0.66632, "loss": 0.05561432, "lr": 0.00021089, "params": 527237, "time_iter": 0.17769, "accuracy": 0.98543, "f1": 0.98541, "auc": 0.99877}
{"epoch": 88, "time_epoch": 38.80878, "eta": 2360.1404, "eta_hours": 0.65559, "loss": 0.05761703, "lr": 0.00020536, "params": 527237, "time_iter": 0.17721, "accuracy": 0.98229, "f1": 0.98226, "auc": 0.9988}
{"epoch": 89, "time_epoch": 38.26242, "eta": 2321.16396, "eta_hours": 0.64477, "loss": 0.05323474, "lr": 0.00019985, "params": 527237, "time_iter": 0.17471, "accuracy": 0.98371, "f1": 0.9837, "auc": 0.99894}
{"epoch": 90, "time_epoch": 38.83873, "eta": 2282.57688, "eta_hours": 0.63405, "loss": 0.05112402, "lr": 0.00019437, "params": 527237, "time_iter": 0.17735, "accuracy": 0.98371, "f1": 0.9837, "auc": 0.99891}
{"epoch": 91, "time_epoch": 38.39399, "eta": 2243.70394, "eta_hours": 0.62325, "loss": 0.05224378, "lr": 0.00018891, "params": 527237, "time_iter": 0.17532, "accuracy": 0.984, "f1": 0.98398, "auc": 0.999}
{"epoch": 92, "time_epoch": 38.69022, "eta": 2205.02286, "eta_hours": 0.61251, "loss": 0.05787363, "lr": 0.00018349, "params": 527237, "time_iter": 0.17667, "accuracy": 0.98571, "f1": 0.9857, "auc": 0.99897}
{"epoch": 93, "time_epoch": 38.87689, "eta": 2166.4528, "eta_hours": 0.60179, "loss": 0.05004292, "lr": 0.0001781, "params": 527237, "time_iter": 0.17752, "accuracy": 0.98571, "f1": 0.9857, "auc": 0.99886}
{"epoch": 94, "time_epoch": 38.56531, "eta": 2127.69589, "eta_hours": 0.59103, "loss": 0.0524022, "lr": 0.00017275, "params": 527237, "time_iter": 0.1761, "accuracy": 0.98486, "f1": 0.98484, "auc": 0.99897}
{"epoch": 95, "time_epoch": 38.54644, "eta": 2088.93236, "eta_hours": 0.58026, "loss": 0.0533912, "lr": 0.00016743, "params": 527237, "time_iter": 0.17601, "accuracy": 0.984, "f1": 0.98398, "auc": 0.99893}
{"epoch": 96, "time_epoch": 38.99634, "eta": 2050.41912, "eta_hours": 0.56956, "loss": 0.05348523, "lr": 0.00016216, "params": 527237, "time_iter": 0.17807, "accuracy": 0.984, "f1": 0.98398, "auc": 0.99895}
{"epoch": 97, "time_epoch": 38.65542, "eta": 2011.71513, "eta_hours": 0.55881, "loss": 0.05208393, "lr": 0.00015693, "params": 527237, "time_iter": 0.17651, "accuracy": 0.98457, "f1": 0.98455, "auc": 0.99892}
{"epoch": 98, "time_epoch": 38.82973, "eta": 1973.10192, "eta_hours": 0.54808, "loss": 0.04987855, "lr": 0.00015174, "params": 527237, "time_iter": 0.1773, "accuracy": 0.98514, "f1": 0.98513, "auc": 0.99902}
{"epoch": 99, "time_epoch": 38.6517, "eta": 1934.39536, "eta_hours": 0.53733, "loss": 0.05140727, "lr": 0.00014661, "params": 527237, "time_iter": 0.17649, "accuracy": 0.98486, "f1": 0.98484, "auc": 0.99902}
{"epoch": 100, "time_epoch": 38.89108, "eta": 1895.80602, "eta_hours": 0.52661, "loss": 0.05086567, "lr": 0.00014153, "params": 527237, "time_iter": 0.17758, "accuracy": 0.98457, "f1": 0.98455, "auc": 0.99888}
{"epoch": 101, "time_epoch": 38.62162, "eta": 1857.08396, "eta_hours": 0.51586, "loss": 0.04830067, "lr": 0.0001365, "params": 527237, "time_iter": 0.17635, "accuracy": 0.98486, "f1": 0.98484, "auc": 0.99896}
{"epoch": 102, "time_epoch": 38.67351, "eta": 1818.38753, "eta_hours": 0.50511, "loss": 0.05237587, "lr": 0.00013153, "params": 527237, "time_iter": 0.17659, "accuracy": 0.98343, "f1": 0.98341, "auc": 0.99897}
{"epoch": 103, "time_epoch": 38.73127, "eta": 1779.71709, "eta_hours": 0.49437, "loss": 0.04949327, "lr": 0.00012662, "params": 527237, "time_iter": 0.17686, "accuracy": 0.98571, "f1": 0.9857, "auc": 0.99885}
{"epoch": 104, "time_epoch": 38.7835, "eta": 1741.06787, "eta_hours": 0.48363, "loss": 0.04845061, "lr": 0.00012178, "params": 527237, "time_iter": 0.17709, "accuracy": 0.98457, "f1": 0.98455, "auc": 0.99901}
{"epoch": 105, "time_epoch": 38.40763, "eta": 1702.2601, "eta_hours": 0.47285, "loss": 0.05068393, "lr": 0.00011699, "params": 527237, "time_iter": 0.17538, "accuracy": 0.98371, "f1": 0.98369, "auc": 0.99906}
{"epoch": 106, "time_epoch": 38.49807, "eta": 1663.49615, "eta_hours": 0.46208, "loss": 0.0508712, "lr": 0.00011228, "params": 527237, "time_iter": 0.17579, "accuracy": 0.98343, "f1": 0.98341, "auc": 0.99897}
{"epoch": 107, "time_epoch": 38.56168, "eta": 1624.76187, "eta_hours": 0.45132, "loss": 0.04808977, "lr": 0.00010763, "params": 527237, "time_iter": 0.17608, "accuracy": 0.98571, "f1": 0.9857, "auc": 0.99895}
{"epoch": 108, "time_epoch": 38.65241, "eta": 1586.06487, "eta_hours": 0.44057, "loss": 0.04823869, "lr": 0.00010305, "params": 527237, "time_iter": 0.1765, "accuracy": 0.98457, "f1": 0.98455, "auc": 0.99902}
{"epoch": 109, "time_epoch": 38.77161, "eta": 1547.41204, "eta_hours": 0.42984, "loss": 0.04414144, "lr": 9.855e-05, "params": 527237, "time_iter": 0.17704, "accuracy": 0.98571, "f1": 0.9857, "auc": 0.99913}
{"epoch": 110, "time_epoch": 38.58071, "eta": 1508.68999, "eta_hours": 0.41908, "loss": 0.04455713, "lr": 9.413e-05, "params": 527237, "time_iter": 0.17617, "accuracy": 0.98571, "f1": 0.9857, "auc": 0.99916}
{"epoch": 111, "time_epoch": 38.77167, "eta": 1470.03525, "eta_hours": 0.40834, "loss": 0.04385091, "lr": 8.978e-05, "params": 527237, "time_iter": 0.17704, "accuracy": 0.98657, "f1": 0.98656, "auc": 0.99911}
{"epoch": 112, "time_epoch": 38.83342, "eta": 1431.39867, "eta_hours": 0.39761, "loss": 0.04435374, "lr": 8.552e-05, "params": 527237, "time_iter": 0.17732, "accuracy": 0.98657, "f1": 0.98656, "auc": 0.99895}
{"epoch": 113, "time_epoch": 38.92108, "eta": 1392.78631, "eta_hours": 0.38689, "loss": 0.04310617, "lr": 8.133e-05, "params": 527237, "time_iter": 0.17772, "accuracy": 0.98543, "f1": 0.98541, "auc": 0.99914}
{"epoch": 114, "time_epoch": 38.48976, "eta": 1354.03731, "eta_hours": 0.37612, "loss": 0.04469156, "lr": 7.723e-05, "params": 527237, "time_iter": 0.17575, "accuracy": 0.98514, "f1": 0.98513, "auc": 0.999}
{"epoch": 115, "time_epoch": 39.15165, "eta": 1315.48679, "eta_hours": 0.36541, "loss": 0.04425606, "lr": 7.322e-05, "params": 527237, "time_iter": 0.17877, "accuracy": 0.98629, "f1": 0.98627, "auc": 0.99928}
{"epoch": 116, "time_epoch": 38.85984, "eta": 1276.84368, "eta_hours": 0.35468, "loss": 0.04286605, "lr": 6.93e-05, "params": 527237, "time_iter": 0.17744, "accuracy": 0.986, "f1": 0.98598, "auc": 0.99908}
{"epoch": 117, "time_epoch": 38.62911, "eta": 1238.13433, "eta_hours": 0.34393, "loss": 0.04288181, "lr": 6.547e-05, "params": 527237, "time_iter": 0.17639, "accuracy": 0.986, "f1": 0.98598, "auc": 0.99907}
{"epoch": 118, "time_epoch": 39.01369, "eta": 1199.52651, "eta_hours": 0.3332, "loss": 0.04080469, "lr": 6.173e-05, "params": 527237, "time_iter": 0.17814, "accuracy": 0.98629, "f1": 0.98627, "auc": 0.99909}
{"epoch": 119, "time_epoch": 38.7261, "eta": 1160.84003, "eta_hours": 0.32246, "loss": 0.04305684, "lr": 5.809e-05, "params": 527237, "time_iter": 0.17683, "accuracy": 0.98657, "f1": 0.98656, "auc": 0.99906}
{"epoch": 120, "time_epoch": 38.98996, "eta": 1122.21613, "eta_hours": 0.31173, "loss": 0.04090054, "lr": 5.454e-05, "params": 527237, "time_iter": 0.17804, "accuracy": 0.98657, "f1": 0.98656, "auc": 0.99903}
{"epoch": 121, "time_epoch": 38.6645, "eta": 1083.51154, "eta_hours": 0.30098, "loss": 0.04501394, "lr": 5.109e-05, "params": 527237, "time_iter": 0.17655, "accuracy": 0.98486, "f1": 0.98484, "auc": 0.99902}
{"epoch": 122, "time_epoch": 38.60549, "eta": 1044.79465, "eta_hours": 0.29022, "loss": 0.04237795, "lr": 4.775e-05, "params": 527237, "time_iter": 0.17628, "accuracy": 0.98486, "f1": 0.98484, "auc": 0.99905}
{"epoch": 123, "time_epoch": 38.96964, "eta": 1006.15591, "eta_hours": 0.27949, "loss": 0.04080079, "lr": 4.45e-05, "params": 527237, "time_iter": 0.17794, "accuracy": 0.98743, "f1": 0.98742, "auc": 0.9992}
{"epoch": 124, "time_epoch": 38.87518, "eta": 967.49298, "eta_hours": 0.26875, "loss": 0.04161328, "lr": 4.136e-05, "params": 527237, "time_iter": 0.17751, "accuracy": 0.98657, "f1": 0.98656, "auc": 0.99915}
{"epoch": 125, "time_epoch": 38.99306, "eta": 928.84913, "eta_hours": 0.25801, "loss": 0.04243848, "lr": 3.832e-05, "params": 527237, "time_iter": 0.17805, "accuracy": 0.98657, "f1": 0.98656, "auc": 0.99903}
{"epoch": 126, "time_epoch": 38.74799, "eta": 890.15541, "eta_hours": 0.24727, "loss": 0.03950803, "lr": 3.539e-05, "params": 527237, "time_iter": 0.17693, "accuracy": 0.98657, "f1": 0.98656, "auc": 0.99908}
{"epoch": 127, "time_epoch": 38.77371, "eta": 851.46525, "eta_hours": 0.23652, "loss": 0.04204452, "lr": 3.256e-05, "params": 527237, "time_iter": 0.17705, "accuracy": 0.98743, "f1": 0.98742, "auc": 0.99916}
{"epoch": 128, "time_epoch": 38.66313, "eta": 812.7558, "eta_hours": 0.22577, "loss": 0.03978618, "lr": 2.985e-05, "params": 527237, "time_iter": 0.17654, "accuracy": 0.98629, "f1": 0.98627, "auc": 0.99913}
{"epoch": 129, "time_epoch": 38.37743, "eta": 774.00311, "eta_hours": 0.215, "loss": 0.04154909, "lr": 2.725e-05, "params": 527237, "time_iter": 0.17524, "accuracy": 0.986, "f1": 0.98599, "auc": 0.99897}
{"epoch": 130, "time_epoch": 38.7435, "eta": 735.30924, "eta_hours": 0.20425, "loss": 0.04055059, "lr": 2.476e-05, "params": 527237, "time_iter": 0.17691, "accuracy": 0.98629, "f1": 0.98627, "auc": 0.99902}
{"epoch": 131, "time_epoch": 38.83808, "eta": 696.62752, "eta_hours": 0.19351, "loss": 0.03937702, "lr": 2.238e-05, "params": 527237, "time_iter": 0.17734, "accuracy": 0.98686, "f1": 0.98684, "auc": 0.9992}
{"epoch": 132, "time_epoch": 38.39135, "eta": 657.88634, "eta_hours": 0.18275, "loss": 0.03978335, "lr": 2.012e-05, "params": 527237, "time_iter": 0.1753, "accuracy": 0.98686, "f1": 0.98685, "auc": 0.99919}
{"epoch": 133, "time_epoch": 38.59583, "eta": 619.1748, "eta_hours": 0.17199, "loss": 0.03990041, "lr": 1.797e-05, "params": 527237, "time_iter": 0.17624, "accuracy": 0.98714, "f1": 0.98713, "auc": 0.99917}
{"epoch": 134, "time_epoch": 38.58244, "eta": 580.46349, "eta_hours": 0.16124, "loss": 0.03926477, "lr": 1.594e-05, "params": 527237, "time_iter": 0.17618, "accuracy": 0.98686, "f1": 0.98684, "auc": 0.99905}
{"epoch": 135, "time_epoch": 38.93677, "eta": 541.79055, "eta_hours": 0.1505, "loss": 0.03812215, "lr": 1.403e-05, "params": 527237, "time_iter": 0.17779, "accuracy": 0.98829, "f1": 0.98828, "auc": 0.99911}
{"epoch": 136, "time_epoch": 38.84536, "eta": 503.10508, "eta_hours": 0.13975, "loss": 0.03856201, "lr": 1.224e-05, "params": 527237, "time_iter": 0.17738, "accuracy": 0.98771, "f1": 0.9877, "auc": 0.99925}
{"epoch": 137, "time_epoch": 38.45965, "eta": 464.38376, "eta_hours": 0.129, "loss": 0.03906161, "lr": 1.056e-05, "params": 527237, "time_iter": 0.17561, "accuracy": 0.98657, "f1": 0.98656, "auc": 0.9992}
{"epoch": 138, "time_epoch": 38.96567, "eta": 425.70624, "eta_hours": 0.11825, "loss": 0.03866584, "lr": 9.01e-06, "params": 527237, "time_iter": 0.17793, "accuracy": 0.98686, "f1": 0.98685, "auc": 0.99916}
{"epoch": 139, "time_epoch": 38.87012, "eta": 387.01779, "eta_hours": 0.1075, "loss": 0.03868663, "lr": 7.58e-06, "params": 527237, "time_iter": 0.17749, "accuracy": 0.98771, "f1": 0.9877, "auc": 0.99928}
{"epoch": 140, "time_epoch": 38.95418, "eta": 348.33212, "eta_hours": 0.09676, "loss": 0.03816106, "lr": 6.27e-06, "params": 527237, "time_iter": 0.17787, "accuracy": 0.98771, "f1": 0.9877, "auc": 0.99905}
{"epoch": 141, "time_epoch": 38.68047, "eta": 309.62725, "eta_hours": 0.08601, "loss": 0.03736628, "lr": 5.08e-06, "params": 527237, "time_iter": 0.17662, "accuracy": 0.988, "f1": 0.98799, "auc": 0.99916}
{"epoch": 142, "time_epoch": 38.89739, "eta": 270.93334, "eta_hours": 0.07526, "loss": 0.03832384, "lr": 4.02e-06, "params": 527237, "time_iter": 0.17761, "accuracy": 0.988, "f1": 0.98799, "auc": 0.99933}
{"epoch": 143, "time_epoch": 38.69426, "eta": 232.22814, "eta_hours": 0.06451, "loss": 0.03759704, "lr": 3.08e-06, "params": 527237, "time_iter": 0.17669, "accuracy": 0.98743, "f1": 0.98742, "auc": 0.99932}
{"epoch": 144, "time_epoch": 38.96265, "eta": 193.53234, "eta_hours": 0.05376, "loss": 0.03792053, "lr": 2.26e-06, "params": 527237, "time_iter": 0.17791, "accuracy": 0.98743, "f1": 0.98742, "auc": 0.9992}
{"epoch": 145, "time_epoch": 38.75428, "eta": 154.82718, "eta_hours": 0.04301, "loss": 0.03770098, "lr": 1.57e-06, "params": 527237, "time_iter": 0.17696, "accuracy": 0.98829, "f1": 0.98828, "auc": 0.9992}
{"epoch": 146, "time_epoch": 38.62342, "eta": 116.11869, "eta_hours": 0.03226, "loss": 0.03719079, "lr": 1.01e-06, "params": 527237, "time_iter": 0.17636, "accuracy": 0.98829, "f1": 0.98828, "auc": 0.99934}
{"epoch": 147, "time_epoch": 38.36914, "eta": 77.4079, "eta_hours": 0.0215, "loss": 0.03750925, "lr": 5.7e-07, "params": 527237, "time_iter": 0.1752, "accuracy": 0.988, "f1": 0.98799, "auc": 0.99917}
{"epoch": 148, "time_epoch": 38.57106, "eta": 38.70306, "eta_hours": 0.01075, "loss": 0.03803582, "lr": 2.5e-07, "params": 527237, "time_iter": 0.17612, "accuracy": 0.988, "f1": 0.98799, "auc": 0.99922}
{"epoch": 149, "time_epoch": 38.75225, "eta": 0.0, "eta_hours": 0.0, "loss": 0.0386762, "lr": 6e-08, "params": 527237, "time_iter": 0.17695, "accuracy": 0.98629, "f1": 0.98627, "auc": 0.99928}
