{"epoch": 0, "time_epoch": 74.7899, "eta": 7404.20008, "eta_hours": 2.05672, "loss": 2.30868853, "lr": 0.0, "params": 115394, "time_iter": 0.02175, "accuracy": 0.09798, "f1": 0.01785, "auc": 0.57014}
{"epoch": 1, "time_epoch": 68.87967, "eta": 7039.80879, "eta_hours": 1.9555, "loss": 1.62720864, "lr": 0.0002, "params": 115394, "time_iter": 0.02003, "accuracy": 0.66482, "f1": 0.64966, "auc": 0.9198}
{"epoch": 2, "time_epoch": 68.92778, "eta": 6873.98094, "eta_hours": 1.90944, "loss": 0.70276399, "lr": 0.0004, "params": 115394, "time_iter": 0.02005, "accuracy": 0.88393, "f1": 0.88243, "auc": 0.98}
{"epoch": 3, "time_epoch": 68.95201, "eta": 6757.18461, "eta_hours": 1.877, "loss": 0.33330853, "lr": 0.0006, "params": 115394, "time_iter": 0.02006, "accuracy": 0.91455, "f1": 0.91365, "auc": 0.99088}
{"epoch": 4, "time_epoch": 68.97812, "eta": 6660.022, "eta_hours": 1.85001, "loss": 0.2514605, "lr": 0.0008, "params": 115394, "time_iter": 0.02006, "accuracy": 0.92813, "f1": 0.92748, "auc": 0.99475}
{"epoch": 5, "time_epoch": 68.94651, "eta": 6571.75907, "eta_hours": 1.82549, "loss": 0.22235819, "lr": 0.001, "params": 115394, "time_iter": 0.02005, "accuracy": 0.93564, "f1": 0.93507, "auc": 0.99598}
{"epoch": 6, "time_epoch": 68.85133, "eta": 6487.75062, "eta_hours": 1.80215, "loss": 0.18533491, "lr": 0.00099973, "params": 115394, "time_iter": 0.02003, "accuracy": 0.94553, "f1": 0.94511, "auc": 0.99707}
{"epoch": 7, "time_epoch": 68.93986, "eta": 6408.5495, "eta_hours": 1.78015, "loss": 0.16807916, "lr": 0.00099891, "params": 115394, "time_iter": 0.02005, "accuracy": 0.9504, "f1": 0.94999, "auc": 0.99767}
{"epoch": 8, "time_epoch": 68.9416, "eta": 6331.64627, "eta_hours": 1.75879, "loss": 0.15100572, "lr": 0.00099754, "params": 115394, "time_iter": 0.02005, "accuracy": 0.95573, "f1": 0.95537, "auc": 0.9981}
{"epoch": 9, "time_epoch": 68.40294, "eta": 6251.48738, "eta_hours": 1.73652, "loss": 0.14086297, "lr": 0.00099563, "params": 115394, "time_iter": 0.0199, "accuracy": 0.95775, "f1": 0.95743, "auc": 0.99842}
{"epoch": 10, "time_epoch": 68.51398, "eta": 6174.36435, "eta_hours": 1.7151, "loss": 0.12879776, "lr": 0.00099318, "params": 115394, "time_iter": 0.01993, "accuracy": 0.96105, "f1": 0.96075, "auc": 0.99859}
{"epoch": 11, "time_epoch": 69.28059, "eta": 6104.29803, "eta_hours": 1.69564, "loss": 0.12051535, "lr": 0.00099019, "params": 115394, "time_iter": 0.02015, "accuracy": 0.96409, "f1": 0.96382, "auc": 0.99882}
{"epoch": 12, "time_epoch": 69.28725, "eta": 6034.39715, "eta_hours": 1.67622, "loss": 0.11265209, "lr": 0.00098666, "params": 115394, "time_iter": 0.02015, "accuracy": 0.96571, "f1": 0.96544, "auc": 0.99897}
{"epoch": 13, "time_epoch": 68.44495, "eta": 5959.40981, "eta_hours": 1.65539, "loss": 0.10919241, "lr": 0.0009826, "params": 115394, "time_iter": 0.01991, "accuracy": 0.96704, "f1": 0.9668, "auc": 0.99903}
{"epoch": 14, "time_epoch": 68.41024, "eta": 5885.09808, "eta_hours": 1.63475, "loss": 0.10104643, "lr": 0.00097802, "params": 115394, "time_iter": 0.0199, "accuracy": 0.96911, "f1": 0.96887, "auc": 0.9992}
{"epoch": 15, "time_epoch": 68.47035, "eta": 5811.83962, "eta_hours": 1.6144, "loss": 0.09575543, "lr": 0.00097291, "params": 115394, "time_iter": 0.01992, "accuracy": 0.97127, "f1": 0.97107, "auc": 0.99924}
{"epoch": 16, "time_epoch": 68.3836, "eta": 5738.72093, "eta_hours": 1.59409, "loss": 0.0913773, "lr": 0.00096728, "params": 115394, "time_iter": 0.01989, "accuracy": 0.97175, "f1": 0.97154, "auc": 0.99932}
{"epoch": 17, "time_epoch": 68.27661, "eta": 5665.64096, "eta_hours": 1.57379, "loss": 0.08724277, "lr": 0.00096114, "params": 115394, "time_iter": 0.01986, "accuracy": 0.97307, "f1": 0.97288, "auc": 0.99937}
{"epoch": 18, "time_epoch": 68.46502, "eta": 5593.86981, "eta_hours": 1.55385, "loss": 0.08493698, "lr": 0.0009545, "params": 115394, "time_iter": 0.01991, "accuracy": 0.97442, "f1": 0.97422, "auc": 0.99936}
{"epoch": 19, "time_epoch": 68.42859, "eta": 5522.28357, "eta_hours": 1.53397, "loss": 0.0777688, "lr": 0.00094736, "params": 115394, "time_iter": 0.0199, "accuracy": 0.97593, "f1": 0.97575, "auc": 0.99951}
{"epoch": 20, "time_epoch": 68.26958, "eta": 5450.39989, "eta_hours": 1.514, "loss": 0.07733783, "lr": 0.00093974, "params": 115394, "time_iter": 0.01986, "accuracy": 0.97647, "f1": 0.97631, "auc": 0.99949}
{"epoch": 21, "time_epoch": 68.38398, "eta": 5379.25036, "eta_hours": 1.49424, "loss": 0.07478813, "lr": 0.00093163, "params": 115394, "time_iter": 0.01989, "accuracy": 0.97751, "f1": 0.97736, "auc": 0.99954}
{"epoch": 22, "time_epoch": 68.26658, "eta": 5307.94827, "eta_hours": 1.47443, "loss": 0.07029958, "lr": 0.00092305, "params": 115394, "time_iter": 0.01986, "accuracy": 0.97844, "f1": 0.97826, "auc": 0.99957}
{"epoch": 23, "time_epoch": 67.9458, "eta": 5235.88331, "eta_hours": 1.45441, "loss": 0.06832406, "lr": 0.000914, "params": 115394, "time_iter": 0.01976, "accuracy": 0.97902, "f1": 0.97886, "auc": 0.99962}
{"epoch": 24, "time_epoch": 67.40254, "eta": 5162.51812, "eta_hours": 1.43403, "loss": 0.06651504, "lr": 0.00090451, "params": 115394, "time_iter": 0.01961, "accuracy": 0.97996, "f1": 0.97982, "auc": 0.99965}
{"epoch": 25, "time_epoch": 67.2046, "eta": 5089.04824, "eta_hours": 1.41362, "loss": 0.06261715, "lr": 0.00089457, "params": 115394, "time_iter": 0.01955, "accuracy": 0.98196, "f1": 0.98186, "auc": 0.99965}
{"epoch": 26, "time_epoch": 67.3828, "eta": 5016.52426, "eta_hours": 1.39348, "loss": 0.05979367, "lr": 0.0008842, "params": 115394, "time_iter": 0.0196, "accuracy": 0.98184, "f1": 0.98171, "auc": 0.99971}
{"epoch": 27, "time_epoch": 67.43229, "eta": 4944.49475, "eta_hours": 1.37347, "loss": 0.05765233, "lr": 0.00087341, "params": 115394, "time_iter": 0.01961, "accuracy": 0.9826, "f1": 0.98246, "auc": 0.99971}
{"epoch": 28, "time_epoch": 68.14606, "eta": 4874.52979, "eta_hours": 1.35404, "loss": 0.05335369, "lr": 0.00086221, "params": 115394, "time_iter": 0.01982, "accuracy": 0.98355, "f1": 0.98341, "auc": 0.99976}
{"epoch": 29, "time_epoch": 68.74067, "eta": 4806.07352, "eta_hours": 1.33502, "loss": 0.05236142, "lr": 0.00085062, "params": 115394, "time_iter": 0.01999, "accuracy": 0.98402, "f1": 0.98391, "auc": 0.99975}
{"epoch": 30, "time_epoch": 68.73361, "eta": 4737.58318, "eta_hours": 1.316, "loss": 0.05175879, "lr": 0.00083864, "params": 115394, "time_iter": 0.01999, "accuracy": 0.98465, "f1": 0.98456, "auc": 0.99977}
{"epoch": 31, "time_epoch": 68.27272, "eta": 4668.09826, "eta_hours": 1.29669, "loss": 0.04962274, "lr": 0.00082629, "params": 115394, "time_iter": 0.01986, "accuracy": 0.98475, "f1": 0.98462, "auc": 0.99979}
{"epoch": 32, "time_epoch": 68.71077, "eta": 4599.57616, "eta_hours": 1.27766, "loss": 0.04710312, "lr": 0.00081359, "params": 115394, "time_iter": 0.01999, "accuracy": 0.98531, "f1": 0.98523, "auc": 0.99981}
{"epoch": 33, "time_epoch": 67.70271, "eta": 4529.08616, "eta_hours": 1.25808, "loss": 0.0454056, "lr": 0.00080054, "params": 115394, "time_iter": 0.01969, "accuracy": 0.98611, "f1": 0.98602, "auc": 0.99981}
{"epoch": 34, "time_epoch": 67.21946, "eta": 4457.85796, "eta_hours": 1.23829, "loss": 0.04438768, "lr": 0.00078716, "params": 115394, "time_iter": 0.01955, "accuracy": 0.98616, "f1": 0.98607, "auc": 0.99982}
{"epoch": 35, "time_epoch": 67.20979, "eta": 4386.83528, "eta_hours": 1.21857, "loss": 0.04182588, "lr": 0.00077347, "params": 115394, "time_iter": 0.01955, "accuracy": 0.98715, "f1": 0.98706, "auc": 0.99986}
{"epoch": 36, "time_epoch": 67.17733, "eta": 4315.96344, "eta_hours": 1.19888, "loss": 0.04196648, "lr": 0.00075948, "params": 115394, "time_iter": 0.01954, "accuracy": 0.98709, "f1": 0.98702, "auc": 0.99986}
{"epoch": 37, "time_epoch": 67.055, "eta": 4245.08645, "eta_hours": 1.17919, "loss": 0.03874469, "lr": 0.00074521, "params": 115394, "time_iter": 0.0195, "accuracy": 0.98858, "f1": 0.98852, "auc": 0.99987}
{"epoch": 38, "time_epoch": 67.13206, "eta": 4174.52599, "eta_hours": 1.15959, "loss": 0.03814821, "lr": 0.00073067, "params": 115394, "time_iter": 0.01953, "accuracy": 0.98811, "f1": 0.98803, "auc": 0.99988}
{"epoch": 39, "time_epoch": 67.07575, "eta": 4104.05249, "eta_hours": 1.14001, "loss": 0.03468921, "lr": 0.00071588, "params": 115394, "time_iter": 0.01951, "accuracy": 0.98913, "f1": 0.98908, "auc": 0.9999}
{"epoch": 40, "time_epoch": 67.14084, "eta": 4033.83839, "eta_hours": 1.12051, "loss": 0.03381174, "lr": 0.00070085, "params": 115394, "time_iter": 0.01953, "accuracy": 0.98965, "f1": 0.9896, "auc": 0.99991}
{"epoch": 41, "time_epoch": 67.1685, "eta": 3963.80884, "eta_hours": 1.10106, "loss": 0.03249564, "lr": 0.0006856, "params": 115394, "time_iter": 0.01954, "accuracy": 0.99007, "f1": 0.99002, "auc": 0.99991}
{"epoch": 42, "time_epoch": 67.04864, "eta": 3893.75347, "eta_hours": 1.0816, "loss": 0.03066898, "lr": 0.00067015, "params": 115394, "time_iter": 0.0195, "accuracy": 0.99095, "f1": 0.9909, "auc": 0.99991}
{"epoch": 43, "time_epoch": 67.09013, "eta": 3823.88758, "eta_hours": 1.06219, "loss": 0.03017975, "lr": 0.00065451, "params": 115394, "time_iter": 0.01951, "accuracy": 0.99042, "f1": 0.99034, "auc": 0.99992}
{"epoch": 44, "time_epoch": 67.05173, "eta": 3754.09813, "eta_hours": 1.04281, "loss": 0.02757478, "lr": 0.0006387, "params": 115394, "time_iter": 0.0195, "accuracy": 0.99115, "f1": 0.99109, "auc": 0.99994}
{"epoch": 45, "time_epoch": 67.03485, "eta": 3684.40789, "eta_hours": 1.02345, "loss": 0.02698158, "lr": 0.00062274, "params": 115394, "time_iter": 0.0195, "accuracy": 0.99173, "f1": 0.99168, "auc": 0.99991}
{"epoch": 46, "time_epoch": 67.1397, "eta": 3614.94888, "eta_hours": 1.00415, "loss": 0.02561004, "lr": 0.00060665, "params": 115394, "time_iter": 0.01953, "accuracy": 0.99178, "f1": 0.99173, "auc": 0.99995}
{"epoch": 47, "time_epoch": 67.06151, "eta": 3545.5018, "eta_hours": 0.98486, "loss": 0.02709679, "lr": 0.00059044, "params": 115394, "time_iter": 0.01951, "accuracy": 0.99211, "f1": 0.99206, "auc": 0.99993}
{"epoch": 48, "time_epoch": 67.08501, "eta": 3476.17655, "eta_hours": 0.9656, "loss": 0.02380716, "lr": 0.00057413, "params": 115394, "time_iter": 0.01951, "accuracy": 0.99267, "f1": 0.99261, "auc": 0.99995}
{"epoch": 49, "time_epoch": 67.19432, "eta": 3407.05022, "eta_hours": 0.9464, "loss": 0.02223368, "lr": 0.00055774, "params": 115394, "time_iter": 0.01954, "accuracy": 0.9932, "f1": 0.99315, "auc": 0.99996}
{"epoch": 50, "time_epoch": 67.20326, "eta": 3338.00824, "eta_hours": 0.92722, "loss": 0.02122405, "lr": 0.00054129, "params": 115394, "time_iter": 0.01955, "accuracy": 0.99322, "f1": 0.99317, "auc": 0.99996}
{"epoch": 51, "time_epoch": 67.14037, "eta": 3268.97894, "eta_hours": 0.90805, "loss": 0.01952007, "lr": 0.00052479, "params": 115394, "time_iter": 0.01953, "accuracy": 0.99404, "f1": 0.99399, "auc": 0.99996}
{"epoch": 52, "time_epoch": 67.169, "eta": 3200.0463, "eta_hours": 0.8889, "loss": 0.01830017, "lr": 0.00050827, "params": 115394, "time_iter": 0.01954, "accuracy": 0.99476, "f1": 0.99474, "auc": 0.99997}
{"epoch": 53, "time_epoch": 67.16338, "eta": 3131.1742, "eta_hours": 0.86977, "loss": 0.01721853, "lr": 0.00049173, "params": 115394, "time_iter": 0.01954, "accuracy": 0.99456, "f1": 0.99452, "auc": 0.99997}
{"epoch": 54, "time_epoch": 67.10775, "eta": 3062.31871, "eta_hours": 0.85064, "loss": 0.01762779, "lr": 0.00047521, "params": 115394, "time_iter": 0.01952, "accuracy": 0.99467, "f1": 0.99463, "auc": 0.99998}
{"epoch": 55, "time_epoch": 67.07955, "eta": 2993.50349, "eta_hours": 0.83153, "loss": 0.01344059, "lr": 0.00045871, "params": 115394, "time_iter": 0.01951, "accuracy": 0.99595, "f1": 0.9959, "auc": 0.99998}
{"epoch": 56, "time_epoch": 67.10539, "eta": 2924.76866, "eta_hours": 0.81244, "loss": 0.01569835, "lr": 0.00044226, "params": 115394, "time_iter": 0.01952, "accuracy": 0.9954, "f1": 0.99536, "auc": 0.99998}
{"epoch": 57, "time_epoch": 67.02276, "eta": 2856.03018, "eta_hours": 0.79334, "loss": 0.01247483, "lr": 0.00042587, "params": 115394, "time_iter": 0.01949, "accuracy": 0.99598, "f1": 0.99594, "auc": 0.99998}
{"epoch": 58, "time_epoch": 67.08299, "eta": 2787.39172, "eta_hours": 0.77428, "loss": 0.01427089, "lr": 0.00040956, "params": 115394, "time_iter": 0.01951, "accuracy": 0.99578, "f1": 0.99575, "auc": 0.99998}
{"epoch": 59, "time_epoch": 67.13815, "eta": 2718.84188, "eta_hours": 0.75523, "loss": 0.01203037, "lr": 0.00039335, "params": 115394, "time_iter": 0.01953, "accuracy": 0.99645, "f1": 0.99642, "auc": 0.99999}
{"epoch": 60, "time_epoch": 67.09606, "eta": 2650.31141, "eta_hours": 0.7362, "loss": 0.01251703, "lr": 0.00037726, "params": 115394, "time_iter": 0.01952, "accuracy": 0.99618, "f1": 0.99616, "auc": 0.99998}
{"epoch": 61, "time_epoch": 67.06656, "eta": 2581.80914, "eta_hours": 0.71717, "loss": 0.01070997, "lr": 0.0003613, "params": 115394, "time_iter": 0.01951, "accuracy": 0.99684, "f1": 0.99682, "auc": 0.99999}
{"epoch": 62, "time_epoch": 67.07776, "eta": 2513.35902, "eta_hours": 0.69816, "loss": 0.01148783, "lr": 0.00034549, "params": 115394, "time_iter": 0.01951, "accuracy": 0.9968, "f1": 0.99677, "auc": 0.99999}
{"epoch": 63, "time_epoch": 67.12559, "eta": 2444.97869, "eta_hours": 0.67916, "loss": 0.01029637, "lr": 0.00032985, "params": 115394, "time_iter": 0.01952, "accuracy": 0.99662, "f1": 0.9966, "auc": 0.99999}
{"epoch": 64, "time_epoch": 67.13382, "eta": 2376.64141, "eta_hours": 0.66018, "loss": 0.0080492, "lr": 0.0003144, "params": 115394, "time_iter": 0.01953, "accuracy": 0.99765, "f1": 0.99763, "auc": 0.99999}
{"epoch": 65, "time_epoch": 67.11508, "eta": 2308.33093, "eta_hours": 0.6412, "loss": 0.00847076, "lr": 0.00029915, "params": 115394, "time_iter": 0.01952, "accuracy": 0.99738, "f1": 0.99737, "auc": 1.0}
{"epoch": 66, "time_epoch": 67.09751, "eta": 2240.04749, "eta_hours": 0.62224, "loss": 0.00730925, "lr": 0.00028412, "params": 115394, "time_iter": 0.01952, "accuracy": 0.99798, "f1": 0.99797, "auc": 0.99999}
{"epoch": 67, "time_epoch": 67.12652, "eta": 2171.81257, "eta_hours": 0.60328, "loss": 0.00592115, "lr": 0.00026933, "params": 115394, "time_iter": 0.01952, "accuracy": 0.99824, "f1": 0.99823, "auc": 0.99999}
{"epoch": 68, "time_epoch": 67.3244, "eta": 2103.69869, "eta_hours": 0.58436, "loss": 0.00611442, "lr": 0.00025479, "params": 115394, "time_iter": 0.01958, "accuracy": 0.99813, "f1": 0.9981, "auc": 1.0}
{"epoch": 69, "time_epoch": 67.5863, "eta": 2035.71961, "eta_hours": 0.56548, "loss": 0.00617565, "lr": 0.00024052, "params": 115394, "time_iter": 0.01966, "accuracy": 0.99815, "f1": 0.99813, "auc": 1.0}
{"epoch": 70, "time_epoch": 67.1014, "eta": 1967.55353, "eta_hours": 0.54654, "loss": 0.00690009, "lr": 0.00022653, "params": 115394, "time_iter": 0.01952, "accuracy": 0.99789, "f1": 0.99788, "auc": 1.0}
{"epoch": 71, "time_epoch": 67.20988, "eta": 1899.45922, "eta_hours": 0.52763, "loss": 0.00498261, "lr": 0.00021284, "params": 115394, "time_iter": 0.01955, "accuracy": 0.9984, "f1": 0.99838, "auc": 1.0}
{"epoch": 72, "time_epoch": 67.10726, "eta": 1831.35118, "eta_hours": 0.50871, "loss": 0.00465669, "lr": 0.00019946, "params": 115394, "time_iter": 0.01952, "accuracy": 0.99867, "f1": 0.99865, "auc": 1.0}
{"epoch": 73, "time_epoch": 67.12404, "eta": 1763.27608, "eta_hours": 0.4898, "loss": 0.00387083, "lr": 0.00018641, "params": 115394, "time_iter": 0.01952, "accuracy": 0.9988, "f1": 0.99878, "auc": 1.0}
{"epoch": 74, "time_epoch": 67.08406, "eta": 1695.21302, "eta_hours": 0.47089, "loss": 0.00427036, "lr": 0.00017371, "params": 115394, "time_iter": 0.01951, "accuracy": 0.99869, "f1": 0.99868, "auc": 0.99999}
{"epoch": 75, "time_epoch": 67.09716, "eta": 1627.17986, "eta_hours": 0.45199, "loss": 0.00309102, "lr": 0.00016136, "params": 115394, "time_iter": 0.01952, "accuracy": 0.99902, "f1": 0.99901, "auc": 1.0}
{"epoch": 76, "time_epoch": 67.10466, "eta": 1559.17325, "eta_hours": 0.4331, "loss": 0.00288541, "lr": 0.00014938, "params": 115394, "time_iter": 0.01952, "accuracy": 0.99909, "f1": 0.99909, "auc": 1.0}
{"epoch": 77, "time_epoch": 67.13059, "eta": 1491.19708, "eta_hours": 0.41422, "loss": 0.00263958, "lr": 0.00013779, "params": 115394, "time_iter": 0.01953, "accuracy": 0.99927, "f1": 0.99926, "auc": 1.0}
{"epoch": 78, "time_epoch": 67.02547, "eta": 1423.21437, "eta_hours": 0.39534, "loss": 0.00359854, "lr": 0.00012659, "params": 115394, "time_iter": 0.0195, "accuracy": 0.9988, "f1": 0.99879, "auc": 1.0}
{"epoch": 79, "time_epoch": 67.14771, "eta": 1355.28616, "eta_hours": 0.37647, "loss": 0.00256279, "lr": 0.0001158, "params": 115394, "time_iter": 0.01953, "accuracy": 0.9992, "f1": 0.99919, "auc": 1.0}
{"epoch": 80, "time_epoch": 67.09535, "eta": 1287.36494, "eta_hours": 0.3576, "loss": 0.00215, "lr": 0.00010543, "params": 115394, "time_iter": 0.01952, "accuracy": 0.99931, "f1": 0.9993, "auc": 1.0}
{"epoch": 81, "time_epoch": 67.12795, "eta": 1219.47101, "eta_hours": 0.33874, "loss": 0.0024897, "lr": 9.549e-05, "params": 115394, "time_iter": 0.01953, "accuracy": 0.99929, "f1": 0.99929, "auc": 1.0}
{"epoch": 82, "time_epoch": 67.12829, "eta": 1151.59561, "eta_hours": 0.31989, "loss": 0.00133213, "lr": 8.6e-05, "params": 115394, "time_iter": 0.01953, "accuracy": 0.9996, "f1": 0.99959, "auc": 1.0}
{"epoch": 83, "time_epoch": 67.1024, "eta": 1083.73307, "eta_hours": 0.30104, "loss": 0.00132042, "lr": 7.695e-05, "params": 115394, "time_iter": 0.01952, "accuracy": 0.99947, "f1": 0.99947, "auc": 1.0}
{"epoch": 84, "time_epoch": 66.92811, "eta": 1015.85766, "eta_hours": 0.28218, "loss": 0.00176218, "lr": 6.837e-05, "params": 115394, "time_iter": 0.01947, "accuracy": 0.99949, "f1": 0.99948, "auc": 1.0}
{"epoch": 85, "time_epoch": 67.03043, "eta": 948.02093, "eta_hours": 0.26334, "loss": 0.00165161, "lr": 6.026e-05, "params": 115394, "time_iter": 0.0195, "accuracy": 0.99949, "f1": 0.99949, "auc": 1.0}
{"epoch": 86, "time_epoch": 66.97484, "eta": 880.19444, "eta_hours": 0.2445, "loss": 0.00157872, "lr": 5.264e-05, "params": 115394, "time_iter": 0.01948, "accuracy": 0.99947, "f1": 0.99947, "auc": 1.0}
{"epoch": 87, "time_epoch": 67.385, "eta": 812.44323, "eta_hours": 0.22568, "loss": 0.00152891, "lr": 4.55e-05, "params": 115394, "time_iter": 0.0196, "accuracy": 0.99953, "f1": 0.99952, "auc": 1.0}
{"epoch": 88, "time_epoch": 67.90919, "eta": 744.76504, "eta_hours": 0.20688, "loss": 0.00096899, "lr": 3.886e-05, "params": 115394, "time_iter": 0.01975, "accuracy": 0.99958, "f1": 0.99958, "auc": 1.0}
{"epoch": 89, "time_epoch": 68.4546, "eta": 677.14231, "eta_hours": 0.1881, "loss": 0.00161773, "lr": 3.272e-05, "params": 115394, "time_iter": 0.01991, "accuracy": 0.99951, "f1": 0.9995, "auc": 1.0}
{"epoch": 90, "time_epoch": 67.82905, "eta": 609.43943, "eta_hours": 0.16929, "loss": 0.00084214, "lr": 2.709e-05, "params": 115394, "time_iter": 0.01973, "accuracy": 0.99973, "f1": 0.99973, "auc": 1.0}
{"epoch": 91, "time_epoch": 68.10856, "eta": 541.75812, "eta_hours": 0.15049, "loss": 0.00092782, "lr": 2.198e-05, "params": 115394, "time_iter": 0.01981, "accuracy": 0.99971, "f1": 0.99971, "auc": 1.0}
{"epoch": 92, "time_epoch": 67.41014, "eta": 474.01505, "eta_hours": 0.13167, "loss": 0.00100516, "lr": 1.74e-05, "params": 115394, "time_iter": 0.01961, "accuracy": 0.99973, "f1": 0.99973, "auc": 1.0}
{"epoch": 93, "time_epoch": 67.03238, "eta": 406.25495, "eta_hours": 0.11285, "loss": 0.00132614, "lr": 1.334e-05, "params": 115394, "time_iter": 0.0195, "accuracy": 0.99971, "f1": 0.9997, "auc": 0.99998}
{"epoch": 94, "time_epoch": 66.93144, "eta": 338.50486, "eta_hours": 0.09403, "loss": 0.00090305, "lr": 9.81e-06, "params": 115394, "time_iter": 0.01947, "accuracy": 0.99969, "f1": 0.99969, "auc": 1.0}
{"epoch": 95, "time_epoch": 67.00448, "eta": 270.77487, "eta_hours": 0.07522, "loss": 0.00077418, "lr": 6.82e-06, "params": 115394, "time_iter": 0.01949, "accuracy": 0.99975, "f1": 0.99975, "auc": 1.0}
{"epoch": 96, "time_epoch": 66.90277, "eta": 203.05669, "eta_hours": 0.0564, "loss": 0.00085533, "lr": 4.37e-06, "params": 115394, "time_iter": 0.01946, "accuracy": 0.99969, "f1": 0.99969, "auc": 1.0}
{"epoch": 97, "time_epoch": 66.99982, "eta": 135.35713, "eta_hours": 0.0376, "loss": 0.00085916, "lr": 2.46e-06, "params": 115394, "time_iter": 0.01949, "accuracy": 0.9998, "f1": 0.9998, "auc": 1.0}
{"epoch": 98, "time_epoch": 66.98644, "eta": 67.67157, "eta_hours": 0.0188, "loss": 0.00102908, "lr": 1.09e-06, "params": 115394, "time_iter": 0.01948, "accuracy": 0.99965, "f1": 0.99965, "auc": 1.0}
{"epoch": 99, "time_epoch": 66.86974, "eta": 0.0, "eta_hours": 0.0, "loss": 0.00077357, "lr": 2.7e-07, "params": 115394, "time_iter": 0.01945, "accuracy": 0.99971, "f1": 0.9997, "auc": 1.0}
