{"epoch": 0, "time_epoch": 39.28327, "time_epoch_std": 0.5162, "eta": 5853.20719, "eta_std": 76.91406, "eta_hours": 1.62589, "eta_hours_std": 0.02137, "loss": 1.61463, "loss_std": 0.00232, "lr": 0.0, "lr_std": 0.0, "params": 527237.0, "params_std": 0.0, "time_iter": 0.17937, "time_iter_std": 0.00236, "accuracy": 0.19248, "accuracy_std": 0.02033, "f1": 0.07388, "f1_std": 0.01816, "auc": 0.46687, "auc_std": 0.07756}
{"epoch": 1, "time_epoch": 38.48202, "time_epoch_std": 0.31582, "eta": 5754.63112, "eta_std": 56.99516, "eta_hours": 1.59851, "eta_hours_std": 0.01583, "loss": 1.53991, "loss_std": 0.00476, "lr": 5e-05, "lr_std": 0.0, "params": 527237.0, "params_std": 0.0, "time_iter": 0.17572, "time_iter_std": 0.00144, "accuracy": 0.41754, "accuracy_std": 0.03537, "f1": 0.34523, "f1_std": 0.04124, "auc": 0.78019, "auc_std": 0.01235}
{"epoch": 2, "time_epoch": 38.46422, "time_epoch_std": 0.36078, "eta": 5695.24574, "eta_std": 52.50368, "eta_hours": 1.58202, "eta_hours_std": 0.01458, "loss": 1.40977, "loss_std": 0.00908, "lr": 0.0001, "lr_std": 0.0, "params": 527237.0, "params_std": 0.0, "time_iter": 0.17564, "time_iter_std": 0.00165, "accuracy": 0.64548, "accuracy_std": 0.05399, "f1": 0.62244, "f1_std": 0.06493, "auc": 0.8865, "auc_std": 0.01229}
{"epoch": 3, "time_epoch": 38.47466, "time_epoch_std": 0.38004, "eta": 5646.7019, "eta_std": 52.09333, "eta_hours": 1.56853, "eta_hours_std": 0.01447, "loss": 1.30694, "loss_std": 0.01364, "lr": 0.00015, "lr_std": 0.0, "params": 527237.0, "params_std": 0.0, "time_iter": 0.17568, "time_iter_std": 0.00173, "accuracy": 0.74854, "accuracy_std": 0.0233, "f1": 0.7378, "f1_std": 0.03057, "auc": 0.92354, "auc_std": 0.00982}
{"epoch": 4, "time_epoch": 38.43699, "time_epoch_std": 0.27737, "eta": 5601.09341, "eta_std": 48.69362, "eta_hours": 1.55586, "eta_hours_std": 0.01353, "loss": 1.20506, "loss_std": 0.01677, "lr": 0.0002, "lr_std": 0.0, "params": 527237.0, "params_std": 0.0, "time_iter": 0.17551, "time_iter_std": 0.00127, "accuracy": 0.79086, "accuracy_std": 0.01992, "f1": 0.78445, "f1_std": 0.02477, "auc": 0.93991, "auc_std": 0.00858}
{"epoch": 5, "time_epoch": 38.54398, "time_epoch_std": 0.40891, "eta": 5560.44305, "eta_std": 49.58691, "eta_hours": 1.54457, "eta_hours_std": 0.01377, "loss": 1.09973, "loss_std": 0.02033, "lr": 0.00025, "lr_std": 0.0, "params": 527237.0, "params_std": 0.0, "time_iter": 0.176, "time_iter_std": 0.00187, "accuracy": 0.81797, "accuracy_std": 0.01997, "f1": 0.81364, "f1_std": 0.02295, "auc": 0.95044, "auc_std": 0.00783}
{"epoch": 6, "time_epoch": 38.47482, "time_epoch_std": 0.45954, "eta": 5518.98187, "eta_std": 51.40837, "eta_hours": 1.53305, "eta_hours_std": 0.01428, "loss": 0.99301, "loss_std": 0.02126, "lr": 0.0003, "lr_std": 0.0, "params": 527237.0, "params_std": 0.0, "time_iter": 0.17569, "time_iter_std": 0.0021, "accuracy": 0.83668, "accuracy_std": 0.01999, "f1": 0.83377, "f1_std": 0.02161, "auc": 0.9582, "auc_std": 0.00667}
{"epoch": 7, "time_epoch": 38.45263, "time_epoch_std": 0.25805, "eta": 5477.87324, "eta_std": 48.7009, "eta_hours": 1.52163, "eta_hours_std": 0.01353, "loss": 0.8863, "loss_std": 0.02042, "lr": 0.00035, "lr_std": 0.0, "params": 527237.0, "params_std": 0.0, "time_iter": 0.17558, "time_iter_std": 0.00118, "accuracy": 0.85717, "accuracy_std": 0.01843, "f1": 0.85541, "f1_std": 0.0195, "auc": 0.96542, "auc_std": 0.00588}
{"epoch": 8, "time_epoch": 38.38595, "time_epoch_std": 0.44636, "eta": 5436.31028, "eta_std": 49.61217, "eta_hours": 1.51009, "eta_hours_std": 0.01378, "loss": 0.776, "loss_std": 0.02628, "lr": 0.0004, "lr_std": 0.0, "params": 527237.0, "params_std": 0.0, "time_iter": 0.17528, "time_iter_std": 0.00204, "accuracy": 0.88148, "accuracy_std": 0.01774, "f1": 0.88061, "f1_std": 0.01865, "auc": 0.9725, "auc_std": 0.00552}
{"epoch": 9, "time_epoch": 38.50463, "time_epoch_std": 0.4101, "eta": 5397.04424, "eta_std": 49.28024, "eta_hours": 1.49918, "eta_hours_std": 0.01369, "loss": 0.68172, "loss_std": 0.03243, "lr": 0.00045, "lr_std": 0.0, "params": 527237.0, "params_std": 0.0, "time_iter": 0.17582, "time_iter_std": 0.00187, "accuracy": 0.88929, "accuracy_std": 0.01577, "f1": 0.88904, "f1_std": 0.0161, "auc": 0.97605, "auc_std": 0.00464}
{"epoch": 10, "time_epoch": 38.51874, "time_epoch_std": 0.39523, "eta": 5358.09497, "eta_std": 48.94463, "eta_hours": 1.48836, "eta_hours_std": 0.01359, "loss": 0.59391, "loss_std": 0.03419, "lr": 0.0005, "lr_std": 0.0, "params": 527237.0, "params_std": 0.0, "time_iter": 0.17588, "time_iter_std": 0.0018, "accuracy": 0.89957, "accuracy_std": 0.01271, "f1": 0.89954, "f1_std": 0.01283, "auc": 0.97896, "auc_std": 0.00396}
{"epoch": 11, "time_epoch": 38.53082, "time_epoch_std": 0.32815, "eta": 5319.35633, "eta_std": 47.8433, "eta_hours": 1.4776, "eta_hours_std": 0.01329, "loss": 0.51869, "loss_std": 0.03258, "lr": 0.0005, "lr_std": 0.0, "params": 527237.0, "params_std": 0.0, "time_iter": 0.17594, "time_iter_std": 0.0015, "accuracy": 0.90857, "accuracy_std": 0.01125, "f1": 0.90871, "f1_std": 0.01119, "auc": 0.98156, "auc_std": 0.0035}
{"epoch": 12, "time_epoch": 38.56874, "time_epoch_std": 0.42946, "eta": 5281.04934, "eta_std": 48.10673, "eta_hours": 1.46696, "eta_hours_std": 0.01336, "loss": 0.45525, "loss_std": 0.02923, "lr": 0.0005, "lr_std": 0.0, "params": 527237.0, "params_std": 0.0, "time_iter": 0.17611, "time_iter_std": 0.00196, "accuracy": 0.9144, "accuracy_std": 0.00883, "f1": 0.91445, "f1_std": 0.00891, "auc": 0.98401, "auc_std": 0.00262}
{"epoch": 13, "time_epoch": 38.37542, "time_epoch_std": 0.34605, "eta": 5240.82696, "eta_std": 47.54045, "eta_hours": 1.45578, "eta_hours_std": 0.01321, "loss": 0.40525, "loss_std": 0.02496, "lr": 0.0005, "lr_std": 0.0, "params": 527237.0, "params_std": 0.0, "time_iter": 0.17523, "time_iter_std": 0.00158, "accuracy": 0.91826, "accuracy_std": 0.00751, "f1": 0.9183, "f1_std": 0.0076, "auc": 0.98568, "auc_std": 0.00194}
{"epoch": 14, "time_epoch": 38.43916, "time_epoch_std": 0.34032, "eta": 5201.42445, "eta_std": 46.60144, "eta_hours": 1.44484, "eta_hours_std": 0.01294, "loss": 0.36185, "loss_std": 0.02293, "lr": 0.0005, "lr_std": 0.0, "params": 527237.0, "params_std": 0.0, "time_iter": 0.17552, "time_iter_std": 0.00155, "accuracy": 0.9254, "accuracy_std": 0.00715, "f1": 0.92546, "f1_std": 0.00721, "auc": 0.98723, "auc_std": 0.00163}
{"epoch": 15, "time_epoch": 38.54103, "time_epoch_std": 0.36144, "eta": 5162.99555, "eta_std": 46.32093, "eta_hours": 1.43417, "eta_hours_std": 0.01287, "loss": 0.32668, "loss_std": 0.01885, "lr": 0.0005, "lr_std": 0.0, "params": 527237.0, "params_std": 0.0, "time_iter": 0.17599, "time_iter_std": 0.00165, "accuracy": 0.9302, "accuracy_std": 0.00543, "f1": 0.93025, "f1_std": 0.00548, "auc": 0.98827, "auc_std": 0.00143}
{"epoch": 16, "time_epoch": 38.46728, "time_epoch_std": 0.45818, "eta": 5123.9765, "eta_std": 46.64843, "eta_hours": 1.42333, "eta_hours_std": 0.01296, "loss": 0.30208, "loss_std": 0.02035, "lr": 0.0005, "lr_std": 0.0, "params": 527237.0, "params_std": 0.0, "time_iter": 0.17565, "time_iter_std": 0.00209, "accuracy": 0.93037, "accuracy_std": 0.00682, "f1": 0.93036, "f1_std": 0.0068, "auc": 0.98901, "auc_std": 0.00164}
{"epoch": 17, "time_epoch": 38.45553, "time_epoch_std": 0.35006, "eta": 5084.93254, "eta_std": 45.76915, "eta_hours": 1.41248, "eta_hours_std": 0.01271, "loss": 0.27369, "loss_std": 0.01418, "lr": 0.0005, "lr_std": 0.0, "params": 527237.0, "params_std": 0.0, "time_iter": 0.17559, "time_iter_std": 0.0016, "accuracy": 0.93597, "accuracy_std": 0.00503, "f1": 0.936, "f1_std": 0.00503, "auc": 0.9902, "auc_std": 0.00102}
{"epoch": 18, "time_epoch": 38.50043, "time_epoch_std": 0.37559, "eta": 5046.26008, "eta_std": 45.34607, "eta_hours": 1.40174, "eta_hours_std": 0.0126, "loss": 0.2544, "loss_std": 0.01405, "lr": 0.0005, "lr_std": 0.0, "params": 527237.0, "params_std": 0.0, "time_iter": 0.1758, "time_iter_std": 0.00171, "accuracy": 0.93723, "accuracy_std": 0.00536, "f1": 0.93723, "f1_std": 0.00532, "auc": 0.99065, "auc_std": 0.00061}
{"epoch": 19, "time_epoch": 38.4544, "time_epoch_std": 0.43004, "eta": 5007.30568, "eta_std": 45.16129, "eta_hours": 1.39092, "eta_hours_std": 0.01254, "loss": 0.2398, "loss_std": 0.01065, "lr": 0.00049, "lr_std": 0.0, "params": 527237.0, "params_std": 0.0, "time_iter": 0.17559, "time_iter_std": 0.00196, "accuracy": 0.93954, "accuracy_std": 0.00587, "f1": 0.93958, "f1_std": 0.00585, "auc": 0.99097, "auc_std": 0.00061}
{"epoch": 20, "time_epoch": 38.55846, "time_epoch_std": 0.36549, "eta": 4969.03808, "eta_std": 44.4023, "eta_hours": 1.38029, "eta_hours_std": 0.01233, "loss": 0.22171, "loss_std": 0.00829, "lr": 0.00049, "lr_std": 0.0, "params": 527237.0, "params_std": 0.0, "time_iter": 0.17607, "time_iter_std": 0.00167, "accuracy": 0.94252, "accuracy_std": 0.00259, "f1": 0.94257, "f1_std": 0.00257, "auc": 0.99165, "auc_std": 0.00059}
{"epoch": 21, "time_epoch": 38.48434, "time_epoch_std": 0.42388, "eta": 4930.31279, "eta_std": 44.41833, "eta_hours": 1.36953, "eta_hours_std": 0.01234, "loss": 0.21178, "loss_std": 0.00974, "lr": 0.00049, "lr_std": 0.0, "params": 527237.0, "params_std": 0.0, "time_iter": 0.17573, "time_iter_std": 0.00194, "accuracy": 0.94548, "accuracy_std": 0.00389, "f1": 0.94542, "f1_std": 0.00394, "auc": 0.99205, "auc_std": 0.00062}
{"epoch": 22, "time_epoch": 38.45723, "time_epoch_std": 0.44542, "eta": 4891.45877, "eta_std": 44.20586, "eta_hours": 1.35874, "eta_hours_std": 0.01228, "loss": 0.19839, "loss_std": 0.01148, "lr": 0.00049, "lr_std": 0.0, "params": 527237.0, "params_std": 0.0, "time_iter": 0.1756, "time_iter_std": 0.00203, "accuracy": 0.94763, "accuracy_std": 0.00537, "f1": 0.94767, "f1_std": 0.00534, "auc": 0.99242, "auc_std": 0.0005}
{"epoch": 23, "time_epoch": 38.39808, "time_epoch_std": 0.35218, "eta": 4852.3273, "eta_std": 43.63737, "eta_hours": 1.34787, "eta_hours_std": 0.01212, "loss": 0.19375, "loss_std": 0.01046, "lr": 0.00049, "lr_std": 0.0, "params": 527237.0, "params_std": 0.0, "time_iter": 0.17533, "time_iter_std": 0.00161, "accuracy": 0.94669, "accuracy_std": 0.00371, "f1": 0.9467, "f1_std": 0.00369, "auc": 0.99261, "auc_std": 0.00076}
{"epoch": 24, "time_epoch": 38.41075, "time_epoch_std": 0.28232, "eta": 4813.31785, "eta_std": 42.47528, "eta_hours": 1.33703, "eta_hours_std": 0.0118, "loss": 0.18201, "loss_std": 0.00948, "lr": 0.00049, "lr_std": 0.0, "params": 527237.0, "params_std": 0.0, "time_iter": 0.17539, "time_iter_std": 0.00129, "accuracy": 0.94966, "accuracy_std": 0.00407, "f1": 0.94967, "f1_std": 0.00407, "auc": 0.99298, "auc_std": 0.00037}
{"epoch": 25, "time_epoch": 38.45265, "time_epoch_std": 0.33321, "eta": 4774.55428, "eta_std": 41.86582, "eta_hours": 1.32627, "eta_hours_std": 0.01163, "loss": 0.17471, "loss_std": 0.00764, "lr": 0.00049, "lr_std": 0.0, "params": 527237.0, "params_std": 0.0, "time_iter": 0.17558, "time_iter_std": 0.00152, "accuracy": 0.9518, "accuracy_std": 0.00254, "f1": 0.95178, "f1_std": 0.00257, "auc": 0.99329, "auc_std": 0.00043}
{"epoch": 26, "time_epoch": 38.34989, "time_epoch_std": 0.3527, "eta": 4735.34562, "eta_std": 41.38386, "eta_hours": 1.31538, "eta_hours_std": 0.0115, "loss": 0.17028, "loss_std": 0.00776, "lr": 0.00048, "lr_std": 0.0, "params": 527237.0, "params_std": 0.0, "time_iter": 0.17511, "time_iter_std": 0.00161, "accuracy": 0.95208, "accuracy_std": 0.00345, "f1": 0.95206, "f1_std": 0.00343, "auc": 0.99363, "auc_std": 0.00049}
{"epoch": 27, "time_epoch": 38.46417, "time_epoch_std": 0.35241, "eta": 4696.69623, "eta_std": 40.72649, "eta_hours": 1.30464, "eta_hours_std": 0.01131, "loss": 0.16449, "loss_std": 0.00889, "lr": 0.00048, "lr_std": 0.0, "params": 527237.0, "params_std": 0.0, "time_iter": 0.17564, "time_iter_std": 0.00161, "accuracy": 0.95263, "accuracy_std": 0.00294, "f1": 0.95261, "f1_std": 0.00299, "auc": 0.99415, "auc_std": 0.00067}
{"epoch": 28, "time_epoch": 38.43969, "time_epoch_std": 0.32168, "eta": 4657.95747, "eta_std": 40.21719, "eta_hours": 1.29388, "eta_hours_std": 0.01117, "loss": 0.15787, "loss_std": 0.00818, "lr": 0.00048, "lr_std": 0.0, "params": 527237.0, "params_std": 0.0, "time_iter": 0.17552, "time_iter_std": 0.00147, "accuracy": 0.9552, "accuracy_std": 0.00315, "f1": 0.95518, "f1_std": 0.00315, "auc": 0.99435, "auc_std": 0.00048}
{"epoch": 29, "time_epoch": 38.44966, "time_epoch_std": 0.40601, "eta": 4619.27855, "eta_std": 40.09468, "eta_hours": 1.28313, "eta_hours_std": 0.01114, "loss": 0.15582, "loss_std": 0.00632, "lr": 0.00048, "lr_std": 0.0, "params": 527237.0, "params_std": 0.0, "time_iter": 0.17557, "time_iter_std": 0.00185, "accuracy": 0.95474, "accuracy_std": 0.00304, "f1": 0.95471, "f1_std": 0.00308, "auc": 0.99414, "auc_std": 0.0004}
{"epoch": 30, "time_epoch": 38.62287, "time_epoch_std": 0.35082, "eta": 4581.27931, "eta_std": 39.69096, "eta_hours": 1.27258, "eta_hours_std": 0.01102, "loss": 0.15317, "loss_std": 0.00843, "lr": 0.00048, "lr_std": 0.0, "params": 527237.0, "params_std": 0.0, "time_iter": 0.17636, "time_iter_std": 0.0016, "accuracy": 0.95554, "accuracy_std": 0.00341, "f1": 0.9555, "f1_std": 0.00343, "auc": 0.99468, "auc_std": 0.00043}
{"epoch": 31, "time_epoch": 38.48631, "time_epoch_std": 0.39337, "eta": 4542.73753, "eta_std": 39.51921, "eta_hours": 1.26187, "eta_hours_std": 0.01098, "loss": 0.14645, "loss_std": 0.00986, "lr": 0.00047, "lr_std": 0.0, "params": 527237.0, "params_std": 0.0, "time_iter": 0.17574, "time_iter_std": 0.0018, "accuracy": 0.95726, "accuracy_std": 0.00289, "f1": 0.95723, "f1_std": 0.0029, "auc": 0.99462, "auc_std": 0.00086}
{"epoch": 32, "time_epoch": 38.52666, "time_epoch_std": 0.44215, "eta": 4504.34217, "eta_std": 39.40677, "eta_hours": 1.25121, "eta_hours_std": 0.01095, "loss": 0.14235, "loss_std": 0.00878, "lr": 0.00047, "lr_std": 0.0, "params": 527237.0, "params_std": 0.0, "time_iter": 0.17592, "time_iter_std": 0.00202, "accuracy": 0.9576, "accuracy_std": 0.00332, "f1": 0.95756, "f1_std": 0.00335, "auc": 0.995, "auc_std": 0.00058}
{"epoch": 33, "time_epoch": 38.55933, "time_epoch_std": 0.42553, "eta": 4466.05055, "eta_std": 39.22323, "eta_hours": 1.24057, "eta_hours_std": 0.0109, "loss": 0.13733, "loss_std": 0.00978, "lr": 0.00047, "lr_std": 0.0, "params": 527237.0, "params_std": 0.0, "time_iter": 0.17607, "time_iter_std": 0.00194, "accuracy": 0.95997, "accuracy_std": 0.00284, "f1": 0.95994, "f1_std": 0.00285, "auc": 0.99516, "auc_std": 0.00072}
{"epoch": 34, "time_epoch": 38.46293, "time_epoch_std": 0.29321, "eta": 4427.42687, "eta_std": 38.46996, "eta_hours": 1.22984, "eta_hours_std": 0.01069, "loss": 0.1379, "loss_std": 0.00622, "lr": 0.00046, "lr_std": 0.0, "params": 527237.0, "params_std": 0.0, "time_iter": 0.17563, "time_iter_std": 0.00134, "accuracy": 0.95951, "accuracy_std": 0.00222, "f1": 0.95947, "f1_std": 0.00222, "auc": 0.99523, "auc_std": 0.00054}
{"epoch": 35, "time_epoch": 38.44413, "time_epoch_std": 0.4799, "eta": 4388.75259, "eta_std": 38.42912, "eta_hours": 1.2191, "eta_hours_std": 0.01068, "loss": 0.1368, "loss_std": 0.00731, "lr": 0.00046, "lr_std": 0.0, "params": 527237.0, "params_std": 0.0, "time_iter": 0.17554, "time_iter_std": 0.00219, "accuracy": 0.95926, "accuracy_std": 0.00284, "f1": 0.95922, "f1_std": 0.00286, "auc": 0.99535, "auc_std": 0.00036}
{"epoch": 36, "time_epoch": 38.45041, "time_epoch_std": 0.41279, "eta": 4350.10993, "eta_std": 38.21722, "eta_hours": 1.20836, "eta_hours_std": 0.01061, "loss": 0.13022, "loss_std": 0.00849, "lr": 0.00046, "lr_std": 0.0, "params": 527237.0, "params_std": 0.0, "time_iter": 0.17557, "time_iter_std": 0.00188, "accuracy": 0.96151, "accuracy_std": 0.003, "f1": 0.96147, "f1_std": 0.00302, "auc": 0.9955, "auc_std": 0.00065}
{"epoch": 37, "time_epoch": 38.47278, "time_epoch_std": 0.33166, "eta": 4311.54333, "eta_std": 37.74366, "eta_hours": 1.19765, "eta_hours_std": 0.01048, "loss": 0.12619, "loss_std": 0.0058, "lr": 0.00046, "lr_std": 0.0, "params": 527237.0, "params_std": 0.0, "time_iter": 0.17567, "time_iter_std": 0.00152, "accuracy": 0.96211, "accuracy_std": 0.00228, "f1": 0.96207, "f1_std": 0.00227, "auc": 0.99591, "auc_std": 0.0005}
{"epoch": 38, "time_epoch": 38.49938, "time_epoch_std": 0.45884, "eta": 4273.05725, "eta_std": 37.64583, "eta_hours": 1.18696, "eta_hours_std": 0.01046, "loss": 0.1225, "loss_std": 0.00603, "lr": 0.00045, "lr_std": 0.0, "params": 527237.0, "params_std": 0.0, "time_iter": 0.1758, "time_iter_std": 0.0021, "accuracy": 0.96409, "accuracy_std": 0.00244, "f1": 0.96405, "f1_std": 0.00244, "auc": 0.9959, "auc_std": 0.00061}
{"epoch": 39, "time_epoch": 38.48757, "time_epoch_std": 0.4251, "eta": 4234.53802, "eta_std": 37.46665, "eta_hours": 1.17626, "eta_hours_std": 0.01041, "loss": 0.12307, "loss_std": 0.00637, "lr": 0.00045, "lr_std": 0.0, "params": 527237.0, "params_std": 0.0, "time_iter": 0.17574, "time_iter_std": 0.00194, "accuracy": 0.96323, "accuracy_std": 0.00195, "f1": 0.96318, "f1_std": 0.00197, "auc": 0.9959, "auc_std": 0.00042}
{"epoch": 40, "time_epoch": 38.49432, "time_epoch_std": 0.31496, "eta": 4196.03827, "eta_std": 36.90665, "eta_hours": 1.16557, "eta_hours_std": 0.01025, "loss": 0.11797, "loss_std": 0.00815, "lr": 0.00045, "lr_std": 0.0, "params": 527237.0, "params_std": 0.0, "time_iter": 0.17577, "time_iter_std": 0.00144, "accuracy": 0.9658, "accuracy_std": 0.00222, "f1": 0.96578, "f1_std": 0.00221, "auc": 0.9961, "auc_std": 0.00046}
{"epoch": 41, "time_epoch": 38.54281, "time_epoch_std": 0.3817, "eta": 4157.66347, "eta_std": 36.54625, "eta_hours": 1.15491, "eta_hours_std": 0.01015, "loss": 0.11953, "loss_std": 0.00498, "lr": 0.00044, "lr_std": 0.0, "params": 527237.0, "params_std": 0.0, "time_iter": 0.17599, "time_iter_std": 0.00174, "accuracy": 0.96408, "accuracy_std": 0.00191, "f1": 0.96405, "f1_std": 0.0019, "auc": 0.99625, "auc_std": 0.0003}
{"epoch": 42, "time_epoch": 38.5104, "time_epoch_std": 0.46845, "eta": 4119.20021, "eta_std": 36.51528, "eta_hours": 1.14422, "eta_hours_std": 0.01014, "loss": 0.11563, "loss_std": 0.00552, "lr": 0.00044, "lr_std": 0.0, "params": 527237.0, "params_std": 0.0, "time_iter": 0.17585, "time_iter_std": 0.00214, "accuracy": 0.96631, "accuracy_std": 0.0016, "f1": 0.96628, "f1_std": 0.00159, "auc": 0.99626, "auc_std": 0.00045}
{"epoch": 43, "time_epoch": 38.49532, "time_epoch_std": 0.40673, "eta": 4080.69848, "eta_std": 36.23624, "eta_hours": 1.13353, "eta_hours_std": 0.01007, "loss": 0.11708, "loss_std": 0.00842, "lr": 0.00043, "lr_std": 0.0, "params": 527237.0, "params_std": 0.0, "time_iter": 0.17578, "time_iter_std": 0.00186, "accuracy": 0.96634, "accuracy_std": 0.00268, "f1": 0.9663, "f1_std": 0.00269, "auc": 0.99631, "auc_std": 0.0004}
{"epoch": 44, "time_epoch": 38.43862, "time_epoch_std": 0.34299, "eta": 4042.06474, "eta_std": 35.81893, "eta_hours": 1.1228, "eta_hours_std": 0.00995, "loss": 0.11428, "loss_std": 0.00584, "lr": 0.00043, "lr_std": 0.0, "params": 527237.0, "params_std": 0.0, "time_iter": 0.17552, "time_iter_std": 0.00157, "accuracy": 0.96574, "accuracy_std": 0.00293, "f1": 0.96568, "f1_std": 0.00293, "auc": 0.99641, "auc_std": 0.00039}
{"epoch": 45, "time_epoch": 38.50577, "time_epoch_std": 0.41509, "eta": 4003.5913, "eta_std": 35.54262, "eta_hours": 1.11211, "eta_hours_std": 0.00987, "loss": 0.11083, "loss_std": 0.00737, "lr": 0.00043, "lr_std": 0.0, "params": 527237.0, "params_std": 0.0, "time_iter": 0.17583, "time_iter_std": 0.0019, "accuracy": 0.96743, "accuracy_std": 0.00323, "f1": 0.9674, "f1_std": 0.00321, "auc": 0.99656, "auc_std": 0.00042}
{"epoch": 46, "time_epoch": 38.37447, "time_epoch_std": 0.44094, "eta": 3964.82873, "eta_std": 35.32056, "eta_hours": 1.10134, "eta_hours_std": 0.00981, "loss": 0.10621, "loss_std": 0.0058, "lr": 0.00042, "lr_std": 0.0, "params": 527237.0, "params_std": 0.0, "time_iter": 0.17523, "time_iter_std": 0.00201, "accuracy": 0.96789, "accuracy_std": 0.00263, "f1": 0.96784, "f1_std": 0.00263, "auc": 0.9969, "auc_std": 0.0004}
{"epoch": 47, "time_epoch": 38.4271, "time_epoch_std": 0.29167, "eta": 3926.19418, "eta_std": 34.70156, "eta_hours": 1.09061, "eta_hours_std": 0.00964, "loss": 0.10523, "loss_std": 0.0043, "lr": 0.00042, "lr_std": 0.0, "params": 527237.0, "params_std": 0.0, "time_iter": 0.17547, "time_iter_std": 0.00133, "accuracy": 0.96852, "accuracy_std": 0.00183, "f1": 0.96846, "f1_std": 0.00184, "auc": 0.99681, "auc_std": 0.00024}
{"epoch": 48, "time_epoch": 38.39349, "time_epoch_std": 0.39887, "eta": 3887.49882, "eta_std": 34.43332, "eta_hours": 1.07986, "eta_hours_std": 0.00956, "loss": 0.10379, "loss_std": 0.00648, "lr": 0.00041, "lr_std": 0.0, "params": 527237.0, "params_std": 0.0, "time_iter": 0.17531, "time_iter_std": 0.00182, "accuracy": 0.96917, "accuracy_std": 0.00221, "f1": 0.96913, "f1_std": 0.00223, "auc": 0.99697, "auc_std": 0.00033}
{"epoch": 49, "time_epoch": 38.40326, "time_epoch_std": 0.3376, "eta": 3848.83507, "eta_std": 34.04307, "eta_hours": 1.06912, "eta_hours_std": 0.00946, "loss": 0.10756, "loss_std": 0.00636, "lr": 0.00041, "lr_std": 0.0, "params": 527237.0, "params_std": 0.0, "time_iter": 0.17536, "time_iter_std": 0.00154, "accuracy": 0.96837, "accuracy_std": 0.00214, "f1": 0.96832, "f1_std": 0.00214, "auc": 0.99683, "auc_std": 0.00024}
{"epoch": 50, "time_epoch": 38.39604, "time_epoch_std": 0.30681, "eta": 3810.16752, "eta_std": 33.62313, "eta_hours": 1.05838, "eta_hours_std": 0.00934, "loss": 0.09865, "loss_std": 0.00527, "lr": 0.00041, "lr_std": 0.0, "params": 527237.0, "params_std": 0.0, "time_iter": 0.17532, "time_iter_std": 0.0014, "accuracy": 0.9712, "accuracy_std": 0.00259, "f1": 0.97117, "f1_std": 0.00259, "auc": 0.99713, "auc_std": 0.00026}
{"epoch": 51, "time_epoch": 38.36313, "time_epoch_std": 0.42754, "eta": 3771.44839, "eta_std": 33.34147, "eta_hours": 1.04763, "eta_hours_std": 0.00926, "loss": 0.09748, "loss_std": 0.00474, "lr": 0.0004, "lr_std": 0.0, "params": 527237.0, "params_std": 0.0, "time_iter": 0.17518, "time_iter_std": 0.00195, "accuracy": 0.9718, "accuracy_std": 0.00242, "f1": 0.97175, "f1_std": 0.00242, "auc": 0.99721, "auc_std": 0.00027}
{"epoch": 52, "time_epoch": 38.42581, "time_epoch_std": 0.45757, "eta": 3732.85743, "eta_std": 33.12377, "eta_hours": 1.0369, "eta_hours_std": 0.0092, "loss": 0.09632, "loss_std": 0.00431, "lr": 0.0004, "lr_std": 0.0, "params": 527237.0, "params_std": 0.0, "time_iter": 0.17546, "time_iter_std": 0.00209, "accuracy": 0.972, "accuracy_std": 0.00208, "f1": 0.97195, "f1_std": 0.00208, "auc": 0.99746, "auc_std": 0.00017}
{"epoch": 53, "time_epoch": 38.4861, "time_epoch_std": 0.51545, "eta": 3694.37975, "eta_std": 32.99118, "eta_hours": 1.02622, "eta_hours_std": 0.00916, "loss": 0.0976, "loss_std": 0.00519, "lr": 0.00039, "lr_std": 0.0, "params": 527237.0, "params_std": 0.0, "time_iter": 0.17574, "time_iter_std": 0.00235, "accuracy": 0.97123, "accuracy_std": 0.00214, "f1": 0.97119, "f1_std": 0.00215, "auc": 0.99732, "auc_std": 0.00026}
{"epoch": 54, "time_epoch": 38.54143, "time_epoch_std": 0.39605, "eta": 3655.99733, "eta_std": 32.67645, "eta_hours": 1.01555, "eta_hours_std": 0.00907, "loss": 0.09356, "loss_std": 0.00483, "lr": 0.00039, "lr_std": 0.0, "params": 527237.0, "params_std": 0.0, "time_iter": 0.17599, "time_iter_std": 0.00181, "accuracy": 0.9726, "accuracy_std": 0.00233, "f1": 0.97255, "f1_std": 0.00233, "auc": 0.99753, "auc_std": 0.0003}
{"epoch": 55, "time_epoch": 38.49291, "time_epoch_std": 0.29522, "eta": 3617.5278, "eta_std": 32.13975, "eta_hours": 1.00487, "eta_hours_std": 0.00893, "loss": 0.09259, "loss_std": 0.00481, "lr": 0.00038, "lr_std": 0.0, "params": 527237.0, "params_std": 0.0, "time_iter": 0.17577, "time_iter_std": 0.00135, "accuracy": 0.97266, "accuracy_std": 0.00244, "f1": 0.97261, "f1_std": 0.00245, "auc": 0.99763, "auc_std": 0.00029}
{"epoch": 56, "time_epoch": 38.44568, "time_epoch_std": 0.28442, "eta": 3578.9804, "eta_std": 31.66642, "eta_hours": 0.99416, "eta_hours_std": 0.00879, "loss": 0.09295, "loss_std": 0.00582, "lr": 0.00038, "lr_std": 0.0, "params": 527237.0, "params_std": 0.0, "time_iter": 0.17555, "time_iter_std": 0.0013, "accuracy": 0.97226, "accuracy_std": 0.00201, "f1": 0.97221, "f1_std": 0.00201, "auc": 0.9977, "auc_std": 0.00025}
{"epoch": 57, "time_epoch": 38.57572, "time_epoch_std": 0.3499, "eta": 3540.64276, "eta_std": 31.28218, "eta_hours": 0.98351, "eta_hours_std": 0.00869, "loss": 0.09038, "loss_std": 0.00492, "lr": 0.00037, "lr_std": 0.0, "params": 527237.0, "params_std": 0.0, "time_iter": 0.17614, "time_iter_std": 0.0016, "accuracy": 0.97303, "accuracy_std": 0.00172, "f1": 0.97299, "f1_std": 0.00172, "auc": 0.99779, "auc_std": 0.00024}
{"epoch": 58, "time_epoch": 38.36735, "time_epoch_std": 0.30361, "eta": 3501.97567, "eta_std": 30.83864, "eta_hours": 0.97277, "eta_hours_std": 0.00856, "loss": 0.0894, "loss_std": 0.00935, "lr": 0.00037, "lr_std": 0.0, "params": 527237.0, "params_std": 0.0, "time_iter": 0.17519, "time_iter_std": 0.00139, "accuracy": 0.97451, "accuracy_std": 0.00336, "f1": 0.97448, "f1_std": 0.00337, "auc": 0.99776, "auc_std": 0.00035}
{"epoch": 59, "time_epoch": 38.43376, "time_epoch_std": 0.46196, "eta": 3463.41819, "eta_std": 30.61591, "eta_hours": 0.96206, "eta_hours_std": 0.0085, "loss": 0.08486, "loss_std": 0.00459, "lr": 0.00036, "lr_std": 0.0, "params": 527237.0, "params_std": 0.0, "time_iter": 0.1755, "time_iter_std": 0.00211, "accuracy": 0.97494, "accuracy_std": 0.002, "f1": 0.9749, "f1_std": 0.002, "auc": 0.9979, "auc_std": 0.00032}
{"epoch": 60, "time_epoch": 38.31946, "time_epoch_std": 0.29593, "eta": 3424.69799, "eta_std": 30.12103, "eta_hours": 0.9513, "eta_hours_std": 0.00837, "loss": 0.08369, "loss_std": 0.00442, "lr": 0.00036, "lr_std": 0.0, "params": 527237.0, "params_std": 0.0, "time_iter": 0.17497, "time_iter_std": 0.00135, "accuracy": 0.97577, "accuracy_std": 0.00193, "f1": 0.97573, "f1_std": 0.00193, "auc": 0.99788, "auc_std": 0.00019}
{"epoch": 61, "time_epoch": 38.40086, "time_epoch_std": 0.37166, "eta": 3386.10626, "eta_std": 29.7522, "eta_hours": 0.94058, "eta_hours_std": 0.00826, "loss": 0.08284, "loss_std": 0.00456, "lr": 0.00035, "lr_std": 0.0, "params": 527237.0, "params_std": 0.0, "time_iter": 0.17534, "time_iter_std": 0.0017, "accuracy": 0.97668, "accuracy_std": 0.00169, "f1": 0.97665, "f1_std": 0.00169, "auc": 0.99799, "auc_std": 0.00028}
{"epoch": 62, "time_epoch": 38.47506, "time_epoch_std": 0.51822, "eta": 3347.62307, "eta_std": 29.5998, "eta_hours": 0.9299, "eta_hours_std": 0.00822, "loss": 0.08238, "loss_std": 0.00492, "lr": 0.00035, "lr_std": 0.0, "params": 527237.0, "params_std": 0.0, "time_iter": 0.17569, "time_iter_std": 0.00237, "accuracy": 0.97608, "accuracy_std": 0.00206, "f1": 0.97604, "f1_std": 0.00207, "auc": 0.99801, "auc_std": 0.00023}
{"epoch": 63, "time_epoch": 38.52022, "time_epoch_std": 0.29922, "eta": 3309.20081, "eta_std": 29.1457, "eta_hours": 0.91922, "eta_hours_std": 0.0081, "loss": 0.08335, "loss_std": 0.00303, "lr": 0.00034, "lr_std": 0.0, "params": 527237.0, "params_std": 0.0, "time_iter": 0.17589, "time_iter_std": 0.00137, "accuracy": 0.97586, "accuracy_std": 0.00115, "f1": 0.97581, "f1_std": 0.00115, "auc": 0.99802, "auc_std": 0.00013}
{"epoch": 64, "time_epoch": 38.39351, "time_epoch_std": 0.21746, "eta": 3270.60982, "eta_std": 28.5864, "eta_hours": 0.9085, "eta_hours_std": 0.00794, "loss": 0.08413, "loss_std": 0.00593, "lr": 0.00034, "lr_std": 0.0, "params": 527237.0, "params_std": 0.0, "time_iter": 0.17531, "time_iter_std": 0.00099, "accuracy": 0.97557, "accuracy_std": 0.00201, "f1": 0.97554, "f1_std": 0.00201, "auc": 0.99798, "auc_std": 0.0002}
{"epoch": 65, "time_epoch": 38.40691, "time_epoch_std": 0.39813, "eta": 3232.04189, "eta_std": 28.24326, "eta_hours": 0.89779, "eta_hours_std": 0.00785, "loss": 0.08042, "loss_std": 0.00492, "lr": 0.00033, "lr_std": 0.0, "params": 527237.0, "params_std": 0.0, "time_iter": 0.17538, "time_iter_std": 0.00182, "accuracy": 0.97686, "accuracy_std": 0.00111, "f1": 0.97681, "f1_std": 0.00112, "auc": 0.99824, "auc_std": 0.0002}
{"epoch": 66, "time_epoch": 38.46074, "time_epoch_std": 0.4543, "eta": 3193.54543, "eta_std": 28.03307, "eta_hours": 0.8871, "eta_hours_std": 0.00779, "loss": 0.07897, "loss_std": 0.0036, "lr": 0.00033, "lr_std": 0.0, "params": 527237.0, "params_std": 0.0, "time_iter": 0.17562, "time_iter_std": 0.00207, "accuracy": 0.97677, "accuracy_std": 0.00227, "f1": 0.97673, "f1_std": 0.00229, "auc": 0.99821, "auc_std": 0.00015}
{"epoch": 67, "time_epoch": 38.47333, "time_epoch_std": 0.41871, "eta": 3155.06522, "eta_std": 27.7556, "eta_hours": 0.87641, "eta_hours_std": 0.00771, "loss": 0.0768, "loss_std": 0.00634, "lr": 0.00032, "lr_std": 0.0, "params": 527237.0, "params_std": 0.0, "time_iter": 0.17568, "time_iter_std": 0.00191, "accuracy": 0.97763, "accuracy_std": 0.00254, "f1": 0.97759, "f1_std": 0.00255, "auc": 0.99827, "auc_std": 0.00024}
{"epoch": 68, "time_epoch": 38.41131, "time_epoch_std": 0.38557, "eta": 3116.5124, "eta_std": 27.43575, "eta_hours": 0.8657, "eta_hours_std": 0.00762, "loss": 0.07449, "loss_std": 0.00504, "lr": 0.00032, "lr_std": 0.0, "params": 527237.0, "params_std": 0.0, "time_iter": 0.17539, "time_iter_std": 0.00176, "accuracy": 0.97866, "accuracy_std": 0.00159, "f1": 0.97862, "f1_std": 0.0016, "auc": 0.9984, "auc_std": 0.00023}
{"epoch": 69, "time_epoch": 38.46478, "time_epoch_std": 0.49011, "eta": 3078.02472, "eta_std": 27.22005, "eta_hours": 0.85501, "eta_hours_std": 0.00756, "loss": 0.0736, "loss_std": 0.0031, "lr": 0.00031, "lr_std": 0.0, "params": 527237.0, "params_std": 0.0, "time_iter": 0.17564, "time_iter_std": 0.00224, "accuracy": 0.9788, "accuracy_std": 0.00098, "f1": 0.97876, "f1_std": 0.00098, "auc": 0.99839, "auc_std": 0.00019}
{"epoch": 70, "time_epoch": 38.36592, "time_epoch_std": 0.45161, "eta": 3039.4277, "eta_std": 26.94412, "eta_hours": 0.84428, "eta_hours_std": 0.00748, "loss": 0.07331, "loss_std": 0.00562, "lr": 0.00031, "lr_std": 0.0, "params": 527237.0, "params_std": 0.0, "time_iter": 0.17519, "time_iter_std": 0.00206, "accuracy": 0.979, "accuracy_std": 0.00161, "f1": 0.97897, "f1_std": 0.00161, "auc": 0.9983, "auc_std": 0.00028}
{"epoch": 71, "time_epoch": 38.43261, "time_epoch_std": 0.41662, "eta": 3000.90935, "eta_std": 26.66899, "eta_hours": 0.83359, "eta_hours_std": 0.00741, "loss": 0.0699, "loss_std": 0.00385, "lr": 0.0003, "lr_std": 0.0, "params": 527237.0, "params_std": 0.0, "time_iter": 0.17549, "time_iter_std": 0.0019, "accuracy": 0.98009, "accuracy_std": 0.00115, "f1": 0.98005, "f1_std": 0.00116, "auc": 0.99849, "auc_std": 0.0002}
{"epoch": 72, "time_epoch": 38.42557, "time_epoch_std": 0.47887, "eta": 2962.38591, "eta_std": 26.45055, "eta_hours": 0.82288, "eta_hours_std": 0.00735, "loss": 0.07155, "loss_std": 0.00246, "lr": 0.00029, "lr_std": 0.0, "params": 527237.0, "params_std": 0.0, "time_iter": 0.17546, "time_iter_std": 0.00218, "accuracy": 0.97971, "accuracy_std": 0.00085, "f1": 0.97968, "f1_std": 0.00085, "auc": 0.99845, "auc_std": 0.00017}
{"epoch": 73, "time_epoch": 38.5066, "time_epoch_std": 0.4756, "eta": 2923.94835, "eta_std": 26.22233, "eta_hours": 0.81221, "eta_hours_std": 0.00728, "loss": 0.06879, "loss_std": 0.00214, "lr": 0.00029, "lr_std": 0.0, "params": 527237.0, "params_std": 0.0, "time_iter": 0.17583, "time_iter_std": 0.00217, "accuracy": 0.9802, "accuracy_std": 0.00086, "f1": 0.98016, "f1_std": 0.00086, "auc": 0.99849, "auc_std": 0.00014}
{"epoch": 74, "time_epoch": 38.44413, "time_epoch_std": 0.30627, "eta": 2885.44647, "eta_std": 25.83112, "eta_hours": 0.80151, "eta_hours_std": 0.00718, "loss": 0.06699, "loss_std": 0.00305, "lr": 0.00028, "lr_std": 0.0, "params": 527237.0, "params_std": 0.0, "time_iter": 0.17554, "time_iter_std": 0.0014, "accuracy": 0.981, "accuracy_std": 0.0014, "f1": 0.98097, "f1_std": 0.0014, "auc": 0.99855, "auc_std": 0.00014}
{"epoch": 75, "time_epoch": 38.5477, "time_epoch_std": 0.28096, "eta": 2847.04695, "eta_std": 25.3677, "eta_hours": 0.79084, "eta_hours_std": 0.00705, "loss": 0.06859, "loss_std": 0.00148, "lr": 0.00028, "lr_std": 0.0, "params": 527237.0, "params_std": 0.0, "time_iter": 0.17602, "time_iter_std": 0.00128, "accuracy": 0.98029, "accuracy_std": 0.00133, "f1": 0.98025, "f1_std": 0.00133, "auc": 0.99851, "auc_std": 0.00016}
{"epoch": 76, "time_epoch": 38.55103, "time_epoch_std": 0.48515, "eta": 2808.64675, "eta_std": 25.12383, "eta_hours": 0.78018, "eta_hours_std": 0.00698, "loss": 0.0655, "loss_std": 0.00277, "lr": 0.00027, "lr_std": 0.0, "params": 527237.0, "params_std": 0.0, "time_iter": 0.17603, "time_iter_std": 0.00221, "accuracy": 0.9814, "accuracy_std": 0.00107, "f1": 0.98137, "f1_std": 0.00107, "auc": 0.99861, "auc_std": 0.00012}
{"epoch": 77, "time_epoch": 38.43773, "time_epoch_std": 0.35051, "eta": 2770.13809, "eta_std": 24.75044, "eta_hours": 0.76948, "eta_hours_std": 0.00687, "loss": 0.06614, "loss_std": 0.00259, "lr": 0.00027, "lr_std": 0.0, "params": 527237.0, "params_std": 0.0, "time_iter": 0.17551, "time_iter_std": 0.0016, "accuracy": 0.98094, "accuracy_std": 0.00124, "f1": 0.98091, "f1_std": 0.00124, "auc": 0.99862, "auc_std": 6e-05}
{"epoch": 78, "time_epoch": 38.47925, "time_epoch_std": 0.4046, "eta": 2731.66854, "eta_std": 24.42429, "eta_hours": 0.7588, "eta_hours_std": 0.00678, "loss": 0.06552, "loss_std": 0.00402, "lr": 0.00026, "lr_std": 0.0, "params": 527237.0, "params_std": 0.0, "time_iter": 0.1757, "time_iter_std": 0.00185, "accuracy": 0.98128, "accuracy_std": 0.00124, "f1": 0.98126, "f1_std": 0.00124, "auc": 0.99863, "auc_std": 0.00018}
{"epoch": 79, "time_epoch": 38.36163, "time_epoch_std": 0.39614, "eta": 2693.09583, "eta_std": 24.08856, "eta_hours": 0.74808, "eta_hours_std": 0.00669, "loss": 0.06311, "loss_std": 0.00209, "lr": 0.00026, "lr_std": 0.0, "params": 527237.0, "params_std": 0.0, "time_iter": 0.17517, "time_iter_std": 0.00181, "accuracy": 0.98128, "accuracy_std": 0.00063, "f1": 0.98125, "f1_std": 0.00063, "auc": 0.99868, "auc_std": 0.00014}
{"epoch": 80, "time_epoch": 38.37398, "time_epoch_std": 0.39599, "eta": 2654.53885, "eta_std": 23.75694, "eta_hours": 0.73737, "eta_hours_std": 0.0066, "loss": 0.06314, "loss_std": 0.00362, "lr": 0.00025, "lr_std": 0.0, "params": 527237.0, "params_std": 0.0, "time_iter": 0.17522, "time_iter_std": 0.00181, "accuracy": 0.98157, "accuracy_std": 0.00157, "f1": 0.98154, "f1_std": 0.00158, "auc": 0.99866, "auc_std": 0.0001}
{"epoch": 81, "time_epoch": 38.54641, "time_epoch_std": 0.39434, "eta": 2616.12933, "eta_std": 23.40272, "eta_hours": 0.7267, "eta_hours_std": 0.0065, "loss": 0.0629, "loss_std": 0.00338, "lr": 0.00024, "lr_std": 0.0, "params": 527237.0, "params_std": 0.0, "time_iter": 0.17601, "time_iter_std": 0.0018, "accuracy": 0.9822, "accuracy_std": 0.00107, "f1": 0.98217, "f1_std": 0.00107, "auc": 0.99865, "auc_std": 0.00016}
{"epoch": 82, "time_epoch": 38.49812, "time_epoch_std": 0.41963, "eta": 2577.67753, "eta_std": 23.09128, "eta_hours": 0.71602, "eta_hours_std": 0.00641, "loss": 0.06148, "loss_std": 0.00365, "lr": 0.00024, "lr_std": 0.0, "params": 527237.0, "params_std": 0.0, "time_iter": 0.17579, "time_iter_std": 0.00192, "accuracy": 0.982, "accuracy_std": 0.00136, "f1": 0.98197, "f1_std": 0.00136, "auc": 0.99873, "auc_std": 0.00014}
{"epoch": 83, "time_epoch": 38.51593, "time_epoch_std": 0.4606, "eta": 2539.23862, "eta_std": 22.78465, "eta_hours": 0.70534, "eta_hours_std": 0.00633, "loss": 0.06148, "loss_std": 0.00299, "lr": 0.00023, "lr_std": 0.0, "params": 527237.0, "params_std": 0.0, "time_iter": 0.17587, "time_iter_std": 0.0021, "accuracy": 0.98226, "accuracy_std": 0.00135, "f1": 0.98223, "f1_std": 0.00136, "auc": 0.99876, "auc_std": 0.00011}
{"epoch": 84, "time_epoch": 38.4441, "time_epoch_std": 0.33237, "eta": 2500.74298, "eta_std": 22.41074, "eta_hours": 0.69465, "eta_hours_std": 0.00622, "loss": 0.05861, "loss_std": 0.00195, "lr": 0.00023, "lr_std": 0.0, "params": 527237.0, "params_std": 0.0, "time_iter": 0.17554, "time_iter_std": 0.00152, "accuracy": 0.98312, "accuracy_std": 0.00096, "f1": 0.98309, "f1_std": 0.00096, "auc": 0.99884, "auc_std": 0.00014}
{"epoch": 85, "time_epoch": 38.52564, "time_epoch_std": 0.4494, "eta": 2462.3092, "eta_std": 22.12714, "eta_hours": 0.68398, "eta_hours_std": 0.00615, "loss": 0.05839, "loss_std": 0.0022, "lr": 0.00022, "lr_std": 0.0, "params": 527237.0, "params_std": 0.0, "time_iter": 0.17592, "time_iter_std": 0.00205, "accuracy": 0.98312, "accuracy_std": 0.00098, "f1": 0.98309, "f1_std": 0.00098, "auc": 0.99882, "auc_std": 5e-05}
{"epoch": 86, "time_epoch": 38.51594, "time_epoch_std": 0.51546, "eta": 2423.86629, "eta_std": 21.87947, "eta_hours": 0.6733, "eta_hours_std": 0.00608, "loss": 0.05832, "loss_std": 0.00206, "lr": 0.00022, "lr_std": 0.0, "params": 527237.0, "params_std": 0.0, "time_iter": 0.17587, "time_iter_std": 0.00235, "accuracy": 0.98283, "accuracy_std": 0.00126, "f1": 0.9828, "f1_std": 0.00126, "auc": 0.9988, "auc_std": 0.00013}
{"epoch": 87, "time_epoch": 38.46982, "time_epoch_std": 0.47291, "eta": 2385.38923, "eta_std": 21.60355, "eta_hours": 0.66261, "eta_hours_std": 0.006, "loss": 0.05744, "loss_std": 0.00229, "lr": 0.00021, "lr_std": 0.0, "params": 527237.0, "params_std": 0.0, "time_iter": 0.17566, "time_iter_std": 0.00216, "accuracy": 0.9828, "accuracy_std": 0.00138, "f1": 0.98278, "f1_std": 0.00138, "auc": 0.9988, "auc_std": 7e-05}
{"epoch": 88, "time_epoch": 38.44951, "time_epoch_std": 0.37129, "eta": 2346.89841, "eta_std": 21.25264, "eta_hours": 0.65192, "eta_hours_std": 0.0059, "loss": 0.05672, "loss_std": 0.00288, "lr": 0.00021, "lr_std": 0.0, "params": 527237.0, "params_std": 0.0, "time_iter": 0.17557, "time_iter_std": 0.0017, "accuracy": 0.98329, "accuracy_std": 0.00068, "f1": 0.98326, "f1_std": 0.00068, "auc": 0.99886, "auc_std": 0.0001}
{"epoch": 89, "time_epoch": 38.43331, "time_epoch_std": 0.48163, "eta": 2308.39771, "eta_std": 20.96151, "eta_hours": 0.64122, "eta_hours_std": 0.00582, "loss": 0.05477, "loss_std": 0.00207, "lr": 0.0002, "lr_std": 0.0, "params": 527237.0, "params_std": 0.0, "time_iter": 0.17549, "time_iter_std": 0.0022, "accuracy": 0.98391, "accuracy_std": 0.00088, "f1": 0.98389, "f1_std": 0.00088, "auc": 0.99885, "auc_std": 9e-05}
{"epoch": 90, "time_epoch": 38.46459, "time_epoch_std": 0.43422, "eta": 2269.91877, "eta_std": 20.63988, "eta_hours": 0.63053, "eta_hours_std": 0.00573, "loss": 0.05519, "loss_std": 0.00241, "lr": 0.00019, "lr_std": 0.0, "params": 527237.0, "params_std": 0.0, "time_iter": 0.17564, "time_iter_std": 0.00198, "accuracy": 0.98354, "accuracy_std": 0.00067, "f1": 0.98352, "f1_std": 0.00067, "auc": 0.99885, "auc_std": 5e-05}
{"epoch": 91, "time_epoch": 38.43796, "time_epoch_std": 0.2193, "eta": 2231.42335, "eta_std": 20.18502, "eta_hours": 0.61984, "eta_hours_std": 0.00561, "loss": 0.05384, "loss_std": 0.00155, "lr": 0.00019, "lr_std": 0.0, "params": 527237.0, "params_std": 0.0, "time_iter": 0.17552, "time_iter_std": 0.001, "accuracy": 0.98389, "accuracy_std": 0.00043, "f1": 0.98386, "f1_std": 0.00043, "auc": 0.99887, "auc_std": 7e-05}
{"epoch": 92, "time_epoch": 38.51827, "time_epoch_std": 0.2288, "eta": 2192.97839, "eta_std": 19.74378, "eta_hours": 0.60916, "eta_hours_std": 0.00548, "loss": 0.05353, "loss_std": 0.00344, "lr": 0.00018, "lr_std": 0.0, "params": 527237.0, "params_std": 0.0, "time_iter": 0.17588, "time_iter_std": 0.00105, "accuracy": 0.98454, "accuracy_std": 0.0012, "f1": 0.98452, "f1_std": 0.00121, "auc": 0.99888, "auc_std": 0.0001}
{"epoch": 93, "time_epoch": 38.44191, "time_epoch_std": 0.35047, "eta": 2154.48638, "eta_std": 19.36731, "eta_hours": 0.59847, "eta_hours_std": 0.00538, "loss": 0.05282, "loss_std": 0.0023, "lr": 0.00018, "lr_std": 0.0, "params": 527237.0, "params_std": 0.0, "time_iter": 0.17553, "time_iter_std": 0.0016, "accuracy": 0.98417, "accuracy_std": 0.00101, "f1": 0.98415, "f1_std": 0.00101, "auc": 0.99891, "auc_std": 9e-05}
{"epoch": 94, "time_epoch": 38.33182, "time_epoch_std": 0.27994, "eta": 2115.93169, "eta_std": 18.96498, "eta_hours": 0.58776, "eta_hours_std": 0.00527, "loss": 0.05346, "loss_std": 0.00306, "lr": 0.00017, "lr_std": 0.0, "params": 527237.0, "params_std": 0.0, "time_iter": 0.17503, "time_iter_std": 0.00128, "accuracy": 0.98397, "accuracy_std": 0.0011, "f1": 0.98395, "f1_std": 0.00111, "auc": 0.99893, "auc_std": 6e-05}
{"epoch": 95, "time_epoch": 38.36424, "time_epoch_std": 0.36305, "eta": 2077.39988, "eta_std": 18.60644, "eta_hours": 0.57706, "eta_hours_std": 0.00517, "loss": 0.0528, "loss_std": 0.00297, "lr": 0.00017, "lr_std": 0.0, "params": 527237.0, "params_std": 0.0, "time_iter": 0.17518, "time_iter_std": 0.00166, "accuracy": 0.98383, "accuracy_std": 0.00127, "f1": 0.9838, "f1_std": 0.00128, "auc": 0.99884, "auc_std": 0.0002}
{"epoch": 96, "time_epoch": 38.5264, "time_epoch_std": 0.4227, "eta": 2038.96012, "eta_std": 18.28829, "eta_hours": 0.56638, "eta_hours_std": 0.00508, "loss": 0.05208, "loss_std": 0.00287, "lr": 0.00016, "lr_std": 0.0, "params": 527237.0, "params_std": 0.0, "time_iter": 0.17592, "time_iter_std": 0.00193, "accuracy": 0.9842, "accuracy_std": 0.00072, "f1": 0.98418, "f1_std": 0.00073, "auc": 0.99895, "auc_std": 7e-05}
{"epoch": 97, "time_epoch": 38.48113, "time_epoch_std": 0.42404, "eta": 2000.49458, "eta_std": 17.9759, "eta_hours": 0.55569, "eta_hours_std": 0.00499, "loss": 0.051, "loss_std": 0.00298, "lr": 0.00016, "lr_std": 0.0, "params": 527237.0, "params_std": 0.0, "time_iter": 0.17571, "time_iter_std": 0.00194, "accuracy": 0.98466, "accuracy_std": 0.00068, "f1": 0.98464, "f1_std": 0.00068, "auc": 0.99893, "auc_std": 9e-05}
{"epoch": 98, "time_epoch": 38.41438, "time_epoch_std": 0.37704, "eta": 1961.99434, "eta_std": 17.61646, "eta_hours": 0.545, "eta_hours_std": 0.00489, "loss": 0.05082, "loss_std": 0.00268, "lr": 0.00015, "lr_std": 0.0, "params": 527237.0, "params_std": 0.0, "time_iter": 0.17541, "time_iter_std": 0.00172, "accuracy": 0.98463, "accuracy_std": 0.00103, "f1": 0.98461, "f1_std": 0.00103, "auc": 0.99894, "auc_std": 4e-05}
{"epoch": 99, "time_epoch": 38.5003, "time_epoch_std": 0.42575, "eta": 1923.53878, "eta_std": 17.29808, "eta_hours": 0.53432, "eta_hours_std": 0.0048, "loss": 0.04944, "loss_std": 0.00164, "lr": 0.00015, "lr_std": 0.0, "params": 527237.0, "params_std": 0.0, "time_iter": 0.1758, "time_iter_std": 0.00194, "accuracy": 0.98503, "accuracy_std": 0.00063, "f1": 0.98501, "f1_std": 0.00063, "auc": 0.99897, "auc_std": 7e-05}
{"epoch": 100, "time_epoch": 38.41696, "time_epoch_std": 0.34052, "eta": 1885.04189, "eta_std": 16.92881, "eta_hours": 0.52362, "eta_hours_std": 0.0047, "loss": 0.04981, "loss_std": 0.00235, "lr": 0.00014, "lr_std": 0.0, "params": 527237.0, "params_std": 0.0, "time_iter": 0.17542, "time_iter_std": 0.00155, "accuracy": 0.9844, "accuracy_std": 0.0005, "f1": 0.98438, "f1_std": 0.0005, "auc": 0.99899, "auc_std": 6e-05}
{"epoch": 101, "time_epoch": 38.35354, "time_epoch_std": 0.30419, "eta": 1846.51673, "eta_std": 16.53487, "eta_hours": 0.51292, "eta_hours_std": 0.00459, "loss": 0.04848, "loss_std": 0.00103, "lr": 0.00014, "lr_std": 0.0, "params": 527237.0, "params_std": 0.0, "time_iter": 0.17513, "time_iter_std": 0.00139, "accuracy": 0.98494, "accuracy_std": 0.00071, "f1": 0.98492, "f1_std": 0.00071, "auc": 0.99901, "auc_std": 0.0001}
{"epoch": 102, "time_epoch": 38.29331, "time_epoch_std": 0.43812, "eta": 1807.96742, "eta_std": 16.22345, "eta_hours": 0.50221, "eta_hours_std": 0.00451, "loss": 0.04743, "loss_std": 0.00258, "lr": 0.00013, "lr_std": 0.0, "params": 527237.0, "params_std": 0.0, "time_iter": 0.17486, "time_iter_std": 0.002, "accuracy": 0.98531, "accuracy_std": 0.00097, "f1": 0.9853, "f1_std": 0.00097, "auc": 0.99899, "auc_std": 8e-05}
{"epoch": 103, "time_epoch": 38.36188, "time_epoch_std": 0.41078, "eta": 1769.45336, "eta_std": 15.88072, "eta_hours": 0.49152, "eta_hours_std": 0.00441, "loss": 0.04805, "loss_std": 0.00173, "lr": 0.00013, "lr_std": 0.0, "params": 527237.0, "params_std": 0.0, "time_iter": 0.17517, "time_iter_std": 0.00188, "accuracy": 0.98537, "accuracy_std": 0.00062, "f1": 0.98535, "f1_std": 0.00063, "auc": 0.99899, "auc_std": 7e-05}
{"epoch": 104, "time_epoch": 38.44843, "time_epoch_std": 0.42642, "eta": 1730.97929, "eta_std": 15.5503, "eta_hours": 0.48083, "eta_hours_std": 0.00432, "loss": 0.04893, "loss_std": 0.00171, "lr": 0.00012, "lr_std": 0.0, "params": 527237.0, "params_std": 0.0, "time_iter": 0.17556, "time_iter_std": 0.00195, "accuracy": 0.98534, "accuracy_std": 0.00089, "f1": 0.98532, "f1_std": 0.00089, "auc": 0.99896, "auc_std": 0.0001}
{"epoch": 105, "time_epoch": 38.42094, "time_epoch_std": 0.38167, "eta": 1692.49429, "eta_std": 15.20416, "eta_hours": 0.47014, "eta_hours_std": 0.00422, "loss": 0.04711, "loss_std": 0.0017, "lr": 0.00012, "lr_std": 0.0, "params": 527237.0, "params_std": 0.0, "time_iter": 0.17544, "time_iter_std": 0.00174, "accuracy": 0.98531, "accuracy_std": 0.00091, "f1": 0.9853, "f1_std": 0.00091, "auc": 0.99902, "auc_std": 6e-05}
{"epoch": 106, "time_epoch": 38.39731, "time_epoch_std": 0.41589, "eta": 1654.001, "eta_std": 14.86981, "eta_hours": 0.45945, "eta_hours_std": 0.00413, "loss": 0.04636, "loss_std": 0.00195, "lr": 0.00011, "lr_std": 0.0, "params": 527237.0, "params_std": 0.0, "time_iter": 0.17533, "time_iter_std": 0.0019, "accuracy": 0.98525, "accuracy_std": 0.00114, "f1": 0.98524, "f1_std": 0.00114, "auc": 0.99903, "auc_std": 8e-05}
{"epoch": 107, "time_epoch": 38.37155, "time_epoch_std": 0.41624, "eta": 1615.49947, "eta_std": 14.53179, "eta_hours": 0.44875, "eta_hours_std": 0.00404, "loss": 0.0466, "loss_std": 0.00215, "lr": 0.00011, "lr_std": 0.0, "params": 527237.0, "params_std": 0.0, "time_iter": 0.17521, "time_iter_std": 0.0019, "accuracy": 0.98583, "accuracy_std": 0.00085, "f1": 0.98581, "f1_std": 0.00085, "auc": 0.99903, "auc_std": 8e-05}
{"epoch": 108, "time_epoch": 38.37974, "time_epoch_std": 0.31512, "eta": 1577.00339, "eta_std": 14.15761, "eta_hours": 0.43805, "eta_hours_std": 0.00393, "loss": 0.04503, "loss_std": 0.00186, "lr": 0.0001, "lr_std": 0.0, "params": 527237.0, "params_std": 0.0, "time_iter": 0.17525, "time_iter_std": 0.00144, "accuracy": 0.98589, "accuracy_std": 0.00067, "f1": 0.98587, "f1_std": 0.00067, "auc": 0.99908, "auc_std": 7e-05}
{"epoch": 109, "time_epoch": 38.54896, "time_epoch_std": 0.46189, "eta": 1538.57098, "eta_std": 13.84545, "eta_hours": 0.42738, "eta_hours_std": 0.00385, "loss": 0.04449, "loss_std": 0.00177, "lr": 0.0001, "lr_std": 0.0, "params": 527237.0, "params_std": 0.0, "time_iter": 0.17602, "time_iter_std": 0.00211, "accuracy": 0.98611, "accuracy_std": 0.00055, "f1": 0.9861, "f1_std": 0.00055, "auc": 0.99903, "auc_std": 7e-05}
{"epoch": 110, "time_epoch": 38.36276, "time_epoch_std": 0.35942, "eta": 1500.07104, "eta_std": 13.49547, "eta_hours": 0.41669, "eta_hours_std": 0.00375, "loss": 0.04416, "loss_std": 0.00166, "lr": 9e-05, "lr_std": 0.0, "params": 527237.0, "params_std": 0.0, "time_iter": 0.17517, "time_iter_std": 0.00164, "accuracy": 0.98606, "accuracy_std": 0.00042, "f1": 0.98604, "f1_std": 0.00042, "auc": 0.99907, "auc_std": 5e-05}
{"epoch": 111, "time_epoch": 38.33529, "time_epoch_std": 0.3343, "eta": 1461.56422, "eta_std": 13.13395, "eta_hours": 0.40599, "eta_hours_std": 0.00365, "loss": 0.04415, "loss_std": 0.00205, "lr": 9e-05, "lr_std": 0.0, "params": 527237.0, "params_std": 0.0, "time_iter": 0.17505, "time_iter_std": 0.00152, "accuracy": 0.9864, "accuracy_std": 0.00041, "f1": 0.98638, "f1_std": 0.00041, "auc": 0.99905, "auc_std": 6e-05}
{"epoch": 112, "time_epoch": 38.4215, "time_epoch_std": 0.40003, "eta": 1423.08868, "eta_std": 12.79176, "eta_hours": 0.3953, "eta_hours_std": 0.00355, "loss": 0.04389, "loss_std": 0.00146, "lr": 9e-05, "lr_std": 0.0, "params": 527237.0, "params_std": 0.0, "time_iter": 0.17544, "time_iter_std": 0.00183, "accuracy": 0.98643, "accuracy_std": 0.00078, "f1": 0.98641, "f1_std": 0.00078, "auc": 0.99905, "auc_std": 5e-05}
{"epoch": 113, "time_epoch": 38.5134, "time_epoch_std": 0.33172, "eta": 1384.64309, "eta_std": 12.4308, "eta_hours": 0.38462, "eta_hours_std": 0.00345, "loss": 0.04359, "loss_std": 0.00257, "lr": 8e-05, "lr_std": 0.0, "params": 527237.0, "params_std": 0.0, "time_iter": 0.17586, "time_iter_std": 0.00152, "accuracy": 0.98629, "accuracy_std": 0.00068, "f1": 0.98627, "f1_std": 0.00068, "auc": 0.99907, "auc_std": 7e-05}
{"epoch": 114, "time_epoch": 38.45954, "time_epoch_std": 0.38618, "eta": 1346.17994, "eta_std": 12.08135, "eta_hours": 0.37394, "eta_hours_std": 0.00335, "loss": 0.04316, "loss_std": 0.00147, "lr": 8e-05, "lr_std": 0.0, "params": 527237.0, "params_std": 0.0, "time_iter": 0.17561, "time_iter_std": 0.00176, "accuracy": 0.98649, "accuracy_std": 0.00057, "f1": 0.98647, "f1_std": 0.00057, "auc": 0.99908, "auc_std": 4e-05}
{"epoch": 115, "time_epoch": 38.47856, "time_epoch_std": 0.42486, "eta": 1307.72243, "eta_std": 11.74451, "eta_hours": 0.36326, "eta_hours_std": 0.00326, "loss": 0.04321, "loss_std": 0.00103, "lr": 7e-05, "lr_std": 0.0, "params": 527237.0, "params_std": 0.0, "time_iter": 0.1757, "time_iter_std": 0.00194, "accuracy": 0.98637, "accuracy_std": 0.00071, "f1": 0.98636, "f1_std": 0.00071, "auc": 0.99908, "auc_std": 0.0001}
{"epoch": 116, "time_epoch": 38.52735, "time_epoch_std": 0.40767, "eta": 1269.27832, "eta_std": 11.40986, "eta_hours": 0.35258, "eta_hours_std": 0.00317, "loss": 0.0424, "loss_std": 0.00134, "lr": 7e-05, "lr_std": 0.0, "params": 527237.0, "params_std": 0.0, "time_iter": 0.17592, "time_iter_std": 0.00186, "accuracy": 0.98652, "accuracy_std": 0.00078, "f1": 0.9865, "f1_std": 0.00078, "auc": 0.99909, "auc_std": 5e-05}
{"epoch": 117, "time_epoch": 38.45269, "time_epoch_std": 0.38913, "eta": 1230.81255, "eta_std": 11.06541, "eta_hours": 0.34189, "eta_hours_std": 0.00307, "loss": 0.04202, "loss_std": 0.00137, "lr": 7e-05, "lr_std": 0.0, "params": 527237.0, "params_std": 0.0, "time_iter": 0.17558, "time_iter_std": 0.00178, "accuracy": 0.98666, "accuracy_std": 0.00053, "f1": 0.98664, "f1_std": 0.00053, "auc": 0.99911, "auc_std": 4e-05}
{"epoch": 118, "time_epoch": 38.4169, "time_epoch_std": 0.42884, "eta": 1192.33767, "eta_std": 10.72093, "eta_hours": 0.3312, "eta_hours_std": 0.00298, "loss": 0.04231, "loss_std": 0.00144, "lr": 6e-05, "lr_std": 0.0, "params": 527237.0, "params_std": 0.0, "time_iter": 0.17542, "time_iter_std": 0.00196, "accuracy": 0.98674, "accuracy_std": 0.0006, "f1": 0.98673, "f1_std": 0.0006, "auc": 0.9991, "auc_std": 6e-05}
{"epoch": 119, "time_epoch": 38.5642, "time_epoch_std": 0.40048, "eta": 1153.90059, "eta_std": 10.37619, "eta_hours": 0.32053, "eta_hours_std": 0.00288, "loss": 0.04207, "loss_std": 0.00119, "lr": 6e-05, "lr_std": 0.0, "params": 527237.0, "params_std": 0.0, "time_iter": 0.17609, "time_iter_std": 0.00183, "accuracy": 0.98669, "accuracy_std": 0.00044, "f1": 0.98667, "f1_std": 0.00045, "auc": 0.99908, "auc_std": 0.00011}
{"epoch": 120, "time_epoch": 38.51171, "time_epoch_std": 0.38814, "eta": 1115.44883, "eta_std": 10.03557, "eta_hours": 0.30985, "eta_hours_std": 0.00279, "loss": 0.0414, "loss_std": 0.0014, "lr": 5e-05, "lr_std": 0.0, "params": 527237.0, "params_std": 0.0, "time_iter": 0.17585, "time_iter_std": 0.00177, "accuracy": 0.98686, "accuracy_std": 0.00044, "f1": 0.98684, "f1_std": 0.00044, "auc": 0.99909, "auc_std": 7e-05}
{"epoch": 121, "time_epoch": 38.46778, "time_epoch_std": 0.3458, "eta": 1076.986, "eta_std": 9.676, "eta_hours": 0.29916, "eta_hours_std": 0.00269, "loss": 0.04163, "loss_std": 0.00193, "lr": 5e-05, "lr_std": 0.0, "params": 527237.0, "params_std": 0.0, "time_iter": 0.17565, "time_iter_std": 0.00158, "accuracy": 0.98689, "accuracy_std": 0.00082, "f1": 0.98687, "f1_std": 0.00082, "auc": 0.99909, "auc_std": 8e-05}
{"epoch": 122, "time_epoch": 38.47253, "time_epoch_std": 0.39862, "eta": 1038.52414, "eta_std": 9.33343, "eta_hours": 0.28848, "eta_hours_std": 0.00259, "loss": 0.04177, "loss_std": 0.00129, "lr": 5e-05, "lr_std": 0.0, "params": 527237.0, "params_std": 0.0, "time_iter": 0.17567, "time_iter_std": 0.00182, "accuracy": 0.98686, "accuracy_std": 0.00084, "f1": 0.98684, "f1_std": 0.00084, "auc": 0.9991, "auc_std": 3e-05}
{"epoch": 123, "time_epoch": 38.39427, "time_epoch_std": 0.49352, "eta": 1000.04569, "eta_std": 9.00081, "eta_hours": 0.27779, "eta_hours_std": 0.0025, "loss": 0.04095, "loss_std": 0.00127, "lr": 4e-05, "lr_std": 0.0, "params": 527237.0, "params_std": 0.0, "time_iter": 0.17532, "time_iter_std": 0.00225, "accuracy": 0.98717, "accuracy_std": 0.00043, "f1": 0.98716, "f1_std": 0.00043, "auc": 0.99913, "auc_std": 7e-05}
{"epoch": 124, "time_epoch": 38.44724, "time_epoch_std": 0.32002, "eta": 961.57918, "eta_std": 8.63806, "eta_hours": 0.26711, "eta_hours_std": 0.0024, "loss": 0.04149, "loss_std": 0.00178, "lr": 4e-05, "lr_std": 0.0, "params": 527237.0, "params_std": 0.0, "time_iter": 0.17556, "time_iter_std": 0.00146, "accuracy": 0.98697, "accuracy_std": 0.00048, "f1": 0.98696, "f1_std": 0.00048, "auc": 0.99909, "auc_std": 6e-05}
{"epoch": 125, "time_epoch": 38.46281, "time_epoch_std": 0.32129, "eta": 923.11595, "eta_std": 8.27803, "eta_hours": 0.25642, "eta_hours_std": 0.0023, "loss": 0.04075, "loss_std": 0.00166, "lr": 4e-05, "lr_std": 0.0, "params": 527237.0, "params_std": 0.0, "time_iter": 0.17563, "time_iter_std": 0.00147, "accuracy": 0.98723, "accuracy_std": 0.00065, "f1": 0.98721, "f1_std": 0.00065, "auc": 0.99909, "auc_std": 5e-05}
{"epoch": 126, "time_epoch": 38.37628, "time_epoch_std": 0.33587, "eta": 884.63705, "eta_std": 7.92641, "eta_hours": 0.24573, "eta_hours_std": 0.0022, "loss": 0.04033, "loss_std": 0.00153, "lr": 4e-05, "lr_std": 0.0, "params": 527237.0, "params_std": 0.0, "time_iter": 0.17523, "time_iter_std": 0.00153, "accuracy": 0.98723, "accuracy_std": 0.00054, "f1": 0.98722, "f1_std": 0.00055, "auc": 0.99913, "auc_std": 7e-05}
{"epoch": 127, "time_epoch": 38.37678, "time_epoch_std": 0.33504, "eta": 846.15984, "eta_std": 7.57047, "eta_hours": 0.23504, "eta_hours_std": 0.0021, "loss": 0.04036, "loss_std": 0.00113, "lr": 3e-05, "lr_std": 0.0, "params": 527237.0, "params_std": 0.0, "time_iter": 0.17524, "time_iter_std": 0.00153, "accuracy": 0.98757, "accuracy_std": 0.00043, "f1": 0.98756, "f1_std": 0.00043, "auc": 0.99914, "auc_std": 4e-05}
{"epoch": 128, "time_epoch": 38.40734, "time_epoch_std": 0.31228, "eta": 807.68916, "eta_std": 7.20217, "eta_hours": 0.22436, "eta_hours_std": 0.002, "loss": 0.04033, "loss_std": 0.00112, "lr": 3e-05, "lr_std": 0.0, "params": 527237.0, "params_std": 0.0, "time_iter": 0.17538, "time_iter_std": 0.00142, "accuracy": 0.98726, "accuracy_std": 0.00041, "f1": 0.98724, "f1_std": 0.00041, "auc": 0.99907, "auc_std": 8e-05}
{"epoch": 129, "time_epoch": 38.33216, "time_epoch_std": 0.34419, "eta": 769.20789, "eta_std": 6.85467, "eta_hours": 0.21367, "eta_hours_std": 0.0019, "loss": 0.04031, "loss_std": 0.00135, "lr": 3e-05, "lr_std": 0.0, "params": 527237.0, "params_std": 0.0, "time_iter": 0.17503, "time_iter_std": 0.00157, "accuracy": 0.98708, "accuracy_std": 0.00038, "f1": 0.98707, "f1_std": 0.00038, "auc": 0.99914, "auc_std": 0.0001}
{"epoch": 130, "time_epoch": 38.38392, "time_epoch_std": 0.27375, "eta": 730.7364, "eta_std": 6.49577, "eta_hours": 0.20298, "eta_hours_std": 0.0018, "loss": 0.03989, "loss_std": 0.00133, "lr": 2e-05, "lr_std": 0.0, "params": 527237.0, "params_std": 0.0, "time_iter": 0.17527, "time_iter_std": 0.00125, "accuracy": 0.9874, "accuracy_std": 0.0005, "f1": 0.98739, "f1_std": 0.0005, "auc": 0.99908, "auc_std": 6e-05}
{"epoch": 131, "time_epoch": 38.35795, "time_epoch_std": 0.32151, "eta": 692.2627, "eta_std": 6.13898, "eta_hours": 0.1923, "eta_hours_std": 0.00171, "loss": 0.03965, "loss_std": 0.00134, "lr": 2e-05, "lr_std": 0.0, "params": 527237.0, "params_std": 0.0, "time_iter": 0.17515, "time_iter_std": 0.00147, "accuracy": 0.98757, "accuracy_std": 0.00053, "f1": 0.98756, "f1_std": 0.00053, "auc": 0.99916, "auc_std": 6e-05}
{"epoch": 132, "time_epoch": 38.36183, "time_epoch_std": 0.38504, "eta": 653.79124, "eta_std": 5.79795, "eta_hours": 0.18161, "eta_hours_std": 0.00161, "loss": 0.03972, "loss_std": 0.0011, "lr": 2e-05, "lr_std": 0.0, "params": 527237.0, "params_std": 0.0, "time_iter": 0.17517, "time_iter_std": 0.00176, "accuracy": 0.98751, "accuracy_std": 0.00051, "f1": 0.9875, "f1_std": 0.00051, "auc": 0.99917, "auc_std": 8e-05}
{"epoch": 133, "time_epoch": 38.46006, "time_epoch_std": 0.19453, "eta": 615.33314, "eta_std": 5.43698, "eta_hours": 0.17092, "eta_hours_std": 0.00151, "loss": 0.03953, "loss_std": 0.00087, "lr": 2e-05, "lr_std": 0.0, "params": 527237.0, "params_std": 0.0, "time_iter": 0.17562, "time_iter_std": 0.00089, "accuracy": 0.98743, "accuracy_std": 0.00042, "f1": 0.98742, "f1_std": 0.00043, "auc": 0.99918, "auc_std": 8e-05}
{"epoch": 134, "time_epoch": 38.42105, "time_epoch_std": 0.41734, "eta": 576.87068, "eta_std": 5.10058, "eta_hours": 0.16024, "eta_hours_std": 0.00142, "loss": 0.03941, "loss_std": 0.00146, "lr": 2e-05, "lr_std": 0.0, "params": 527237.0, "params_std": 0.0, "time_iter": 0.17544, "time_iter_std": 0.00191, "accuracy": 0.98754, "accuracy_std": 0.00057, "f1": 0.98753, "f1_std": 0.00058, "auc": 0.99914, "auc_std": 8e-05}
{"epoch": 135, "time_epoch": 38.42908, "time_epoch_std": 0.41782, "eta": 538.40965, "eta_std": 4.7612, "eta_hours": 0.14956, "eta_hours_std": 0.00132, "loss": 0.03899, "loss_std": 0.0014, "lr": 1e-05, "lr_std": 0.0, "params": 527237.0, "params_std": 0.0, "time_iter": 0.17547, "time_iter_std": 0.00191, "accuracy": 0.98768, "accuracy_std": 0.00052, "f1": 0.98767, "f1_std": 0.00052, "auc": 0.99916, "auc_std": 7e-05}
{"epoch": 136, "time_epoch": 38.41964, "time_epoch_std": 0.39845, "eta": 499.94819, "eta_std": 4.42354, "eta_hours": 0.13887, "eta_hours_std": 0.00123, "loss": 0.03891, "loss_std": 0.001, "lr": 1e-05, "lr_std": 0.0, "params": 527237.0, "params_std": 0.0, "time_iter": 0.17543, "time_iter_std": 0.00182, "accuracy": 0.98766, "accuracy_std": 0.00031, "f1": 0.98764, "f1_std": 0.00031, "auc": 0.99916, "auc_std": 7e-05}
{"epoch": 137, "time_epoch": 38.48614, "time_epoch_std": 0.31094, "eta": 461.49312, "eta_std": 4.07795, "eta_hours": 0.12819, "eta_hours_std": 0.00113, "loss": 0.03886, "loss_std": 0.0012, "lr": 1e-05, "lr_std": 0.0, "params": 527237.0, "params_std": 0.0, "time_iter": 0.17574, "time_iter_std": 0.00142, "accuracy": 0.98757, "accuracy_std": 0.00053, "f1": 0.98756, "f1_std": 0.00053, "auc": 0.99919, "auc_std": 5e-05}
{"epoch": 138, "time_epoch": 38.39934, "time_epoch_std": 0.32543, "eta": 423.03074, "eta_std": 3.72875, "eta_hours": 0.11751, "eta_hours_std": 0.00104, "loss": 0.0387, "loss_std": 0.00108, "lr": 1e-05, "lr_std": 0.0, "params": 527237.0, "params_std": 0.0, "time_iter": 0.17534, "time_iter_std": 0.00149, "accuracy": 0.98763, "accuracy_std": 0.00036, "f1": 0.98762, "f1_std": 0.00036, "auc": 0.9992, "auc_std": 6e-05}
{"epoch": 139, "time_epoch": 38.46529, "time_epoch_std": 0.48453, "eta": 384.57397, "eta_std": 3.39678, "eta_hours": 0.10683, "eta_hours_std": 0.00094, "loss": 0.03853, "loss_std": 0.00121, "lr": 1e-05, "lr_std": 0.0, "params": 527237.0, "params_std": 0.0, "time_iter": 0.17564, "time_iter_std": 0.00221, "accuracy": 0.98791, "accuracy_std": 0.00041, "f1": 0.9879, "f1_std": 0.0004, "auc": 0.9992, "auc_std": 6e-05}
{"epoch": 140, "time_epoch": 38.44566, "time_epoch_std": 0.42582, "eta": 346.11582, "eta_std": 3.0604, "eta_hours": 0.09614, "eta_hours_std": 0.00085, "loss": 0.03873, "loss_std": 0.00115, "lr": 1e-05, "lr_std": 0.0, "params": 527237.0, "params_std": 0.0, "time_iter": 0.17555, "time_iter_std": 0.00195, "accuracy": 0.98763, "accuracy_std": 0.00029, "f1": 0.98762, "f1_std": 0.00029, "auc": 0.99918, "auc_std": 7e-05}
{"epoch": 141, "time_epoch": 38.47891, "time_epoch_std": 0.35182, "eta": 307.65973, "eta_std": 2.71952, "eta_hours": 0.08546, "eta_hours_std": 0.00075, "loss": 0.0386, "loss_std": 0.00138, "lr": 1e-05, "lr_std": 0.0, "params": 527237.0, "params_std": 0.0, "time_iter": 0.1757, "time_iter_std": 0.00161, "accuracy": 0.98786, "accuracy_std": 0.00035, "f1": 0.98785, "f1_std": 0.00035, "auc": 0.99921, "auc_std": 0.00011}
{"epoch": 142, "time_epoch": 38.37328, "time_epoch_std": 0.46908, "eta": 269.19814, "eta_std": 2.38437, "eta_hours": 0.07478, "eta_hours_std": 0.00066, "loss": 0.03845, "loss_std": 0.00109, "lr": 0.0, "lr_std": 0.0, "params": 527237.0, "params_std": 0.0, "time_iter": 0.17522, "time_iter_std": 0.00214, "accuracy": 0.98769, "accuracy_std": 0.00041, "f1": 0.98767, "f1_std": 0.00041, "auc": 0.99923, "auc_std": 7e-05}
{"epoch": 143, "time_epoch": 38.35675, "time_epoch_std": 0.42682, "eta": 230.73709, "eta_std": 2.04549, "eta_hours": 0.06409, "eta_hours_std": 0.00057, "loss": 0.03859, "loss_std": 0.00113, "lr": 0.0, "lr_std": 0.0, "params": 527237.0, "params_std": 0.0, "time_iter": 0.17515, "time_iter_std": 0.00195, "accuracy": 0.9876, "accuracy_std": 0.00039, "f1": 0.98759, "f1_std": 0.00039, "auc": 0.9992, "auc_std": 8e-05}
{"epoch": 144, "time_epoch": 38.47626, "time_epoch_std": 0.40451, "eta": 192.2816, "eta_std": 1.70586, "eta_hours": 0.05341, "eta_hours_std": 0.00047, "loss": 0.03851, "loss_std": 0.00112, "lr": 0.0, "lr_std": 0.0, "params": 527237.0, "params_std": 0.0, "time_iter": 0.17569, "time_iter_std": 0.00185, "accuracy": 0.98766, "accuracy_std": 0.00036, "f1": 0.98764, "f1_std": 0.00036, "auc": 0.9992, "auc_std": 4e-05}
{"epoch": 145, "time_epoch": 38.54063, "time_epoch_std": 0.38019, "eta": 153.82759, "eta_std": 1.36458, "eta_hours": 0.04273, "eta_hours_std": 0.00038, "loss": 0.03804, "loss_std": 0.00126, "lr": 0.0, "lr_std": 0.0, "params": 527237.0, "params_std": 0.0, "time_iter": 0.17598, "time_iter_std": 0.00174, "accuracy": 0.988, "accuracy_std": 0.00071, "f1": 0.98799, "f1_std": 0.00071, "auc": 0.99929, "auc_std": 9e-05}
{"epoch": 146, "time_epoch": 38.47944, "time_epoch_std": 0.41645, "eta": 115.37115, "eta_std": 1.02348, "eta_hours": 0.03205, "eta_hours_std": 0.00028, "loss": 0.03853, "loss_std": 0.00101, "lr": 0.0, "lr_std": 0.0, "params": 527237.0, "params_std": 0.0, "time_iter": 0.17571, "time_iter_std": 0.0019, "accuracy": 0.9878, "accuracy_std": 0.00032, "f1": 0.98779, "f1_std": 0.00032, "auc": 0.9992, "auc_std": 8e-05}
{"epoch": 147, "time_epoch": 38.33472, "time_epoch_std": 0.45913, "eta": 76.91245, "eta_std": 0.68326, "eta_hours": 0.02136, "eta_hours_std": 0.00019, "loss": 0.03832, "loss_std": 0.00118, "lr": 0.0, "lr_std": 0.0, "params": 527237.0, "params_std": 0.0, "time_iter": 0.17504, "time_iter_std": 0.0021, "accuracy": 0.98789, "accuracy_std": 0.00034, "f1": 0.98787, "f1_std": 0.00034, "auc": 0.9992, "auc_std": 7e-05}
{"epoch": 148, "time_epoch": 38.43541, "time_epoch_std": 0.34523, "eta": 38.45608, "eta_std": 0.34161, "eta_hours": 0.01068, "eta_hours_std": 9e-05, "loss": 0.03854, "loss_std": 0.00111, "lr": 0.0, "lr_std": 0.0, "params": 527237.0, "params_std": 0.0, "time_iter": 0.1755, "time_iter_std": 0.00158, "accuracy": 0.98783, "accuracy_std": 0.00041, "f1": 0.98782, "f1_std": 0.00041, "auc": 0.99918, "auc_std": 6e-05}
{"epoch": 149, "time_epoch": 38.53044, "time_epoch_std": 0.34141, "eta": 0.0, "eta_std": 0.0, "eta_hours": 0.0, "eta_hours_std": 0.0, "loss": 0.03839, "loss_std": 0.00138, "lr": 0.0, "lr_std": 0.0, "params": 527237.0, "params_std": 0.0, "time_iter": 0.17594, "time_iter_std": 0.00156, "accuracy": 0.98771, "accuracy_std": 0.00066, "f1": 0.9877, "f1_std": 0.00066, "auc": 0.99925, "auc_std": 6e-05}
