{"epoch": 0, "time_epoch": 40.32779, "eta": 3992.45114, "eta_hours": 1.10901, "loss": 0.20139371, "lr": 0.0, "params": 337201, "time_iter": 0.12884, "accuracy": 0.3564, "precision": 0.1746, "recall": 0.7099, "f1": 0.28027, "auc": 0.49558}
{"epoch": 1, "time_epoch": 25.5273, "eta": 3226.89938, "eta_hours": 0.89636, "loss": 0.16472915, "lr": 0.0002, "params": 337201, "time_iter": 0.08156, "accuracy": 0.74303, "precision": 0.38458, "recall": 0.7593, "f1": 0.51056, "auc": 0.82812}
{"epoch": 2, "time_epoch": 30.59989, "eta": 3118.71094, "eta_hours": 0.86631, "loss": 0.12713388, "lr": 0.0004, "params": 337201, "time_iter": 0.09776, "accuracy": 0.83927, "precision": 0.52832, "recall": 0.83416, "f1": 0.64692, "auc": 0.89974}
{"epoch": 3, "time_epoch": 30.70377, "eta": 3051.81005, "eta_hours": 0.84773, "loss": 0.1133618, "lr": 0.0006, "params": 337201, "time_iter": 0.0981, "accuracy": 0.84432, "precision": 0.53798, "recall": 0.83626, "f1": 0.65475, "auc": 0.91388}
{"epoch": 4, "time_epoch": 25.96162, "eta": 2909.28708, "eta_hours": 0.80814, "loss": 0.1061099, "lr": 0.0008, "params": 337201, "time_iter": 0.08294, "accuracy": 0.84656, "precision": 0.54213, "recall": 0.84124, "f1": 0.65935, "auc": 0.92143}
{"epoch": 5, "time_epoch": 29.83238, "eta": 2866.25978, "eta_hours": 0.79618, "loss": 0.10309537, "lr": 0.001, "params": 337201, "time_iter": 0.09531, "accuracy": 0.84678, "precision": 0.54239, "recall": 0.84455, "f1": 0.66055, "auc": 0.92406}
{"epoch": 6, "time_epoch": 31.19336, "eta": 2845.08408, "eta_hours": 0.7903, "loss": 0.10040564, "lr": 0.00099973, "params": 337201, "time_iter": 0.09966, "accuracy": 0.84958, "precision": 0.54768, "recall": 0.84895, "f1": 0.66582, "auc": 0.9275}
{"epoch": 7, "time_epoch": 37.56095, "eta": 2894.63124, "eta_hours": 0.80406, "loss": 0.09922168, "lr": 0.00099891, "params": 337201, "time_iter": 0.12, "accuracy": 0.85106, "precision": 0.55066, "recall": 0.84928, "f1": 0.66812, "auc": 0.92883}
{"epoch": 8, "time_epoch": 25.79989, "eta": 2805.90368, "eta_hours": 0.77942, "loss": 0.09824674, "lr": 0.00099754, "params": 337201, "time_iter": 0.08243, "accuracy": 0.85151, "precision": 0.55144, "recall": 0.85084, "f1": 0.66918, "auc": 0.92985}
{"epoch": 9, "time_epoch": 26.39586, "eta": 2735.12539, "eta_hours": 0.75976, "loss": 0.09782564, "lr": 0.00099563, "params": 337201, "time_iter": 0.08433, "accuracy": 0.85269, "precision": 0.55388, "recall": 0.85049, "f1": 0.67086, "auc": 0.9304}
{"epoch": 10, "time_epoch": 27.95518, "eta": 2685.03295, "eta_hours": 0.74584, "loss": 0.09730292, "lr": 0.00099318, "params": 337201, "time_iter": 0.08931, "accuracy": 0.85358, "precision": 0.55572, "recall": 0.85021, "f1": 0.67212, "auc": 0.93105}
{"epoch": 11, "time_epoch": 29.90875, "eta": 2652.9562, "eta_hours": 0.73693, "loss": 0.09689873, "lr": 0.00099019, "params": 337201, "time_iter": 0.09556, "accuracy": 0.85426, "precision": 0.55708, "recall": 0.85086, "f1": 0.67332, "auc": 0.93145}
{"epoch": 12, "time_epoch": 31.95746, "eta": 2634.92359, "eta_hours": 0.73192, "loss": 0.09671149, "lr": 0.00098666, "params": 337201, "time_iter": 0.1021, "accuracy": 0.85391, "precision": 0.55631, "recall": 0.85157, "f1": 0.67298, "auc": 0.93169}
{"epoch": 13, "time_epoch": 28.21883, "eta": 2591.93585, "eta_hours": 0.71998, "loss": 0.09641599, "lr": 0.0009826, "params": 337201, "time_iter": 0.09016, "accuracy": 0.85422, "precision": 0.55685, "recall": 0.85283, "f1": 0.67377, "auc": 0.93212}
{"epoch": 14, "time_epoch": 29.90096, "eta": 2560.44937, "eta_hours": 0.71124, "loss": 0.09618237, "lr": 0.00097802, "params": 337201, "time_iter": 0.09553, "accuracy": 0.85401, "precision": 0.55639, "recall": 0.85316, "f1": 0.67354, "auc": 0.93235}
{"epoch": 15, "time_epoch": 32.63807, "eta": 2543.53093, "eta_hours": 0.70654, "loss": 0.09586545, "lr": 0.00097291, "params": 337201, "time_iter": 0.10427, "accuracy": 0.85533, "precision": 0.55918, "recall": 0.85232, "f1": 0.67531, "auc": 0.9328}
{"epoch": 16, "time_epoch": 32.93363, "eta": 2526.2061, "eta_hours": 0.70172, "loss": 0.09548352, "lr": 0.00096728, "params": 337201, "time_iter": 0.10522, "accuracy": 0.85634, "precision": 0.56134, "recall": 0.85183, "f1": 0.67673, "auc": 0.93327}
{"epoch": 17, "time_epoch": 24.61243, "eta": 2469.2393, "eta_hours": 0.6859, "loss": 0.09520465, "lr": 0.00096114, "params": 337201, "time_iter": 0.07863, "accuracy": 0.85601, "precision": 0.56042, "recall": 0.85463, "f1": 0.67694, "auc": 0.93371}
{"epoch": 18, "time_epoch": 27.57983, "eta": 2428.32871, "eta_hours": 0.67454, "loss": 0.09498286, "lr": 0.0009545, "params": 337201, "time_iter": 0.08811, "accuracy": 0.85603, "precision": 0.56041, "recall": 0.85522, "f1": 0.67712, "auc": 0.934}
{"epoch": 19, "time_epoch": 25.40519, "eta": 2380.05264, "eta_hours": 0.66113, "loss": 0.09436405, "lr": 0.00094736, "params": 337201, "time_iter": 0.08117, "accuracy": 0.85692, "precision": 0.56215, "recall": 0.85668, "f1": 0.67885, "auc": 0.93493}
{"epoch": 20, "time_epoch": 27.96481, "eta": 2343.5838, "eta_hours": 0.651, "loss": 0.09363436, "lr": 0.00093974, "params": 337201, "time_iter": 0.08934, "accuracy": 0.85852, "precision": 0.56543, "recall": 0.85768, "f1": 0.68155, "auc": 0.93595}
{"epoch": 21, "time_epoch": 37.41734, "eta": 2341.40154, "eta_hours": 0.65039, "loss": 0.09323377, "lr": 0.00093163, "params": 337201, "time_iter": 0.11954, "accuracy": 0.85906, "precision": 0.5665, "recall": 0.85847, "f1": 0.68258, "auc": 0.93647}
{"epoch": 22, "time_epoch": 30.2297, "eta": 2312.09241, "eta_hours": 0.64225, "loss": 0.09295265, "lr": 0.00092305, "params": 337201, "time_iter": 0.09658, "accuracy": 0.85927, "precision": 0.56685, "recall": 0.85963, "f1": 0.68319, "auc": 0.93691}
{"epoch": 23, "time_epoch": 27.18853, "eta": 2273.07619, "eta_hours": 0.63141, "loss": 0.09277232, "lr": 0.000914, "params": 337201, "time_iter": 0.08686, "accuracy": 0.85917, "precision": 0.56657, "recall": 0.8602, "f1": 0.68317, "auc": 0.93711}
{"epoch": 24, "time_epoch": 25.63194, "eta": 2230.33642, "eta_hours": 0.61954, "loss": 0.09237199, "lr": 0.00090451, "params": 337201, "time_iter": 0.08189, "accuracy": 0.85984, "precision": 0.56787, "recall": 0.86162, "f1": 0.68456, "auc": 0.93765}
{"epoch": 25, "time_epoch": 33.4538, "eta": 2211.17487, "eta_hours": 0.61422, "loss": 0.09223804, "lr": 0.00089457, "params": 337201, "time_iter": 0.10688, "accuracy": 0.85982, "precision": 0.56788, "recall": 0.86112, "f1": 0.68441, "auc": 0.93787}
{"epoch": 26, "time_epoch": 30.97494, "eta": 2184.2525, "eta_hours": 0.60674, "loss": 0.09170709, "lr": 0.0008842, "params": 337201, "time_iter": 0.09896, "accuracy": 0.86045, "precision": 0.56906, "recall": 0.86293, "f1": 0.68584, "auc": 0.93863}
{"epoch": 27, "time_epoch": 28.73152, "eta": 2151.2719, "eta_hours": 0.59758, "loss": 0.09179868, "lr": 0.00087341, "params": 337201, "time_iter": 0.09179, "accuracy": 0.86083, "precision": 0.56996, "recall": 0.86179, "f1": 0.68613, "auc": 0.93843}
{"epoch": 28, "time_epoch": 28.00939, "eta": 2116.81636, "eta_hours": 0.588, "loss": 0.09139539, "lr": 0.00086221, "params": 337201, "time_iter": 0.08949, "accuracy": 0.86288, "precision": 0.5744, "recall": 0.86159, "f1": 0.68927, "auc": 0.93902}
{"epoch": 29, "time_epoch": 26.08043, "eta": 2078.28963, "eta_hours": 0.5773, "loss": 0.0916402, "lr": 0.00085062, "params": 337201, "time_iter": 0.08332, "accuracy": 0.86163, "precision": 0.57166, "recall": 0.86204, "f1": 0.68744, "auc": 0.93871}
{"epoch": 30, "time_epoch": 28.24604, "eta": 2045.38614, "eta_hours": 0.56816, "loss": 0.09122768, "lr": 0.00083864, "params": 337201, "time_iter": 0.09024, "accuracy": 0.86181, "precision": 0.57193, "recall": 0.86314, "f1": 0.68799, "auc": 0.93918}
{"epoch": 31, "time_epoch": 24.54238, "eta": 2004.90345, "eta_hours": 0.55692, "loss": 0.09123257, "lr": 0.00082629, "params": 337201, "time_iter": 0.07841, "accuracy": 0.86178, "precision": 0.57187, "recall": 0.86316, "f1": 0.68795, "auc": 0.93919}
{"epoch": 32, "time_epoch": 24.58756, "eta": 1965.47858, "eta_hours": 0.54597, "loss": 0.09092865, "lr": 0.00081359, "params": 337201, "time_iter": 0.07855, "accuracy": 0.86137, "precision": 0.57083, "recall": 0.86496, "f1": 0.68776, "auc": 0.93961}
{"epoch": 33, "time_epoch": 24.72111, "eta": 1927.18572, "eta_hours": 0.53533, "loss": 0.09108027, "lr": 0.00080054, "params": 337201, "time_iter": 0.07898, "accuracy": 0.86224, "precision": 0.57291, "recall": 0.86274, "f1": 0.68857, "auc": 0.93943}
{"epoch": 34, "time_epoch": 25.09126, "eta": 1890.35582, "eta_hours": 0.5251, "loss": 0.09066324, "lr": 0.00078716, "params": 337201, "time_iter": 0.08016, "accuracy": 0.86259, "precision": 0.57359, "recall": 0.86342, "f1": 0.68928, "auc": 0.93994}
{"epoch": 35, "time_epoch": 25.20693, "eta": 1854.38371, "eta_hours": 0.51511, "loss": 0.09076945, "lr": 0.00077347, "params": 337201, "time_iter": 0.08053, "accuracy": 0.86216, "precision": 0.57255, "recall": 0.86472, "f1": 0.68894, "auc": 0.93985}
{"epoch": 36, "time_epoch": 24.89268, "eta": 1818.45843, "eta_hours": 0.50513, "loss": 0.09051971, "lr": 0.00075948, "params": 337201, "time_iter": 0.07953, "accuracy": 0.86217, "precision": 0.57249, "recall": 0.86529, "f1": 0.68908, "auc": 0.94012}
{"epoch": 37, "time_epoch": 24.99384, "eta": 1783.27886, "eta_hours": 0.49536, "loss": 0.09044033, "lr": 0.00074521, "params": 337201, "time_iter": 0.07985, "accuracy": 0.86235, "precision": 0.5729, "recall": 0.86526, "f1": 0.68937, "auc": 0.94023}
{"epoch": 38, "time_epoch": 24.66753, "eta": 1748.11125, "eta_hours": 0.48559, "loss": 0.09047895, "lr": 0.00073067, "params": 337201, "time_iter": 0.07881, "accuracy": 0.86206, "precision": 0.57225, "recall": 0.86554, "f1": 0.68898, "auc": 0.94019}
{"epoch": 39, "time_epoch": 24.98432, "eta": 1713.94382, "eta_hours": 0.4761, "loss": 0.09024178, "lr": 0.00071588, "params": 337201, "time_iter": 0.07982, "accuracy": 0.86276, "precision": 0.57371, "recall": 0.86599, "f1": 0.69018, "auc": 0.94053}
{"epoch": 40, "time_epoch": 24.7515, "eta": 1679.88933, "eta_hours": 0.46664, "loss": 0.09020641, "lr": 0.00070085, "params": 337201, "time_iter": 0.07908, "accuracy": 0.86278, "precision": 0.57376, "recall": 0.86591, "f1": 0.69019, "auc": 0.94051}
{"epoch": 41, "time_epoch": 24.87077, "eta": 1646.44253, "eta_hours": 0.45735, "loss": 0.08998222, "lr": 0.0006856, "params": 337201, "time_iter": 0.07946, "accuracy": 0.86302, "precision": 0.57423, "recall": 0.86635, "f1": 0.69067, "auc": 0.94085}
{"epoch": 42, "time_epoch": 25.04705, "eta": 1613.6283, "eta_hours": 0.44823, "loss": 0.08996657, "lr": 0.00067015, "params": 337201, "time_iter": 0.08002, "accuracy": 0.86306, "precision": 0.57427, "recall": 0.86688, "f1": 0.69087, "auc": 0.94092}
{"epoch": 43, "time_epoch": 25.80027, "eta": 1582.12576, "eta_hours": 0.43948, "loss": 0.08992346, "lr": 0.00065451, "params": 337201, "time_iter": 0.08243, "accuracy": 0.86256, "precision": 0.57323, "recall": 0.86646, "f1": 0.68998, "auc": 0.94096}
{"epoch": 44, "time_epoch": 24.99438, "eta": 1549.89168, "eta_hours": 0.43053, "loss": 0.08986188, "lr": 0.0006387, "params": 337201, "time_iter": 0.07985, "accuracy": 0.86258, "precision": 0.57323, "recall": 0.86696, "f1": 0.69014, "auc": 0.94104}
{"epoch": 45, "time_epoch": 27.8567, "eta": 1521.33248, "eta_hours": 0.42259, "loss": 0.08996797, "lr": 0.00062274, "params": 337201, "time_iter": 0.089, "accuracy": 0.86304, "precision": 0.57424, "recall": 0.86665, "f1": 0.69077, "auc": 0.94088}
{"epoch": 46, "time_epoch": 25.28153, "eta": 1489.89926, "eta_hours": 0.41386, "loss": 0.0896708, "lr": 0.00060665, "params": 337201, "time_iter": 0.08077, "accuracy": 0.86349, "precision": 0.57522, "recall": 0.86672, "f1": 0.6915, "auc": 0.94126}
{"epoch": 47, "time_epoch": 25.61009, "eta": 1459.07831, "eta_hours": 0.4053, "loss": 0.08953146, "lr": 0.00059044, "params": 337201, "time_iter": 0.08182, "accuracy": 0.8632, "precision": 0.57446, "recall": 0.86796, "f1": 0.69135, "auc": 0.94143}
{"epoch": 48, "time_epoch": 24.97218, "eta": 1427.80609, "eta_hours": 0.39661, "loss": 0.08934144, "lr": 0.00057413, "params": 337201, "time_iter": 0.07978, "accuracy": 0.86376, "precision": 0.57569, "recall": 0.8678, "f1": 0.69219, "auc": 0.94171}
{"epoch": 49, "time_epoch": 27.97862, "eta": 1399.79232, "eta_hours": 0.38883, "loss": 0.08941794, "lr": 0.00055774, "params": 337201, "time_iter": 0.08939, "accuracy": 0.86336, "precision": 0.57487, "recall": 0.86725, "f1": 0.69142, "auc": 0.94159}
{"epoch": 50, "time_epoch": 25.21653, "eta": 1369.12615, "eta_hours": 0.38031, "loss": 0.08918256, "lr": 0.00054129, "params": 337201, "time_iter": 0.08056, "accuracy": 0.86372, "precision": 0.57554, "recall": 0.86834, "f1": 0.69225, "auc": 0.94193}
{"epoch": 51, "time_epoch": 26.76548, "eta": 1340.09938, "eta_hours": 0.37225, "loss": 0.08903577, "lr": 0.00052479, "params": 337201, "time_iter": 0.08551, "accuracy": 0.8636, "precision": 0.57517, "recall": 0.8695, "f1": 0.69235, "auc": 0.94212}
{"epoch": 52, "time_epoch": 29.49628, "eta": 1313.5796, "eta_hours": 0.36488, "loss": 0.08906951, "lr": 0.00050827, "params": 337201, "time_iter": 0.09424, "accuracy": 0.86377, "precision": 0.57561, "recall": 0.86871, "f1": 0.69242, "auc": 0.94207}
{"epoch": 53, "time_epoch": 29.58897, "eta": 1287.02854, "eta_hours": 0.35751, "loss": 0.0889402, "lr": 0.00049173, "params": 337201, "time_iter": 0.09453, "accuracy": 0.86384, "precision": 0.57577, "recall": 0.8688, "f1": 0.69256, "auc": 0.94224}
{"epoch": 54, "time_epoch": 25.47401, "eta": 1257.00022, "eta_hours": 0.34917, "loss": 0.0887251, "lr": 0.00047521, "params": 337201, "time_iter": 0.08139, "accuracy": 0.86464, "precision": 0.57748, "recall": 0.8689, "f1": 0.69384, "auc": 0.94254}
{"epoch": 55, "time_epoch": 28.66441, "eta": 1229.64129, "eta_hours": 0.34157, "loss": 0.08859262, "lr": 0.00045871, "params": 337201, "time_iter": 0.09158, "accuracy": 0.86461, "precision": 0.57733, "recall": 0.86965, "f1": 0.69396, "auc": 0.94272}
{"epoch": 56, "time_epoch": 27.1023, "eta": 1201.05813, "eta_hours": 0.33363, "loss": 0.08857433, "lr": 0.00044226, "params": 337201, "time_iter": 0.08659, "accuracy": 0.86498, "precision": 0.57824, "recall": 0.86875, "f1": 0.69433, "auc": 0.94267}
{"epoch": 57, "time_epoch": 26.82461, "eta": 1172.32494, "eta_hours": 0.32565, "loss": 0.08851631, "lr": 0.00042587, "params": 337201, "time_iter": 0.0857, "accuracy": 0.86392, "precision": 0.57581, "recall": 0.86987, "f1": 0.69294, "auc": 0.94274}
{"epoch": 58, "time_epoch": 25.63253, "eta": 1142.82805, "eta_hours": 0.31745, "loss": 0.08833069, "lr": 0.00040956, "params": 337201, "time_iter": 0.08189, "accuracy": 0.86443, "precision": 0.57688, "recall": 0.87035, "f1": 0.69386, "auc": 0.943}
{"epoch": 59, "time_epoch": 25.61373, "eta": 1113.44745, "eta_hours": 0.30929, "loss": 0.08823141, "lr": 0.00039335, "params": 337201, "time_iter": 0.08183, "accuracy": 0.86424, "precision": 0.57648, "recall": 0.87026, "f1": 0.69354, "auc": 0.94314}
{"epoch": 60, "time_epoch": 25.00451, "eta": 1083.80085, "eta_hours": 0.30106, "loss": 0.0882202, "lr": 0.00037726, "params": 337201, "time_iter": 0.07989, "accuracy": 0.86438, "precision": 0.57674, "recall": 0.87054, "f1": 0.69382, "auc": 0.9431}
{"epoch": 61, "time_epoch": 25.59127, "eta": 1054.66362, "eta_hours": 0.29296, "loss": 0.08806532, "lr": 0.0003613, "params": 337201, "time_iter": 0.08176, "accuracy": 0.86481, "precision": 0.57765, "recall": 0.87096, "f1": 0.69461, "auc": 0.94333}
{"epoch": 62, "time_epoch": 26.03459, "eta": 1025.89932, "eta_hours": 0.28497, "loss": 0.08795984, "lr": 0.00034549, "params": 337201, "time_iter": 0.08318, "accuracy": 0.865, "precision": 0.57807, "recall": 0.87072, "f1": 0.69483, "auc": 0.94344}
{"epoch": 63, "time_epoch": 26.56686, "eta": 997.51973, "eta_hours": 0.27709, "loss": 0.0878809, "lr": 0.00032985, "params": 337201, "time_iter": 0.08488, "accuracy": 0.86482, "precision": 0.57769, "recall": 0.87067, "f1": 0.69455, "auc": 0.94356}
{"epoch": 64, "time_epoch": 26.9598, "eta": 969.40749, "eta_hours": 0.26928, "loss": 0.08779342, "lr": 0.0003144, "params": 337201, "time_iter": 0.08613, "accuracy": 0.86391, "precision": 0.57559, "recall": 0.87202, "f1": 0.69345, "auc": 0.94366}
{"epoch": 65, "time_epoch": 24.78618, "eta": 940.21044, "eta_hours": 0.26117, "loss": 0.08766336, "lr": 0.00029915, "params": 337201, "time_iter": 0.07919, "accuracy": 0.86516, "precision": 0.57835, "recall": 0.87148, "f1": 0.69528, "auc": 0.94385}
{"epoch": 66, "time_epoch": 29.8981, "eta": 913.66286, "eta_hours": 0.2538, "loss": 0.08754873, "lr": 0.00028412, "params": 337201, "time_iter": 0.09552, "accuracy": 0.86451, "precision": 0.57683, "recall": 0.87253, "f1": 0.69452, "auc": 0.94395}
{"epoch": 67, "time_epoch": 27.01688, "eta": 885.66088, "eta_hours": 0.24602, "loss": 0.08738891, "lr": 0.00026933, "params": 337201, "time_iter": 0.08632, "accuracy": 0.86494, "precision": 0.57785, "recall": 0.87177, "f1": 0.69501, "auc": 0.94417}
{"epoch": 68, "time_epoch": 28.72143, "eta": 858.45325, "eta_hours": 0.23846, "loss": 0.08731602, "lr": 0.00025479, "params": 337201, "time_iter": 0.09176, "accuracy": 0.86522, "precision": 0.57842, "recall": 0.87212, "f1": 0.69554, "auc": 0.94426}
{"epoch": 69, "time_epoch": 26.87158, "eta": 830.40958, "eta_hours": 0.23067, "loss": 0.08712845, "lr": 0.00024052, "params": 337201, "time_iter": 0.08585, "accuracy": 0.86506, "precision": 0.57797, "recall": 0.87307, "f1": 0.69551, "auc": 0.94447}
{"epoch": 70, "time_epoch": 28.01641, "eta": 802.86654, "eta_hours": 0.22302, "loss": 0.08715098, "lr": 0.00022653, "params": 337201, "time_iter": 0.08951, "accuracy": 0.865, "precision": 0.5778, "recall": 0.87338, "f1": 0.69549, "auc": 0.94444}
{"epoch": 71, "time_epoch": 24.83865, "eta": 774.07455, "eta_hours": 0.21502, "loss": 0.08692241, "lr": 0.00021284, "params": 337201, "time_iter": 0.07936, "accuracy": 0.8649, "precision": 0.57753, "recall": 0.87394, "f1": 0.69547, "auc": 0.94473}
{"epoch": 72, "time_epoch": 25.76815, "eta": 745.73466, "eta_hours": 0.20715, "loss": 0.08690079, "lr": 0.00019946, "params": 337201, "time_iter": 0.08233, "accuracy": 0.86477, "precision": 0.57724, "recall": 0.8741, "f1": 0.69531, "auc": 0.94476}
{"epoch": 73, "time_epoch": 25.40673, "eta": 717.3373, "eta_hours": 0.19926, "loss": 0.08670595, "lr": 0.00018641, "params": 337201, "time_iter": 0.08117, "accuracy": 0.86504, "precision": 0.57776, "recall": 0.87455, "f1": 0.69583, "auc": 0.94499}
{"epoch": 74, "time_epoch": 27.45245, "eta": 689.70158, "eta_hours": 0.19158, "loss": 0.08654165, "lr": 0.00017371, "params": 337201, "time_iter": 0.08771, "accuracy": 0.86517, "precision": 0.57806, "recall": 0.87435, "f1": 0.69598, "auc": 0.9452}
{"epoch": 75, "time_epoch": 27.64313, "eta": 662.13091, "eta_hours": 0.18393, "loss": 0.08651333, "lr": 0.00016136, "params": 337201, "time_iter": 0.08832, "accuracy": 0.86491, "precision": 0.57744, "recall": 0.87511, "f1": 0.69577, "auc": 0.9452}
{"epoch": 76, "time_epoch": 30.79755, "eta": 635.50058, "eta_hours": 0.17653, "loss": 0.08642805, "lr": 0.00014938, "params": 337201, "time_iter": 0.09839, "accuracy": 0.86483, "precision": 0.57723, "recall": 0.87542, "f1": 0.69572, "auc": 0.94534}
{"epoch": 77, "time_epoch": 29.54809, "eta": 608.41099, "eta_hours": 0.169, "loss": 0.08631067, "lr": 0.00013779, "params": 337201, "time_iter": 0.0944, "accuracy": 0.86513, "precision": 0.57795, "recall": 0.8747, "f1": 0.69601, "auc": 0.94547}
{"epoch": 78, "time_epoch": 29.71973, "eta": 581.30479, "eta_hours": 0.16147, "loss": 0.086217, "lr": 0.00012659, "params": 337201, "time_iter": 0.09495, "accuracy": 0.86496, "precision": 0.57744, "recall": 0.876, "f1": 0.69606, "auc": 0.94551}
{"epoch": 79, "time_epoch": 30.30461, "eta": 554.27947, "eta_hours": 0.15397, "loss": 0.08604898, "lr": 0.0001158, "params": 337201, "time_iter": 0.09682, "accuracy": 0.86522, "precision": 0.57801, "recall": 0.8759, "f1": 0.69644, "auc": 0.94572}
{"epoch": 80, "time_epoch": 33.73997, "eta": 527.979, "eta_hours": 0.14666, "loss": 0.08593774, "lr": 0.00010543, "params": 337201, "time_iter": 0.1078, "accuracy": 0.86498, "precision": 0.5774, "recall": 0.87677, "f1": 0.69627, "auc": 0.9459}
{"epoch": 81, "time_epoch": 26.88348, "eta": 499.992, "eta_hours": 0.13889, "loss": 0.08589363, "lr": 9.549e-05, "params": 337201, "time_iter": 0.08589, "accuracy": 0.86506, "precision": 0.57753, "recall": 0.87733, "f1": 0.69654, "auc": 0.94594}
{"epoch": 82, "time_epoch": 34.88752, "eta": 473.67097, "eta_hours": 0.13158, "loss": 0.08589393, "lr": 8.6e-05, "params": 337201, "time_iter": 0.11146, "accuracy": 0.86477, "precision": 0.5769, "recall": 0.87735, "f1": 0.69609, "auc": 0.94594}
{"epoch": 83, "time_epoch": 31.06306, "eta": 446.41751, "eta_hours": 0.124, "loss": 0.08574118, "lr": 7.695e-05, "params": 337201, "time_iter": 0.09924, "accuracy": 0.86521, "precision": 0.57793, "recall": 0.87654, "f1": 0.69658, "auc": 0.94612}
{"epoch": 84, "time_epoch": 36.49043, "eta": 420.03218, "eta_hours": 0.11668, "loss": 0.08560824, "lr": 6.837e-05, "params": 337201, "time_iter": 0.11658, "accuracy": 0.86509, "precision": 0.57765, "recall": 0.87669, "f1": 0.69642, "auc": 0.94628}
{"epoch": 85, "time_epoch": 31.11472, "eta": 392.53673, "eta_hours": 0.10904, "loss": 0.08570501, "lr": 6.026e-05, "params": 337201, "time_iter": 0.09941, "accuracy": 0.86523, "precision": 0.578, "recall": 0.87626, "f1": 0.69654, "auc": 0.94615}
{"epoch": 86, "time_epoch": 29.80967, "eta": 364.76307, "eta_hours": 0.10132, "loss": 0.08550306, "lr": 5.264e-05, "params": 337201, "time_iter": 0.09524, "accuracy": 0.86519, "precision": 0.57781, "recall": 0.87741, "f1": 0.69677, "auc": 0.94636}
{"epoch": 87, "time_epoch": 30.04801, "eta": 336.97564, "eta_hours": 0.0936, "loss": 0.08555982, "lr": 4.55e-05, "params": 337201, "time_iter": 0.096, "accuracy": 0.86541, "precision": 0.57832, "recall": 0.87695, "f1": 0.69699, "auc": 0.94628}
{"epoch": 88, "time_epoch": 32.51678, "eta": 309.44255, "eta_hours": 0.08596, "loss": 0.08549325, "lr": 3.886e-05, "params": 337201, "time_iter": 0.10389, "accuracy": 0.86534, "precision": 0.57811, "recall": 0.87747, "f1": 0.69701, "auc": 0.94637}
{"epoch": 89, "time_epoch": 28.32915, "eta": 281.33341, "eta_hours": 0.07815, "loss": 0.0853776, "lr": 3.272e-05, "params": 337201, "time_iter": 0.09051, "accuracy": 0.86539, "precision": 0.57818, "recall": 0.87789, "f1": 0.69719, "auc": 0.94648}
{"epoch": 90, "time_epoch": 27.63893, "eta": 253.15117, "eta_hours": 0.07032, "loss": 0.08539215, "lr": 2.709e-05, "params": 337201, "time_iter": 0.0883, "accuracy": 0.86537, "precision": 0.5782, "recall": 0.87734, "f1": 0.69703, "auc": 0.94651}
{"epoch": 91, "time_epoch": 28.80469, "eta": 225.08211, "eta_hours": 0.06252, "loss": 0.08533294, "lr": 2.198e-05, "params": 337201, "time_iter": 0.09203, "accuracy": 0.86484, "precision": 0.57699, "recall": 0.87784, "f1": 0.69631, "auc": 0.94656}
{"epoch": 92, "time_epoch": 26.41025, "eta": 196.81701, "eta_hours": 0.05467, "loss": 0.08526371, "lr": 1.74e-05, "params": 337201, "time_iter": 0.08438, "accuracy": 0.86558, "precision": 0.57869, "recall": 0.87703, "f1": 0.69729, "auc": 0.94669}
{"epoch": 93, "time_epoch": 26.85751, "eta": 168.61992, "eta_hours": 0.04684, "loss": 0.0852906, "lr": 1.334e-05, "params": 337201, "time_iter": 0.08581, "accuracy": 0.86507, "precision": 0.57753, "recall": 0.87753, "f1": 0.6966, "auc": 0.94661}
{"epoch": 94, "time_epoch": 32.95592, "eta": 140.772, "eta_hours": 0.0391, "loss": 0.085202, "lr": 9.81e-06, "params": 337201, "time_iter": 0.10529, "accuracy": 0.86569, "precision": 0.57884, "recall": 0.87791, "f1": 0.69767, "auc": 0.94674}
{"epoch": 95, "time_epoch": 29.41071, "eta": 112.66994, "eta_hours": 0.0313, "loss": 0.08522794, "lr": 6.82e-06, "params": 337201, "time_iter": 0.09396, "accuracy": 0.86503, "precision": 0.57741, "recall": 0.87795, "f1": 0.69665, "auc": 0.94672}
{"epoch": 96, "time_epoch": 26.76991, "eta": 84.45923, "eta_hours": 0.02346, "loss": 0.08522174, "lr": 4.37e-06, "params": 337201, "time_iter": 0.08553, "accuracy": 0.86524, "precision": 0.57782, "recall": 0.87821, "f1": 0.69703, "auc": 0.9467}
{"epoch": 97, "time_epoch": 32.15415, "eta": 56.38781, "eta_hours": 0.01566, "loss": 0.08526084, "lr": 2.46e-06, "params": 337201, "time_iter": 0.10273, "accuracy": 0.86536, "precision": 0.57807, "recall": 0.87828, "f1": 0.69723, "auc": 0.94665}
{"epoch": 98, "time_epoch": 27.03928, "eta": 28.18224, "eta_hours": 0.00783, "loss": 0.08516748, "lr": 1.09e-06, "params": 337201, "time_iter": 0.08639, "accuracy": 0.86562, "precision": 0.57867, "recall": 0.87793, "f1": 0.69756, "auc": 0.9468}
{"epoch": 99, "time_epoch": 27.06282, "eta": 0.0, "eta_hours": 0.0, "loss": 0.08521243, "lr": 2.7e-07, "params": 337201, "time_iter": 0.08646, "accuracy": 0.86531, "precision": 0.578, "recall": 0.87787, "f1": 0.69705, "auc": 0.94671}
