{"epoch": 0, "time_epoch": 112.20762, "eta": 11108.55477, "eta_hours": 3.08571, "loss": 0.67604176, "lr": 0.0, "params": 558625, "time_iter": 0.10905, "accuracy": 0.84222, "precision": 0.02496, "recall": 0.08442, "f1": 0.03853, "auc": 0.49906}
{"epoch": 1, "time_epoch": 109.69377, "eta": 10873.16853, "eta_hours": 3.02032, "loss": 0.34610986, "lr": 2e-05, "params": 558625, "time_iter": 0.1066, "accuracy": 0.96043, "precision": 0.01389, "recall": 0.00081, "f1": 0.00153, "auc": 0.5447}
{"epoch": 2, "time_epoch": 105.66978, "eta": 10591.46822, "eta_hours": 2.94207, "loss": 0.1561359, "lr": 4e-05, "params": 558625, "time_iter": 0.10269, "accuracy": 0.96255, "precision": 0.0, "recall": 0.0, "f1": 0.0, "auc": 0.67462}
{"epoch": 3, "time_epoch": 101.45146, "eta": 10296.54343, "eta_hours": 2.86015, "loss": 0.14174118, "lr": 6e-05, "params": 558625, "time_iter": 0.09859, "accuracy": 0.96255, "precision": 0.0, "recall": 0.0, "f1": 0.0, "auc": 0.73201}
{"epoch": 4, "time_epoch": 104.5012, "eta": 10136.95308, "eta_hours": 2.81582, "loss": 0.13607365, "lr": 8e-05, "params": 558625, "time_iter": 0.10156, "accuracy": 0.96277, "precision": 0.64, "recall": 0.01299, "f1": 0.02546, "auc": 0.76149}
{"epoch": 5, "time_epoch": 102.60301, "eta": 9965.98745, "eta_hours": 2.76833, "loss": 0.13192864, "lr": 0.0001, "params": 558625, "time_iter": 0.09971, "accuracy": 0.96316, "precision": 0.58475, "recall": 0.05601, "f1": 0.10222, "auc": 0.78323}
{"epoch": 6, "time_epoch": 102.31645, "eta": 9810.74687, "eta_hours": 2.72521, "loss": 0.12767231, "lr": 9.997e-05, "params": 558625, "time_iter": 0.09943, "accuracy": 0.96407, "precision": 0.60965, "recall": 0.11282, "f1": 0.19041, "auc": 0.79573}
{"epoch": 7, "time_epoch": 99.48413, "eta": 9636.16558, "eta_hours": 2.67671, "loss": 0.12464732, "lr": 9.989e-05, "params": 558625, "time_iter": 0.09668, "accuracy": 0.96493, "precision": 0.625, "recall": 0.15828, "f1": 0.25259, "auc": 0.80523}
{"epoch": 8, "time_epoch": 98.91133, "eta": 9472.48091, "eta_hours": 2.63124, "loss": 0.12144264, "lr": 9.975e-05, "params": 558625, "time_iter": 0.09612, "accuracy": 0.96526, "precision": 0.61995, "recall": 0.18669, "f1": 0.28696, "auc": 0.81729}
{"epoch": 9, "time_epoch": 99.50092, "eta": 9327.05719, "eta_hours": 2.59085, "loss": 0.11876987, "lr": 9.956e-05, "params": 558625, "time_iter": 0.0967, "accuracy": 0.96629, "precision": 0.64819, "recall": 0.21834, "f1": 0.32665, "auc": 0.82337}
{"epoch": 10, "time_epoch": 99.95808, "eta": 9193.68192, "eta_hours": 2.5538, "loss": 0.11639208, "lr": 9.932e-05, "params": 558625, "time_iter": 0.09714, "accuracy": 0.96763, "precision": 0.67804, "recall": 0.25812, "f1": 0.3739, "auc": 0.82985}
{"epoch": 11, "time_epoch": 100.49092, "eta": 9069.78372, "eta_hours": 2.51938, "loss": 0.11301775, "lr": 9.902e-05, "params": 558625, "time_iter": 0.09766, "accuracy": 0.96827, "precision": 0.68217, "recall": 0.28571, "f1": 0.40275, "auc": 0.84227}
{"epoch": 12, "time_epoch": 102.04365, "eta": 8959.878, "eta_hours": 2.48885, "loss": 0.11016135, "lr": 9.867e-05, "params": 558625, "time_iter": 0.09917, "accuracy": 0.96824, "precision": 0.66667, "recall": 0.30357, "f1": 0.41718, "auc": 0.85644}
{"epoch": 13, "time_epoch": 99.88494, "eta": 8837.83475, "eta_hours": 2.45495, "loss": 0.10974597, "lr": 9.826e-05, "params": 558625, "time_iter": 0.09707, "accuracy": 0.96842, "precision": 0.67201, "recall": 0.30601, "f1": 0.42052, "auc": 0.85465}
{"epoch": 14, "time_epoch": 102.57508, "eta": 8733.99005, "eta_hours": 2.42611, "loss": 0.10774724, "lr": 9.78e-05, "params": 558625, "time_iter": 0.09968, "accuracy": 0.96857, "precision": 0.67616, "recall": 0.30844, "f1": 0.42363, "auc": 0.86744}
{"epoch": 15, "time_epoch": 99.99635, "eta": 8616.76571, "eta_hours": 2.39355, "loss": 0.10567913, "lr": 9.729e-05, "params": 558625, "time_iter": 0.09718, "accuracy": 0.96982, "precision": 0.70289, "recall": 0.33604, "f1": 0.4547, "auc": 0.86276}
{"epoch": 16, "time_epoch": 100.09801, "eta": 8502.06454, "eta_hours": 2.36168, "loss": 0.10370038, "lr": 9.673e-05, "params": 558625, "time_iter": 0.09728, "accuracy": 0.97012, "precision": 0.69984, "recall": 0.3539, "f1": 0.47008, "auc": 0.87663}
{"epoch": 17, "time_epoch": 99.25853, "eta": 8385.16165, "eta_hours": 2.32921, "loss": 0.10224819, "lr": 9.611e-05, "params": 558625, "time_iter": 0.09646, "accuracy": 0.96991, "precision": 0.69967, "recall": 0.34416, "f1": 0.46137, "auc": 0.88063}
{"epoch": 18, "time_epoch": 102.34058, "eta": 8283.25533, "eta_hours": 2.3009, "loss": 0.10051179, "lr": 9.545e-05, "params": 558625, "time_iter": 0.09946, "accuracy": 0.9711, "precision": 0.71783, "recall": 0.37581, "f1": 0.49334, "auc": 0.88705}
{"epoch": 19, "time_epoch": 100.00344, "eta": 8171.95704, "eta_hours": 2.26999, "loss": 0.09947535, "lr": 9.474e-05, "params": 558625, "time_iter": 0.09719, "accuracy": 0.97049, "precision": 0.70487, "recall": 0.36445, "f1": 0.48047, "auc": 0.88975}
{"epoch": 20, "time_epoch": 101.89129, "eta": 8068.83635, "eta_hours": 2.24134, "loss": 0.09792781, "lr": 9.397e-05, "params": 558625, "time_iter": 0.09902, "accuracy": 0.97167, "precision": 0.73077, "recall": 0.38555, "f1": 0.50478, "auc": 0.89617}
{"epoch": 21, "time_epoch": 100.24841, "eta": 7960.00266, "eta_hours": 2.21111, "loss": 0.09593428, "lr": 9.316e-05, "params": 558625, "time_iter": 0.09742, "accuracy": 0.97204, "precision": 0.73284, "recall": 0.39854, "f1": 0.5163, "auc": 0.89591}
{"epoch": 22, "time_epoch": 103.02705, "eta": 7861.21793, "eta_hours": 2.18367, "loss": 0.09487429, "lr": 9.23e-05, "params": 558625, "time_iter": 0.10012, "accuracy": 0.97198, "precision": 0.73065, "recall": 0.39854, "f1": 0.51576, "auc": 0.9048}
{"epoch": 23, "time_epoch": 104.55812, "eta": 7766.92807, "eta_hours": 2.15748, "loss": 0.09453458, "lr": 9.14e-05, "params": 558625, "time_iter": 0.10161, "accuracy": 0.97231, "precision": 0.73431, "recall": 0.40828, "f1": 0.52478, "auc": 0.90762}
{"epoch": 24, "time_epoch": 103.2978, "eta": 7668.03578, "eta_hours": 2.13001, "loss": 0.09177636, "lr": 9.045e-05, "params": 558625, "time_iter": 0.10039, "accuracy": 0.97274, "precision": 0.74815, "recall": 0.4099, "f1": 0.52963, "auc": 0.91525}
{"epoch": 25, "time_epoch": 101.12081, "eta": 7562.60856, "eta_hours": 2.10072, "loss": 0.08941445, "lr": 8.946e-05, "params": 558625, "time_iter": 0.09827, "accuracy": 0.97368, "precision": 0.76369, "recall": 0.43019, "f1": 0.55036, "auc": 0.9213}
{"epoch": 26, "time_epoch": 99.9973, "eta": 7454.46268, "eta_hours": 2.07068, "loss": 0.0894179, "lr": 8.842e-05, "params": 558625, "time_iter": 0.09718, "accuracy": 0.97337, "precision": 0.75575, "recall": 0.42695, "f1": 0.54564, "auc": 0.91944}
{"epoch": 27, "time_epoch": 100.93893, "eta": 7349.32018, "eta_hours": 2.04148, "loss": 0.08878031, "lr": 8.734e-05, "params": 558625, "time_iter": 0.09809, "accuracy": 0.97426, "precision": 0.77228, "recall": 0.44318, "f1": 0.56318, "auc": 0.92182}
{"epoch": 28, "time_epoch": 101.77501, "eta": 7246.51454, "eta_hours": 2.01292, "loss": 0.08763819, "lr": 8.622e-05, "params": 558625, "time_iter": 0.09891, "accuracy": 0.97362, "precision": 0.75138, "recall": 0.44156, "f1": 0.55624, "auc": 0.92365}
{"epoch": 29, "time_epoch": 103.0123, "eta": 7146.66463, "eta_hours": 1.98518, "loss": 0.08554205, "lr": 8.506e-05, "params": 558625, "time_iter": 0.10011, "accuracy": 0.9745, "precision": 0.76735, "recall": 0.45779, "f1": 0.57346, "auc": 0.93014}
{"epoch": 30, "time_epoch": 102.88685, "eta": 7046.33147, "eta_hours": 1.95731, "loss": 0.08493312, "lr": 8.386e-05, "params": 558625, "time_iter": 0.09999, "accuracy": 0.97426, "precision": 0.76923, "recall": 0.44643, "f1": 0.56497, "auc": 0.93287}
{"epoch": 31, "time_epoch": 100.44639, "eta": 6940.65272, "eta_hours": 1.92796, "loss": 0.08578648, "lr": 8.263e-05, "params": 558625, "time_iter": 0.09762, "accuracy": 0.97331, "precision": 0.74583, "recall": 0.43588, "f1": 0.5502, "auc": 0.93384}
{"epoch": 32, "time_epoch": 105.64612, "eta": 6845.84811, "eta_hours": 1.90162, "loss": 0.08159512, "lr": 8.136e-05, "params": 558625, "time_iter": 0.10267, "accuracy": 0.9748, "precision": 0.76548, "recall": 0.47159, "f1": 0.58363, "auc": 0.94033}
{"epoch": 33, "time_epoch": 105.36908, "eta": 6749.86799, "eta_hours": 1.87496, "loss": 0.07987891, "lr": 8.005e-05, "params": 558625, "time_iter": 0.1024, "accuracy": 0.97578, "precision": 0.79432, "recall": 0.47646, "f1": 0.59564, "auc": 0.94424}
{"epoch": 34, "time_epoch": 101.48638, "eta": 6646.14061, "eta_hours": 1.84615, "loss": 0.07908101, "lr": 7.872e-05, "params": 558625, "time_iter": 0.09863, "accuracy": 0.97562, "precision": 0.78667, "recall": 0.4789, "f1": 0.59536, "auc": 0.94684}
{"epoch": 35, "time_epoch": 99.6404, "eta": 6539.256, "eta_hours": 1.81646, "loss": 0.07816875, "lr": 7.735e-05, "params": 558625, "time_iter": 0.09683, "accuracy": 0.9748, "precision": 0.76, "recall": 0.47808, "f1": 0.58695, "auc": 0.94994}
{"epoch": 36, "time_epoch": 100.05651, "eta": 6433.47148, "eta_hours": 1.78708, "loss": 0.07674959, "lr": 7.595e-05, "params": 558625, "time_iter": 0.09724, "accuracy": 0.97614, "precision": 0.78617, "recall": 0.49838, "f1": 0.61003, "auc": 0.95057}
{"epoch": 37, "time_epoch": 101.3844, "eta": 6330.15499, "eta_hours": 1.75838, "loss": 0.07634703, "lr": 7.452e-05, "params": 558625, "time_iter": 0.09853, "accuracy": 0.97572, "precision": 0.7737, "recall": 0.49675, "f1": 0.60504, "auc": 0.95195}
{"epoch": 38, "time_epoch": 99.20555, "eta": 6223.52963, "eta_hours": 1.72876, "loss": 0.07566708, "lr": 7.307e-05, "params": 558625, "time_iter": 0.09641, "accuracy": 0.97587, "precision": 0.78005, "recall": 0.49513, "f1": 0.60576, "auc": 0.95285}
{"epoch": 39, "time_epoch": 101.37278, "eta": 6120.52611, "eta_hours": 1.70015, "loss": 0.07494612, "lr": 7.159e-05, "params": 558625, "time_iter": 0.09852, "accuracy": 0.97611, "precision": 0.79576, "recall": 0.48701, "f1": 0.60423, "auc": 0.9568}
{"epoch": 40, "time_epoch": 100.45464, "eta": 6016.28092, "eta_hours": 1.67119, "loss": 0.07302714, "lr": 7.008e-05, "params": 558625, "time_iter": 0.09762, "accuracy": 0.97657, "precision": 0.80289, "recall": 0.49594, "f1": 0.61315, "auc": 0.95834}
{"epoch": 41, "time_epoch": 99.81794, "eta": 5911.33696, "eta_hours": 1.64204, "loss": 0.07154012, "lr": 6.856e-05, "params": 558625, "time_iter": 0.097, "accuracy": 0.97681, "precision": 0.78986, "recall": 0.51867, "f1": 0.62616, "auc": 0.9632}
{"epoch": 42, "time_epoch": 99.63251, "eta": 5806.38563, "eta_hours": 1.61288, "loss": 0.06981336, "lr": 6.701e-05, "params": 558625, "time_iter": 0.09682, "accuracy": 0.97787, "precision": 0.81111, "recall": 0.53328, "f1": 0.64349, "auc": 0.96162}
{"epoch": 43, "time_epoch": 102.10509, "eta": 5704.82298, "eta_hours": 1.58467, "loss": 0.06994882, "lr": 6.545e-05, "params": 558625, "time_iter": 0.09923, "accuracy": 0.97751, "precision": 0.80221, "recall": 0.53003, "f1": 0.63832, "auc": 0.96469}
{"epoch": 44, "time_epoch": 100.77108, "eta": 5601.60577, "eta_hours": 1.556, "loss": 0.06886871, "lr": 6.387e-05, "params": 558625, "time_iter": 0.09793, "accuracy": 0.97772, "precision": 0.80316, "recall": 0.53653, "f1": 0.64331, "auc": 0.96681}
{"epoch": 45, "time_epoch": 96.23962, "eta": 5493.17537, "eta_hours": 1.52588, "loss": 0.06715386, "lr": 6.227e-05, "params": 558625, "time_iter": 0.09353, "accuracy": 0.97851, "precision": 0.81065, "recall": 0.55601, "f1": 0.65961, "auc": 0.96661}
{"epoch": 46, "time_epoch": 95.4525, "eta": 5384.37613, "eta_hours": 1.49566, "loss": 0.06646202, "lr": 6.066e-05, "params": 558625, "time_iter": 0.09276, "accuracy": 0.97854, "precision": 0.81687, "recall": 0.55032, "f1": 0.65761, "auc": 0.96794}
{"epoch": 47, "time_epoch": 101.68317, "eta": 5282.8829, "eta_hours": 1.46747, "loss": 0.06566762, "lr": 5.904e-05, "params": 558625, "time_iter": 0.09882, "accuracy": 0.97812, "precision": 0.79907, "recall": 0.55519, "f1": 0.65517, "auc": 0.97086}
{"epoch": 48, "time_epoch": 97.03788, "eta": 5176.54702, "eta_hours": 1.43793, "loss": 0.06317624, "lr": 5.741e-05, "params": 558625, "time_iter": 0.0943, "accuracy": 0.97897, "precision": 0.80405, "recall": 0.57955, "f1": 0.67358, "auc": 0.97211}
{"epoch": 49, "time_epoch": 102.86588, "eta": 5076.41106, "eta_hours": 1.41011, "loss": 0.0636268, "lr": 5.577e-05, "params": 558625, "time_iter": 0.09997, "accuracy": 0.97903, "precision": 0.80726, "recall": 0.57792, "f1": 0.6736, "auc": 0.97248}
{"epoch": 50, "time_epoch": 105.73113, "eta": 4978.92093, "eta_hours": 1.38303, "loss": 0.06404364, "lr": 5.413e-05, "params": 558625, "time_iter": 0.10275, "accuracy": 0.97866, "precision": 0.8053, "recall": 0.56737, "f1": 0.66571, "auc": 0.97356}
{"epoch": 51, "time_epoch": 109.4813, "eta": 4884.57552, "eta_hours": 1.35683, "loss": 0.061328, "lr": 5.248e-05, "params": 558625, "time_iter": 0.1064, "accuracy": 0.97954, "precision": 0.82614, "recall": 0.57468, "f1": 0.67784, "auc": 0.97543}
{"epoch": 52, "time_epoch": 109.51079, "eta": 4789.68511, "eta_hours": 1.33047, "loss": 0.06158958, "lr": 5.083e-05, "params": 558625, "time_iter": 0.10642, "accuracy": 0.97961, "precision": 0.81552, "recall": 0.58847, "f1": 0.68364, "auc": 0.97401}
{"epoch": 53, "time_epoch": 108.32258, "eta": 4693.24103, "eta_hours": 1.30368, "loss": 0.06137126, "lr": 4.917e-05, "params": 558625, "time_iter": 0.10527, "accuracy": 0.97964, "precision": 0.82751, "recall": 0.5763, "f1": 0.67943, "auc": 0.97671}
{"epoch": 54, "time_epoch": 109.6661, "eta": 4597.46424, "eta_hours": 1.27707, "loss": 0.05914967, "lr": 4.752e-05, "params": 558625, "time_iter": 0.10658, "accuracy": 0.98018, "precision": 0.83333, "recall": 0.58847, "f1": 0.68982, "auc": 0.9776}
{"epoch": 55, "time_epoch": 112.09424, "eta": 4503.09922, "eta_hours": 1.25086, "loss": 0.05891223, "lr": 4.587e-05, "params": 558625, "time_iter": 0.10894, "accuracy": 0.98061, "precision": 0.82927, "recall": 0.60714, "f1": 0.70103, "auc": 0.97614}
{"epoch": 56, "time_epoch": 109.50463, "eta": 4406.15857, "eta_hours": 1.22393, "loss": 0.05975721, "lr": 4.423e-05, "params": 558625, "time_iter": 0.10642, "accuracy": 0.98103, "precision": 0.83407, "recall": 0.61607, "f1": 0.70868, "auc": 0.97645}
{"epoch": 57, "time_epoch": 110.22068, "eta": 4309.30319, "eta_hours": 1.19703, "loss": 0.05898595, "lr": 4.259e-05, "params": 558625, "time_iter": 0.10711, "accuracy": 0.98052, "precision": 0.84481, "recall": 0.58766, "f1": 0.69315, "auc": 0.97767}
{"epoch": 58, "time_epoch": 110.25447, "eta": 4212.01824, "eta_hours": 1.17001, "loss": 0.05820075, "lr": 4.096e-05, "params": 558625, "time_iter": 0.10715, "accuracy": 0.98067, "precision": 0.82181, "recall": 0.61769, "f1": 0.70528, "auc": 0.9785}
{"epoch": 59, "time_epoch": 110.25574, "eta": 4114.30181, "eta_hours": 1.14286, "loss": 0.05587986, "lr": 3.934e-05, "params": 558625, "time_iter": 0.10715, "accuracy": 0.981, "precision": 0.84063, "recall": 0.60795, "f1": 0.70561, "auc": 0.98098}
{"epoch": 60, "time_epoch": 108.87208, "eta": 4015.28962, "eta_hours": 1.11536, "loss": 0.05797736, "lr": 3.773e-05, "params": 558625, "time_iter": 0.1058, "accuracy": 0.98061, "precision": 0.82004, "recall": 0.61769, "f1": 0.70463, "auc": 0.97931}
{"epoch": 61, "time_epoch": 109.98276, "eta": 3916.64012, "eta_hours": 1.08796, "loss": 0.0543818, "lr": 3.613e-05, "params": 558625, "time_iter": 0.10688, "accuracy": 0.98192, "precision": 0.84657, "recall": 0.63149, "f1": 0.72338, "auc": 0.98216}
{"epoch": 62, "time_epoch": 110.44676, "eta": 3817.90333, "eta_hours": 1.06053, "loss": 0.05148532, "lr": 3.455e-05, "params": 558625, "time_iter": 0.10733, "accuracy": 0.98258, "precision": 0.84503, "recall": 0.65503, "f1": 0.738, "auc": 0.9862}
{"epoch": 63, "time_epoch": 111.0553, "eta": 3719.14291, "eta_hours": 1.0331, "loss": 0.05175161, "lr": 3.299e-05, "params": 558625, "time_iter": 0.10793, "accuracy": 0.98231, "precision": 0.84355, "recall": 0.64773, "f1": 0.73278, "auc": 0.98339}
{"epoch": 64, "time_epoch": 110.78434, "eta": 3619.85828, "eta_hours": 1.00552, "loss": 0.05282625, "lr": 3.144e-05, "params": 558625, "time_iter": 0.10766, "accuracy": 0.98249, "precision": 0.84167, "recall": 0.65584, "f1": 0.73723, "auc": 0.98409}
{"epoch": 65, "time_epoch": 110.18378, "eta": 3519.9158, "eta_hours": 0.97775, "loss": 0.05036335, "lr": 2.992e-05, "params": 558625, "time_iter": 0.10708, "accuracy": 0.98328, "precision": 0.85895, "recall": 0.66234, "f1": 0.74794, "auc": 0.98513}
{"epoch": 66, "time_epoch": 109.24204, "eta": 3419.20377, "eta_hours": 0.94978, "loss": 0.05145181, "lr": 2.841e-05, "params": 558625, "time_iter": 0.10616, "accuracy": 0.98237, "precision": 0.84829, "recall": 0.64448, "f1": 0.73247, "auc": 0.98546}
{"epoch": 67, "time_epoch": 107.51159, "eta": 3317.42652, "eta_hours": 0.92151, "loss": 0.05074794, "lr": 2.693e-05, "params": 558625, "time_iter": 0.10448, "accuracy": 0.98344, "precision": 0.86581, "recall": 0.6599, "f1": 0.74896, "auc": 0.98485}
{"epoch": 68, "time_epoch": 109.67717, "eta": 3216.45601, "eta_hours": 0.89346, "loss": 0.05144188, "lr": 2.548e-05, "params": 558625, "time_iter": 0.10659, "accuracy": 0.98331, "precision": 0.86061, "recall": 0.66153, "f1": 0.74805, "auc": 0.9849}
{"epoch": 69, "time_epoch": 110.11422, "eta": 3115.42403, "eta_hours": 0.8654, "loss": 0.0488945, "lr": 2.405e-05, "params": 558625, "time_iter": 0.10701, "accuracy": 0.98371, "precision": 0.85438, "recall": 0.68101, "f1": 0.7579, "auc": 0.98611}
{"epoch": 70, "time_epoch": 109.41115, "eta": 3013.84906, "eta_hours": 0.83718, "loss": 0.04773835, "lr": 2.265e-05, "params": 558625, "time_iter": 0.10633, "accuracy": 0.98319, "precision": 0.84964, "recall": 0.66964, "f1": 0.74898, "auc": 0.98696}
{"epoch": 71, "time_epoch": 108.82271, "eta": 2911.82757, "eta_hours": 0.80884, "loss": 0.04564312, "lr": 2.128e-05, "params": 558625, "time_iter": 0.10576, "accuracy": 0.98416, "precision": 0.86018, "recall": 0.68912, "f1": 0.76521, "auc": 0.98912}
{"epoch": 72, "time_epoch": 111.7009, "eta": 2810.68429, "eta_hours": 0.78075, "loss": 0.04673266, "lr": 1.995e-05, "params": 558625, "time_iter": 0.10855, "accuracy": 0.98353, "precision": 0.84919, "recall": 0.68101, "f1": 0.75586, "auc": 0.98862}
{"epoch": 73, "time_epoch": 111.87749, "eta": 2709.3177, "eta_hours": 0.75259, "loss": 0.04726498, "lr": 1.864e-05, "params": 558625, "time_iter": 0.10872, "accuracy": 0.98377, "precision": 0.8504, "recall": 0.6875, "f1": 0.76032, "auc": 0.98803}
{"epoch": 74, "time_epoch": 110.46209, "eta": 2607.19903, "eta_hours": 0.72422, "loss": 0.04666345, "lr": 1.737e-05, "params": 558625, "time_iter": 0.10735, "accuracy": 0.98465, "precision": 0.87282, "recall": 0.69075, "f1": 0.77118, "auc": 0.98765}
{"epoch": 75, "time_epoch": 111.55891, "eta": 2505.20716, "eta_hours": 0.69589, "loss": 0.04593008, "lr": 1.614e-05, "params": 558625, "time_iter": 0.10841, "accuracy": 0.9842, "precision": 0.85458, "recall": 0.69643, "f1": 0.76744, "auc": 0.98889}
{"epoch": 76, "time_epoch": 98.08448, "eta": 2398.94196, "eta_hours": 0.66637, "loss": 0.04724812, "lr": 1.494e-05, "params": 558625, "time_iter": 0.09532, "accuracy": 0.9838, "precision": 0.85627, "recall": 0.68182, "f1": 0.75915, "auc": 0.98803}
{"epoch": 77, "time_epoch": 96.89467, "eta": 2292.55094, "eta_hours": 0.63682, "loss": 0.04471281, "lr": 1.378e-05, "params": 558625, "time_iter": 0.09416, "accuracy": 0.98499, "precision": 0.875, "recall": 0.69886, "f1": 0.77708, "auc": 0.98841}
{"epoch": 78, "time_epoch": 110.26545, "eta": 2189.95459, "eta_hours": 0.60832, "loss": 0.0434362, "lr": 1.266e-05, "params": 558625, "time_iter": 0.10716, "accuracy": 0.98495, "precision": 0.87185, "recall": 0.7013, "f1": 0.77733, "auc": 0.99005}
{"epoch": 79, "time_epoch": 111.89254, "eta": 2087.57329, "eta_hours": 0.57988, "loss": 0.044944, "lr": 1.158e-05, "params": 558625, "time_iter": 0.10874, "accuracy": 0.98429, "precision": 0.85152, "recall": 0.70292, "f1": 0.77012, "auc": 0.99002}
{"epoch": 80, "time_epoch": 111.94697, "eta": 1984.9699, "eta_hours": 0.55138, "loss": 0.04398098, "lr": 1.054e-05, "params": 558625, "time_iter": 0.10879, "accuracy": 0.98511, "precision": 0.8666, "recall": 0.71185, "f1": 0.78164, "auc": 0.98937}
{"epoch": 81, "time_epoch": 109.48303, "eta": 1881.59776, "eta_hours": 0.52267, "loss": 0.04374895, "lr": 9.55e-06, "params": 558625, "time_iter": 0.1064, "accuracy": 0.98502, "precision": 0.87061, "recall": 0.70455, "f1": 0.77882, "auc": 0.98901}
{"epoch": 82, "time_epoch": 108.13241, "eta": 1777.80174, "eta_hours": 0.49383, "loss": 0.0448276, "lr": 8.6e-06, "params": 558625, "time_iter": 0.10508, "accuracy": 0.98502, "precision": 0.86766, "recall": 0.70779, "f1": 0.77962, "auc": 0.9895}
{"epoch": 83, "time_epoch": 108.11804, "eta": 1673.89973, "eta_hours": 0.46497, "loss": 0.04210412, "lr": 7.7e-06, "params": 558625, "time_iter": 0.10507, "accuracy": 0.98526, "precision": 0.86227, "recall": 0.72159, "f1": 0.78568, "auc": 0.99087}
{"epoch": 84, "time_epoch": 110.48333, "eta": 1570.31593, "eta_hours": 0.4362, "loss": 0.04242282, "lr": 6.84e-06, "params": 558625, "time_iter": 0.10737, "accuracy": 0.98568, "precision": 0.88241, "recall": 0.71266, "f1": 0.7885, "auc": 0.9907}
{"epoch": 85, "time_epoch": 109.4435, "eta": 1466.4024, "eta_hours": 0.40733, "loss": 0.04280998, "lr": 6.03e-06, "params": 558625, "time_iter": 0.10636, "accuracy": 0.9852, "precision": 0.87588, "recall": 0.70455, "f1": 0.78093, "auc": 0.98981}
{"epoch": 86, "time_epoch": 111.44014, "eta": 1362.66009, "eta_hours": 0.37852, "loss": 0.04164169, "lr": 5.26e-06, "params": 558625, "time_iter": 0.1083, "accuracy": 0.98547, "precision": 0.8755, "recall": 0.71347, "f1": 0.78623, "auc": 0.99125}
{"epoch": 87, "time_epoch": 108.84147, "eta": 1258.38846, "eta_hours": 0.34955, "loss": 0.04072438, "lr": 4.55e-06, "params": 558625, "time_iter": 0.10577, "accuracy": 0.98556, "precision": 0.86783, "recall": 0.72484, "f1": 0.78992, "auc": 0.9919}
{"epoch": 88, "time_epoch": 109.82709, "eta": 1154.13596, "eta_hours": 0.32059, "loss": 0.04266738, "lr": 3.89e-06, "params": 558625, "time_iter": 0.10673, "accuracy": 0.98526, "precision": 0.87387, "recall": 0.7086, "f1": 0.78261, "auc": 0.98998}
{"epoch": 89, "time_epoch": 111.36679, "eta": 1049.93066, "eta_hours": 0.29165, "loss": 0.04059709, "lr": 3.27e-06, "params": 558625, "time_iter": 0.10823, "accuracy": 0.98584, "precision": 0.87184, "recall": 0.7289, "f1": 0.79399, "auc": 0.99175}
{"epoch": 90, "time_epoch": 109.44456, "eta": 945.37785, "eta_hours": 0.2626, "loss": 0.04147496, "lr": 2.71e-06, "params": 558625, "time_iter": 0.10636, "accuracy": 0.98584, "precision": 0.87697, "recall": 0.72321, "f1": 0.7927, "auc": 0.99188}
{"epoch": 91, "time_epoch": 109.92437, "eta": 840.76042, "eta_hours": 0.23354, "loss": 0.04236168, "lr": 2.2e-06, "params": 558625, "time_iter": 0.10683, "accuracy": 0.98511, "precision": 0.86588, "recall": 0.71266, "f1": 0.78183, "auc": 0.99108}
{"epoch": 92, "time_epoch": 111.45216, "eta": 736.14386, "eta_hours": 0.20448, "loss": 0.0429007, "lr": 1.74e-06, "params": 558625, "time_iter": 0.10831, "accuracy": 0.98544, "precision": 0.86377, "recall": 0.72565, "f1": 0.78871, "auc": 0.99015}
{"epoch": 93, "time_epoch": 109.49678, "eta": 631.25705, "eta_hours": 0.17535, "loss": 0.04019872, "lr": 1.33e-06, "params": 558625, "time_iter": 0.10641, "accuracy": 0.9862, "precision": 0.87548, "recall": 0.7362, "f1": 0.79982, "auc": 0.99108}
{"epoch": 94, "time_epoch": 107.29666, "eta": 526.15739, "eta_hours": 0.14615, "loss": 0.04111862, "lr": 9.8e-07, "params": 558625, "time_iter": 0.10427, "accuracy": 0.98596, "precision": 0.87306, "recall": 0.73133, "f1": 0.79594, "auc": 0.99104}
{"epoch": 95, "time_epoch": 113.21991, "eta": 421.25877, "eta_hours": 0.11702, "loss": 0.0401956, "lr": 6.8e-07, "params": 558625, "time_iter": 0.11003, "accuracy": 0.98575, "precision": 0.86368, "recall": 0.73539, "f1": 0.79439, "auc": 0.9918}
{"epoch": 96, "time_epoch": 110.30691, "eta": 316.09847, "eta_hours": 0.08781, "loss": 0.04141038, "lr": 4.4e-07, "params": 558625, "time_iter": 0.1072, "accuracy": 0.98556, "precision": 0.86855, "recall": 0.72403, "f1": 0.78973, "auc": 0.99186}
{"epoch": 97, "time_epoch": 110.88079, "eta": 210.84486, "eta_hours": 0.05857, "loss": 0.04126666, "lr": 2.5e-07, "params": 558625, "time_iter": 0.10776, "accuracy": 0.98538, "precision": 0.86706, "recall": 0.71997, "f1": 0.7867, "auc": 0.99199}
{"epoch": 98, "time_epoch": 111.17347, "eta": 105.48052, "eta_hours": 0.0293, "loss": 0.04144249, "lr": 1.1e-07, "params": 558625, "time_iter": 0.10804, "accuracy": 0.9855, "precision": 0.87712, "recall": 0.71266, "f1": 0.78639, "auc": 0.99123}
{"epoch": 99, "time_epoch": 111.61383, "eta": 0.0, "eta_hours": 0.0, "loss": 0.04023124, "lr": 3e-08, "params": 558625, "time_iter": 0.10847, "accuracy": 0.98578, "precision": 0.8666, "recall": 0.73295, "f1": 0.7942, "auc": 0.99212}
