{"epoch": 0, "time_epoch": 191.65818, "eta": 18974.16008, "eta_hours": 5.2706, "loss": 0.69666324, "lr": 0.0, "params": 9744496, "time_iter": 0.27979, "accuracy": 0.49468, "ap": 0.02148, "auc": 0.49239}
{"epoch": 1, "time_epoch": 157.51366, "eta": 17109.42036, "eta_hours": 4.75262, "loss": 0.3359753, "lr": 0.0001, "params": 9744496, "time_iter": 0.22995, "accuracy": 0.91645, "ap": 0.02928, "auc": 0.53945}
{"epoch": 2, "time_epoch": 152.25288, "eta": 16212.73286, "eta_hours": 4.50354, "loss": 0.07194423, "lr": 0.0002, "params": 9744496, "time_iter": 0.22227, "accuracy": 0.97925, "ap": 0.04137, "auc": 0.61851}
{"epoch": 3, "time_epoch": 151.64426, "eta": 15673.65581, "eta_hours": 4.35379, "loss": 0.04915755, "lr": 0.0003, "params": 9744496, "time_iter": 0.22138, "accuracy": 0.98082, "ap": 0.07731, "auc": 0.73091}
{"epoch": 4, "time_epoch": 154.98483, "eta": 15353.0226, "eta_hours": 4.26473, "loss": 0.04522331, "lr": 0.0004, "params": 9744496, "time_iter": 0.22626, "accuracy": 0.98184, "ap": 0.10763, "auc": 0.79576}
{"epoch": 5, "time_epoch": 152.75258, "eta": 15052.63359, "eta_hours": 4.18129, "loss": 0.0431628, "lr": 0.0005, "params": 9744496, "time_iter": 0.223, "accuracy": 0.9826, "ap": 0.13092, "auc": 0.8235}
{"epoch": 6, "time_epoch": 151.21557, "eta": 14774.00622, "eta_hours": 4.10389, "loss": 0.04147128, "lr": 0.00049986, "params": 9744496, "time_iter": 0.22075, "accuracy": 0.98312, "ap": 0.15504, "auc": 0.8421}
{"epoch": 7, "time_epoch": 153.5749, "eta": 14554.36406, "eta_hours": 4.04288, "loss": 0.04026953, "lr": 0.00049945, "params": 9744496, "time_iter": 0.2242, "accuracy": 0.9835, "ap": 0.17286, "auc": 0.85492}
{"epoch": 8, "time_epoch": 152.4857, "eta": 14338.39048, "eta_hours": 3.98289, "loss": 0.03923283, "lr": 0.00049877, "params": 9744496, "time_iter": 0.22261, "accuracy": 0.9839, "ap": 0.19202, "auc": 0.86373}
{"epoch": 9, "time_epoch": 153.76715, "eta": 14146.64757, "eta_hours": 3.92962, "loss": 0.0383816, "lr": 0.00049782, "params": 9744496, "time_iter": 0.22448, "accuracy": 0.98422, "ap": 0.20458, "auc": 0.87088}
{"epoch": 10, "time_epoch": 151.38074, "eta": 13942.5011, "eta_hours": 3.87292, "loss": 0.03784484, "lr": 0.00049659, "params": 9744496, "time_iter": 0.22099, "accuracy": 0.98439, "ap": 0.21769, "auc": 0.87534}
{"epoch": 11, "time_epoch": 151.91557, "eta": 13751.07098, "eta_hours": 3.81974, "loss": 0.03698955, "lr": 0.00049509, "params": 9744496, "time_iter": 0.22177, "accuracy": 0.98475, "ap": 0.23604, "auc": 0.88211}
{"epoch": 12, "time_epoch": 153.7915, "eta": 13578.27433, "eta_hours": 3.77174, "loss": 0.03626933, "lr": 0.00049333, "params": 9744496, "time_iter": 0.22451, "accuracy": 0.98506, "ap": 0.25016, "auc": 0.88686}
{"epoch": 13, "time_epoch": 153.53194, "eta": 13406.59829, "eta_hours": 3.72406, "loss": 0.03580713, "lr": 0.0004913, "params": 9744496, "time_iter": 0.22413, "accuracy": 0.98518, "ap": 0.25995, "auc": 0.89128}
{"epoch": 14, "time_epoch": 153.0917, "eta": 13234.84672, "eta_hours": 3.67635, "loss": 0.03546031, "lr": 0.00048901, "params": 9744496, "time_iter": 0.22349, "accuracy": 0.98527, "ap": 0.26878, "auc": 0.89354}
{"epoch": 15, "time_epoch": 154.61368, "eta": 13073.41805, "eta_hours": 3.63151, "loss": 0.03523986, "lr": 0.00048645, "params": 9744496, "time_iter": 0.22571, "accuracy": 0.98537, "ap": 0.27469, "auc": 0.89567}
{"epoch": 16, "time_epoch": 155.07926, "eta": 12915.06425, "eta_hours": 3.58752, "loss": 0.03485055, "lr": 0.00048364, "params": 9744496, "time_iter": 0.22639, "accuracy": 0.98559, "ap": 0.28126, "auc": 0.8981}
{"epoch": 17, "time_epoch": 153.87745, "eta": 12751.59938, "eta_hours": 3.54211, "loss": 0.03478391, "lr": 0.00048057, "params": 9744496, "time_iter": 0.22464, "accuracy": 0.98552, "ap": 0.28507, "auc": 0.89879}
{"epoch": 18, "time_epoch": 153.47025, "eta": 12587.40776, "eta_hours": 3.4965, "loss": 0.04120717, "lr": 0.00047725, "params": 9744496, "time_iter": 0.22404, "accuracy": 0.98329, "ap": 0.17909, "auc": 0.85602}
{"epoch": 19, "time_epoch": 152.86599, "eta": 12421.87126, "eta_hours": 3.45052, "loss": 0.03977874, "lr": 0.00047368, "params": 9744496, "time_iter": 0.22316, "accuracy": 0.98377, "ap": 0.20544, "auc": 0.86957}
{"epoch": 20, "time_epoch": 157.33421, "eta": 12274.35048, "eta_hours": 3.40954, "loss": 0.03856697, "lr": 0.00046987, "params": 9744496, "time_iter": 0.22968, "accuracy": 0.98431, "ap": 0.2231, "auc": 0.87736}
{"epoch": 21, "time_epoch": 156.28961, "eta": 12122.23397, "eta_hours": 3.36729, "loss": 0.03844528, "lr": 0.00046581, "params": 9744496, "time_iter": 0.22816, "accuracy": 0.98434, "ap": 0.23175, "auc": 0.88015}
{"epoch": 22, "time_epoch": 157.4064, "eta": 11973.49339, "eta_hours": 3.32597, "loss": 0.03738026, "lr": 0.00046152, "params": 9744496, "time_iter": 0.22979, "accuracy": 0.98474, "ap": 0.24886, "auc": 0.88773}
{"epoch": 23, "time_epoch": 157.92005, "eta": 11825.65723, "eta_hours": 3.2849, "loss": 0.03707407, "lr": 0.000457, "params": 9744496, "time_iter": 0.23054, "accuracy": 0.98487, "ap": 0.25573, "auc": 0.88967}
{"epoch": 24, "time_epoch": 155.65149, "eta": 11670.2087, "eta_hours": 3.24172, "loss": 0.0381881, "lr": 0.00045225, "params": 9744496, "time_iter": 0.22723, "accuracy": 0.98428, "ap": 0.23635, "auc": 0.8832}
{"epoch": 25, "time_epoch": 158.55285, "eta": 11523.00228, "eta_hours": 3.20083, "loss": 0.03689883, "lr": 0.00044729, "params": 9744496, "time_iter": 0.23146, "accuracy": 0.98476, "ap": 0.2599, "auc": 0.89096}
{"epoch": 26, "time_epoch": 155.67932, "eta": 11367.18619, "eta_hours": 3.15755, "loss": 0.03610963, "lr": 0.0004421, "params": 9744496, "time_iter": 0.22727, "accuracy": 0.98503, "ap": 0.27285, "auc": 0.8961}
{"epoch": 27, "time_epoch": 157.12015, "eta": 11215.08485, "eta_hours": 3.1153, "loss": 0.03537969, "lr": 0.00043671, "params": 9744496, "time_iter": 0.22937, "accuracy": 0.98535, "ap": 0.28744, "auc": 0.90084}
{"epoch": 28, "time_epoch": 158.41783, "eta": 11065.81447, "eta_hours": 3.07384, "loss": 0.03489053, "lr": 0.00043111, "params": 9744496, "time_iter": 0.23127, "accuracy": 0.98554, "ap": 0.29953, "auc": 0.90354}
{"epoch": 29, "time_epoch": 153.4776, "eta": 10904.40706, "eta_hours": 3.029, "loss": 0.03443222, "lr": 0.00042531, "params": 9744496, "time_iter": 0.22405, "accuracy": 0.98574, "ap": 0.30731, "auc": 0.90733}
{"epoch": 30, "time_epoch": 154.57904, "eta": 10745.96285, "eta_hours": 2.98499, "loss": 0.03401369, "lr": 0.00041932, "params": 9744496, "time_iter": 0.22566, "accuracy": 0.9859, "ap": 0.31656, "auc": 0.90929}
{"epoch": 31, "time_epoch": 152.10509, "eta": 10582.50306, "eta_hours": 2.93958, "loss": 0.03365359, "lr": 0.00041315, "params": 9744496, "time_iter": 0.22205, "accuracy": 0.98607, "ap": 0.32497, "auc": 0.91227}
{"epoch": 32, "time_epoch": 153.5098, "eta": 10422.58343, "eta_hours": 2.89516, "loss": 0.03338335, "lr": 0.00040679, "params": 9744496, "time_iter": 0.2241, "accuracy": 0.98616, "ap": 0.33143, "auc": 0.91336}
{"epoch": 33, "time_epoch": 153.8191, "eta": 10263.64125, "eta_hours": 2.85101, "loss": 0.03337412, "lr": 0.00040027, "params": 9744496, "time_iter": 0.22455, "accuracy": 0.98615, "ap": 0.33297, "auc": 0.91413}
{"epoch": 34, "time_epoch": 152.98377, "eta": 10103.44048, "eta_hours": 2.80651, "loss": 0.03343059, "lr": 0.00039358, "params": 9744496, "time_iter": 0.22333, "accuracy": 0.98608, "ap": 0.33357, "auc": 0.91409}
{"epoch": 35, "time_epoch": 153.61149, "eta": 9944.75662, "eta_hours": 2.76243, "loss": 0.03297041, "lr": 0.00038674, "params": 9744496, "time_iter": 0.22425, "accuracy": 0.98628, "ap": 0.34215, "auc": 0.917}
{"epoch": 36, "time_epoch": 152.35714, "eta": 9784.21116, "eta_hours": 2.71784, "loss": 0.03266147, "lr": 0.00037974, "params": 9744496, "time_iter": 0.22242, "accuracy": 0.98633, "ap": 0.34863, "auc": 0.91859}
{"epoch": 37, "time_epoch": 153.04033, "eta": 9625.21133, "eta_hours": 2.67367, "loss": 0.03226484, "lr": 0.00037261, "params": 9744496, "time_iter": 0.22342, "accuracy": 0.98666, "ap": 0.35631, "auc": 0.92086}
{"epoch": 38, "time_epoch": 152.57658, "eta": 9465.79177, "eta_hours": 2.62939, "loss": 0.03199912, "lr": 0.00036534, "params": 9744496, "time_iter": 0.22274, "accuracy": 0.98672, "ap": 0.36575, "auc": 0.92296}
{"epoch": 39, "time_epoch": 155.17917, "eta": 9310.61824, "eta_hours": 2.58628, "loss": 0.03170108, "lr": 0.00035794, "params": 9744496, "time_iter": 0.22654, "accuracy": 0.98688, "ap": 0.37252, "auc": 0.92451}
{"epoch": 40, "time_epoch": 153.24684, "eta": 9152.66376, "eta_hours": 2.54241, "loss": 0.03149051, "lr": 0.00035042, "params": 9744496, "time_iter": 0.22372, "accuracy": 0.98693, "ap": 0.37682, "auc": 0.92589}
{"epoch": 41, "time_epoch": 151.67722, "eta": 8992.7659, "eta_hours": 2.49799, "loss": 0.03116448, "lr": 0.0003428, "params": 9744496, "time_iter": 0.22143, "accuracy": 0.98701, "ap": 0.38323, "auc": 0.92782}
{"epoch": 42, "time_epoch": 150.88747, "eta": 8832.2035, "eta_hours": 2.45339, "loss": 0.03094349, "lr": 0.00033507, "params": 9744496, "time_iter": 0.22027, "accuracy": 0.98715, "ap": 0.38969, "auc": 0.92964}
{"epoch": 43, "time_epoch": 152.44501, "eta": 8674.0632, "eta_hours": 2.40946, "loss": 0.03071752, "lr": 0.00032725, "params": 9744496, "time_iter": 0.22255, "accuracy": 0.98719, "ap": 0.39575, "auc": 0.9307}
{"epoch": 44, "time_epoch": 154.04611, "eta": 8518.13292, "eta_hours": 2.36615, "loss": 0.03056813, "lr": 0.00031935, "params": 9744496, "time_iter": 0.22488, "accuracy": 0.98736, "ap": 0.39984, "auc": 0.93163}
{"epoch": 45, "time_epoch": 152.01293, "eta": 8359.89779, "eta_hours": 2.32219, "loss": 0.03037367, "lr": 0.00031137, "params": 9744496, "time_iter": 0.22192, "accuracy": 0.98739, "ap": 0.40546, "auc": 0.93276}
{"epoch": 46, "time_epoch": 154.51434, "eta": 8204.74817, "eta_hours": 2.2791, "loss": 0.03023406, "lr": 0.00030332, "params": 9744496, "time_iter": 0.22557, "accuracy": 0.98739, "ap": 0.40836, "auc": 0.93379}
{"epoch": 47, "time_epoch": 157.76948, "eta": 8053.15141, "eta_hours": 2.23699, "loss": 0.03000041, "lr": 0.00029522, "params": 9744496, "time_iter": 0.23032, "accuracy": 0.98751, "ap": 0.41338, "auc": 0.93532}
{"epoch": 48, "time_epoch": 155.93583, "eta": 7899.39422, "eta_hours": 2.19428, "loss": 0.02986872, "lr": 0.00028707, "params": 9744496, "time_iter": 0.22764, "accuracy": 0.98759, "ap": 0.41684, "auc": 0.93633}
{"epoch": 49, "time_epoch": 155.9437, "eta": 7745.55776, "eta_hours": 2.15154, "loss": 0.02965477, "lr": 0.00027887, "params": 9744496, "time_iter": 0.22766, "accuracy": 0.98775, "ap": 0.42581, "auc": 0.93695}
{"epoch": 50, "time_epoch": 156.77287, "eta": 7592.43531, "eta_hours": 2.10901, "loss": 0.02945327, "lr": 0.00027064, "params": 9744496, "time_iter": 0.22887, "accuracy": 0.98774, "ap": 0.42659, "auc": 0.93836}
{"epoch": 51, "time_epoch": 156.30906, "eta": 7438.74433, "eta_hours": 2.06632, "loss": 0.02925923, "lr": 0.0002624, "params": 9744496, "time_iter": 0.22819, "accuracy": 0.9879, "ap": 0.43459, "auc": 0.93971}
{"epoch": 52, "time_epoch": 156.8392, "eta": 7285.42467, "eta_hours": 2.02373, "loss": 0.02910917, "lr": 0.00025413, "params": 9744496, "time_iter": 0.22896, "accuracy": 0.98795, "ap": 0.43733, "auc": 0.94002}
{"epoch": 53, "time_epoch": 154.53423, "eta": 7130.01117, "eta_hours": 1.98056, "loss": 0.02894806, "lr": 0.00024587, "params": 9744496, "time_iter": 0.2256, "accuracy": 0.98803, "ap": 0.4439, "auc": 0.94154}
{"epoch": 54, "time_epoch": 156.45143, "eta": 6976.19827, "eta_hours": 1.93783, "loss": 0.02875195, "lr": 0.0002376, "params": 9744496, "time_iter": 0.2284, "accuracy": 0.98806, "ap": 0.44678, "auc": 0.94257}
{"epoch": 55, "time_epoch": 155.97827, "eta": 6821.91936, "eta_hours": 1.89498, "loss": 0.02864238, "lr": 0.00022936, "params": 9744496, "time_iter": 0.22771, "accuracy": 0.98813, "ap": 0.44908, "auc": 0.9432}
{"epoch": 56, "time_epoch": 152.37921, "eta": 6664.86574, "eta_hours": 1.85135, "loss": 0.02850727, "lr": 0.00022113, "params": 9744496, "time_iter": 0.22245, "accuracy": 0.98816, "ap": 0.45171, "auc": 0.94397}
{"epoch": 57, "time_epoch": 154.82271, "eta": 6509.74274, "eta_hours": 1.80826, "loss": 0.02835443, "lr": 0.00021293, "params": 9744496, "time_iter": 0.22602, "accuracy": 0.98825, "ap": 0.45707, "auc": 0.94498}
{"epoch": 58, "time_epoch": 153.78008, "eta": 6353.90538, "eta_hours": 1.76497, "loss": 0.02818017, "lr": 0.00020478, "params": 9744496, "time_iter": 0.2245, "accuracy": 0.98837, "ap": 0.46244, "auc": 0.94617}
{"epoch": 59, "time_epoch": 149.78662, "eta": 6195.47429, "eta_hours": 1.72097, "loss": 0.02805689, "lr": 0.00019668, "params": 9744496, "time_iter": 0.21867, "accuracy": 0.98839, "ap": 0.46305, "auc": 0.94647}
{"epoch": 60, "time_epoch": 154.2731, "eta": 6040.19503, "eta_hours": 1.67783, "loss": 0.02791651, "lr": 0.00018863, "params": 9744496, "time_iter": 0.22522, "accuracy": 0.98844, "ap": 0.46715, "auc": 0.94752}
{"epoch": 61, "time_epoch": 153.35633, "eta": 5884.38633, "eta_hours": 1.63455, "loss": 0.02778844, "lr": 0.00018065, "params": 9744496, "time_iter": 0.22388, "accuracy": 0.98846, "ap": 0.47266, "auc": 0.94788}
{"epoch": 62, "time_epoch": 151.42218, "eta": 5727.51956, "eta_hours": 1.59098, "loss": 0.02764732, "lr": 0.00017275, "params": 9744496, "time_iter": 0.22105, "accuracy": 0.98861, "ap": 0.47201, "auc": 0.94891}
{"epoch": 63, "time_epoch": 154.30755, "eta": 5572.44595, "eta_hours": 1.5479, "loss": 0.02752581, "lr": 0.00016493, "params": 9744496, "time_iter": 0.22527, "accuracy": 0.98865, "ap": 0.47844, "auc": 0.9489}
{"epoch": 64, "time_epoch": 153.89399, "eta": 5417.17323, "eta_hours": 1.50477, "loss": 0.02743162, "lr": 0.0001572, "params": 9744496, "time_iter": 0.22466, "accuracy": 0.98867, "ap": 0.4804, "auc": 0.94964}
{"epoch": 65, "time_epoch": 153.49362, "eta": 5261.73604, "eta_hours": 1.46159, "loss": 0.02728586, "lr": 0.00014958, "params": 9744496, "time_iter": 0.22408, "accuracy": 0.98877, "ap": 0.48564, "auc": 0.95075}
{"epoch": 66, "time_epoch": 153.39684, "eta": 5106.3092, "eta_hours": 1.41842, "loss": 0.02719995, "lr": 0.00014206, "params": 9744496, "time_iter": 0.22394, "accuracy": 0.98878, "ap": 0.48656, "auc": 0.95102}
{"epoch": 67, "time_epoch": 153.94015, "eta": 4951.19773, "eta_hours": 1.37533, "loss": 0.02707981, "lr": 0.00013466, "params": 9744496, "time_iter": 0.22473, "accuracy": 0.98878, "ap": 0.49193, "auc": 0.95189}
{"epoch": 68, "time_epoch": 152.88153, "eta": 4795.64461, "eta_hours": 1.33212, "loss": 0.02699029, "lr": 0.00012739, "params": 9744496, "time_iter": 0.22318, "accuracy": 0.98882, "ap": 0.49469, "auc": 0.95194}
{"epoch": 69, "time_epoch": 151.18687, "eta": 4639.44153, "eta_hours": 1.28873, "loss": 0.02691426, "lr": 0.00012026, "params": 9744496, "time_iter": 0.22071, "accuracy": 0.98888, "ap": 0.49504, "auc": 0.95295}
{"epoch": 70, "time_epoch": 152.87091, "eta": 4484.06761, "eta_hours": 1.24557, "loss": 0.02678454, "lr": 0.00011326, "params": 9744496, "time_iter": 0.22317, "accuracy": 0.98891, "ap": 0.49916, "auc": 0.95325}
{"epoch": 71, "time_epoch": 153.19252, "eta": 4328.88828, "eta_hours": 1.20247, "loss": 0.02671465, "lr": 0.00010642, "params": 9744496, "time_iter": 0.22364, "accuracy": 0.989, "ap": 0.50238, "auc": 0.95359}
{"epoch": 72, "time_epoch": 151.75855, "eta": 4173.23301, "eta_hours": 1.15923, "loss": 0.02660791, "lr": 9.973e-05, "params": 9744496, "time_iter": 0.22155, "accuracy": 0.989, "ap": 0.50308, "auc": 0.95446}
{"epoch": 73, "time_epoch": 154.07505, "eta": 4018.49697, "eta_hours": 1.11625, "loss": 0.02651173, "lr": 9.321e-05, "params": 9744496, "time_iter": 0.22493, "accuracy": 0.98906, "ap": 0.50763, "auc": 0.95434}
{"epoch": 74, "time_epoch": 156.98559, "eta": 3864.74873, "eta_hours": 1.07354, "loss": 0.02641913, "lr": 8.685e-05, "params": 9744496, "time_iter": 0.22918, "accuracy": 0.98918, "ap": 0.50806, "auc": 0.95506}
{"epoch": 75, "time_epoch": 156.4555, "eta": 3710.7479, "eta_hours": 1.03076, "loss": 0.02634027, "lr": 8.068e-05, "params": 9744496, "time_iter": 0.2284, "accuracy": 0.98917, "ap": 0.50952, "auc": 0.95509}
{"epoch": 76, "time_epoch": 156.60182, "eta": 3556.72703, "eta_hours": 0.98798, "loss": 0.02629053, "lr": 7.469e-05, "params": 9744496, "time_iter": 0.22862, "accuracy": 0.98915, "ap": 0.51189, "auc": 0.95579}
{"epoch": 77, "time_epoch": 156.11668, "eta": 3402.50313, "eta_hours": 0.94514, "loss": 0.0262317, "lr": 6.889e-05, "params": 9744496, "time_iter": 0.22791, "accuracy": 0.98913, "ap": 0.51444, "auc": 0.95572}
{"epoch": 78, "time_epoch": 156.60988, "eta": 3248.36243, "eta_hours": 0.90232, "loss": 0.02612797, "lr": 6.329e-05, "params": 9744496, "time_iter": 0.22863, "accuracy": 0.98917, "ap": 0.51593, "auc": 0.95637}
{"epoch": 79, "time_epoch": 155.56587, "eta": 3093.89899, "eta_hours": 0.85942, "loss": 0.0260815, "lr": 5.79e-05, "params": 9744496, "time_iter": 0.2271, "accuracy": 0.98924, "ap": 0.5164, "auc": 0.95653}
{"epoch": 80, "time_epoch": 155.86486, "eta": 2939.47846, "eta_hours": 0.81652, "loss": 0.02599018, "lr": 5.271e-05, "params": 9744496, "time_iter": 0.22754, "accuracy": 0.9893, "ap": 0.52189, "auc": 0.957}
{"epoch": 81, "time_epoch": 158.19386, "eta": 2785.53395, "eta_hours": 0.77376, "loss": 0.0259205, "lr": 4.775e-05, "params": 9744496, "time_iter": 0.23094, "accuracy": 0.98924, "ap": 0.52284, "auc": 0.95746}
{"epoch": 82, "time_epoch": 155.89991, "eta": 2631.0172, "eta_hours": 0.73084, "loss": 0.02592361, "lr": 4.3e-05, "params": 9744496, "time_iter": 0.22759, "accuracy": 0.98931, "ap": 0.52271, "auc": 0.95718}
{"epoch": 83, "time_epoch": 152.0425, "eta": 2475.73278, "eta_hours": 0.6877, "loss": 0.02583547, "lr": 3.848e-05, "params": 9744496, "time_iter": 0.22196, "accuracy": 0.98934, "ap": 0.52474, "auc": 0.958}
{"epoch": 84, "time_epoch": 153.35736, "eta": 2320.75666, "eta_hours": 0.64465, "loss": 0.02582401, "lr": 3.419e-05, "params": 9744496, "time_iter": 0.22388, "accuracy": 0.98936, "ap": 0.52604, "auc": 0.95792}
{"epoch": 85, "time_epoch": 152.90706, "eta": 2165.74489, "eta_hours": 0.6016, "loss": 0.02577069, "lr": 3.013e-05, "params": 9744496, "time_iter": 0.22322, "accuracy": 0.98935, "ap": 0.52578, "auc": 0.95775}
{"epoch": 86, "time_epoch": 152.80224, "eta": 2010.76584, "eta_hours": 0.55855, "loss": 0.02575869, "lr": 2.632e-05, "params": 9744496, "time_iter": 0.22307, "accuracy": 0.98934, "ap": 0.5285, "auc": 0.95803}
{"epoch": 87, "time_epoch": 153.69874, "eta": 1855.95852, "eta_hours": 0.51554, "loss": 0.02568265, "lr": 2.275e-05, "params": 9744496, "time_iter": 0.22438, "accuracy": 0.98943, "ap": 0.5273, "auc": 0.95815}
{"epoch": 88, "time_epoch": 152.15409, "eta": 1700.98519, "eta_hours": 0.4725, "loss": 0.02567733, "lr": 1.943e-05, "params": 9744496, "time_iter": 0.22212, "accuracy": 0.9894, "ap": 0.53194, "auc": 0.95837}
{"epoch": 89, "time_epoch": 152.1671, "eta": 1546.07596, "eta_hours": 0.42947, "loss": 0.02561305, "lr": 1.636e-05, "params": 9744496, "time_iter": 0.22214, "accuracy": 0.98947, "ap": 0.53064, "auc": 0.95897}
{"epoch": 90, "time_epoch": 152.77445, "eta": 1391.28706, "eta_hours": 0.38647, "loss": 0.02560851, "lr": 1.355e-05, "params": 9744496, "time_iter": 0.22303, "accuracy": 0.98945, "ap": 0.52928, "auc": 0.95862}
{"epoch": 91, "time_epoch": 152.81593, "eta": 1236.54557, "eta_hours": 0.34348, "loss": 0.02559609, "lr": 1.099e-05, "params": 9744496, "time_iter": 0.22309, "accuracy": 0.98951, "ap": 0.5314, "auc": 0.95861}
{"epoch": 92, "time_epoch": 151.69334, "eta": 1081.76098, "eta_hours": 0.30049, "loss": 0.02558244, "lr": 8.7e-06, "params": 9744496, "time_iter": 0.22145, "accuracy": 0.98947, "ap": 0.53101, "auc": 0.95908}
{"epoch": 93, "time_epoch": 153.46548, "eta": 927.15529, "eta_hours": 0.25754, "loss": 0.02553067, "lr": 6.67e-06, "params": 9744496, "time_iter": 0.22404, "accuracy": 0.9895, "ap": 0.53431, "auc": 0.95887}
{"epoch": 94, "time_epoch": 151.40536, "eta": 772.46517, "eta_hours": 0.21457, "loss": 0.02555829, "lr": 4.91e-06, "params": 9744496, "time_iter": 0.22103, "accuracy": 0.98943, "ap": 0.53331, "auc": 0.9589}
{"epoch": 95, "time_epoch": 154.28479, "eta": 617.96346, "eta_hours": 0.17166, "loss": 0.02552827, "lr": 3.41e-06, "params": 9744496, "time_iter": 0.22523, "accuracy": 0.98948, "ap": 0.53449, "auc": 0.95895}
{"epoch": 96, "time_epoch": 151.23234, "eta": 463.37181, "eta_hours": 0.12871, "loss": 0.02547039, "lr": 2.18e-06, "params": 9744496, "time_iter": 0.22078, "accuracy": 0.98948, "ap": 0.53405, "auc": 0.95933}
{"epoch": 97, "time_epoch": 153.81903, "eta": 308.90152, "eta_hours": 0.08581, "loss": 0.02549568, "lr": 1.23e-06, "params": 9744496, "time_iter": 0.22455, "accuracy": 0.98955, "ap": 0.53505, "auc": 0.95895}
{"epoch": 98, "time_epoch": 152.13405, "eta": 154.42736, "eta_hours": 0.0429, "loss": 0.02550985, "lr": 5.5e-07, "params": 9744496, "time_iter": 0.22209, "accuracy": 0.98948, "ap": 0.5327, "auc": 0.95904}
{"epoch": 99, "time_epoch": 152.80751, "eta": 0.0, "eta_hours": 0.0, "loss": 0.02551397, "lr": 1.4e-07, "params": 9744496, "time_iter": 0.22308, "accuracy": 0.9895, "ap": 0.5338, "auc": 0.95939}
