{"epoch": 0, "time_epoch": 60.72033, "eta": 6011.31227, "eta_hours": 1.66981, "loss": 2.31275521, "lr": 0.0, "params": 112726, "time_iter": 0.02159, "accuracy": 0.09747, "f1": 0.04, "auc": 0.48097}
{"epoch": 1, "time_epoch": 55.89696, "eta": 5714.24697, "eta_hours": 1.58729, "loss": 2.01959565, "lr": 0.0002, "params": 112726, "time_iter": 0.01987, "accuracy": 0.32113, "f1": 0.29984, "auc": 0.78061}
{"epoch": 2, "time_epoch": 55.60405, "eta": 5568.48981, "eta_hours": 1.5468, "loss": 1.69126035, "lr": 0.0004, "params": 112726, "time_iter": 0.01977, "accuracy": 0.43262, "f1": 0.4249, "auc": 0.84503}
{"epoch": 3, "time_epoch": 55.64169, "eta": 5468.71248, "eta_hours": 1.51909, "loss": 1.47788662, "lr": 0.0006, "params": 112726, "time_iter": 0.01978, "accuracy": 0.4872, "f1": 0.48273, "auc": 0.87548}
{"epoch": 4, "time_epoch": 55.53928, "eta": 5384.64377, "eta_hours": 1.49573, "loss": 1.35224008, "lr": 0.0008, "params": 112726, "time_iter": 0.01974, "accuracy": 0.52442, "f1": 0.52128, "auc": 0.89332}
{"epoch": 5, "time_epoch": 55.46877, "eta": 5308.98009, "eta_hours": 1.47472, "loss": 1.26625968, "lr": 0.001, "params": 112726, "time_iter": 0.01972, "accuracy": 0.55249, "f1": 0.55062, "auc": 0.90609}
{"epoch": 6, "time_epoch": 55.62868, "eta": 5241.21098, "eta_hours": 1.45589, "loss": 1.17521594, "lr": 0.00099973, "params": 112726, "time_iter": 0.01978, "accuracy": 0.5866, "f1": 0.58534, "auc": 0.91898}
{"epoch": 7, "time_epoch": 55.52489, "eta": 5175.2834, "eta_hours": 1.43758, "loss": 1.12160679, "lr": 0.00099891, "params": 112726, "time_iter": 0.01974, "accuracy": 0.60633, "f1": 0.60515, "auc": 0.92603}
{"epoch": 8, "time_epoch": 55.52124, "eta": 5111.63057, "eta_hours": 1.4199, "loss": 1.07325616, "lr": 0.00099754, "params": 112726, "time_iter": 0.01974, "accuracy": 0.62627, "f1": 0.62524, "auc": 0.93189}
{"epoch": 9, "time_epoch": 55.50609, "eta": 5049.46769, "eta_hours": 1.40263, "loss": 1.03109131, "lr": 0.00099563, "params": 112726, "time_iter": 0.01973, "accuracy": 0.63882, "f1": 0.6381, "auc": 0.93714}
{"epoch": 10, "time_epoch": 55.53806, "eta": 4988.77385, "eta_hours": 1.38577, "loss": 0.99667343, "lr": 0.00099318, "params": 112726, "time_iter": 0.01974, "accuracy": 0.65089, "f1": 0.65009, "auc": 0.94105}
{"epoch": 11, "time_epoch": 55.54023, "eta": 4928.95521, "eta_hours": 1.36915, "loss": 0.96924071, "lr": 0.00099019, "params": 112726, "time_iter": 0.01974, "accuracy": 0.6628, "f1": 0.66196, "auc": 0.94406}
{"epoch": 12, "time_epoch": 55.56837, "eta": 4869.98313, "eta_hours": 1.35277, "loss": 0.9412591, "lr": 0.00098666, "params": 112726, "time_iter": 0.01975, "accuracy": 0.6728, "f1": 0.67205, "auc": 0.94717}
{"epoch": 13, "time_epoch": 55.54948, "eta": 4811.38122, "eta_hours": 1.33649, "loss": 0.91381018, "lr": 0.0009826, "params": 112726, "time_iter": 0.01975, "accuracy": 0.68136, "f1": 0.68082, "auc": 0.94983}
{"epoch": 14, "time_epoch": 55.85923, "eta": 4754.94157, "eta_hours": 1.32082, "loss": 0.8928031, "lr": 0.00097802, "params": 112726, "time_iter": 0.01986, "accuracy": 0.6892, "f1": 0.68868, "auc": 0.95229}
{"epoch": 15, "time_epoch": 55.7874, "eta": 4698.19735, "eta_hours": 1.30505, "loss": 0.87501194, "lr": 0.00097291, "params": 112726, "time_iter": 0.01983, "accuracy": 0.69429, "f1": 0.69361, "auc": 0.95411}
{"epoch": 16, "time_epoch": 55.58586, "eta": 4640.58172, "eta_hours": 1.28905, "loss": 0.85262747, "lr": 0.00096728, "params": 112726, "time_iter": 0.01976, "accuracy": 0.70231, "f1": 0.70164, "auc": 0.95627}
{"epoch": 17, "time_epoch": 55.42078, "eta": 4582.43959, "eta_hours": 1.2729, "loss": 0.83459539, "lr": 0.00096114, "params": 112726, "time_iter": 0.0197, "accuracy": 0.70967, "f1": 0.7093, "auc": 0.95806}
{"epoch": 18, "time_epoch": 55.52369, "eta": 4525.02266, "eta_hours": 1.25695, "loss": 0.82208724, "lr": 0.0009545, "params": 112726, "time_iter": 0.01974, "accuracy": 0.71271, "f1": 0.7122, "auc": 0.95916}
{"epoch": 19, "time_epoch": 55.67906, "eta": 4468.4165, "eta_hours": 1.24123, "loss": 0.80449269, "lr": 0.00094736, "params": 112726, "time_iter": 0.01979, "accuracy": 0.72189, "f1": 0.72156, "auc": 0.96086}
{"epoch": 20, "time_epoch": 55.81152, "eta": 4412.39696, "eta_hours": 1.22567, "loss": 0.78574654, "lr": 0.00093974, "params": 112726, "time_iter": 0.01984, "accuracy": 0.72451, "f1": 0.72408, "auc": 0.96254}
{"epoch": 21, "time_epoch": 55.63624, "eta": 4355.77486, "eta_hours": 1.20994, "loss": 0.77925249, "lr": 0.00093163, "params": 112726, "time_iter": 0.01978, "accuracy": 0.7272, "f1": 0.72691, "auc": 0.96336}
{"epoch": 22, "time_epoch": 55.59212, "eta": 4299.09081, "eta_hours": 1.19419, "loss": 0.76152246, "lr": 0.00092305, "params": 112726, "time_iter": 0.01976, "accuracy": 0.73578, "f1": 0.73541, "auc": 0.96479}
{"epoch": 23, "time_epoch": 55.8748, "eta": 4243.39288, "eta_hours": 1.17872, "loss": 0.74848167, "lr": 0.000914, "params": 112726, "time_iter": 0.01986, "accuracy": 0.73891, "f1": 0.73838, "auc": 0.96591}
{"epoch": 24, "time_epoch": 56.23918, "eta": 4188.77396, "eta_hours": 1.16355, "loss": 0.73207337, "lr": 0.00090451, "params": 112726, "time_iter": 0.01999, "accuracy": 0.74447, "f1": 0.74417, "auc": 0.96731}
{"epoch": 25, "time_epoch": 56.01945, "eta": 4133.40502, "eta_hours": 1.14817, "loss": 0.72109733, "lr": 0.00089457, "params": 112726, "time_iter": 0.01991, "accuracy": 0.74958, "f1": 0.74925, "auc": 0.96831}
{"epoch": 26, "time_epoch": 55.55967, "eta": 4076.74478, "eta_hours": 1.13243, "loss": 0.70965085, "lr": 0.0008842, "params": 112726, "time_iter": 0.01975, "accuracy": 0.75536, "f1": 0.75498, "auc": 0.969}
{"epoch": 27, "time_epoch": 55.5331, "eta": 4020.09484, "eta_hours": 1.11669, "loss": 0.69919227, "lr": 0.00087341, "params": 112726, "time_iter": 0.01974, "accuracy": 0.75871, "f1": 0.7583, "auc": 0.97006}
{"epoch": 28, "time_epoch": 55.53184, "eta": 3963.51883, "eta_hours": 1.10098, "loss": 0.68914106, "lr": 0.00086221, "params": 112726, "time_iter": 0.01974, "accuracy": 0.75922, "f1": 0.75883, "auc": 0.97082}
{"epoch": 29, "time_epoch": 55.55384, "eta": 3907.06376, "eta_hours": 1.0853, "loss": 0.67354587, "lr": 0.00085062, "params": 112726, "time_iter": 0.01975, "accuracy": 0.76504, "f1": 0.76455, "auc": 0.97207}
{"epoch": 30, "time_epoch": 55.60016, "eta": 3850.76994, "eta_hours": 1.06966, "loss": 0.66165963, "lr": 0.00083864, "params": 112726, "time_iter": 0.01977, "accuracy": 0.76958, "f1": 0.76931, "auc": 0.97305}
{"epoch": 31, "time_epoch": 55.53199, "eta": 3794.37462, "eta_hours": 1.05399, "loss": 0.64994204, "lr": 0.00082629, "params": 112726, "time_iter": 0.01974, "accuracy": 0.77562, "f1": 0.77532, "auc": 0.97381}
{"epoch": 32, "time_epoch": 55.59231, "eta": 3738.15407, "eta_hours": 1.03838, "loss": 0.64532178, "lr": 0.00081359, "params": 112726, "time_iter": 0.01976, "accuracy": 0.77327, "f1": 0.77306, "auc": 0.97436}
{"epoch": 33, "time_epoch": 55.40384, "eta": 3681.60463, "eta_hours": 1.02267, "loss": 0.63134251, "lr": 0.00080054, "params": 112726, "time_iter": 0.0197, "accuracy": 0.78053, "f1": 0.78018, "auc": 0.97538}
{"epoch": 34, "time_epoch": 55.55279, "eta": 3625.39726, "eta_hours": 1.00705, "loss": 0.62074601, "lr": 0.00078716, "params": 112726, "time_iter": 0.01975, "accuracy": 0.78538, "f1": 0.78517, "auc": 0.9761}
{"epoch": 35, "time_epoch": 55.47011, "eta": 3569.07929, "eta_hours": 0.99141, "loss": 0.60969752, "lr": 0.00077347, "params": 112726, "time_iter": 0.01972, "accuracy": 0.78802, "f1": 0.78781, "auc": 0.9769}
{"epoch": 36, "time_epoch": 55.44436, "eta": 3512.76329, "eta_hours": 0.97577, "loss": 0.60143875, "lr": 0.00075948, "params": 112726, "time_iter": 0.01971, "accuracy": 0.79142, "f1": 0.79109, "auc": 0.97752}
{"epoch": 37, "time_epoch": 55.64553, "eta": 3456.82139, "eta_hours": 0.96023, "loss": 0.58798839, "lr": 0.00074521, "params": 112726, "time_iter": 0.01978, "accuracy": 0.79682, "f1": 0.79663, "auc": 0.97839}
{"epoch": 38, "time_epoch": 55.49488, "eta": 3400.65907, "eta_hours": 0.94463, "loss": 0.57724286, "lr": 0.00073067, "params": 112726, "time_iter": 0.01973, "accuracy": 0.79824, "f1": 0.79812, "auc": 0.97917}
{"epoch": 39, "time_epoch": 55.52738, "eta": 3344.57887, "eta_hours": 0.92905, "loss": 0.57515819, "lr": 0.00071588, "params": 112726, "time_iter": 0.01974, "accuracy": 0.80067, "f1": 0.8005, "auc": 0.97932}
{"epoch": 40, "time_epoch": 55.52164, "eta": 3288.51737, "eta_hours": 0.91348, "loss": 0.5587142, "lr": 0.00070085, "params": 112726, "time_iter": 0.01974, "accuracy": 0.80676, "f1": 0.80645, "auc": 0.98037}
{"epoch": 41, "time_epoch": 55.44195, "eta": 3232.37153, "eta_hours": 0.89788, "loss": 0.54999456, "lr": 0.0006856, "params": 112726, "time_iter": 0.01971, "accuracy": 0.80951, "f1": 0.80931, "auc": 0.981}
{"epoch": 42, "time_epoch": 55.43531, "eta": 3176.24963, "eta_hours": 0.88229, "loss": 0.54455909, "lr": 0.00067015, "params": 112726, "time_iter": 0.01971, "accuracy": 0.81107, "f1": 0.81093, "auc": 0.98148}
{"epoch": 43, "time_epoch": 55.51808, "eta": 3120.26428, "eta_hours": 0.86674, "loss": 0.53486428, "lr": 0.00065451, "params": 112726, "time_iter": 0.01974, "accuracy": 0.81702, "f1": 0.81685, "auc": 0.98204}
{"epoch": 44, "time_epoch": 55.37742, "eta": 3064.12778, "eta_hours": 0.85115, "loss": 0.52590913, "lr": 0.0006387, "params": 112726, "time_iter": 0.01969, "accuracy": 0.81853, "f1": 0.81842, "auc": 0.98266}
{"epoch": 45, "time_epoch": 55.55393, "eta": 3008.23149, "eta_hours": 0.83562, "loss": 0.51254118, "lr": 0.00062274, "params": 112726, "time_iter": 0.01975, "accuracy": 0.82062, "f1": 0.82043, "auc": 0.98341}
{"epoch": 46, "time_epoch": 55.48598, "eta": 2952.27315, "eta_hours": 0.82008, "loss": 0.50409027, "lr": 0.00060665, "params": 112726, "time_iter": 0.01972, "accuracy": 0.82549, "f1": 0.82541, "auc": 0.98394}
{"epoch": 47, "time_epoch": 55.43855, "eta": 2896.28311, "eta_hours": 0.80452, "loss": 0.49702291, "lr": 0.00059044, "params": 112726, "time_iter": 0.01971, "accuracy": 0.82818, "f1": 0.82798, "auc": 0.98427}
{"epoch": 48, "time_epoch": 55.39091, "eta": 2840.266, "eta_hours": 0.78896, "loss": 0.48670951, "lr": 0.00057413, "params": 112726, "time_iter": 0.01969, "accuracy": 0.83087, "f1": 0.83076, "auc": 0.98501}
{"epoch": 49, "time_epoch": 55.47336, "eta": 2784.35638, "eta_hours": 0.77343, "loss": 0.47831019, "lr": 0.00055774, "params": 112726, "time_iter": 0.01972, "accuracy": 0.83404, "f1": 0.83393, "auc": 0.98556}
{"epoch": 50, "time_epoch": 55.44612, "eta": 2728.4377, "eta_hours": 0.7579, "loss": 0.46609911, "lr": 0.00054129, "params": 112726, "time_iter": 0.01971, "accuracy": 0.83944, "f1": 0.83942, "auc": 0.98616}
{"epoch": 51, "time_epoch": 55.459, "eta": 2672.54907, "eta_hours": 0.74237, "loss": 0.45496771, "lr": 0.00052479, "params": 112726, "time_iter": 0.01972, "accuracy": 0.8416, "f1": 0.84142, "auc": 0.98679}
{"epoch": 52, "time_epoch": 55.58207, "eta": 2616.7858, "eta_hours": 0.72688, "loss": 0.45084052, "lr": 0.00050827, "params": 112726, "time_iter": 0.01976, "accuracy": 0.84462, "f1": 0.84444, "auc": 0.98706}
{"epoch": 53, "time_epoch": 55.47256, "eta": 2560.93596, "eta_hours": 0.71137, "loss": 0.4463954, "lr": 0.00049173, "params": 112726, "time_iter": 0.01972, "accuracy": 0.84642, "f1": 0.84635, "auc": 0.98723}
{"epoch": 54, "time_epoch": 55.39232, "eta": 2505.03418, "eta_hours": 0.69584, "loss": 0.43395246, "lr": 0.00047521, "params": 112726, "time_iter": 0.01969, "accuracy": 0.85107, "f1": 0.85095, "auc": 0.98794}
{"epoch": 55, "time_epoch": 55.4631, "eta": 2449.20621, "eta_hours": 0.68034, "loss": 0.42381595, "lr": 0.00045871, "params": 112726, "time_iter": 0.01972, "accuracy": 0.85444, "f1": 0.85434, "auc": 0.98842}
{"epoch": 56, "time_epoch": 55.42678, "eta": 2393.36365, "eta_hours": 0.66482, "loss": 0.4196459, "lr": 0.00044226, "params": 112726, "time_iter": 0.0197, "accuracy": 0.85544, "f1": 0.85531, "auc": 0.98869}
{"epoch": 57, "time_epoch": 55.69617, "eta": 2337.7305, "eta_hours": 0.64937, "loss": 0.40539139, "lr": 0.00042587, "params": 112726, "time_iter": 0.0198, "accuracy": 0.86051, "f1": 0.86049, "auc": 0.98939}
{"epoch": 58, "time_epoch": 55.59835, "eta": 2282.02723, "eta_hours": 0.6339, "loss": 0.39782049, "lr": 0.00040956, "params": 112726, "time_iter": 0.01976, "accuracy": 0.86164, "f1": 0.8616, "auc": 0.98981}
{"epoch": 59, "time_epoch": 55.92676, "eta": 2226.5464, "eta_hours": 0.61849, "loss": 0.39123323, "lr": 0.00039335, "params": 112726, "time_iter": 0.01988, "accuracy": 0.86311, "f1": 0.863, "auc": 0.99011}
{"epoch": 60, "time_epoch": 55.77319, "eta": 2170.95277, "eta_hours": 0.60304, "loss": 0.38480004, "lr": 0.00037726, "params": 112726, "time_iter": 0.01983, "accuracy": 0.86602, "f1": 0.86594, "auc": 0.99035}
{"epoch": 61, "time_epoch": 55.82821, "eta": 2115.38707, "eta_hours": 0.58761, "loss": 0.37592154, "lr": 0.0003613, "params": 112726, "time_iter": 0.01985, "accuracy": 0.87178, "f1": 0.87173, "auc": 0.99086}
{"epoch": 62, "time_epoch": 55.81947, "eta": 2059.80789, "eta_hours": 0.57217, "loss": 0.36885745, "lr": 0.00034549, "params": 112726, "time_iter": 0.01984, "accuracy": 0.87284, "f1": 0.87279, "auc": 0.99115}
{"epoch": 63, "time_epoch": 55.83352, "eta": 2004.22912, "eta_hours": 0.55673, "loss": 0.36147947, "lr": 0.00032985, "params": 112726, "time_iter": 0.01985, "accuracy": 0.87644, "f1": 0.87646, "auc": 0.99145}
{"epoch": 64, "time_epoch": 55.7167, "eta": 1948.5796, "eta_hours": 0.54127, "loss": 0.35720318, "lr": 0.0003144, "params": 112726, "time_iter": 0.01981, "accuracy": 0.87711, "f1": 0.87708, "auc": 0.99164}
{"epoch": 65, "time_epoch": 55.76518, "eta": 1892.95303, "eta_hours": 0.52582, "loss": 0.34439846, "lr": 0.00029915, "params": 112726, "time_iter": 0.01982, "accuracy": 0.88078, "f1": 0.88079, "auc": 0.99227}
{"epoch": 66, "time_epoch": 55.92575, "eta": 1837.4014, "eta_hours": 0.51039, "loss": 0.34230136, "lr": 0.00028412, "params": 112726, "time_iter": 0.01988, "accuracy": 0.88344, "f1": 0.88336, "auc": 0.99226}
{"epoch": 67, "time_epoch": 56.12809, "eta": 1781.93398, "eta_hours": 0.49498, "loss": 0.33285055, "lr": 0.00026933, "params": 112726, "time_iter": 0.01995, "accuracy": 0.88576, "f1": 0.88575, "auc": 0.99275}
{"epoch": 68, "time_epoch": 55.94486, "eta": 1726.3651, "eta_hours": 0.47955, "loss": 0.32467538, "lr": 0.00025479, "params": 112726, "time_iter": 0.01989, "accuracy": 0.88758, "f1": 0.88751, "auc": 0.99309}
{"epoch": 69, "time_epoch": 55.89249, "eta": 1670.76303, "eta_hours": 0.4641, "loss": 0.31411282, "lr": 0.00024052, "params": 112726, "time_iter": 0.01987, "accuracy": 0.89104, "f1": 0.89101, "auc": 0.99355}
{"epoch": 70, "time_epoch": 56.09176, "eta": 1615.23417, "eta_hours": 0.44868, "loss": 0.3125862, "lr": 0.00022653, "params": 112726, "time_iter": 0.01994, "accuracy": 0.89173, "f1": 0.89166, "auc": 0.99351}
{"epoch": 71, "time_epoch": 55.71637, "eta": 1559.54369, "eta_hours": 0.43321, "loss": 0.30802958, "lr": 0.00021284, "params": 112726, "time_iter": 0.01981, "accuracy": 0.89451, "f1": 0.8945, "auc": 0.99373}
{"epoch": 72, "time_epoch": 55.80057, "eta": 1503.88364, "eta_hours": 0.41775, "loss": 0.30159508, "lr": 0.00019946, "params": 112726, "time_iter": 0.01984, "accuracy": 0.89687, "f1": 0.89683, "auc": 0.99396}
{"epoch": 73, "time_epoch": 55.83271, "eta": 1448.23109, "eta_hours": 0.40229, "loss": 0.29561246, "lr": 0.00018641, "params": 112726, "time_iter": 0.01985, "accuracy": 0.89927, "f1": 0.89922, "auc": 0.99417}
{"epoch": 74, "time_epoch": 56.24147, "eta": 1392.70998, "eta_hours": 0.38686, "loss": 0.28902622, "lr": 0.00017371, "params": 112726, "time_iter": 0.01999, "accuracy": 0.90131, "f1": 0.90126, "auc": 0.99437}
{"epoch": 75, "time_epoch": 55.80036, "eta": 1337.03062, "eta_hours": 0.3714, "loss": 0.28353474, "lr": 0.00016136, "params": 112726, "time_iter": 0.01984, "accuracy": 0.90278, "f1": 0.90273, "auc": 0.99462}
{"epoch": 76, "time_epoch": 55.85338, "eta": 1281.36396, "eta_hours": 0.35593, "loss": 0.28037894, "lr": 0.00014938, "params": 112726, "time_iter": 0.01986, "accuracy": 0.90424, "f1": 0.90424, "auc": 0.99471}
{"epoch": 77, "time_epoch": 55.71472, "eta": 1225.65339, "eta_hours": 0.34046, "loss": 0.26918245, "lr": 0.00013779, "params": 112726, "time_iter": 0.01981, "accuracy": 0.90831, "f1": 0.90831, "auc": 0.99517}
{"epoch": 78, "time_epoch": 55.2823, "eta": 1169.82778, "eta_hours": 0.32495, "loss": 0.27021784, "lr": 0.00012659, "params": 112726, "time_iter": 0.01965, "accuracy": 0.90818, "f1": 0.90818, "auc": 0.99512}
{"epoch": 79, "time_epoch": 54.98299, "eta": 1113.94092, "eta_hours": 0.30943, "loss": 0.26839574, "lr": 0.0001158, "params": 112726, "time_iter": 0.01955, "accuracy": 0.90782, "f1": 0.9078, "auc": 0.99513}
{"epoch": 80, "time_epoch": 55.10834, "eta": 1058.10578, "eta_hours": 0.29392, "loss": 0.26003215, "lr": 0.00010543, "params": 112726, "time_iter": 0.01959, "accuracy": 0.91076, "f1": 0.91073, "auc": 0.99547}
{"epoch": 81, "time_epoch": 54.98163, "eta": 1002.26056, "eta_hours": 0.27841, "loss": 0.25813069, "lr": 9.549e-05, "params": 112726, "time_iter": 0.01955, "accuracy": 0.9118, "f1": 0.91177, "auc": 0.99553}
{"epoch": 82, "time_epoch": 55.04902, "eta": 946.44995, "eta_hours": 0.2629, "loss": 0.25113114, "lr": 8.6e-05, "params": 112726, "time_iter": 0.01957, "accuracy": 0.91482, "f1": 0.91483, "auc": 0.99572}
{"epoch": 83, "time_epoch": 55.02294, "eta": 890.6525, "eta_hours": 0.2474, "loss": 0.25118855, "lr": 7.695e-05, "params": 112726, "time_iter": 0.01956, "accuracy": 0.91404, "f1": 0.91403, "auc": 0.99575}
{"epoch": 84, "time_epoch": 54.98234, "eta": 834.86611, "eta_hours": 0.23191, "loss": 0.24937928, "lr": 6.837e-05, "params": 112726, "time_iter": 0.01955, "accuracy": 0.9132, "f1": 0.91318, "auc": 0.99585}
{"epoch": 85, "time_epoch": 55.00431, "eta": 779.102, "eta_hours": 0.21642, "loss": 0.24222289, "lr": 6.026e-05, "params": 112726, "time_iter": 0.01955, "accuracy": 0.91896, "f1": 0.91896, "auc": 0.99601}
{"epoch": 86, "time_epoch": 54.9522, "eta": 723.34756, "eta_hours": 0.20093, "loss": 0.23495236, "lr": 5.264e-05, "params": 112726, "time_iter": 0.01954, "accuracy": 0.91991, "f1": 0.91988, "auc": 0.99625}
{"epoch": 87, "time_epoch": 54.99034, "eta": 667.61656, "eta_hours": 0.18545, "loss": 0.23362733, "lr": 4.55e-05, "params": 112726, "time_iter": 0.01955, "accuracy": 0.92007, "f1": 0.92006, "auc": 0.99628}
{"epoch": 88, "time_epoch": 55.06258, "eta": 611.91114, "eta_hours": 0.16998, "loss": 0.23432237, "lr": 3.886e-05, "params": 112726, "time_iter": 0.01957, "accuracy": 0.92004, "f1": 0.92002, "auc": 0.99623}
{"epoch": 89, "time_epoch": 54.93053, "eta": 556.20532, "eta_hours": 0.1545, "loss": 0.22868547, "lr": 3.272e-05, "params": 112726, "time_iter": 0.01953, "accuracy": 0.92251, "f1": 0.9225, "auc": 0.99642}
{"epoch": 90, "time_epoch": 55.00786, "eta": 500.5242, "eta_hours": 0.13903, "loss": 0.22311623, "lr": 2.709e-05, "params": 112726, "time_iter": 0.01955, "accuracy": 0.92451, "f1": 0.92451, "auc": 0.99656}
{"epoch": 91, "time_epoch": 54.9711, "eta": 444.85451, "eta_hours": 0.12357, "loss": 0.22867637, "lr": 2.198e-05, "params": 112726, "time_iter": 0.01954, "accuracy": 0.92336, "f1": 0.92332, "auc": 0.99641}
{"epoch": 92, "time_epoch": 54.99547, "eta": 389.20168, "eta_hours": 0.10811, "loss": 0.22730316, "lr": 1.74e-05, "params": 112726, "time_iter": 0.01955, "accuracy": 0.92371, "f1": 0.92366, "auc": 0.99642}
{"epoch": 93, "time_epoch": 54.98997, "eta": 333.56249, "eta_hours": 0.09266, "loss": 0.22295576, "lr": 1.334e-05, "params": 112726, "time_iter": 0.01955, "accuracy": 0.92422, "f1": 0.92422, "auc": 0.99656}
{"epoch": 94, "time_epoch": 54.9592, "eta": 277.93534, "eta_hours": 0.0772, "loss": 0.22474802, "lr": 9.81e-06, "params": 112726, "time_iter": 0.01954, "accuracy": 0.92518, "f1": 0.92516, "auc": 0.99657}
{"epoch": 95, "time_epoch": 54.94698, "eta": 222.3216, "eta_hours": 0.06176, "loss": 0.22150368, "lr": 6.82e-06, "params": 112726, "time_iter": 0.01953, "accuracy": 0.92436, "f1": 0.92433, "auc": 0.99662}
{"epoch": 96, "time_epoch": 54.9719, "eta": 166.72238, "eta_hours": 0.04631, "loss": 0.22106995, "lr": 4.37e-06, "params": 112726, "time_iter": 0.01954, "accuracy": 0.92511, "f1": 0.92508, "auc": 0.99665}
{"epoch": 97, "time_epoch": 54.87031, "eta": 111.13389, "eta_hours": 0.03087, "loss": 0.22393872, "lr": 2.46e-06, "params": 112726, "time_iter": 0.01951, "accuracy": 0.92404, "f1": 0.92402, "auc": 0.99652}
{"epoch": 98, "time_epoch": 54.86432, "eta": 55.55985, "eta_hours": 0.01543, "loss": 0.2149314, "lr": 1.09e-06, "params": 112726, "time_iter": 0.0195, "accuracy": 0.92782, "f1": 0.92784, "auc": 0.99682}
{"epoch": 99, "time_epoch": 54.96445, "eta": 0.0, "eta_hours": 0.0, "loss": 0.22122623, "lr": 2.7e-07, "params": 112726, "time_iter": 0.01954, "accuracy": 0.92473, "f1": 0.92472, "auc": 0.99664}
