{"epoch": 0, "time_epoch": 74.40099, "eta": 7365.69834, "eta_hours": 2.04603, "loss": 2.31141986, "lr": 0.0, "params": 115394, "time_iter": 0.02164, "accuracy": 0.09373, "f1": 0.0516, "auc": 0.5078}
{"epoch": 1, "time_epoch": 69.21181, "eta": 7037.02738, "eta_hours": 1.95473, "loss": 1.61265736, "lr": 0.0002, "params": 115394, "time_iter": 0.02013, "accuracy": 0.66742, "f1": 0.64734, "auc": 0.92392}
{"epoch": 2, "time_epoch": 68.75911, "eta": 6866.69184, "eta_hours": 1.90741, "loss": 0.68585119, "lr": 0.0004, "params": 115394, "time_iter": 0.02, "accuracy": 0.87898, "f1": 0.87721, "auc": 0.9805}
{"epoch": 3, "time_epoch": 68.7014, "eta": 6745.7594, "eta_hours": 1.87382, "loss": 0.33362815, "lr": 0.0006, "params": 115394, "time_iter": 0.01998, "accuracy": 0.91355, "f1": 0.9126, "auc": 0.9908}
{"epoch": 4, "time_epoch": 68.70651, "eta": 6645.81657, "eta_hours": 1.84606, "loss": 0.2559891, "lr": 0.0008, "params": 115394, "time_iter": 0.01998, "accuracy": 0.92676, "f1": 0.92607, "auc": 0.99474}
{"epoch": 5, "time_epoch": 69.54482, "eta": 6569.41933, "eta_hours": 1.82484, "loss": 0.22507964, "lr": 0.001, "params": 115394, "time_iter": 0.02023, "accuracy": 0.93405, "f1": 0.93345, "auc": 0.996}
{"epoch": 6, "time_epoch": 68.58398, "eta": 6482.21446, "eta_hours": 1.80062, "loss": 0.19183213, "lr": 0.00099973, "params": 115394, "time_iter": 0.01995, "accuracy": 0.94436, "f1": 0.94393, "auc": 0.99698}
{"epoch": 7, "time_epoch": 68.84422, "eta": 6402.6576, "eta_hours": 1.77852, "loss": 0.17081262, "lr": 0.00099891, "params": 115394, "time_iter": 0.02002, "accuracy": 0.9502, "f1": 0.9498, "auc": 0.9976}
{"epoch": 8, "time_epoch": 68.91452, "eta": 6326.19216, "eta_hours": 1.75728, "loss": 0.15237916, "lr": 0.00099754, "params": 115394, "time_iter": 0.02004, "accuracy": 0.9544, "f1": 0.954, "auc": 0.99806}
{"epoch": 9, "time_epoch": 69.8173, "eta": 6259.36187, "eta_hours": 1.73871, "loss": 0.1386854, "lr": 0.00099563, "params": 115394, "time_iter": 0.02031, "accuracy": 0.95895, "f1": 0.95865, "auc": 0.9984}
{"epoch": 10, "time_epoch": 70.13548, "eta": 6194.56291, "eta_hours": 1.72071, "loss": 0.12742432, "lr": 0.00099318, "params": 115394, "time_iter": 0.0204, "accuracy": 0.96164, "f1": 0.96135, "auc": 0.99862}
{"epoch": 11, "time_epoch": 70.12772, "eta": 6128.8176, "eta_hours": 1.70245, "loss": 0.12146949, "lr": 0.00099019, "params": 115394, "time_iter": 0.0204, "accuracy": 0.96253, "f1": 0.96228, "auc": 0.99875}
{"epoch": 12, "time_epoch": 69.61588, "eta": 6058.9727, "eta_hours": 1.68305, "loss": 0.11249768, "lr": 0.00098666, "params": 115394, "time_iter": 0.02025, "accuracy": 0.96631, "f1": 0.96606, "auc": 0.99889}
{"epoch": 13, "time_epoch": 69.1056, "eta": 5986.0259, "eta_hours": 1.66278, "loss": 0.10561633, "lr": 0.0009826, "params": 115394, "time_iter": 0.0201, "accuracy": 0.96795, "f1": 0.9677, "auc": 0.99907}
{"epoch": 14, "time_epoch": 68.86982, "eta": 5912.2552, "eta_hours": 1.64229, "loss": 0.10169014, "lr": 0.00097802, "params": 115394, "time_iter": 0.02003, "accuracy": 0.96978, "f1": 0.96957, "auc": 0.99909}
{"epoch": 15, "time_epoch": 68.97488, "eta": 5839.6487, "eta_hours": 1.62212, "loss": 0.09849922, "lr": 0.00097291, "params": 115394, "time_iter": 0.02006, "accuracy": 0.9706, "f1": 0.97037, "auc": 0.99921}
{"epoch": 16, "time_epoch": 68.78369, "eta": 5766.53595, "eta_hours": 1.60182, "loss": 0.09307479, "lr": 0.00096728, "params": 115394, "time_iter": 0.02001, "accuracy": 0.97191, "f1": 0.97169, "auc": 0.99925}
{"epoch": 17, "time_epoch": 68.94079, "eta": 5694.61992, "eta_hours": 1.58184, "loss": 0.08785173, "lr": 0.00096114, "params": 115394, "time_iter": 0.02005, "accuracy": 0.9736, "f1": 0.97338, "auc": 0.99936}
{"epoch": 18, "time_epoch": 68.91946, "eta": 5622.92612, "eta_hours": 1.56192, "loss": 0.08166335, "lr": 0.0009545, "params": 115394, "time_iter": 0.02005, "accuracy": 0.97593, "f1": 0.97573, "auc": 0.99941}
{"epoch": 19, "time_epoch": 68.96788, "eta": 5551.70345, "eta_hours": 1.54214, "loss": 0.08135536, "lr": 0.00094736, "params": 115394, "time_iter": 0.02006, "accuracy": 0.9754, "f1": 0.97519, "auc": 0.99944}
{"epoch": 20, "time_epoch": 68.71106, "eta": 5479.72938, "eta_hours": 1.52215, "loss": 0.07631006, "lr": 0.00093974, "params": 115394, "time_iter": 0.01999, "accuracy": 0.97745, "f1": 0.97729, "auc": 0.9995}
{"epoch": 21, "time_epoch": 69.24927, "eta": 5409.96014, "eta_hours": 1.50277, "loss": 0.07595302, "lr": 0.00093163, "params": 115394, "time_iter": 0.02014, "accuracy": 0.9766, "f1": 0.97641, "auc": 0.9995}
{"epoch": 22, "time_epoch": 68.93272, "eta": 5339.17637, "eta_hours": 1.4831, "loss": 0.07064682, "lr": 0.00092305, "params": 115394, "time_iter": 0.02005, "accuracy": 0.97836, "f1": 0.97819, "auc": 0.9996}
{"epoch": 23, "time_epoch": 68.73394, "eta": 5267.91737, "eta_hours": 1.46331, "loss": 0.06843971, "lr": 0.000914, "params": 115394, "time_iter": 0.01999, "accuracy": 0.9792, "f1": 0.97906, "auc": 0.99962}
{"epoch": 24, "time_epoch": 68.68006, "eta": 5196.69873, "eta_hours": 1.44353, "loss": 0.06855743, "lr": 0.00090451, "params": 115394, "time_iter": 0.01998, "accuracy": 0.97955, "f1": 0.9794, "auc": 0.99959}
{"epoch": 25, "time_epoch": 68.8391, "eta": 5126.12803, "eta_hours": 1.42392, "loss": 0.06169078, "lr": 0.00089457, "params": 115394, "time_iter": 0.02002, "accuracy": 0.98165, "f1": 0.98153, "auc": 0.99968}
{"epoch": 26, "time_epoch": 69.03872, "eta": 5056.22529, "eta_hours": 1.40451, "loss": 0.05844555, "lr": 0.0008842, "params": 115394, "time_iter": 0.02008, "accuracy": 0.98205, "f1": 0.98195, "auc": 0.99972}
{"epoch": 27, "time_epoch": 68.98201, "eta": 4986.23845, "eta_hours": 1.38507, "loss": 0.06039395, "lr": 0.00087341, "params": 115394, "time_iter": 0.02006, "accuracy": 0.98115, "f1": 0.98103, "auc": 0.99969}
{"epoch": 28, "time_epoch": 69.38045, "eta": 4917.2964, "eta_hours": 1.36592, "loss": 0.0559376, "lr": 0.00086221, "params": 115394, "time_iter": 0.02018, "accuracy": 0.98304, "f1": 0.98291, "auc": 0.99973}
{"epoch": 29, "time_epoch": 68.75032, "eta": 4846.85483, "eta_hours": 1.34635, "loss": 0.05333619, "lr": 0.00085062, "params": 115394, "time_iter": 0.02, "accuracy": 0.98356, "f1": 0.98343, "auc": 0.99975}
{"epoch": 30, "time_epoch": 68.84832, "eta": 4776.7405, "eta_hours": 1.32687, "loss": 0.05005656, "lr": 0.00083864, "params": 115394, "time_iter": 0.02003, "accuracy": 0.98491, "f1": 0.98482, "auc": 0.9998}
{"epoch": 31, "time_epoch": 69.31083, "eta": 4707.68813, "eta_hours": 1.30769, "loss": 0.05126586, "lr": 0.00082629, "params": 115394, "time_iter": 0.02016, "accuracy": 0.98415, "f1": 0.98405, "auc": 0.99979}
{"epoch": 32, "time_epoch": 68.9366, "eta": 4637.8603, "eta_hours": 1.28829, "loss": 0.04605695, "lr": 0.00081359, "params": 115394, "time_iter": 0.02005, "accuracy": 0.98575, "f1": 0.98563, "auc": 0.99983}
{"epoch": 33, "time_epoch": 68.6378, "eta": 4567.50487, "eta_hours": 1.26875, "loss": 0.04600345, "lr": 0.00080054, "params": 115394, "time_iter": 0.01996, "accuracy": 0.98595, "f1": 0.98583, "auc": 0.99983}
{"epoch": 34, "time_epoch": 68.85659, "eta": 4497.6539, "eta_hours": 1.24935, "loss": 0.04455948, "lr": 0.00078716, "params": 115394, "time_iter": 0.02003, "accuracy": 0.98647, "f1": 0.98637, "auc": 0.99984}
{"epoch": 35, "time_epoch": 69.01883, "eta": 4428.14662, "eta_hours": 1.23004, "loss": 0.04157705, "lr": 0.00077347, "params": 115394, "time_iter": 0.02008, "accuracy": 0.98715, "f1": 0.98706, "auc": 0.99986}
{"epoch": 36, "time_epoch": 68.95935, "eta": 4358.56446, "eta_hours": 1.21071, "loss": 0.04208191, "lr": 0.00075948, "params": 115394, "time_iter": 0.02006, "accuracy": 0.98696, "f1": 0.98688, "auc": 0.99986}
{"epoch": 37, "time_epoch": 68.85581, "eta": 4288.84613, "eta_hours": 1.19135, "loss": 0.03730706, "lr": 0.00074521, "params": 115394, "time_iter": 0.02003, "accuracy": 0.98856, "f1": 0.98848, "auc": 0.99989}
{"epoch": 38, "time_epoch": 69.61789, "eta": 4220.36401, "eta_hours": 1.17232, "loss": 0.03905408, "lr": 0.00073067, "params": 115394, "time_iter": 0.02025, "accuracy": 0.98791, "f1": 0.98782, "auc": 0.99988}
{"epoch": 39, "time_epoch": 68.66023, "eta": 4150.38863, "eta_hours": 1.15289, "loss": 0.03513837, "lr": 0.00071588, "params": 115394, "time_iter": 0.01997, "accuracy": 0.98911, "f1": 0.98902, "auc": 0.9999}
{"epoch": 40, "time_epoch": 67.95573, "eta": 4079.4636, "eta_hours": 1.13318, "loss": 0.03462374, "lr": 0.00070085, "params": 115394, "time_iter": 0.01977, "accuracy": 0.98975, "f1": 0.98968, "auc": 0.9999}
{"epoch": 41, "time_epoch": 68.32329, "eta": 4009.18755, "eta_hours": 1.11366, "loss": 0.03295103, "lr": 0.0006856, "params": 115394, "time_iter": 0.01987, "accuracy": 0.98944, "f1": 0.98936, "auc": 0.9999}
{"epoch": 42, "time_epoch": 70.13689, "eta": 3941.40641, "eta_hours": 1.09484, "loss": 0.03239572, "lr": 0.00067015, "params": 115394, "time_iter": 0.0204, "accuracy": 0.9902, "f1": 0.99015, "auc": 0.99991}
{"epoch": 43, "time_epoch": 68.12116, "eta": 3870.95269, "eta_hours": 1.07526, "loss": 0.02855641, "lr": 0.00065451, "params": 115394, "time_iter": 0.01981, "accuracy": 0.99124, "f1": 0.99116, "auc": 0.99994}
{"epoch": 44, "time_epoch": 71.33567, "eta": 3804.5315, "eta_hours": 1.05681, "loss": 0.02814424, "lr": 0.0006387, "params": 115394, "time_iter": 0.02075, "accuracy": 0.99138, "f1": 0.99133, "auc": 0.99992}
{"epoch": 45, "time_epoch": 70.10438, "eta": 3736.45121, "eta_hours": 1.0379, "loss": 0.0265347, "lr": 0.00062274, "params": 115394, "time_iter": 0.02039, "accuracy": 0.99207, "f1": 0.99202, "auc": 0.99994}
{"epoch": 46, "time_epoch": 71.33873, "eta": 3669.67671, "eta_hours": 1.01935, "loss": 0.02373052, "lr": 0.00060665, "params": 115394, "time_iter": 0.02075, "accuracy": 0.99264, "f1": 0.99259, "auc": 0.99995}
{"epoch": 47, "time_epoch": 72.39166, "eta": 3603.85271, "eta_hours": 1.00107, "loss": 0.02481321, "lr": 0.00059044, "params": 115394, "time_iter": 0.02106, "accuracy": 0.99211, "f1": 0.99204, "auc": 0.99995}
{"epoch": 48, "time_epoch": 71.1664, "eta": 3536.48537, "eta_hours": 0.98236, "loss": 0.0225511, "lr": 0.00057413, "params": 115394, "time_iter": 0.0207, "accuracy": 0.99309, "f1": 0.99304, "auc": 0.99996}
{"epoch": 49, "time_epoch": 68.51376, "eta": 3466.31343, "eta_hours": 0.96286, "loss": 0.02335978, "lr": 0.00055774, "params": 115394, "time_iter": 0.01993, "accuracy": 0.993, "f1": 0.99293, "auc": 0.99996}
{"epoch": 50, "time_epoch": 71.82562, "eta": 3399.3885, "eta_hours": 0.94427, "loss": 0.02318194, "lr": 0.00054129, "params": 115394, "time_iter": 0.02089, "accuracy": 0.993, "f1": 0.99294, "auc": 0.99996}
{"epoch": 51, "time_epoch": 73.88287, "eta": 3334.17409, "eta_hours": 0.92616, "loss": 0.0190518, "lr": 0.00052479, "params": 115394, "time_iter": 0.02149, "accuracy": 0.9942, "f1": 0.99416, "auc": 0.99997}
{"epoch": 52, "time_epoch": 73.40715, "eta": 3268.21069, "eta_hours": 0.90784, "loss": 0.01831498, "lr": 0.00050827, "params": 115394, "time_iter": 0.02135, "accuracy": 0.99411, "f1": 0.99407, "auc": 0.99997}
{"epoch": 53, "time_epoch": 73.57522, "eta": 3202.11477, "eta_hours": 0.88948, "loss": 0.01795663, "lr": 0.00049173, "params": 115394, "time_iter": 0.0214, "accuracy": 0.99453, "f1": 0.99449, "auc": 0.99998}
{"epoch": 54, "time_epoch": 73.6975, "eta": 3135.84693, "eta_hours": 0.87107, "loss": 0.01772088, "lr": 0.00047521, "params": 115394, "time_iter": 0.02144, "accuracy": 0.99467, "f1": 0.99464, "auc": 0.99997}
{"epoch": 55, "time_epoch": 73.47622, "eta": 3069.13987, "eta_hours": 0.85254, "loss": 0.01511581, "lr": 0.00045871, "params": 115394, "time_iter": 0.02137, "accuracy": 0.99496, "f1": 0.99492, "auc": 0.99997}
{"epoch": 56, "time_epoch": 72.71471, "eta": 3001.62083, "eta_hours": 0.83378, "loss": 0.01372865, "lr": 0.00044226, "params": 115394, "time_iter": 0.02115, "accuracy": 0.996, "f1": 0.99597, "auc": 0.99998}
{"epoch": 57, "time_epoch": 72.43803, "eta": 2933.72227, "eta_hours": 0.81492, "loss": 0.01330058, "lr": 0.00042587, "params": 115394, "time_iter": 0.02107, "accuracy": 0.99611, "f1": 0.99608, "auc": 0.99998}
{"epoch": 58, "time_epoch": 72.34901, "eta": 2865.60798, "eta_hours": 0.796, "loss": 0.01253523, "lr": 0.00040956, "params": 115394, "time_iter": 0.02104, "accuracy": 0.99615, "f1": 0.99612, "auc": 0.99998}
{"epoch": 59, "time_epoch": 72.27822, "eta": 2797.30533, "eta_hours": 0.77703, "loss": 0.01164588, "lr": 0.00039335, "params": 115394, "time_iter": 0.02102, "accuracy": 0.99631, "f1": 0.99629, "auc": 0.99998}
{"epoch": 60, "time_epoch": 71.77874, "eta": 2728.55299, "eta_hours": 0.75793, "loss": 0.01232901, "lr": 0.00037726, "params": 115394, "time_iter": 0.02088, "accuracy": 0.99656, "f1": 0.99652, "auc": 0.99997}
{"epoch": 61, "time_epoch": 67.78871, "eta": 2657.25753, "eta_hours": 0.73813, "loss": 0.01192603, "lr": 0.0003613, "params": 115394, "time_iter": 0.01972, "accuracy": 0.99651, "f1": 0.99649, "auc": 0.99998}
{"epoch": 62, "time_epoch": 72.51112, "eta": 2588.84687, "eta_hours": 0.71912, "loss": 0.01045487, "lr": 0.00034549, "params": 115394, "time_iter": 0.02109, "accuracy": 0.9968, "f1": 0.99677, "auc": 0.99999}
{"epoch": 63, "time_epoch": 72.39879, "eta": 2520.24489, "eta_hours": 0.70007, "loss": 0.01030515, "lr": 0.00032985, "params": 115394, "time_iter": 0.02106, "accuracy": 0.99707, "f1": 0.99706, "auc": 0.99998}
{"epoch": 64, "time_epoch": 72.53727, "eta": 2451.60064, "eta_hours": 0.681, "loss": 0.00927252, "lr": 0.0003144, "params": 115394, "time_iter": 0.0211, "accuracy": 0.99713, "f1": 0.99712, "auc": 0.99999}
{"epoch": 65, "time_epoch": 72.50409, "eta": 2382.82134, "eta_hours": 0.66189, "loss": 0.00690436, "lr": 0.00029915, "params": 115394, "time_iter": 0.02109, "accuracy": 0.99791, "f1": 0.99789, "auc": 1.0}
{"epoch": 66, "time_epoch": 72.37195, "eta": 2313.86576, "eta_hours": 0.64274, "loss": 0.008109, "lr": 0.00028412, "params": 115394, "time_iter": 0.02105, "accuracy": 0.99758, "f1": 0.99756, "auc": 0.99999}
{"epoch": 67, "time_epoch": 72.339, "eta": 2244.79419, "eta_hours": 0.62355, "loss": 0.00744861, "lr": 0.00026933, "params": 115394, "time_iter": 0.02104, "accuracy": 0.99776, "f1": 0.99775, "auc": 1.0}
{"epoch": 68, "time_epoch": 72.31455, "eta": 2175.61694, "eta_hours": 0.60434, "loss": 0.00632146, "lr": 0.00025479, "params": 115394, "time_iter": 0.02103, "accuracy": 0.99833, "f1": 0.99831, "auc": 1.0}
{"epoch": 69, "time_epoch": 72.23265, "eta": 2106.31494, "eta_hours": 0.58509, "loss": 0.00613612, "lr": 0.00024052, "params": 115394, "time_iter": 0.02101, "accuracy": 0.99815, "f1": 0.99814, "auc": 0.99999}
{"epoch": 70, "time_epoch": 72.26091, "eta": 2036.94193, "eta_hours": 0.56582, "loss": 0.00643583, "lr": 0.00022653, "params": 115394, "time_iter": 0.02102, "accuracy": 0.99807, "f1": 0.99806, "auc": 0.99999}
{"epoch": 71, "time_epoch": 72.16301, "eta": 1967.45064, "eta_hours": 0.54651, "loss": 0.00447894, "lr": 0.00021284, "params": 115394, "time_iter": 0.02099, "accuracy": 0.99862, "f1": 0.9986, "auc": 1.0}
{"epoch": 72, "time_epoch": 72.33634, "eta": 1897.95025, "eta_hours": 0.52721, "loss": 0.00418564, "lr": 0.00019946, "params": 115394, "time_iter": 0.02104, "accuracy": 0.99864, "f1": 0.99861, "auc": 1.0}
{"epoch": 73, "time_epoch": 72.39468, "eta": 1828.39372, "eta_hours": 0.50789, "loss": 0.00602428, "lr": 0.00018641, "params": 115394, "time_iter": 0.02106, "accuracy": 0.99831, "f1": 0.9983, "auc": 1.0}
{"epoch": 74, "time_epoch": 72.43332, "eta": 1758.77438, "eta_hours": 0.48855, "loss": 0.0033168, "lr": 0.00017371, "params": 115394, "time_iter": 0.02107, "accuracy": 0.99904, "f1": 0.99903, "auc": 1.0}
{"epoch": 75, "time_epoch": 72.53854, "eta": 1689.11421, "eta_hours": 0.4692, "loss": 0.00364993, "lr": 0.00016136, "params": 115394, "time_iter": 0.0211, "accuracy": 0.99873, "f1": 0.99872, "auc": 1.0}
{"epoch": 76, "time_epoch": 72.1364, "eta": 1619.25916, "eta_hours": 0.44979, "loss": 0.00398281, "lr": 0.00014938, "params": 115394, "time_iter": 0.02098, "accuracy": 0.99895, "f1": 0.99894, "auc": 1.0}
{"epoch": 77, "time_epoch": 72.25951, "eta": 1549.38034, "eta_hours": 0.43038, "loss": 0.00221248, "lr": 0.00013779, "params": 115394, "time_iter": 0.02102, "accuracy": 0.99935, "f1": 0.99934, "auc": 1.0}
{"epoch": 78, "time_epoch": 72.22023, "eta": 1479.43081, "eta_hours": 0.41095, "loss": 0.00309736, "lr": 0.00012659, "params": 115394, "time_iter": 0.02101, "accuracy": 0.999, "f1": 0.99899, "auc": 1.0}
{"epoch": 79, "time_epoch": 70.57826, "eta": 1409.01402, "eta_hours": 0.39139, "loss": 0.00177268, "lr": 0.0001158, "params": 115394, "time_iter": 0.02053, "accuracy": 0.99942, "f1": 0.99941, "auc": 1.0}
{"epoch": 80, "time_epoch": 71.23707, "eta": 1338.74777, "eta_hours": 0.37187, "loss": 0.00227553, "lr": 0.00010543, "params": 115394, "time_iter": 0.02072, "accuracy": 0.99935, "f1": 0.99934, "auc": 1.0}
{"epoch": 81, "time_epoch": 69.44106, "eta": 1268.0636, "eta_hours": 0.35224, "loss": 0.00230575, "lr": 9.549e-05, "params": 115394, "time_iter": 0.0202, "accuracy": 0.99935, "f1": 0.99934, "auc": 1.0}
{"epoch": 82, "time_epoch": 71.48139, "eta": 1197.82729, "eta_hours": 0.33273, "loss": 0.00210752, "lr": 8.6e-05, "params": 115394, "time_iter": 0.02079, "accuracy": 0.99947, "f1": 0.99946, "auc": 1.0}
{"epoch": 83, "time_epoch": 70.93505, "eta": 1127.45726, "eta_hours": 0.31318, "loss": 0.00152096, "lr": 7.695e-05, "params": 115394, "time_iter": 0.02063, "accuracy": 0.99955, "f1": 0.99954, "auc": 1.0}
{"epoch": 84, "time_epoch": 71.28281, "eta": 1057.13531, "eta_hours": 0.29365, "loss": 0.00139138, "lr": 6.837e-05, "params": 115394, "time_iter": 0.02073, "accuracy": 0.99951, "f1": 0.99951, "auc": 1.0}
{"epoch": 85, "time_epoch": 68.67532, "eta": 986.36654, "eta_hours": 0.27399, "loss": 0.0019497, "lr": 6.026e-05, "params": 115394, "time_iter": 0.01998, "accuracy": 0.99945, "f1": 0.99945, "auc": 1.0}
{"epoch": 86, "time_epoch": 69.42589, "eta": 915.75805, "eta_hours": 0.25438, "loss": 0.00199862, "lr": 5.264e-05, "params": 115394, "time_iter": 0.02019, "accuracy": 0.99942, "f1": 0.99941, "auc": 1.0}
{"epoch": 87, "time_epoch": 66.99181, "eta": 844.84452, "eta_hours": 0.23468, "loss": 0.00155178, "lr": 4.55e-05, "params": 115394, "time_iter": 0.01949, "accuracy": 0.99956, "f1": 0.99956, "auc": 1.0}
{"epoch": 88, "time_epoch": 71.56299, "eta": 774.58409, "eta_hours": 0.21516, "loss": 0.0009756, "lr": 3.886e-05, "params": 115394, "time_iter": 0.02082, "accuracy": 0.99971, "f1": 0.99971, "auc": 1.0}
{"epoch": 89, "time_epoch": 71.98278, "eta": 704.34136, "eta_hours": 0.19565, "loss": 0.00111514, "lr": 3.272e-05, "params": 115394, "time_iter": 0.02094, "accuracy": 0.99971, "f1": 0.99971, "auc": 1.0}
{"epoch": 90, "time_epoch": 71.5521, "eta": 634.01779, "eta_hours": 0.17612, "loss": 0.00107175, "lr": 2.709e-05, "params": 115394, "time_iter": 0.02081, "accuracy": 0.99965, "f1": 0.99965, "auc": 1.0}
{"epoch": 91, "time_epoch": 70.57296, "eta": 563.58237, "eta_hours": 0.15655, "loss": 0.00098815, "lr": 2.198e-05, "params": 115394, "time_iter": 0.02053, "accuracy": 0.99969, "f1": 0.99969, "auc": 1.0}
{"epoch": 92, "time_epoch": 69.40597, "eta": 493.05616, "eta_hours": 0.13696, "loss": 0.00094143, "lr": 1.74e-05, "params": 115394, "time_iter": 0.02019, "accuracy": 0.99971, "f1": 0.99971, "auc": 1.0}
{"epoch": 93, "time_epoch": 68.78002, "eta": 422.51383, "eta_hours": 0.11736, "loss": 0.00079789, "lr": 1.334e-05, "params": 115394, "time_iter": 0.02001, "accuracy": 0.99975, "f1": 0.99974, "auc": 1.0}
{"epoch": 94, "time_epoch": 66.69834, "eta": 351.89903, "eta_hours": 0.09775, "loss": 0.00071148, "lr": 9.81e-06, "params": 115394, "time_iter": 0.0194, "accuracy": 0.99985, "f1": 0.99985, "auc": 1.0}
{"epoch": 95, "time_epoch": 67.12348, "eta": 281.38355, "eta_hours": 0.07816, "loss": 0.00109427, "lr": 6.82e-06, "params": 115394, "time_iter": 0.01952, "accuracy": 0.99956, "f1": 0.99956, "auc": 1.0}
{"epoch": 96, "time_epoch": 70.68344, "eta": 211.0481, "eta_hours": 0.05862, "loss": 0.00046994, "lr": 4.37e-06, "params": 115394, "time_iter": 0.02056, "accuracy": 0.99982, "f1": 0.99982, "auc": 1.0}
{"epoch": 97, "time_epoch": 72.17696, "eta": 140.73603, "eta_hours": 0.03909, "loss": 0.00069825, "lr": 2.46e-06, "params": 115394, "time_iter": 0.02099, "accuracy": 0.99973, "f1": 0.99972, "auc": 1.0}
{"epoch": 98, "time_epoch": 71.87816, "eta": 70.38327, "eta_hours": 0.01955, "loss": 0.00036153, "lr": 1.09e-06, "params": 115394, "time_iter": 0.02091, "accuracy": 0.99989, "f1": 0.99989, "auc": 1.0}
{"epoch": 99, "time_epoch": 71.5664, "eta": 0.0, "eta_hours": 0.0, "loss": 0.00067074, "lr": 2.7e-07, "params": 115394, "time_iter": 0.02082, "accuracy": 0.99971, "f1": 0.99971, "auc": 1.0}
