{"epoch": 0, "time_epoch": 181.401, "eta": 36098.79881, "eta_hours": 10.02744, "loss": 3.61058675, "lr": 0.0, "params": 3434533, "time_iter": 0.07422, "accuracy": 0.0194, "f1": 0.00366, "auc": 0.50597}
{"epoch": 1, "time_epoch": 176.37391, "eta": 35419.71621, "eta_hours": 9.83881, "loss": 3.45382622, "lr": 3e-05, "params": 3434533, "time_iter": 0.07217, "accuracy": 0.10986, "f1": 0.0131, "auc": 0.54507}
{"epoch": 2, "time_epoch": 176.38481, "eta": 35076.48867, "eta_hours": 9.74347, "loss": 3.25093538, "lr": 6e-05, "params": 3434533, "time_iter": 0.07217, "accuracy": 0.14179, "f1": 0.02271, "auc": 0.65793}
{"epoch": 3, "time_epoch": 176.45876, "eta": 34820.30592, "eta_hours": 9.67231, "loss": 3.03523523, "lr": 9e-05, "params": 3434533, "time_iter": 0.0722, "accuracy": 0.19566, "f1": 0.04483, "auc": 0.76693}
{"epoch": 4, "time_epoch": 176.445, "eta": 34595.47594, "eta_hours": 9.60985, "loss": 2.61585828, "lr": 0.00012, "params": 3434533, "time_iter": 0.0722, "accuracy": 0.31698, "f1": 0.11398, "auc": 0.8666}
{"epoch": 5, "time_epoch": 176.29737, "eta": 34382.00097, "eta_hours": 9.55056, "loss": 2.17221234, "lr": 0.00015, "params": 3434533, "time_iter": 0.07213, "accuracy": 0.41006, "f1": 0.16672, "auc": 0.91957}
{"epoch": 6, "time_epoch": 176.25465, "eta": 34177.97031, "eta_hours": 9.49388, "loss": 1.77294706, "lr": 0.00018, "params": 3434533, "time_iter": 0.07212, "accuracy": 0.48707, "f1": 0.23614, "auc": 0.95062}
{"epoch": 7, "time_epoch": 176.5844, "eta": 33988.79779, "eta_hours": 9.44133, "loss": 1.47112891, "lr": 0.00021, "params": 3434533, "time_iter": 0.07225, "accuracy": 0.56214, "f1": 0.33774, "auc": 0.96751}
{"epoch": 8, "time_epoch": 176.39259, "eta": 33798.35187, "eta_hours": 9.38843, "loss": 1.23940028, "lr": 0.00024, "params": 3434533, "time_iter": 0.07217, "accuracy": 0.62399, "f1": 0.42682, "auc": 0.97711}
{"epoch": 9, "time_epoch": 176.39204, "eta": 33610.70618, "eta_hours": 9.33631, "loss": 1.05248675, "lr": 0.00027, "params": 3434533, "time_iter": 0.07217, "accuracy": 0.67405, "f1": 0.51876, "auc": 0.9832}
{"epoch": 10, "time_epoch": 176.36031, "eta": 33424.56142, "eta_hours": 9.2846, "loss": 0.90707508, "lr": 0.0003, "params": 3434533, "time_iter": 0.07216, "accuracy": 0.72032, "f1": 0.60052, "auc": 0.98698}
{"epoch": 11, "time_epoch": 176.79957, "eta": 33246.92922, "eta_hours": 9.23526, "loss": 0.76891691, "lr": 0.00029998, "params": 3434533, "time_iter": 0.07234, "accuracy": 0.7632, "f1": 0.67624, "auc": 0.99057}
{"epoch": 12, "time_epoch": 176.41067, "eta": 33063.83085, "eta_hours": 9.1844, "loss": 0.65798267, "lr": 0.00029992, "params": 3434533, "time_iter": 0.07218, "accuracy": 0.79971, "f1": 0.74558, "auc": 0.99294}
{"epoch": 13, "time_epoch": 176.40596, "eta": 32881.62538, "eta_hours": 9.13378, "loss": 0.57370671, "lr": 0.00029982, "params": 3434533, "time_iter": 0.07218, "accuracy": 0.8298, "f1": 0.79761, "auc": 0.9944}
{"epoch": 14, "time_epoch": 176.39167, "eta": 32700.0169, "eta_hours": 9.08334, "loss": 0.49468364, "lr": 0.00029967, "params": 3434533, "time_iter": 0.07217, "accuracy": 0.85371, "f1": 0.83274, "auc": 0.99583}
{"epoch": 15, "time_epoch": 177.59158, "eta": 32532.85943, "eta_hours": 9.03691, "loss": 0.43073574, "lr": 0.00029949, "params": 3434533, "time_iter": 0.07266, "accuracy": 0.87345, "f1": 0.85991, "auc": 0.99681}
{"epoch": 16, "time_epoch": 176.78797, "eta": 32355.82386, "eta_hours": 8.98773, "loss": 0.3835429, "lr": 0.00029926, "params": 3434533, "time_iter": 0.07234, "accuracy": 0.88859, "f1": 0.87857, "auc": 0.99742}
{"epoch": 17, "time_epoch": 176.40316, "eta": 32174.92494, "eta_hours": 8.93748, "loss": 0.34056058, "lr": 0.000299, "params": 3434533, "time_iter": 0.07218, "accuracy": 0.89899, "f1": 0.89139, "auc": 0.99793}
{"epoch": 18, "time_epoch": 176.55043, "eta": 31995.90214, "eta_hours": 8.88775, "loss": 0.3067261, "lr": 0.00029869, "params": 3434533, "time_iter": 0.07224, "accuracy": 0.90977, "f1": 0.90351, "auc": 0.9983}
{"epoch": 19, "time_epoch": 176.4225, "eta": 31815.97524, "eta_hours": 8.83777, "loss": 0.28020327, "lr": 0.00029834, "params": 3434533, "time_iter": 0.07219, "accuracy": 0.91691, "f1": 0.9118, "auc": 0.99857}
{"epoch": 20, "time_epoch": 176.50273, "eta": 31637.06594, "eta_hours": 8.78807, "loss": 0.25284088, "lr": 0.00029795, "params": 3434533, "time_iter": 0.07222, "accuracy": 0.92541, "f1": 0.92146, "auc": 0.99882}
{"epoch": 21, "time_epoch": 176.22006, "eta": 31456.0884, "eta_hours": 8.7378, "loss": 0.23425513, "lr": 0.00029753, "params": 3434533, "time_iter": 0.0721, "accuracy": 0.92994, "f1": 0.92609, "auc": 0.99896}
{"epoch": 22, "time_epoch": 176.44911, "eta": 31277.28718, "eta_hours": 8.68814, "loss": 0.22010144, "lr": 0.00029706, "params": 3434533, "time_iter": 0.0722, "accuracy": 0.93373, "f1": 0.93054, "auc": 0.99909}
{"epoch": 23, "time_epoch": 176.29256, "eta": 31097.53398, "eta_hours": 8.6382, "loss": 0.20628714, "lr": 0.00029655, "params": 3434533, "time_iter": 0.07213, "accuracy": 0.93744, "f1": 0.93494, "auc": 0.99922}
{"epoch": 24, "time_epoch": 176.4009, "eta": 30918.81599, "eta_hours": 8.58856, "loss": 0.18642261, "lr": 0.000296, "params": 3434533, "time_iter": 0.07218, "accuracy": 0.9435, "f1": 0.94129, "auc": 0.99936}
{"epoch": 25, "time_epoch": 176.26835, "eta": 30739.38918, "eta_hours": 8.53872, "loss": 0.17153405, "lr": 0.00029541, "params": 3434533, "time_iter": 0.07212, "accuracy": 0.94844, "f1": 0.94653, "auc": 0.99946}
{"epoch": 26, "time_epoch": 176.2138, "eta": 30559.8468, "eta_hours": 8.48885, "loss": 0.16372432, "lr": 0.00029478, "params": 3434533, "time_iter": 0.0721, "accuracy": 0.94977, "f1": 0.94845, "auc": 0.99949}
{"epoch": 27, "time_epoch": 176.14209, "eta": 30380.10169, "eta_hours": 8.43892, "loss": 0.14980216, "lr": 0.00029411, "params": 3434533, "time_iter": 0.07207, "accuracy": 0.95453, "f1": 0.95268, "auc": 0.99958}
{"epoch": 28, "time_epoch": 176.11309, "eta": 30200.43404, "eta_hours": 8.38901, "loss": 0.13971703, "lr": 0.00029341, "params": 3434533, "time_iter": 0.07206, "accuracy": 0.95761, "f1": 0.95666, "auc": 0.99965}
{"epoch": 29, "time_epoch": 176.23663, "eta": 30021.70346, "eta_hours": 8.33936, "loss": 0.13379493, "lr": 0.00029266, "params": 3434533, "time_iter": 0.07211, "accuracy": 0.95876, "f1": 0.95718, "auc": 0.99967}
{"epoch": 30, "time_epoch": 176.08574, "eta": 29842.31115, "eta_hours": 8.28953, "loss": 0.12471847, "lr": 0.00029187, "params": 3434533, "time_iter": 0.07205, "accuracy": 0.96162, "f1": 0.95988, "auc": 0.99971}
{"epoch": 31, "time_epoch": 175.71425, "eta": 29661.17522, "eta_hours": 8.23922, "loss": 0.11993351, "lr": 0.00029105, "params": 3434533, "time_iter": 0.0719, "accuracy": 0.96243, "f1": 0.96064, "auc": 0.99974}
{"epoch": 32, "time_epoch": 174.37207, "eta": 29473.57562, "eta_hours": 8.1871, "loss": 0.11030061, "lr": 0.00029018, "params": 3434533, "time_iter": 0.07135, "accuracy": 0.96566, "f1": 0.96528, "auc": 0.99976}
{"epoch": 33, "time_epoch": 174.42055, "eta": 29286.9908, "eta_hours": 8.13528, "loss": 0.10895747, "lr": 0.00028928, "params": 3434533, "time_iter": 0.07137, "accuracy": 0.96715, "f1": 0.96618, "auc": 0.99977}
{"epoch": 34, "time_epoch": 174.3276, "eta": 29100.66288, "eta_hours": 8.08352, "loss": 0.10767964, "lr": 0.00028834, "params": 3434533, "time_iter": 0.07133, "accuracy": 0.96707, "f1": 0.96647, "auc": 0.99979}
{"epoch": 35, "time_epoch": 173.89949, "eta": 28913.05134, "eta_hours": 8.0314, "loss": 0.09838214, "lr": 0.00028737, "params": 3434533, "time_iter": 0.07115, "accuracy": 0.96945, "f1": 0.96866, "auc": 0.99983}
{"epoch": 36, "time_epoch": 174.35732, "eta": 28728.19794, "eta_hours": 7.98005, "loss": 0.09489171, "lr": 0.00028635, "params": 3434533, "time_iter": 0.07134, "accuracy": 0.97066, "f1": 0.97005, "auc": 0.99983}
{"epoch": 37, "time_epoch": 174.25365, "eta": 28543.45501, "eta_hours": 7.92874, "loss": 0.09219548, "lr": 0.0002853, "params": 3434533, "time_iter": 0.0713, "accuracy": 0.97124, "f1": 0.9705, "auc": 0.99985}
{"epoch": 38, "time_epoch": 174.12066, "eta": 28358.70098, "eta_hours": 7.87742, "loss": 0.08681502, "lr": 0.00028421, "params": 3434533, "time_iter": 0.07124, "accuracy": 0.97324, "f1": 0.97274, "auc": 0.99986}
{"epoch": 39, "time_epoch": 174.11307, "eta": 28174.44825, "eta_hours": 7.82624, "loss": 0.08208403, "lr": 0.00028308, "params": 3434533, "time_iter": 0.07124, "accuracy": 0.9746, "f1": 0.9734, "auc": 0.99987}
{"epoch": 40, "time_epoch": 174.44308, "eta": 27991.96994, "eta_hours": 7.77555, "loss": 0.07971342, "lr": 0.00028192, "params": 3434533, "time_iter": 0.07138, "accuracy": 0.97566, "f1": 0.97489, "auc": 0.99987}
{"epoch": 41, "time_epoch": 174.26333, "eta": 27809.19806, "eta_hours": 7.72478, "loss": 0.07770895, "lr": 0.00028072, "params": 3434533, "time_iter": 0.0713, "accuracy": 0.97565, "f1": 0.97564, "auc": 0.99989}
{"epoch": 42, "time_epoch": 174.20332, "eta": 27626.60281, "eta_hours": 7.67406, "loss": 0.07072897, "lr": 0.00027949, "params": 3434533, "time_iter": 0.07128, "accuracy": 0.97753, "f1": 0.97712, "auc": 0.99991}
{"epoch": 43, "time_epoch": 174.455, "eta": 27445.28133, "eta_hours": 7.62369, "loss": 0.0696621, "lr": 0.00027822, "params": 3434533, "time_iter": 0.07138, "accuracy": 0.97838, "f1": 0.97803, "auc": 0.99991}
{"epoch": 44, "time_epoch": 174.30467, "eta": 27263.74724, "eta_hours": 7.57326, "loss": 0.06397743, "lr": 0.00027691, "params": 3434533, "time_iter": 0.07132, "accuracy": 0.97994, "f1": 0.9795, "auc": 0.99992}
{"epoch": 45, "time_epoch": 174.3375, "eta": 27082.63736, "eta_hours": 7.52295, "loss": 0.06121305, "lr": 0.00027557, "params": 3434533, "time_iter": 0.07133, "accuracy": 0.98118, "f1": 0.98089, "auc": 0.99992}
{"epoch": 46, "time_epoch": 174.34866, "eta": 26901.85201, "eta_hours": 7.47274, "loss": 0.06106411, "lr": 0.0002742, "params": 3434533, "time_iter": 0.07134, "accuracy": 0.98106, "f1": 0.98088, "auc": 0.99993}
{"epoch": 47, "time_epoch": 174.49845, "eta": 26721.80918, "eta_hours": 7.42272, "loss": 0.05869086, "lr": 0.00027279, "params": 3434533, "time_iter": 0.0714, "accuracy": 0.98128, "f1": 0.98102, "auc": 0.99993}
{"epoch": 48, "time_epoch": 174.38941, "eta": 26541.65663, "eta_hours": 7.37268, "loss": 0.05572547, "lr": 0.00027135, "params": 3434533, "time_iter": 0.07135, "accuracy": 0.98289, "f1": 0.98235, "auc": 0.99994}
{"epoch": 49, "time_epoch": 174.32345, "eta": 26361.53675, "eta_hours": 7.32265, "loss": 0.05352606, "lr": 0.00026988, "params": 3434533, "time_iter": 0.07133, "accuracy": 0.98344, "f1": 0.98353, "auc": 0.99994}
{"epoch": 50, "time_epoch": 174.55619, "eta": 26182.32412, "eta_hours": 7.27287, "loss": 0.0504253, "lr": 0.00026837, "params": 3434533, "time_iter": 0.07142, "accuracy": 0.98448, "f1": 0.98363, "auc": 0.99995}
{"epoch": 51, "time_epoch": 174.58786, "eta": 26003.38074, "eta_hours": 7.22316, "loss": 0.04925773, "lr": 0.00026683, "params": 3434533, "time_iter": 0.07144, "accuracy": 0.98455, "f1": 0.98392, "auc": 0.99995}
{"epoch": 52, "time_epoch": 174.49695, "eta": 25824.34956, "eta_hours": 7.17343, "loss": 0.04751338, "lr": 0.00026526, "params": 3434533, "time_iter": 0.0714, "accuracy": 0.98504, "f1": 0.98488, "auc": 0.99995}
{"epoch": 53, "time_epoch": 174.45413, "eta": 25645.37056, "eta_hours": 7.12371, "loss": 0.04795265, "lr": 0.00026366, "params": 3434533, "time_iter": 0.07138, "accuracy": 0.98501, "f1": 0.98466, "auc": 0.99995}
{"epoch": 54, "time_epoch": 174.28478, "eta": 25466.10962, "eta_hours": 7.07392, "loss": 0.04520587, "lr": 0.00026202, "params": 3434533, "time_iter": 0.07131, "accuracy": 0.98569, "f1": 0.98524, "auc": 0.99996}
{"epoch": 55, "time_epoch": 174.21269, "eta": 25286.84104, "eta_hours": 7.02412, "loss": 0.04301258, "lr": 0.00026036, "params": 3434533, "time_iter": 0.07128, "accuracy": 0.98653, "f1": 0.98628, "auc": 0.99997}
{"epoch": 56, "time_epoch": 174.43353, "eta": 25108.3039, "eta_hours": 6.97453, "loss": 0.04012506, "lr": 0.00025866, "params": 3434533, "time_iter": 0.07137, "accuracy": 0.98767, "f1": 0.98758, "auc": 0.99997}
{"epoch": 57, "time_epoch": 174.51767, "eta": 24930.11425, "eta_hours": 6.92503, "loss": 0.03871962, "lr": 0.00025694, "params": 3434533, "time_iter": 0.07141, "accuracy": 0.98766, "f1": 0.98712, "auc": 0.99997}
{"epoch": 58, "time_epoch": 174.42038, "eta": 24751.81657, "eta_hours": 6.8755, "loss": 0.04008252, "lr": 0.00025519, "params": 3434533, "time_iter": 0.07137, "accuracy": 0.98742, "f1": 0.98758, "auc": 0.99997}
{"epoch": 59, "time_epoch": 174.47515, "eta": 24573.77592, "eta_hours": 6.82605, "loss": 0.03654814, "lr": 0.0002534, "params": 3434533, "time_iter": 0.07139, "accuracy": 0.9887, "f1": 0.98861, "auc": 0.99997}
{"epoch": 60, "time_epoch": 174.408, "eta": 24395.69917, "eta_hours": 6.77658, "loss": 0.03551711, "lr": 0.00025159, "params": 3434533, "time_iter": 0.07136, "accuracy": 0.98873, "f1": 0.98835, "auc": 0.99997}
{"epoch": 61, "time_epoch": 174.47886, "eta": 24217.89849, "eta_hours": 6.72719, "loss": 0.03492048, "lr": 0.00024975, "params": 3434533, "time_iter": 0.07139, "accuracy": 0.98918, "f1": 0.98887, "auc": 0.99997}
{"epoch": 62, "time_epoch": 174.6009, "eta": 24040.46865, "eta_hours": 6.67791, "loss": 0.034968, "lr": 0.00024789, "params": 3434533, "time_iter": 0.07144, "accuracy": 0.989, "f1": 0.98872, "auc": 0.99997}
{"epoch": 63, "time_epoch": 174.3492, "eta": 23862.59233, "eta_hours": 6.6285, "loss": 0.03254236, "lr": 0.000246, "params": 3434533, "time_iter": 0.07134, "accuracy": 0.98959, "f1": 0.98945, "auc": 0.99998}
{"epoch": 64, "time_epoch": 174.57191, "eta": 23685.28711, "eta_hours": 6.57925, "loss": 0.03128847, "lr": 0.00024408, "params": 3434533, "time_iter": 0.07143, "accuracy": 0.98999, "f1": 0.98947, "auc": 0.99998}
{"epoch": 65, "time_epoch": 174.3111, "eta": 23507.53519, "eta_hours": 6.52987, "loss": 0.03078764, "lr": 0.00024213, "params": 3434533, "time_iter": 0.07132, "accuracy": 0.99055, "f1": 0.99063, "auc": 0.99998}
{"epoch": 66, "time_epoch": 174.28181, "eta": 23329.82784, "eta_hours": 6.48051, "loss": 0.03030733, "lr": 0.00024016, "params": 3434533, "time_iter": 0.07131, "accuracy": 0.9906, "f1": 0.99054, "auc": 0.99998}
{"epoch": 67, "time_epoch": 174.40263, "eta": 23152.45577, "eta_hours": 6.43124, "loss": 0.02935748, "lr": 0.00023817, "params": 3434533, "time_iter": 0.07136, "accuracy": 0.9907, "f1": 0.99067, "auc": 0.99998}
{"epoch": 68, "time_epoch": 174.63322, "eta": 22975.60755, "eta_hours": 6.38211, "loss": 0.02970604, "lr": 0.00023615, "params": 3434533, "time_iter": 0.07145, "accuracy": 0.99064, "f1": 0.99052, "auc": 0.99998}
{"epoch": 69, "time_epoch": 174.44675, "eta": 22798.47631, "eta_hours": 6.33291, "loss": 0.02796396, "lr": 0.00023411, "params": 3434533, "time_iter": 0.07138, "accuracy": 0.99142, "f1": 0.99141, "auc": 0.99998}
{"epoch": 70, "time_epoch": 174.53187, "eta": 22621.57536, "eta_hours": 6.28377, "loss": 0.02762389, "lr": 0.00023204, "params": 3434533, "time_iter": 0.07141, "accuracy": 0.99138, "f1": 0.99152, "auc": 0.99998}
{"epoch": 71, "time_epoch": 174.49012, "eta": 22444.666, "eta_hours": 6.23463, "loss": 0.02631951, "lr": 0.00022995, "params": 3434533, "time_iter": 0.0714, "accuracy": 0.9917, "f1": 0.9915, "auc": 0.99999}
{"epoch": 72, "time_epoch": 174.23746, "eta": 22267.38336, "eta_hours": 6.18538, "loss": 0.02609438, "lr": 0.00022785, "params": 3434533, "time_iter": 0.07129, "accuracy": 0.99179, "f1": 0.99187, "auc": 0.99996}
{"epoch": 73, "time_epoch": 174.38125, "eta": 22090.42784, "eta_hours": 6.13623, "loss": 0.02497202, "lr": 0.00022571, "params": 3434533, "time_iter": 0.07135, "accuracy": 0.9923, "f1": 0.99249, "auc": 0.99999}
{"epoch": 74, "time_epoch": 174.52299, "eta": 21913.77721, "eta_hours": 6.08716, "loss": 0.02350713, "lr": 0.00022356, "params": 3434533, "time_iter": 0.07141, "accuracy": 0.99261, "f1": 0.99255, "auc": 0.99999}
{"epoch": 75, "time_epoch": 174.40025, "eta": 21736.98231, "eta_hours": 6.03805, "loss": 0.02511332, "lr": 0.00022139, "params": 3434533, "time_iter": 0.07136, "accuracy": 0.99182, "f1": 0.99188, "auc": 0.99999}
{"epoch": 76, "time_epoch": 174.30622, "eta": 21560.0994, "eta_hours": 5.98892, "loss": 0.02220185, "lr": 0.0002192, "params": 3434533, "time_iter": 0.07132, "accuracy": 0.9932, "f1": 0.99313, "auc": 0.99999}
{"epoch": 77, "time_epoch": 174.3599, "eta": 21383.36652, "eta_hours": 5.93982, "loss": 0.02221355, "lr": 0.00021699, "params": 3434533, "time_iter": 0.07134, "accuracy": 0.99299, "f1": 0.99307, "auc": 0.99999}
{"epoch": 78, "time_epoch": 174.67302, "eta": 21207.1733, "eta_hours": 5.89088, "loss": 0.02228547, "lr": 0.00021476, "params": 3434533, "time_iter": 0.07147, "accuracy": 0.99299, "f1": 0.99272, "auc": 0.99999}
{"epoch": 79, "time_epoch": 174.42091, "eta": 21030.63993, "eta_hours": 5.84184, "loss": 0.0205156, "lr": 0.00021252, "params": 3434533, "time_iter": 0.07137, "accuracy": 0.99355, "f1": 0.99311, "auc": 0.99999}
{"epoch": 80, "time_epoch": 174.46519, "eta": 20854.22378, "eta_hours": 5.79284, "loss": 0.02020411, "lr": 0.00021025, "params": 3434533, "time_iter": 0.07139, "accuracy": 0.99363, "f1": 0.99386, "auc": 0.99999}
{"epoch": 81, "time_epoch": 174.31812, "eta": 20677.64357, "eta_hours": 5.74379, "loss": 0.01839878, "lr": 0.00020797, "params": 3434533, "time_iter": 0.07132, "accuracy": 0.99453, "f1": 0.99443, "auc": 0.99999}
{"epoch": 82, "time_epoch": 174.46192, "eta": 20501.32056, "eta_hours": 5.69481, "loss": 0.01929325, "lr": 0.00020568, "params": 3434533, "time_iter": 0.07138, "accuracy": 0.99399, "f1": 0.99415, "auc": 0.99999}
{"epoch": 83, "time_epoch": 174.35313, "eta": 20324.89165, "eta_hours": 5.6458, "loss": 0.01930575, "lr": 0.00020337, "params": 3434533, "time_iter": 0.07134, "accuracy": 0.99395, "f1": 0.99399, "auc": 0.99999}
{"epoch": 84, "time_epoch": 174.41004, "eta": 20148.58856, "eta_hours": 5.59683, "loss": 0.01741072, "lr": 0.00020104, "params": 3434533, "time_iter": 0.07136, "accuracy": 0.99444, "f1": 0.99429, "auc": 0.99999}
{"epoch": 85, "time_epoch": 174.36726, "eta": 19972.2728, "eta_hours": 5.54785, "loss": 0.01767654, "lr": 0.0001987, "params": 3434533, "time_iter": 0.07135, "accuracy": 0.99448, "f1": 0.99428, "auc": 0.99999}
{"epoch": 86, "time_epoch": 174.50694, "eta": 19796.18325, "eta_hours": 5.49894, "loss": 0.01659681, "lr": 0.00019635, "params": 3434533, "time_iter": 0.0714, "accuracy": 0.99486, "f1": 0.99473, "auc": 0.99999}
{"epoch": 87, "time_epoch": 174.51065, "eta": 19620.13438, "eta_hours": 5.45004, "loss": 0.01634066, "lr": 0.00019399, "params": 3434533, "time_iter": 0.0714, "accuracy": 0.99497, "f1": 0.99499, "auc": 0.99999}
{"epoch": 88, "time_epoch": 174.52412, "eta": 19444.13689, "eta_hours": 5.40115, "loss": 0.01643607, "lr": 0.00019161, "params": 3434533, "time_iter": 0.07141, "accuracy": 0.99496, "f1": 0.99485, "auc": 0.99999}
{"epoch": 89, "time_epoch": 174.40405, "eta": 19268.02539, "eta_hours": 5.35223, "loss": 0.01520088, "lr": 0.00018922, "params": 3434533, "time_iter": 0.07136, "accuracy": 0.99526, "f1": 0.99512, "auc": 0.99999}
{"epoch": 90, "time_epoch": 174.46152, "eta": 19092.02025, "eta_hours": 5.30334, "loss": 0.01644489, "lr": 0.00018682, "params": 3434533, "time_iter": 0.07138, "accuracy": 0.99464, "f1": 0.99469, "auc": 0.99999}
{"epoch": 91, "time_epoch": 174.63086, "eta": 18916.24746, "eta_hours": 5.25451, "loss": 0.01400849, "lr": 0.00018441, "params": 3434533, "time_iter": 0.07145, "accuracy": 0.9956, "f1": 0.99561, "auc": 1.0}
{"epoch": 92, "time_epoch": 174.69219, "eta": 18740.56979, "eta_hours": 5.20571, "loss": 0.01430826, "lr": 0.00018199, "params": 3434533, "time_iter": 0.07148, "accuracy": 0.99543, "f1": 0.99535, "auc": 1.0}
{"epoch": 93, "time_epoch": 174.51393, "eta": 18564.71206, "eta_hours": 5.15686, "loss": 0.01316648, "lr": 0.00017957, "params": 3434533, "time_iter": 0.07141, "accuracy": 0.99615, "f1": 0.99597, "auc": 1.0}
{"epoch": 94, "time_epoch": 174.55976, "eta": 18388.93329, "eta_hours": 5.10804, "loss": 0.01534112, "lr": 0.00017713, "params": 3434533, "time_iter": 0.07142, "accuracy": 0.99522, "f1": 0.99553, "auc": 0.99999}
{"epoch": 95, "time_epoch": 174.73429, "eta": 18213.36898, "eta_hours": 5.05927, "loss": 0.01280926, "lr": 0.00017469, "params": 3434533, "time_iter": 0.0715, "accuracy": 0.99619, "f1": 0.99622, "auc": 1.0}
{"epoch": 96, "time_epoch": 174.57402, "eta": 18037.6516, "eta_hours": 5.01046, "loss": 0.01413568, "lr": 0.00017224, "params": 3434533, "time_iter": 0.07143, "accuracy": 0.99531, "f1": 0.99526, "auc": 1.0}
{"epoch": 97, "time_epoch": 174.62149, "eta": 17862.00697, "eta_hours": 4.96167, "loss": 0.01308441, "lr": 0.00016978, "params": 3434533, "time_iter": 0.07145, "accuracy": 0.99569, "f1": 0.99573, "auc": 1.0}
{"epoch": 98, "time_epoch": 174.4047, "eta": 17686.16183, "eta_hours": 4.91282, "loss": 0.01183966, "lr": 0.00016732, "params": 3434533, "time_iter": 0.07136, "accuracy": 0.99641, "f1": 0.99649, "auc": 1.0}
{"epoch": 99, "time_epoch": 174.76051, "eta": 17510.70132, "eta_hours": 4.86408, "loss": 0.01125298, "lr": 0.00016486, "params": 3434533, "time_iter": 0.07151, "accuracy": 0.99646, "f1": 0.99648, "auc": 1.0}
{"epoch": 100, "time_epoch": 174.44115, "eta": 17334.94163, "eta_hours": 4.81526, "loss": 0.0112446, "lr": 0.00016239, "params": 3434533, "time_iter": 0.07138, "accuracy": 0.99628, "f1": 0.99608, "auc": 1.0}
{"epoch": 101, "time_epoch": 174.69206, "eta": 17159.44886, "eta_hours": 4.76651, "loss": 0.01108382, "lr": 0.00015991, "params": 3434533, "time_iter": 0.07148, "accuracy": 0.99648, "f1": 0.99646, "auc": 1.0}
{"epoch": 102, "time_epoch": 174.52627, "eta": 16983.81552, "eta_hours": 4.71773, "loss": 0.01093876, "lr": 0.00015744, "params": 3434533, "time_iter": 0.07141, "accuracy": 0.9966, "f1": 0.99669, "auc": 1.0}
{"epoch": 103, "time_epoch": 174.53647, "eta": 16808.21287, "eta_hours": 4.66895, "loss": 0.01106012, "lr": 0.00015496, "params": 3434533, "time_iter": 0.07141, "accuracy": 0.9966, "f1": 0.99652, "auc": 1.0}
{"epoch": 104, "time_epoch": 175.00684, "eta": 16633.0561, "eta_hours": 4.62029, "loss": 0.0103671, "lr": 0.00015248, "params": 3434533, "time_iter": 0.07161, "accuracy": 0.99679, "f1": 0.99682, "auc": 1.0}
{"epoch": 105, "time_epoch": 174.69065, "eta": 16457.62177, "eta_hours": 4.57156, "loss": 0.01088186, "lr": 0.00015, "params": 3434533, "time_iter": 0.07148, "accuracy": 0.99674, "f1": 0.99668, "auc": 1.0}
{"epoch": 106, "time_epoch": 174.68275, "eta": 16282.19447, "eta_hours": 4.52283, "loss": 0.00991526, "lr": 0.00014752, "params": 3434533, "time_iter": 0.07147, "accuracy": 0.99684, "f1": 0.99683, "auc": 1.0}
{"epoch": 107, "time_epoch": 174.7291, "eta": 16106.82045, "eta_hours": 4.47412, "loss": 0.01006942, "lr": 0.00014504, "params": 3434533, "time_iter": 0.07149, "accuracy": 0.99694, "f1": 0.99713, "auc": 1.0}
{"epoch": 108, "time_epoch": 174.5944, "eta": 15931.3458, "eta_hours": 4.42537, "loss": 0.01030964, "lr": 0.00014256, "params": 3434533, "time_iter": 0.07144, "accuracy": 0.99664, "f1": 0.99682, "auc": 1.0}
{"epoch": 109, "time_epoch": 174.4289, "eta": 15755.75174, "eta_hours": 4.3766, "loss": 0.0109546, "lr": 0.00014009, "params": 3434533, "time_iter": 0.07137, "accuracy": 0.99668, "f1": 0.99672, "auc": 1.0}
{"epoch": 110, "time_epoch": 174.5097, "eta": 15580.24347, "eta_hours": 4.32785, "loss": 0.00959512, "lr": 0.00013761, "params": 3434533, "time_iter": 0.0714, "accuracy": 0.99699, "f1": 0.99714, "auc": 1.0}
{"epoch": 111, "time_epoch": 174.44124, "eta": 15404.69924, "eta_hours": 4.27908, "loss": 0.00937541, "lr": 0.00013514, "params": 3434533, "time_iter": 0.07138, "accuracy": 0.99699, "f1": 0.99697, "auc": 1.0}
{"epoch": 112, "time_epoch": 174.51169, "eta": 15229.22877, "eta_hours": 4.23034, "loss": 0.00749813, "lr": 0.00013268, "params": 3434533, "time_iter": 0.0714, "accuracy": 0.99771, "f1": 0.99782, "auc": 1.0}
{"epoch": 113, "time_epoch": 174.76097, "eta": 15053.96317, "eta_hours": 4.18166, "loss": 0.00925857, "lr": 0.00013022, "params": 3434533, "time_iter": 0.07151, "accuracy": 0.99731, "f1": 0.9973, "auc": 1.0}
{"epoch": 114, "time_epoch": 174.49314, "eta": 14878.5084, "eta_hours": 4.13292, "loss": 0.00719955, "lr": 0.00012776, "params": 3434533, "time_iter": 0.0714, "accuracy": 0.99794, "f1": 0.99779, "auc": 1.0}
{"epoch": 115, "time_epoch": 174.7563, "eta": 14703.26076, "eta_hours": 4.08424, "loss": 0.00727287, "lr": 0.00012531, "params": 3434533, "time_iter": 0.0715, "accuracy": 0.99779, "f1": 0.99791, "auc": 1.0}
{"epoch": 116, "time_epoch": 174.42991, "eta": 14527.78999, "eta_hours": 4.0355, "loss": 0.00790444, "lr": 0.00012287, "params": 3434533, "time_iter": 0.07137, "accuracy": 0.99774, "f1": 0.99768, "auc": 1.0}
{"epoch": 117, "time_epoch": 174.58041, "eta": 14352.44143, "eta_hours": 3.98679, "loss": 0.00719484, "lr": 0.00012043, "params": 3434533, "time_iter": 0.07143, "accuracy": 0.99792, "f1": 0.99782, "auc": 1.0}
{"epoch": 118, "time_epoch": 174.88419, "eta": 14177.31256, "eta_hours": 3.93814, "loss": 0.00690262, "lr": 0.00011801, "params": 3434533, "time_iter": 0.07156, "accuracy": 0.99811, "f1": 0.99813, "auc": 1.0}
{"epoch": 119, "time_epoch": 174.48619, "eta": 14001.92244, "eta_hours": 3.88942, "loss": 0.00798397, "lr": 0.00011559, "params": 3434533, "time_iter": 0.07139, "accuracy": 0.99766, "f1": 0.99767, "auc": 1.0}
{"epoch": 120, "time_epoch": 174.3987, "eta": 13826.49013, "eta_hours": 3.84069, "loss": 0.00613993, "lr": 0.00011318, "params": 3434533, "time_iter": 0.07136, "accuracy": 0.9982, "f1": 0.9982, "auc": 1.0}
{"epoch": 121, "time_epoch": 174.56728, "eta": 13651.18256, "eta_hours": 3.792, "loss": 0.00662277, "lr": 0.00011078, "params": 3434533, "time_iter": 0.07143, "accuracy": 0.99804, "f1": 0.9981, "auc": 1.0}
{"epoch": 122, "time_epoch": 174.33843, "eta": 13475.74375, "eta_hours": 3.74326, "loss": 0.00589845, "lr": 0.00010839, "params": 3434533, "time_iter": 0.07133, "accuracy": 0.99827, "f1": 0.99849, "auc": 1.0}
{"epoch": 123, "time_epoch": 174.34839, "eta": 13300.3288, "eta_hours": 3.69454, "loss": 0.00489103, "lr": 0.00010601, "params": 3434533, "time_iter": 0.07134, "accuracy": 0.99854, "f1": 0.99851, "auc": 1.0}
{"epoch": 124, "time_epoch": 174.50488, "eta": 13125.02481, "eta_hours": 3.64584, "loss": 0.00592757, "lr": 0.00010365, "params": 3434533, "time_iter": 0.0714, "accuracy": 0.99832, "f1": 0.99844, "auc": 1.0}
{"epoch": 125, "time_epoch": 174.71075, "eta": 12949.85441, "eta_hours": 3.59718, "loss": 0.00524689, "lr": 0.0001013, "params": 3434533, "time_iter": 0.07149, "accuracy": 0.99849, "f1": 0.99849, "auc": 1.0}
{"epoch": 126, "time_epoch": 174.57065, "eta": 12774.61072, "eta_hours": 3.5485, "loss": 0.00545289, "lr": 9.896e-05, "params": 3434533, "time_iter": 0.07143, "accuracy": 0.99849, "f1": 0.9985, "auc": 1.0}
{"epoch": 127, "time_epoch": 174.41107, "eta": 12599.28778, "eta_hours": 3.4998, "loss": 0.00537023, "lr": 9.663e-05, "params": 3434533, "time_iter": 0.07136, "accuracy": 0.9984, "f1": 0.99827, "auc": 1.0}
{"epoch": 128, "time_epoch": 174.53476, "eta": 12424.04705, "eta_hours": 3.45112, "loss": 0.0047748, "lr": 9.432e-05, "params": 3434533, "time_iter": 0.07141, "accuracy": 0.99863, "f1": 0.99871, "auc": 1.0}
{"epoch": 129, "time_epoch": 174.58342, "eta": 12248.84339, "eta_hours": 3.40246, "loss": 0.00484725, "lr": 9.203e-05, "params": 3434533, "time_iter": 0.07143, "accuracy": 0.99873, "f1": 0.99875, "auc": 1.0}
{"epoch": 130, "time_epoch": 174.44811, "eta": 12073.57793, "eta_hours": 3.35377, "loss": 0.00470767, "lr": 8.975e-05, "params": 3434533, "time_iter": 0.07138, "accuracy": 0.99864, "f1": 0.99864, "auc": 1.0}
{"epoch": 131, "time_epoch": 174.61803, "eta": 11898.41238, "eta_hours": 3.30511, "loss": 0.00402708, "lr": 8.748e-05, "params": 3434533, "time_iter": 0.07145, "accuracy": 0.99885, "f1": 0.99886, "auc": 1.0}
{"epoch": 132, "time_epoch": 174.74525, "eta": 11723.31916, "eta_hours": 3.25648, "loss": 0.00489239, "lr": 8.524e-05, "params": 3434533, "time_iter": 0.0715, "accuracy": 0.9985, "f1": 0.99851, "auc": 1.0}
{"epoch": 133, "time_epoch": 174.36096, "eta": 11548.04185, "eta_hours": 3.20779, "loss": 0.00391357, "lr": 8.301e-05, "params": 3434533, "time_iter": 0.07134, "accuracy": 0.99891, "f1": 0.99891, "auc": 1.0}
{"epoch": 134, "time_epoch": 174.69014, "eta": 11372.93662, "eta_hours": 3.15915, "loss": 0.00426105, "lr": 8.08e-05, "params": 3434533, "time_iter": 0.07148, "accuracy": 0.99886, "f1": 0.99892, "auc": 1.0}
{"epoch": 135, "time_epoch": 174.42116, "eta": 11197.71091, "eta_hours": 3.11048, "loss": 0.003739, "lr": 7.861e-05, "params": 3434533, "time_iter": 0.07137, "accuracy": 0.9989, "f1": 0.99893, "auc": 1.0}
{"epoch": 136, "time_epoch": 174.39251, "eta": 11022.48377, "eta_hours": 3.0618, "loss": 0.00436045, "lr": 7.644e-05, "params": 3434533, "time_iter": 0.07136, "accuracy": 0.99871, "f1": 0.99854, "auc": 1.0}
{"epoch": 137, "time_epoch": 174.35806, "eta": 10847.25324, "eta_hours": 3.01313, "loss": 0.00400979, "lr": 7.429e-05, "params": 3434533, "time_iter": 0.07134, "accuracy": 0.99896, "f1": 0.99904, "auc": 1.0}
{"epoch": 138, "time_epoch": 174.53014, "eta": 10672.11079, "eta_hours": 2.96448, "loss": 0.0035264, "lr": 7.215e-05, "params": 3434533, "time_iter": 0.07141, "accuracy": 0.99909, "f1": 0.99916, "auc": 1.0}
{"epoch": 139, "time_epoch": 174.38594, "eta": 10496.91529, "eta_hours": 2.91581, "loss": 0.00388419, "lr": 7.005e-05, "params": 3434533, "time_iter": 0.07135, "accuracy": 0.99891, "f1": 0.99891, "auc": 1.0}
{"epoch": 140, "time_epoch": 174.62346, "eta": 10321.83065, "eta_hours": 2.86718, "loss": 0.0030327, "lr": 6.796e-05, "params": 3434533, "time_iter": 0.07145, "accuracy": 0.99916, "f1": 0.99924, "auc": 1.0}
{"epoch": 141, "time_epoch": 174.52099, "eta": 10146.71066, "eta_hours": 2.81853, "loss": 0.0030337, "lr": 6.589e-05, "params": 3434533, "time_iter": 0.07141, "accuracy": 0.99916, "f1": 0.99929, "auc": 1.0}
{"epoch": 142, "time_epoch": 174.82605, "eta": 9971.72064, "eta_hours": 2.76992, "loss": 0.00329158, "lr": 6.385e-05, "params": 3434533, "time_iter": 0.07153, "accuracy": 0.99904, "f1": 0.99907, "auc": 1.0}
{"epoch": 143, "time_epoch": 174.25741, "eta": 9796.51176, "eta_hours": 2.72125, "loss": 0.00303679, "lr": 6.183e-05, "params": 3434533, "time_iter": 0.0713, "accuracy": 0.99908, "f1": 0.99902, "auc": 1.0}
{"epoch": 144, "time_epoch": 174.40125, "eta": 9621.37056, "eta_hours": 2.6726, "loss": 0.00295221, "lr": 5.984e-05, "params": 3434533, "time_iter": 0.07136, "accuracy": 0.99914, "f1": 0.99916, "auc": 1.0}
{"epoch": 145, "time_epoch": 174.59556, "eta": 9446.31137, "eta_hours": 2.62398, "loss": 0.00327288, "lr": 5.787e-05, "params": 3434533, "time_iter": 0.07144, "accuracy": 0.99904, "f1": 0.99909, "auc": 1.0}
{"epoch": 146, "time_epoch": 174.53818, "eta": 9271.2378, "eta_hours": 2.57534, "loss": 0.00306248, "lr": 5.592e-05, "params": 3434533, "time_iter": 0.07141, "accuracy": 0.99925, "f1": 0.99917, "auc": 1.0}
{"epoch": 147, "time_epoch": 174.68622, "eta": 9096.22348, "eta_hours": 2.52673, "loss": 0.00268458, "lr": 5.4e-05, "params": 3434533, "time_iter": 0.07148, "accuracy": 0.99914, "f1": 0.99909, "auc": 1.0}
{"epoch": 148, "time_epoch": 174.86757, "eta": 8921.27564, "eta_hours": 2.47813, "loss": 0.00252232, "lr": 5.211e-05, "params": 3434533, "time_iter": 0.07155, "accuracy": 0.99939, "f1": 0.99941, "auc": 1.0}
{"epoch": 149, "time_epoch": 174.85442, "eta": 8746.32448, "eta_hours": 2.42953, "loss": 0.00230174, "lr": 5.025e-05, "params": 3434533, "time_iter": 0.07154, "accuracy": 0.99939, "f1": 0.99942, "auc": 1.0}
{"epoch": 150, "time_epoch": 174.99838, "eta": 8571.42132, "eta_hours": 2.38095, "loss": 0.00215333, "lr": 4.841e-05, "params": 3434533, "time_iter": 0.0716, "accuracy": 0.99941, "f1": 0.9994, "auc": 1.0}
{"epoch": 151, "time_epoch": 174.76999, "eta": 8396.44478, "eta_hours": 2.33235, "loss": 0.00205663, "lr": 4.66e-05, "params": 3434533, "time_iter": 0.07151, "accuracy": 0.99953, "f1": 0.9995, "auc": 1.0}
{"epoch": 152, "time_epoch": 174.8791, "eta": 8221.50446, "eta_hours": 2.28375, "loss": 0.00246888, "lr": 4.481e-05, "params": 3434533, "time_iter": 0.07155, "accuracy": 0.99935, "f1": 0.99941, "auc": 1.0}
{"epoch": 153, "time_epoch": 174.76555, "eta": 8046.53102, "eta_hours": 2.23515, "loss": 0.00223664, "lr": 4.306e-05, "params": 3434533, "time_iter": 0.07151, "accuracy": 0.99934, "f1": 0.99937, "auc": 1.0}
{"epoch": 154, "time_epoch": 174.91123, "eta": 7871.60256, "eta_hours": 2.18656, "loss": 0.00214811, "lr": 4.134e-05, "params": 3434533, "time_iter": 0.07157, "accuracy": 0.99939, "f1": 0.99935, "auc": 1.0}
{"epoch": 155, "time_epoch": 174.9231, "eta": 7696.67766, "eta_hours": 2.13797, "loss": 0.00193758, "lr": 3.964e-05, "params": 3434533, "time_iter": 0.07157, "accuracy": 0.99951, "f1": 0.99958, "auc": 1.0}
{"epoch": 156, "time_epoch": 174.69702, "eta": 7521.69087, "eta_hours": 2.08936, "loss": 0.00180222, "lr": 3.798e-05, "params": 3434533, "time_iter": 0.07148, "accuracy": 0.9995, "f1": 0.99946, "auc": 1.0}
{"epoch": 157, "time_epoch": 174.78583, "eta": 7346.73135, "eta_hours": 2.04076, "loss": 0.00155443, "lr": 3.634e-05, "params": 3434533, "time_iter": 0.07152, "accuracy": 0.99959, "f1": 0.9997, "auc": 1.0}
{"epoch": 158, "time_epoch": 174.61275, "eta": 7171.72939, "eta_hours": 1.99215, "loss": 0.0013592, "lr": 3.474e-05, "params": 3434533, "time_iter": 0.07145, "accuracy": 0.99967, "f1": 0.99974, "auc": 1.0}
{"epoch": 159, "time_epoch": 174.76365, "eta": 6996.77001, "eta_hours": 1.94355, "loss": 0.0014618, "lr": 3.317e-05, "params": 3434533, "time_iter": 0.07151, "accuracy": 0.99969, "f1": 0.99977, "auc": 1.0}
{"epoch": 160, "time_epoch": 174.70252, "eta": 6821.79826, "eta_hours": 1.89494, "loss": 0.00129862, "lr": 3.163e-05, "params": 3434533, "time_iter": 0.07148, "accuracy": 0.99967, "f1": 0.99968, "auc": 1.0}
{"epoch": 161, "time_epoch": 174.75912, "eta": 6646.84311, "eta_hours": 1.84635, "loss": 0.00156833, "lr": 3.012e-05, "params": 3434533, "time_iter": 0.07151, "accuracy": 0.99953, "f1": 0.99953, "auc": 1.0}
{"epoch": 162, "time_epoch": 174.82977, "eta": 6471.9064, "eta_hours": 1.79775, "loss": 0.00132716, "lr": 2.865e-05, "params": 3434533, "time_iter": 0.07153, "accuracy": 0.99967, "f1": 0.99969, "auc": 1.0}
{"epoch": 163, "time_epoch": 175.01774, "eta": 6297.01226, "eta_hours": 1.74917, "loss": 0.00121305, "lr": 2.721e-05, "params": 3434533, "time_iter": 0.07161, "accuracy": 0.99965, "f1": 0.99966, "auc": 1.0}
{"epoch": 164, "time_epoch": 174.44898, "eta": 6121.99598, "eta_hours": 1.70055, "loss": 0.00142979, "lr": 2.58e-05, "params": 3434533, "time_iter": 0.07138, "accuracy": 0.99974, "f1": 0.99975, "auc": 1.0}
{"epoch": 165, "time_epoch": 174.45276, "eta": 5946.9873, "eta_hours": 1.65194, "loss": 0.00149779, "lr": 2.443e-05, "params": 3434533, "time_iter": 0.07138, "accuracy": 0.99959, "f1": 0.99967, "auc": 1.0}
{"epoch": 166, "time_epoch": 174.43982, "eta": 5771.98273, "eta_hours": 1.60333, "loss": 0.00148717, "lr": 2.309e-05, "params": 3434533, "time_iter": 0.07137, "accuracy": 0.99958, "f1": 0.99961, "auc": 1.0}
{"epoch": 167, "time_epoch": 174.452, "eta": 5596.98719, "eta_hours": 1.55472, "loss": 0.00131373, "lr": 2.178e-05, "params": 3434533, "time_iter": 0.07138, "accuracy": 0.99968, "f1": 0.99969, "auc": 1.0}
{"epoch": 168, "time_epoch": 174.62428, "eta": 5422.02969, "eta_hours": 1.50612, "loss": 0.00103708, "lr": 2.051e-05, "params": 3434533, "time_iter": 0.07145, "accuracy": 0.99976, "f1": 0.99978, "auc": 1.0}
{"epoch": 169, "time_epoch": 174.38789, "eta": 5247.0344, "eta_hours": 1.45751, "loss": 0.001068, "lr": 1.928e-05, "params": 3434533, "time_iter": 0.07135, "accuracy": 0.99972, "f1": 0.99969, "auc": 1.0}
{"epoch": 170, "time_epoch": 174.22744, "eta": 5072.019, "eta_hours": 1.40889, "loss": 0.0010437, "lr": 1.808e-05, "params": 3434533, "time_iter": 0.07129, "accuracy": 0.99977, "f1": 0.99984, "auc": 1.0}
{"epoch": 171, "time_epoch": 174.35655, "eta": 4897.03378, "eta_hours": 1.36029, "loss": 0.00109651, "lr": 1.692e-05, "params": 3434533, "time_iter": 0.07134, "accuracy": 0.99969, "f1": 0.99967, "auc": 1.0}
{"epoch": 172, "time_epoch": 174.46347, "eta": 4722.07251, "eta_hours": 1.31169, "loss": 0.00077649, "lr": 1.579e-05, "params": 3434533, "time_iter": 0.07138, "accuracy": 0.99983, "f1": 0.99985, "auc": 1.0}
{"epoch": 173, "time_epoch": 174.44715, "eta": 4547.11453, "eta_hours": 1.26309, "loss": 0.00104138, "lr": 1.47e-05, "params": 3434533, "time_iter": 0.07138, "accuracy": 0.9998, "f1": 0.99985, "auc": 1.0}
{"epoch": 174, "time_epoch": 174.31941, "eta": 4372.14414, "eta_hours": 1.21448, "loss": 0.00133149, "lr": 1.365e-05, "params": 3434533, "time_iter": 0.07133, "accuracy": 0.99964, "f1": 0.99967, "auc": 1.0}
{"epoch": 175, "time_epoch": 174.26997, "eta": 4197.1744, "eta_hours": 1.16588, "loss": 0.00106817, "lr": 1.263e-05, "params": 3434533, "time_iter": 0.07131, "accuracy": 0.99973, "f1": 0.99977, "auc": 1.0}
{"epoch": 176, "time_epoch": 174.35337, "eta": 4022.22341, "eta_hours": 1.11728, "loss": 0.0008581, "lr": 1.166e-05, "params": 3434533, "time_iter": 0.07134, "accuracy": 0.99982, "f1": 0.99981, "auc": 1.0}
{"epoch": 177, "time_epoch": 175.15988, "eta": 3847.37881, "eta_hours": 1.06872, "loss": 0.00092954, "lr": 1.072e-05, "params": 3434533, "time_iter": 0.07167, "accuracy": 0.99982, "f1": 0.99979, "auc": 1.0}
{"epoch": 178, "time_epoch": 174.55719, "eta": 3672.45998, "eta_hours": 1.02013, "loss": 0.00114851, "lr": 9.82e-06, "params": 3434533, "time_iter": 0.07142, "accuracy": 0.99972, "f1": 0.99973, "auc": 1.0}
{"epoch": 179, "time_epoch": 174.6772, "eta": 3497.55851, "eta_hours": 0.97154, "loss": 0.00085013, "lr": 8.95e-06, "params": 3434533, "time_iter": 0.07147, "accuracy": 0.99981, "f1": 0.99979, "auc": 1.0}
{"epoch": 180, "time_epoch": 174.47644, "eta": 3322.63844, "eta_hours": 0.92296, "loss": 0.00095445, "lr": 8.13e-06, "params": 3434533, "time_iter": 0.07139, "accuracy": 0.9998, "f1": 0.99984, "auc": 1.0}
{"epoch": 181, "time_epoch": 174.31998, "eta": 3147.70777, "eta_hours": 0.87436, "loss": 0.00094753, "lr": 7.34e-06, "params": 3434533, "time_iter": 0.07133, "accuracy": 0.99983, "f1": 0.99985, "auc": 1.0}
{"epoch": 182, "time_epoch": 174.53805, "eta": 2972.80403, "eta_hours": 0.82578, "loss": 0.00072207, "lr": 6.59e-06, "params": 3434533, "time_iter": 0.07141, "accuracy": 0.99987, "f1": 0.9999, "auc": 1.0}
{"epoch": 183, "time_epoch": 174.80017, "eta": 2797.92706, "eta_hours": 0.7772, "loss": 0.00076267, "lr": 5.89e-06, "params": 3434533, "time_iter": 0.07152, "accuracy": 0.99985, "f1": 0.99986, "auc": 1.0}
{"epoch": 184, "time_epoch": 174.87112, "eta": 2623.05668, "eta_hours": 0.72863, "loss": 0.00080774, "lr": 5.22e-06, "params": 3434533, "time_iter": 0.07155, "accuracy": 0.99983, "f1": 0.99982, "auc": 1.0}
{"epoch": 185, "time_epoch": 174.43051, "eta": 2448.15312, "eta_hours": 0.68004, "loss": 0.00078531, "lr": 4.59e-06, "params": 3434533, "time_iter": 0.07137, "accuracy": 0.99991, "f1": 0.99992, "auc": 1.0}
{"epoch": 186, "time_epoch": 175.14421, "eta": 2273.30423, "eta_hours": 0.63147, "loss": 0.00095453, "lr": 4e-06, "params": 3434533, "time_iter": 0.07166, "accuracy": 0.99977, "f1": 0.99975, "auc": 1.0}
{"epoch": 187, "time_epoch": 174.54148, "eta": 2098.41374, "eta_hours": 0.58289, "loss": 0.00077889, "lr": 3.45e-06, "params": 3434533, "time_iter": 0.07142, "accuracy": 0.9998, "f1": 0.99978, "auc": 1.0}
{"epoch": 188, "time_epoch": 174.38526, "eta": 1923.51784, "eta_hours": 0.53431, "loss": 0.00070919, "lr": 2.94e-06, "params": 3434533, "time_iter": 0.07135, "accuracy": 0.99983, "f1": 0.99987, "auc": 1.0}
{"epoch": 189, "time_epoch": 174.45622, "eta": 1748.63105, "eta_hours": 0.48573, "loss": 0.0006516, "lr": 2.47e-06, "params": 3434533, "time_iter": 0.07138, "accuracy": 0.9999, "f1": 0.99991, "auc": 1.0}
{"epoch": 190, "time_epoch": 175.02104, "eta": 1573.77539, "eta_hours": 0.43716, "loss": 0.00101561, "lr": 2.05e-06, "params": 3434533, "time_iter": 0.07161, "accuracy": 0.99971, "f1": 0.99973, "auc": 1.0}
{"epoch": 191, "time_epoch": 174.47305, "eta": 1398.89517, "eta_hours": 0.38858, "loss": 0.0009673, "lr": 1.66e-06, "params": 3434533, "time_iter": 0.07139, "accuracy": 0.99977, "f1": 0.9998, "auc": 1.0}
{"epoch": 192, "time_epoch": 174.2992, "eta": 1224.01287, "eta_hours": 0.34, "loss": 0.00087194, "lr": 1.31e-06, "params": 3434533, "time_iter": 0.07132, "accuracy": 0.9998, "f1": 0.9998, "auc": 1.0}
{"epoch": 193, "time_epoch": 174.46996, "eta": 1049.14185, "eta_hours": 0.29143, "loss": 0.0006423, "lr": 1e-06, "params": 3434533, "time_iter": 0.07139, "accuracy": 0.99985, "f1": 0.99986, "auc": 1.0}
{"epoch": 194, "time_epoch": 174.52913, "eta": 874.27647, "eta_hours": 0.24285, "loss": 0.00081779, "lr": 7.4e-07, "params": 3434533, "time_iter": 0.07141, "accuracy": 0.99985, "f1": 0.99985, "auc": 1.0}
{"epoch": 195, "time_epoch": 175.07059, "eta": 699.42557, "eta_hours": 0.19428, "loss": 0.00079223, "lr": 5.1e-07, "params": 3434533, "time_iter": 0.07163, "accuracy": 0.99982, "f1": 0.99985, "auc": 1.0}
{"epoch": 196, "time_epoch": 174.3504, "eta": 524.56147, "eta_hours": 0.14571, "loss": 0.0005785, "lr": 3.3e-07, "params": 3434533, "time_iter": 0.07134, "accuracy": 0.99992, "f1": 0.99991, "auc": 1.0}
{"epoch": 197, "time_epoch": 174.20158, "eta": 349.70106, "eta_hours": 0.09714, "loss": 0.00082803, "lr": 1.8e-07, "params": 3434533, "time_iter": 0.07128, "accuracy": 0.99986, "f1": 0.99986, "auc": 1.0}
{"epoch": 198, "time_epoch": 174.74975, "eta": 174.85002, "eta_hours": 0.04857, "loss": 0.00065214, "lr": 8e-08, "params": 3434533, "time_iter": 0.0715, "accuracy": 0.99987, "f1": 0.99985, "auc": 1.0}
{"epoch": 199, "time_epoch": 174.80422, "eta": 0.0, "eta_hours": 0.0, "loss": 0.00081467, "lr": 2e-08, "params": 3434533, "time_iter": 0.07152, "accuracy": 0.9998, "f1": 0.9998, "auc": 1.0}
