{"epoch": 0, "time_epoch": 34.51819, "eta": 3417.30066, "eta_hours": 0.94925, "loss": 0.20165789, "lr": 0.0, "params": 337201, "time_iter": 0.11028, "accuracy": 0.17654, "precision": 0.17652, "recall": 0.99999, "f1": 0.30007, "auc": 0.49621}
{"epoch": 1, "time_epoch": 31.39958, "eta": 3229.9706, "eta_hours": 0.89721, "loss": 0.16402195, "lr": 0.0002, "params": 337201, "time_iter": 0.10032, "accuracy": 0.75411, "precision": 0.39963, "recall": 0.78238, "f1": 0.52903, "auc": 0.83751}
{"epoch": 2, "time_epoch": 29.206, "eta": 3075.66854, "eta_hours": 0.85435, "loss": 0.13035018, "lr": 0.0004, "params": 337201, "time_iter": 0.09331, "accuracy": 0.83325, "precision": 0.5172, "recall": 0.83201, "f1": 0.63788, "auc": 0.89399}
{"epoch": 3, "time_epoch": 30.96098, "eta": 3026.03396, "eta_hours": 0.84056, "loss": 0.11544445, "lr": 0.0006, "params": 337201, "time_iter": 0.09892, "accuracy": 0.84086, "precision": 0.53135, "recall": 0.83421, "f1": 0.64919, "auc": 0.9104}
{"epoch": 4, "time_epoch": 31.802, "eta": 2999.84822, "eta_hours": 0.83329, "loss": 0.10906617, "lr": 0.0008, "params": 337201, "time_iter": 0.1016, "accuracy": 0.8423, "precision": 0.53409, "recall": 0.83509, "f1": 0.6515, "auc": 0.9168}
{"epoch": 5, "time_epoch": 31.06682, "eta": 2960.27258, "eta_hours": 0.8223, "loss": 0.10410407, "lr": 0.001, "params": 337201, "time_iter": 0.09926, "accuracy": 0.84658, "precision": 0.54212, "recall": 0.84217, "f1": 0.65963, "auc": 0.92274}
{"epoch": 6, "time_epoch": 31.10488, "eta": 2923.63372, "eta_hours": 0.81212, "loss": 0.10073498, "lr": 0.00099973, "params": 337201, "time_iter": 0.09938, "accuracy": 0.85087, "precision": 0.55048, "recall": 0.84588, "f1": 0.66693, "auc": 0.92704}
{"epoch": 7, "time_epoch": 29.94058, "eta": 2874.98893, "eta_hours": 0.79861, "loss": 0.09955313, "lr": 0.00099891, "params": 337201, "time_iter": 0.09566, "accuracy": 0.85149, "precision": 0.55159, "recall": 0.84809, "f1": 0.66844, "auc": 0.92841}
{"epoch": 8, "time_epoch": 28.51038, "eta": 2816.03963, "eta_hours": 0.78223, "loss": 0.09880615, "lr": 0.00099754, "params": 337201, "time_iter": 0.09109, "accuracy": 0.85259, "precision": 0.55384, "recall": 0.84798, "f1": 0.67005, "auc": 0.92927}
{"epoch": 9, "time_epoch": 30.80504, "eta": 2783.8301, "eta_hours": 0.77329, "loss": 0.0979276, "lr": 0.00099563, "params": 337201, "time_iter": 0.09842, "accuracy": 0.85334, "precision": 0.55529, "recall": 0.84919, "f1": 0.67149, "auc": 0.93027}
{"epoch": 10, "time_epoch": 30.903, "eta": 2752.66854, "eta_hours": 0.76463, "loss": 0.09744143, "lr": 0.00099318, "params": 337201, "time_iter": 0.09873, "accuracy": 0.85358, "precision": 0.55569, "recall": 0.8507, "f1": 0.67225, "auc": 0.93083}
{"epoch": 11, "time_epoch": 30.8156, "eta": 2720.90914, "eta_hours": 0.75581, "loss": 0.09699025, "lr": 0.00099019, "params": 337201, "time_iter": 0.09845, "accuracy": 0.85429, "precision": 0.55713, "recall": 0.85107, "f1": 0.67342, "auc": 0.93142}
{"epoch": 12, "time_epoch": 32.05838, "eta": 2697.61195, "eta_hours": 0.74934, "loss": 0.09685441, "lr": 0.00098666, "params": 337201, "time_iter": 0.10242, "accuracy": 0.85358, "precision": 0.55559, "recall": 0.85203, "f1": 0.67259, "auc": 0.93153}
{"epoch": 13, "time_epoch": 30.71734, "eta": 2664.82537, "eta_hours": 0.74023, "loss": 0.09662049, "lr": 0.0009826, "params": 337201, "time_iter": 0.09814, "accuracy": 0.85449, "precision": 0.5575, "recall": 0.85152, "f1": 0.67383, "auc": 0.93182}
{"epoch": 14, "time_epoch": 28.94129, "eta": 2622.25039, "eta_hours": 0.7284, "loss": 0.09630344, "lr": 0.00097802, "params": 337201, "time_iter": 0.09246, "accuracy": 0.85523, "precision": 0.55907, "recall": 0.85121, "f1": 0.67488, "auc": 0.93223}
{"epoch": 15, "time_epoch": 27.82735, "eta": 2575.53142, "eta_hours": 0.71543, "loss": 0.09610747, "lr": 0.00097291, "params": 337201, "time_iter": 0.08891, "accuracy": 0.8556, "precision": 0.55977, "recall": 0.85199, "f1": 0.67564, "auc": 0.93251}
{"epoch": 16, "time_epoch": 27.80624, "eta": 2530.93193, "eta_hours": 0.70304, "loss": 0.09602339, "lr": 0.00096728, "params": 337201, "time_iter": 0.08884, "accuracy": 0.85433, "precision": 0.55703, "recall": 0.85337, "f1": 0.67407, "auc": 0.93255}
{"epoch": 17, "time_epoch": 31.69328, "eta": 2505.90599, "eta_hours": 0.69608, "loss": 0.09588741, "lr": 0.00096114, "params": 337201, "time_iter": 0.10126, "accuracy": 0.85527, "precision": 0.55904, "recall": 0.85261, "f1": 0.6753, "auc": 0.93272}
{"epoch": 18, "time_epoch": 30.84291, "eta": 2476.55296, "eta_hours": 0.68793, "loss": 0.09588598, "lr": 0.0009545, "params": 337201, "time_iter": 0.09854, "accuracy": 0.85469, "precision": 0.55776, "recall": 0.85359, "f1": 0.67467, "auc": 0.93272}
{"epoch": 19, "time_epoch": 31.08143, "eta": 2448.00504, "eta_hours": 0.68, "loss": 0.09565312, "lr": 0.00094736, "params": 337201, "time_iter": 0.0993, "accuracy": 0.85601, "precision": 0.56061, "recall": 0.85235, "f1": 0.67636, "auc": 0.93305}
{"epoch": 20, "time_epoch": 29.92973, "eta": 2414.88324, "eta_hours": 0.6708, "loss": 0.09558725, "lr": 0.00093974, "params": 337201, "time_iter": 0.09562, "accuracy": 0.8549, "precision": 0.5582, "recall": 0.85362, "f1": 0.675, "auc": 0.93314}
{"epoch": 21, "time_epoch": 30.90287, "eta": 2385.50185, "eta_hours": 0.66264, "loss": 0.09531524, "lr": 0.00093163, "params": 337201, "time_iter": 0.09873, "accuracy": 0.85533, "precision": 0.55902, "recall": 0.8545, "f1": 0.67588, "auc": 0.93355}
{"epoch": 22, "time_epoch": 30.86826, "eta": 2355.8723, "eta_hours": 0.65441, "loss": 0.09516021, "lr": 0.00092305, "params": 337201, "time_iter": 0.09862, "accuracy": 0.85603, "precision": 0.5604, "recall": 0.85531, "f1": 0.67714, "auc": 0.93376}
{"epoch": 23, "time_epoch": 32.89442, "eta": 2332.5557, "eta_hours": 0.64793, "loss": 0.09500622, "lr": 0.000914, "params": 337201, "time_iter": 0.10509, "accuracy": 0.85633, "precision": 0.56114, "recall": 0.85393, "f1": 0.67724, "auc": 0.93394}
{"epoch": 24, "time_epoch": 31.31664, "eta": 2303.73953, "eta_hours": 0.63993, "loss": 0.09458958, "lr": 0.00090451, "params": 337201, "time_iter": 0.10005, "accuracy": 0.85729, "precision": 0.56313, "recall": 0.85425, "f1": 0.67879, "auc": 0.93448}
{"epoch": 25, "time_epoch": 31.00835, "eta": 2273.85358, "eta_hours": 0.63163, "loss": 0.09423777, "lr": 0.00089457, "params": 337201, "time_iter": 0.09907, "accuracy": 0.85793, "precision": 0.5644, "recall": 0.85504, "f1": 0.67996, "auc": 0.93504}
{"epoch": 26, "time_epoch": 36.22276, "eta": 2257.98271, "eta_hours": 0.62722, "loss": 0.09393119, "lr": 0.0008842, "params": 337201, "time_iter": 0.11573, "accuracy": 0.85805, "precision": 0.56455, "recall": 0.85648, "f1": 0.68053, "auc": 0.93544}
{"epoch": 27, "time_epoch": 36.44018, "eta": 2241.2172, "eta_hours": 0.62256, "loss": 0.09359861, "lr": 0.00087341, "params": 337201, "time_iter": 0.11642, "accuracy": 0.85845, "precision": 0.56529, "recall": 0.85762, "f1": 0.68142, "auc": 0.93591}
{"epoch": 28, "time_epoch": 34.48482, "eta": 2218.30756, "eta_hours": 0.6162, "loss": 0.09322923, "lr": 0.00086221, "params": 337201, "time_iter": 0.11018, "accuracy": 0.85838, "precision": 0.56501, "recall": 0.85896, "f1": 0.68165, "auc": 0.93642}
{"epoch": 29, "time_epoch": 33.84823, "eta": 2193.14088, "eta_hours": 0.60921, "loss": 0.09277882, "lr": 0.00085062, "params": 337201, "time_iter": 0.10814, "accuracy": 0.85929, "precision": 0.56687, "recall": 0.85983, "f1": 0.68327, "auc": 0.93709}
{"epoch": 30, "time_epoch": 29.39698, "eta": 2157.50646, "eta_hours": 0.59931, "loss": 0.09266788, "lr": 0.00083864, "params": 337201, "time_iter": 0.09392, "accuracy": 0.85995, "precision": 0.56827, "recall": 0.85984, "f1": 0.68429, "auc": 0.93723}
{"epoch": 31, "time_epoch": 39.24718, "eta": 2143.19357, "eta_hours": 0.59533, "loss": 0.09238725, "lr": 0.00082629, "params": 337201, "time_iter": 0.12539, "accuracy": 0.85955, "precision": 0.56729, "recall": 0.86134, "f1": 0.68405, "auc": 0.93763}
{"epoch": 32, "time_epoch": 40.18151, "eta": 2129.26647, "eta_hours": 0.59146, "loss": 0.09208242, "lr": 0.00081359, "params": 337201, "time_iter": 0.12838, "accuracy": 0.85961, "precision": 0.56735, "recall": 0.86219, "f1": 0.68436, "auc": 0.93801}
{"epoch": 33, "time_epoch": 35.08034, "eta": 2103.89274, "eta_hours": 0.58441, "loss": 0.09199071, "lr": 0.00080054, "params": 337201, "time_iter": 0.11208, "accuracy": 0.86082, "precision": 0.57004, "recall": 0.86091, "f1": 0.68591, "auc": 0.93812}
{"epoch": 34, "time_epoch": 31.31658, "eta": 2070.9745, "eta_hours": 0.57527, "loss": 0.09185916, "lr": 0.00078716, "params": 337201, "time_iter": 0.10005, "accuracy": 0.86004, "precision": 0.56825, "recall": 0.86225, "f1": 0.68504, "auc": 0.93831}
{"epoch": 35, "time_epoch": 32.76907, "eta": 2040.72744, "eta_hours": 0.56687, "loss": 0.09152265, "lr": 0.00077347, "params": 337201, "time_iter": 0.10469, "accuracy": 0.8615, "precision": 0.57132, "recall": 0.86252, "f1": 0.68735, "auc": 0.93883}
{"epoch": 36, "time_epoch": 36.51987, "eta": 2016.73055, "eta_hours": 0.5602, "loss": 0.09145357, "lr": 0.00075948, "params": 337201, "time_iter": 0.11668, "accuracy": 0.86129, "precision": 0.57095, "recall": 0.86188, "f1": 0.68688, "auc": 0.93885}
{"epoch": 37, "time_epoch": 30.58021, "eta": 1982.38353, "eta_hours": 0.55066, "loss": 0.09139147, "lr": 0.00074521, "params": 337201, "time_iter": 0.0977, "accuracy": 0.86122, "precision": 0.57069, "recall": 0.86303, "f1": 0.68706, "auc": 0.939}
{"epoch": 38, "time_epoch": 34.49807, "eta": 1954.35762, "eta_hours": 0.54288, "loss": 0.09109857, "lr": 0.00073067, "params": 337201, "time_iter": 0.11022, "accuracy": 0.86073, "precision": 0.5695, "recall": 0.8645, "f1": 0.68666, "auc": 0.93939}
{"epoch": 39, "time_epoch": 35.01223, "eta": 1926.77934, "eta_hours": 0.53522, "loss": 0.09132432, "lr": 0.00071588, "params": 337201, "time_iter": 0.11186, "accuracy": 0.86144, "precision": 0.57116, "recall": 0.86307, "f1": 0.68741, "auc": 0.93906}
{"epoch": 40, "time_epoch": 34.28813, "eta": 1897.79642, "eta_hours": 0.52717, "loss": 0.09104905, "lr": 0.00070085, "params": 337201, "time_iter": 0.10955, "accuracy": 0.86189, "precision": 0.57213, "recall": 0.86296, "f1": 0.68807, "auc": 0.93939}
{"epoch": 41, "time_epoch": 31.09734, "eta": 1864.15455, "eta_hours": 0.51782, "loss": 0.09101494, "lr": 0.0006856, "params": 337201, "time_iter": 0.09935, "accuracy": 0.86177, "precision": 0.57179, "recall": 0.86378, "f1": 0.68809, "auc": 0.93942}
{"epoch": 42, "time_epoch": 35.24705, "eta": 1836.13182, "eta_hours": 0.51004, "loss": 0.09088296, "lr": 0.00067015, "params": 337201, "time_iter": 0.11261, "accuracy": 0.86137, "precision": 0.57088, "recall": 0.86426, "f1": 0.68758, "auc": 0.93968}
{"epoch": 43, "time_epoch": 35.87438, "eta": 1808.57912, "eta_hours": 0.50238, "loss": 0.09078236, "lr": 0.00065451, "params": 337201, "time_iter": 0.11461, "accuracy": 0.86182, "precision": 0.57186, "recall": 0.86425, "f1": 0.68829, "auc": 0.93977}
{"epoch": 44, "time_epoch": 29.60188, "eta": 1772.99018, "eta_hours": 0.4925, "loss": 0.09072122, "lr": 0.0006387, "params": 337201, "time_iter": 0.09457, "accuracy": 0.86232, "precision": 0.57296, "recall": 0.86391, "f1": 0.68897, "auc": 0.93987}
{"epoch": 45, "time_epoch": 35.28764, "eta": 1744.33614, "eta_hours": 0.48454, "loss": 0.09063583, "lr": 0.00062274, "params": 337201, "time_iter": 0.11274, "accuracy": 0.86107, "precision": 0.57015, "recall": 0.86544, "f1": 0.68742, "auc": 0.93996}
{"epoch": 46, "time_epoch": 34.11449, "eta": 1714.07691, "eta_hours": 0.47613, "loss": 0.0904398, "lr": 0.00060665, "params": 337201, "time_iter": 0.10899, "accuracy": 0.86281, "precision": 0.57401, "recall": 0.86401, "f1": 0.68977, "auc": 0.94023}
{"epoch": 47, "time_epoch": 38.32353, "eta": 1688.21683, "eta_hours": 0.46895, "loss": 0.09037561, "lr": 0.00059044, "params": 337201, "time_iter": 0.12244, "accuracy": 0.86238, "precision": 0.573, "recall": 0.86483, "f1": 0.6893, "auc": 0.94034}
{"epoch": 48, "time_epoch": 34.40262, "eta": 1657.76709, "eta_hours": 0.46049, "loss": 0.09008272, "lr": 0.00057413, "params": 337201, "time_iter": 0.10991, "accuracy": 0.86289, "precision": 0.57401, "recall": 0.86577, "f1": 0.69033, "auc": 0.94073}
{"epoch": 49, "time_epoch": 33.21846, "eta": 1625.97507, "eta_hours": 0.45166, "loss": 0.09009148, "lr": 0.00055774, "params": 337201, "time_iter": 0.10613, "accuracy": 0.86288, "precision": 0.57401, "recall": 0.86543, "f1": 0.69022, "auc": 0.94064}
{"epoch": 50, "time_epoch": 35.01839, "eta": 1595.85646, "eta_hours": 0.44329, "loss": 0.08998686, "lr": 0.00054129, "params": 337201, "time_iter": 0.11188, "accuracy": 0.86265, "precision": 0.5735, "recall": 0.86577, "f1": 0.68996, "auc": 0.94083}
{"epoch": 51, "time_epoch": 39.00421, "eta": 1569.22862, "eta_hours": 0.4359, "loss": 0.08997711, "lr": 0.00052479, "params": 337201, "time_iter": 0.12461, "accuracy": 0.86252, "precision": 0.57314, "recall": 0.86641, "f1": 0.6899, "auc": 0.94082}
{"epoch": 52, "time_epoch": 38.66354, "eta": 1541.83164, "eta_hours": 0.42829, "loss": 0.08981202, "lr": 0.00050827, "params": 337201, "time_iter": 0.12353, "accuracy": 0.86277, "precision": 0.57364, "recall": 0.86686, "f1": 0.6904, "auc": 0.94108}
{"epoch": 53, "time_epoch": 39.55376, "eta": 1514.77571, "eta_hours": 0.42077, "loss": 0.08971298, "lr": 0.00049173, "params": 337201, "time_iter": 0.12637, "accuracy": 0.86242, "precision": 0.57289, "recall": 0.8669, "f1": 0.68987, "auc": 0.94116}
{"epoch": 54, "time_epoch": 35.35415, "eta": 1483.82927, "eta_hours": 0.41217, "loss": 0.08974397, "lr": 0.00047521, "params": 337201, "time_iter": 0.11295, "accuracy": 0.86253, "precision": 0.57309, "recall": 0.86712, "f1": 0.69009, "auc": 0.94112}
{"epoch": 55, "time_epoch": 35.79386, "eta": 1453.07091, "eta_hours": 0.40363, "loss": 0.08941391, "lr": 0.00045871, "params": 337201, "time_iter": 0.11436, "accuracy": 0.8631, "precision": 0.5743, "recall": 0.86744, "f1": 0.69107, "auc": 0.94162}
{"epoch": 56, "time_epoch": 30.57901, "eta": 1418.20185, "eta_hours": 0.39394, "loss": 0.08949068, "lr": 0.00044226, "params": 337201, "time_iter": 0.0977, "accuracy": 0.86278, "precision": 0.57362, "recall": 0.86734, "f1": 0.69054, "auc": 0.94149}
{"epoch": 57, "time_epoch": 29.83543, "eta": 1382.94227, "eta_hours": 0.38415, "loss": 0.08928611, "lr": 0.00042587, "params": 337201, "time_iter": 0.09532, "accuracy": 0.8628, "precision": 0.5736, "recall": 0.86787, "f1": 0.6907, "auc": 0.94172}
{"epoch": 58, "time_epoch": 34.27229, "eta": 1350.9498, "eta_hours": 0.37526, "loss": 0.08918234, "lr": 0.00040956, "params": 337201, "time_iter": 0.1095, "accuracy": 0.86282, "precision": 0.57363, "recall": 0.86814, "f1": 0.6908, "auc": 0.94187}
{"epoch": 59, "time_epoch": 34.09624, "eta": 1318.76397, "eta_hours": 0.36632, "loss": 0.08914134, "lr": 0.00039335, "params": 337201, "time_iter": 0.10893, "accuracy": 0.86299, "precision": 0.57398, "recall": 0.86823, "f1": 0.69109, "auc": 0.94186}
{"epoch": 60, "time_epoch": 28.54811, "eta": 1282.96834, "eta_hours": 0.35638, "loss": 0.08902455, "lr": 0.00037726, "params": 337201, "time_iter": 0.09121, "accuracy": 0.86247, "precision": 0.57282, "recall": 0.86859, "f1": 0.69036, "auc": 0.942}
{"epoch": 61, "time_epoch": 30.22292, "eta": 1248.43299, "eta_hours": 0.34679, "loss": 0.08884016, "lr": 0.0003613, "params": 337201, "time_iter": 0.09656, "accuracy": 0.86331, "precision": 0.57462, "recall": 0.86869, "f1": 0.6917, "auc": 0.9423}
{"epoch": 62, "time_epoch": 32.87456, "eta": 1215.59186, "eta_hours": 0.33766, "loss": 0.08878045, "lr": 0.00034549, "params": 337201, "time_iter": 0.10503, "accuracy": 0.86346, "precision": 0.57494, "recall": 0.86869, "f1": 0.69193, "auc": 0.94238}
{"epoch": 63, "time_epoch": 34.13889, "eta": 1183.46087, "eta_hours": 0.32874, "loss": 0.08866839, "lr": 0.00032985, "params": 337201, "time_iter": 0.10907, "accuracy": 0.86319, "precision": 0.57431, "recall": 0.86936, "f1": 0.69168, "auc": 0.9425}
{"epoch": 64, "time_epoch": 28.77434, "eta": 1148.37949, "eta_hours": 0.31899, "loss": 0.08844337, "lr": 0.0003144, "params": 337201, "time_iter": 0.09193, "accuracy": 0.86363, "precision": 0.57521, "recall": 0.86962, "f1": 0.69242, "auc": 0.94278}
{"epoch": 65, "time_epoch": 38.09239, "eta": 1118.28945, "eta_hours": 0.31064, "loss": 0.08836752, "lr": 0.00029915, "params": 337201, "time_iter": 0.1217, "accuracy": 0.8638, "precision": 0.57555, "recall": 0.87004, "f1": 0.6928, "auc": 0.94288}
{"epoch": 66, "time_epoch": 32.10546, "eta": 1085.01174, "eta_hours": 0.30139, "loss": 0.08827111, "lr": 0.00028412, "params": 337201, "time_iter": 0.10257, "accuracy": 0.86361, "precision": 0.57507, "recall": 0.87074, "f1": 0.69267, "auc": 0.94298}
{"epoch": 67, "time_epoch": 37.38271, "eta": 1054.25192, "eta_hours": 0.29285, "loss": 0.08824232, "lr": 0.00026933, "params": 337201, "time_iter": 0.11943, "accuracy": 0.86343, "precision": 0.57463, "recall": 0.87128, "f1": 0.69252, "auc": 0.943}
{"epoch": 68, "time_epoch": 29.68338, "eta": 1019.84101, "eta_hours": 0.28329, "loss": 0.08797014, "lr": 0.00025479, "params": 337201, "time_iter": 0.09484, "accuracy": 0.86383, "precision": 0.57544, "recall": 0.8717, "f1": 0.69325, "auc": 0.94339}
{"epoch": 69, "time_epoch": 33.33538, "eta": 987.13032, "eta_hours": 0.2742, "loss": 0.08792941, "lr": 0.00024052, "params": 337201, "time_iter": 0.1065, "accuracy": 0.86354, "precision": 0.57479, "recall": 0.87198, "f1": 0.69286, "auc": 0.94339}
{"epoch": 70, "time_epoch": 37.18036, "eta": 955.97252, "eta_hours": 0.26555, "loss": 0.08769273, "lr": 0.00022653, "params": 337201, "time_iter": 0.11879, "accuracy": 0.86405, "precision": 0.57595, "recall": 0.87154, "f1": 0.69356, "auc": 0.94374}
{"epoch": 71, "time_epoch": 29.52237, "eta": 921.66932, "eta_hours": 0.25602, "loss": 0.08761481, "lr": 0.00021284, "params": 337201, "time_iter": 0.09432, "accuracy": 0.86398, "precision": 0.57569, "recall": 0.87247, "f1": 0.69367, "auc": 0.94385}
{"epoch": 72, "time_epoch": 35.54363, "eta": 889.72414, "eta_hours": 0.24715, "loss": 0.08759807, "lr": 0.00019946, "params": 337201, "time_iter": 0.11356, "accuracy": 0.86388, "precision": 0.57553, "recall": 0.872, "f1": 0.69341, "auc": 0.94384}
{"epoch": 73, "time_epoch": 29.82851, "eta": 855.67369, "eta_hours": 0.23769, "loss": 0.08750714, "lr": 0.00018641, "params": 337201, "time_iter": 0.0953, "accuracy": 0.86395, "precision": 0.57562, "recall": 0.87263, "f1": 0.69367, "auc": 0.94395}
{"epoch": 74, "time_epoch": 29.42706, "eta": 821.60201, "eta_hours": 0.22822, "loss": 0.0874197, "lr": 0.00017371, "params": 337201, "time_iter": 0.09402, "accuracy": 0.86389, "precision": 0.57544, "recall": 0.87308, "f1": 0.69368, "auc": 0.94403}
{"epoch": 75, "time_epoch": 30.3955, "eta": 787.95838, "eta_hours": 0.21888, "loss": 0.08725493, "lr": 0.00016136, "params": 337201, "time_iter": 0.09711, "accuracy": 0.86391, "precision": 0.57544, "recall": 0.87351, "f1": 0.69382, "auc": 0.94424}
{"epoch": 76, "time_epoch": 37.66455, "eta": 756.57039, "eta_hours": 0.21016, "loss": 0.08712627, "lr": 0.00014938, "params": 337201, "time_iter": 0.12033, "accuracy": 0.86406, "precision": 0.57574, "recall": 0.87367, "f1": 0.69408, "auc": 0.94441}
{"epoch": 77, "time_epoch": 38.20375, "eta": 725.17354, "eta_hours": 0.20144, "loss": 0.08711912, "lr": 0.00013779, "params": 337201, "time_iter": 0.12206, "accuracy": 0.86362, "precision": 0.5748, "recall": 0.87366, "f1": 0.69339, "auc": 0.9444}
{"epoch": 78, "time_epoch": 32.71808, "eta": 692.14615, "eta_hours": 0.19226, "loss": 0.08697647, "lr": 0.00012659, "params": 337201, "time_iter": 0.10453, "accuracy": 0.86382, "precision": 0.57514, "recall": 0.8746, "f1": 0.69394, "auc": 0.9446}
{"epoch": 79, "time_epoch": 35.55607, "eta": 659.83599, "eta_hours": 0.18329, "loss": 0.08691884, "lr": 0.0001158, "params": 337201, "time_iter": 0.1136, "accuracy": 0.86423, "precision": 0.57605, "recall": 0.8743, "f1": 0.69451, "auc": 0.94465}
{"epoch": 80, "time_epoch": 39.50217, "eta": 628.37132, "eta_hours": 0.17455, "loss": 0.08672467, "lr": 0.00010543, "params": 337201, "time_iter": 0.12621, "accuracy": 0.86434, "precision": 0.57624, "recall": 0.87459, "f1": 0.69474, "auc": 0.94488}
{"epoch": 81, "time_epoch": 39.49285, "eta": 596.70856, "eta_hours": 0.16575, "loss": 0.08670024, "lr": 9.549e-05, "params": 337201, "time_iter": 0.12618, "accuracy": 0.86402, "precision": 0.57557, "recall": 0.87446, "f1": 0.69421, "auc": 0.94489}
{"epoch": 82, "time_epoch": 30.36383, "eta": 562.98732, "eta_hours": 0.15639, "loss": 0.08663045, "lr": 8.6e-05, "params": 337201, "time_iter": 0.09701, "accuracy": 0.86423, "precision": 0.57604, "recall": 0.8744, "f1": 0.69453, "auc": 0.94498}
{"epoch": 83, "time_epoch": 32.17817, "eta": 529.69162, "eta_hours": 0.14714, "loss": 0.08657945, "lr": 7.695e-05, "params": 337201, "time_iter": 0.10281, "accuracy": 0.86419, "precision": 0.5759, "recall": 0.87486, "f1": 0.69457, "auc": 0.94505}
{"epoch": 84, "time_epoch": 29.11143, "eta": 495.88101, "eta_hours": 0.13774, "loss": 0.08645489, "lr": 6.837e-05, "params": 337201, "time_iter": 0.09301, "accuracy": 0.86392, "precision": 0.57524, "recall": 0.87577, "f1": 0.69438, "auc": 0.94521}
{"epoch": 85, "time_epoch": 30.7967, "eta": 462.45404, "eta_hours": 0.12846, "loss": 0.08635064, "lr": 6.026e-05, "params": 337201, "time_iter": 0.09839, "accuracy": 0.86407, "precision": 0.57561, "recall": 0.87534, "f1": 0.69451, "auc": 0.94534}
{"epoch": 86, "time_epoch": 33.57894, "eta": 429.50327, "eta_hours": 0.11931, "loss": 0.08642449, "lr": 5.264e-05, "params": 337201, "time_iter": 0.10728, "accuracy": 0.86398, "precision": 0.57541, "recall": 0.87534, "f1": 0.69437, "auc": 0.94522}
{"epoch": 87, "time_epoch": 37.66684, "eta": 397.09567, "eta_hours": 0.1103, "loss": 0.08634727, "lr": 4.55e-05, "params": 337201, "time_iter": 0.12034, "accuracy": 0.86403, "precision": 0.57548, "recall": 0.87576, "f1": 0.69455, "auc": 0.94534}
{"epoch": 88, "time_epoch": 42.89606, "eta": 365.21619, "eta_hours": 0.10145, "loss": 0.08620793, "lr": 3.886e-05, "params": 337201, "time_iter": 0.13705, "accuracy": 0.86455, "precision": 0.57662, "recall": 0.87556, "f1": 0.69532, "auc": 0.94551}
{"epoch": 89, "time_epoch": 33.06067, "eta": 331.99907, "eta_hours": 0.09222, "loss": 0.08615266, "lr": 3.272e-05, "params": 337201, "time_iter": 0.10563, "accuracy": 0.86445, "precision": 0.57632, "recall": 0.87622, "f1": 0.69531, "auc": 0.9456}
{"epoch": 90, "time_epoch": 32.65841, "eta": 298.74561, "eta_hours": 0.08298, "loss": 0.08620731, "lr": 2.709e-05, "params": 337201, "time_iter": 0.10434, "accuracy": 0.86432, "precision": 0.57602, "recall": 0.87647, "f1": 0.69517, "auc": 0.94551}
{"epoch": 91, "time_epoch": 33.45558, "eta": 265.5744, "eta_hours": 0.07377, "loss": 0.08610682, "lr": 2.198e-05, "params": 337201, "time_iter": 0.10689, "accuracy": 0.86412, "precision": 0.57559, "recall": 0.87644, "f1": 0.69485, "auc": 0.9456}
{"epoch": 92, "time_epoch": 41.0477, "eta": 232.96853, "eta_hours": 0.06471, "loss": 0.08605759, "lr": 1.74e-05, "params": 337201, "time_iter": 0.13114, "accuracy": 0.86404, "precision": 0.5754, "recall": 0.87661, "f1": 0.69477, "auc": 0.94566}
{"epoch": 93, "time_epoch": 35.89481, "eta": 199.85414, "eta_hours": 0.05552, "loss": 0.08606408, "lr": 1.334e-05, "params": 337201, "time_iter": 0.11468, "accuracy": 0.86405, "precision": 0.57539, "recall": 0.87708, "f1": 0.69491, "auc": 0.94565}
{"epoch": 94, "time_epoch": 38.79643, "eta": 166.83392, "eta_hours": 0.04634, "loss": 0.08604714, "lr": 9.81e-06, "params": 337201, "time_iter": 0.12395, "accuracy": 0.86442, "precision": 0.57628, "recall": 0.87616, "f1": 0.69526, "auc": 0.94567}
{"epoch": 95, "time_epoch": 35.60866, "eta": 133.56055, "eta_hours": 0.0371, "loss": 0.08604427, "lr": 6.82e-06, "params": 337201, "time_iter": 0.11377, "accuracy": 0.8643, "precision": 0.57601, "recall": 0.87624, "f1": 0.69509, "auc": 0.94566}
{"epoch": 96, "time_epoch": 30.00062, "eta": 100.06558, "eta_hours": 0.0278, "loss": 0.08596392, "lr": 4.37e-06, "params": 337201, "time_iter": 0.09585, "accuracy": 0.86431, "precision": 0.57598, "recall": 0.87671, "f1": 0.69522, "auc": 0.94579}
{"epoch": 97, "time_epoch": 33.73574, "eta": 66.71815, "eta_hours": 0.01853, "loss": 0.08604833, "lr": 2.46e-06, "params": 337201, "time_iter": 0.10778, "accuracy": 0.86424, "precision": 0.57583, "recall": 0.87672, "f1": 0.69511, "auc": 0.94567}
{"epoch": 98, "time_epoch": 38.82984, "eta": 33.41434, "eta_hours": 0.00928, "loss": 0.08602067, "lr": 1.09e-06, "params": 337201, "time_iter": 0.12406, "accuracy": 0.86415, "precision": 0.57561, "recall": 0.87689, "f1": 0.695, "auc": 0.94567}
{"epoch": 99, "time_epoch": 40.66305, "eta": 0.0, "eta_hours": 0.0, "loss": 0.08607337, "lr": 2.7e-07, "params": 337201, "time_iter": 0.12991, "accuracy": 0.86402, "precision": 0.57543, "recall": 0.87593, "f1": 0.69457, "auc": 0.94565}
