{"epoch": 0, "time_epoch": 61.38709, "eta": 6077.3224, "eta_hours": 1.68815, "loss": 2.30407853, "lr": 0.0, "params": 112726, "time_iter": 0.02182, "accuracy": 0.0912, "f1": 0.08357, "auc": 0.51277}
{"epoch": 1, "time_epoch": 56.41199, "eta": 5772.15523, "eta_hours": 1.60338, "loss": 2.01852527, "lr": 0.0002, "params": 112726, "time_iter": 0.02005, "accuracy": 0.3322, "f1": 0.30871, "auc": 0.7816}
{"epoch": 2, "time_epoch": 56.43358, "eta": 5633.52297, "eta_hours": 1.56487, "loss": 1.67965722, "lr": 0.0004, "params": 112726, "time_iter": 0.02006, "accuracy": 0.43962, "f1": 0.43082, "auc": 0.84784}
{"epoch": 3, "time_epoch": 56.40292, "eta": 5535.25402, "eta_hours": 1.53757, "loss": 1.46687251, "lr": 0.0006, "params": 112726, "time_iter": 0.02005, "accuracy": 0.49404, "f1": 0.48939, "auc": 0.87701}
{"epoch": 4, "time_epoch": 56.36502, "eta": 5453.0114, "eta_hours": 1.51473, "loss": 1.33912761, "lr": 0.0008, "params": 112726, "time_iter": 0.02004, "accuracy": 0.53182, "f1": 0.52915, "auc": 0.89548}
{"epoch": 5, "time_epoch": 56.35267, "eta": 5379.20117, "eta_hours": 1.49422, "loss": 1.26189054, "lr": 0.001, "params": 112726, "time_iter": 0.02003, "accuracy": 0.55578, "f1": 0.55398, "auc": 0.90663}
{"epoch": 6, "time_epoch": 56.36439, "eta": 5310.53463, "eta_hours": 1.47515, "loss": 1.18115512, "lr": 0.00099973, "params": 112726, "time_iter": 0.02004, "accuracy": 0.58604, "f1": 0.58479, "auc": 0.91803}
{"epoch": 7, "time_epoch": 56.33189, "eta": 5244.56988, "eta_hours": 1.45682, "loss": 1.11703449, "lr": 0.00099891, "params": 112726, "time_iter": 0.02003, "accuracy": 0.60882, "f1": 0.60799, "auc": 0.92675}
{"epoch": 8, "time_epoch": 56.35023, "eta": 5180.93115, "eta_hours": 1.43915, "loss": 1.06650336, "lr": 0.00099754, "params": 112726, "time_iter": 0.02003, "accuracy": 0.62851, "f1": 0.62752, "auc": 0.9329}
{"epoch": 9, "time_epoch": 56.28151, "eta": 5118.13163, "eta_hours": 1.4217, "loss": 1.02497374, "lr": 0.00099563, "params": 112726, "time_iter": 0.02001, "accuracy": 0.64002, "f1": 0.63917, "auc": 0.93785}
{"epoch": 10, "time_epoch": 56.33013, "eta": 5056.91059, "eta_hours": 1.4047, "loss": 0.99048264, "lr": 0.00099318, "params": 112726, "time_iter": 0.02002, "accuracy": 0.65449, "f1": 0.65363, "auc": 0.94184}
{"epoch": 11, "time_epoch": 56.30104, "eta": 4996.29141, "eta_hours": 1.38786, "loss": 0.95857654, "lr": 0.00099019, "params": 112726, "time_iter": 0.02001, "accuracy": 0.66347, "f1": 0.66292, "auc": 0.94553}
{"epoch": 12, "time_epoch": 56.30363, "eta": 4936.35388, "eta_hours": 1.37121, "loss": 0.92877052, "lr": 0.00098666, "params": 112726, "time_iter": 0.02002, "accuracy": 0.67551, "f1": 0.67472, "auc": 0.94863}
{"epoch": 13, "time_epoch": 56.36604, "eta": 4877.31883, "eta_hours": 1.35481, "loss": 0.91315817, "lr": 0.0009826, "params": 112726, "time_iter": 0.02004, "accuracy": 0.68242, "f1": 0.68176, "auc": 0.95024}
{"epoch": 14, "time_epoch": 56.32191, "eta": 4818.38959, "eta_hours": 1.33844, "loss": 0.88523005, "lr": 0.00097802, "params": 112726, "time_iter": 0.02002, "accuracy": 0.692, "f1": 0.69125, "auc": 0.953}
{"epoch": 15, "time_epoch": 56.24935, "eta": 4759.40531, "eta_hours": 1.32206, "loss": 0.86603549, "lr": 0.00097291, "params": 112726, "time_iter": 0.02, "accuracy": 0.69938, "f1": 0.69879, "auc": 0.9551}
{"epoch": 16, "time_epoch": 56.29056, "eta": 4700.94402, "eta_hours": 1.30582, "loss": 0.84472445, "lr": 0.00096728, "params": 112726, "time_iter": 0.02001, "accuracy": 0.70678, "f1": 0.70609, "auc": 0.95707}
{"epoch": 17, "time_epoch": 56.31975, "eta": 4642.85689, "eta_hours": 1.28968, "loss": 0.8260359, "lr": 0.00096114, "params": 112726, "time_iter": 0.02002, "accuracy": 0.71167, "f1": 0.71115, "auc": 0.95895}
{"epoch": 18, "time_epoch": 56.29721, "eta": 4584.85973, "eta_hours": 1.27357, "loss": 0.810793, "lr": 0.0009545, "params": 112726, "time_iter": 0.02001, "accuracy": 0.71869, "f1": 0.71801, "auc": 0.96029}
{"epoch": 19, "time_epoch": 56.33657, "eta": 4527.18997, "eta_hours": 1.25755, "loss": 0.79342931, "lr": 0.00094736, "params": 112726, "time_iter": 0.02003, "accuracy": 0.72553, "f1": 0.72512, "auc": 0.96202}
{"epoch": 20, "time_epoch": 56.16689, "eta": 4469.00889, "eta_hours": 1.24139, "loss": 0.78023454, "lr": 0.00093974, "params": 112726, "time_iter": 0.01997, "accuracy": 0.72809, "f1": 0.72761, "auc": 0.96326}
{"epoch": 21, "time_epoch": 56.27643, "eta": 4411.39925, "eta_hours": 1.22539, "loss": 0.75825213, "lr": 0.00093163, "params": 112726, "time_iter": 0.02001, "accuracy": 0.7366, "f1": 0.73622, "auc": 0.9653}
{"epoch": 22, "time_epoch": 56.11417, "eta": 4353.36233, "eta_hours": 1.20927, "loss": 0.74959184, "lr": 0.00092305, "params": 112726, "time_iter": 0.01995, "accuracy": 0.73907, "f1": 0.73878, "auc": 0.96604}
{"epoch": 23, "time_epoch": 55.79827, "eta": 4294.48531, "eta_hours": 1.19291, "loss": 0.73430205, "lr": 0.000914, "params": 112726, "time_iter": 0.01984, "accuracy": 0.74573, "f1": 0.74529, "auc": 0.96733}
{"epoch": 24, "time_epoch": 55.85407, "eta": 4236.02198, "eta_hours": 1.17667, "loss": 0.72117746, "lr": 0.00090451, "params": 112726, "time_iter": 0.01986, "accuracy": 0.75069, "f1": 0.75033, "auc": 0.96851}
{"epoch": 25, "time_epoch": 55.19292, "eta": 4175.87761, "eta_hours": 1.15997, "loss": 0.70873602, "lr": 0.00089457, "params": 112726, "time_iter": 0.01962, "accuracy": 0.7558, "f1": 0.75541, "auc": 0.96952}
{"epoch": 26, "time_epoch": 55.09106, "eta": 4115.82464, "eta_hours": 1.14328, "loss": 0.69245412, "lr": 0.0008842, "params": 112726, "time_iter": 0.01958, "accuracy": 0.75962, "f1": 0.75931, "auc": 0.97068}
{"epoch": 27, "time_epoch": 55.1516, "eta": 4056.28176, "eta_hours": 1.12674, "loss": 0.69097078, "lr": 0.00087341, "params": 112726, "time_iter": 0.01961, "accuracy": 0.7592, "f1": 0.75891, "auc": 0.971}
{"epoch": 28, "time_epoch": 55.01855, "eta": 3996.71598, "eta_hours": 1.1102, "loss": 0.67459784, "lr": 0.00086221, "params": 112726, "time_iter": 0.01956, "accuracy": 0.76633, "f1": 0.76592, "auc": 0.97212}
{"epoch": 29, "time_epoch": 55.02674, "eta": 3937.47246, "eta_hours": 1.09374, "loss": 0.66151775, "lr": 0.00085062, "params": 112726, "time_iter": 0.01956, "accuracy": 0.77013, "f1": 0.76976, "auc": 0.97323}
{"epoch": 30, "time_epoch": 55.03875, "eta": 3878.52772, "eta_hours": 1.07737, "loss": 0.64848318, "lr": 0.00083864, "params": 112726, "time_iter": 0.01957, "accuracy": 0.7758, "f1": 0.77547, "auc": 0.97417}
{"epoch": 31, "time_epoch": 55.04161, "eta": 3819.83318, "eta_hours": 1.06106, "loss": 0.64081976, "lr": 0.00082629, "params": 112726, "time_iter": 0.01957, "accuracy": 0.7778, "f1": 0.77751, "auc": 0.97485}
{"epoch": 32, "time_epoch": 55.11995, "eta": 3761.51908, "eta_hours": 1.04487, "loss": 0.62935517, "lr": 0.00081359, "params": 112726, "time_iter": 0.01959, "accuracy": 0.78287, "f1": 0.78262, "auc": 0.97566}
{"epoch": 33, "time_epoch": 54.99708, "eta": 3703.15437, "eta_hours": 1.02865, "loss": 0.61656781, "lr": 0.00080054, "params": 112726, "time_iter": 0.01955, "accuracy": 0.7848, "f1": 0.78464, "auc": 0.97667}
{"epoch": 34, "time_epoch": 54.95677, "eta": 3644.90724, "eta_hours": 1.01247, "loss": 0.60368806, "lr": 0.00078716, "params": 112726, "time_iter": 0.01954, "accuracy": 0.79156, "f1": 0.79125, "auc": 0.97752}
{"epoch": 35, "time_epoch": 55.03188, "eta": 3586.97643, "eta_hours": 0.99638, "loss": 0.60039068, "lr": 0.00077347, "params": 112726, "time_iter": 0.01956, "accuracy": 0.79229, "f1": 0.79209, "auc": 0.97778}
{"epoch": 36, "time_epoch": 55.09894, "eta": 3529.31649, "eta_hours": 0.98037, "loss": 0.58193655, "lr": 0.00075948, "params": 112726, "time_iter": 0.01959, "accuracy": 0.79951, "f1": 0.79936, "auc": 0.9791}
{"epoch": 37, "time_epoch": 55.05255, "eta": 3471.71567, "eta_hours": 0.96437, "loss": 0.57457538, "lr": 0.00074521, "params": 112726, "time_iter": 0.01957, "accuracy": 0.80153, "f1": 0.80133, "auc": 0.97951}
{"epoch": 38, "time_epoch": 55.0996, "eta": 3414.31912, "eta_hours": 0.94842, "loss": 0.5649461, "lr": 0.00073067, "params": 112726, "time_iter": 0.01959, "accuracy": 0.80431, "f1": 0.80398, "auc": 0.9802}
{"epoch": 39, "time_epoch": 55.10454, "eta": 3357.04482, "eta_hours": 0.93251, "loss": 0.55240574, "lr": 0.00071588, "params": 112726, "time_iter": 0.01959, "accuracy": 0.80798, "f1": 0.80775, "auc": 0.98112}
{"epoch": 40, "time_epoch": 55.14839, "eta": 3299.93946, "eta_hours": 0.91665, "loss": 0.54455709, "lr": 0.00070085, "params": 112726, "time_iter": 0.0196, "accuracy": 0.81236, "f1": 0.81211, "auc": 0.98157}
{"epoch": 41, "time_epoch": 55.09908, "eta": 3242.85919, "eta_hours": 0.90079, "loss": 0.53923315, "lr": 0.0006856, "params": 112726, "time_iter": 0.01959, "accuracy": 0.81524, "f1": 0.81512, "auc": 0.98176}
{"epoch": 42, "time_epoch": 55.10014, "eta": 3185.87248, "eta_hours": 0.88496, "loss": 0.52781154, "lr": 0.00067015, "params": 112726, "time_iter": 0.01959, "accuracy": 0.81704, "f1": 0.81681, "auc": 0.9826}
{"epoch": 43, "time_epoch": 55.09493, "eta": 3128.96489, "eta_hours": 0.86916, "loss": 0.50860834, "lr": 0.00065451, "params": 112726, "time_iter": 0.01959, "accuracy": 0.82596, "f1": 0.82573, "auc": 0.98375}
{"epoch": 44, "time_epoch": 55.01487, "eta": 3072.04002, "eta_hours": 0.85334, "loss": 0.5058702, "lr": 0.0006387, "params": 112726, "time_iter": 0.01956, "accuracy": 0.82651, "f1": 0.82629, "auc": 0.984}
{"epoch": 45, "time_epoch": 54.91932, "eta": 3015.08602, "eta_hours": 0.83752, "loss": 0.49969366, "lr": 0.00062274, "params": 112726, "time_iter": 0.01952, "accuracy": 0.82656, "f1": 0.82642, "auc": 0.98434}
{"epoch": 46, "time_epoch": 54.8858, "eta": 2958.18081, "eta_hours": 0.82172, "loss": 0.49500348, "lr": 0.00060665, "params": 112726, "time_iter": 0.01951, "accuracy": 0.82982, "f1": 0.82965, "auc": 0.98467}
{"epoch": 47, "time_epoch": 54.91155, "eta": 2901.38763, "eta_hours": 0.80594, "loss": 0.48100192, "lr": 0.00059044, "params": 112726, "time_iter": 0.01952, "accuracy": 0.83478, "f1": 0.83466, "auc": 0.98544}
{"epoch": 48, "time_epoch": 54.90931, "eta": 2844.66892, "eta_hours": 0.79019, "loss": 0.46820752, "lr": 0.00057413, "params": 112726, "time_iter": 0.01952, "accuracy": 0.84069, "f1": 0.84056, "auc": 0.9861}
{"epoch": 49, "time_epoch": 54.89901, "eta": 2788.01229, "eta_hours": 0.77445, "loss": 0.46225257, "lr": 0.00055774, "params": 112726, "time_iter": 0.01952, "accuracy": 0.8398, "f1": 0.83972, "auc": 0.98658}
{"epoch": 50, "time_epoch": 54.8922, "eta": 2731.41804, "eta_hours": 0.75873, "loss": 0.45000655, "lr": 0.00054129, "params": 112726, "time_iter": 0.01951, "accuracy": 0.84576, "f1": 0.84558, "auc": 0.9872}
{"epoch": 51, "time_epoch": 54.87328, "eta": 2674.87179, "eta_hours": 0.74302, "loss": 0.44407185, "lr": 0.00052479, "params": 112726, "time_iter": 0.01951, "accuracy": 0.84578, "f1": 0.84562, "auc": 0.98749}
{"epoch": 52, "time_epoch": 54.98988, "eta": 2618.49207, "eta_hours": 0.72736, "loss": 0.43436146, "lr": 0.00050827, "params": 112726, "time_iter": 0.01955, "accuracy": 0.85062, "f1": 0.85046, "auc": 0.98803}
{"epoch": 53, "time_epoch": 54.92129, "eta": 2562.1054, "eta_hours": 0.7117, "loss": 0.43167991, "lr": 0.00049173, "params": 112726, "time_iter": 0.01952, "accuracy": 0.85284, "f1": 0.85276, "auc": 0.98813}
{"epoch": 54, "time_epoch": 54.91311, "eta": 2505.76532, "eta_hours": 0.69605, "loss": 0.42138223, "lr": 0.00047521, "params": 112726, "time_iter": 0.01952, "accuracy": 0.85538, "f1": 0.8553, "auc": 0.98873}
{"epoch": 55, "time_epoch": 54.89698, "eta": 2449.46353, "eta_hours": 0.68041, "loss": 0.40700191, "lr": 0.00045871, "params": 112726, "time_iter": 0.01952, "accuracy": 0.85996, "f1": 0.85988, "auc": 0.98947}
{"epoch": 56, "time_epoch": 54.89271, "eta": 2393.20781, "eta_hours": 0.66478, "loss": 0.40279789, "lr": 0.00044226, "params": 112726, "time_iter": 0.01951, "accuracy": 0.86129, "f1": 0.86123, "auc": 0.98966}
{"epoch": 57, "time_epoch": 54.93923, "eta": 2337.03277, "eta_hours": 0.64918, "loss": 0.39129096, "lr": 0.00042587, "params": 112726, "time_iter": 0.01953, "accuracy": 0.86478, "f1": 0.86466, "auc": 0.99016}
{"epoch": 58, "time_epoch": 54.86535, "eta": 2280.84829, "eta_hours": 0.63357, "loss": 0.38289608, "lr": 0.00040956, "params": 112726, "time_iter": 0.0195, "accuracy": 0.86804, "f1": 0.86791, "auc": 0.99057}
{"epoch": 59, "time_epoch": 54.87336, "eta": 2224.71312, "eta_hours": 0.61798, "loss": 0.37773137, "lr": 0.00039335, "params": 112726, "time_iter": 0.01951, "accuracy": 0.87171, "f1": 0.87164, "auc": 0.99073}
{"epoch": 60, "time_epoch": 54.77953, "eta": 2168.55933, "eta_hours": 0.60238, "loss": 0.3683297, "lr": 0.00037726, "params": 112726, "time_iter": 0.01947, "accuracy": 0.87411, "f1": 0.87399, "auc": 0.9912}
{"epoch": 61, "time_epoch": 54.72133, "eta": 2112.4142, "eta_hours": 0.58678, "loss": 0.36207568, "lr": 0.0003613, "params": 112726, "time_iter": 0.01945, "accuracy": 0.87698, "f1": 0.87689, "auc": 0.99153}
{"epoch": 62, "time_epoch": 54.68558, "eta": 2056.29327, "eta_hours": 0.57119, "loss": 0.35564779, "lr": 0.00034549, "params": 112726, "time_iter": 0.01944, "accuracy": 0.87716, "f1": 0.87717, "auc": 0.9919}
{"epoch": 63, "time_epoch": 54.67626, "eta": 2000.21196, "eta_hours": 0.55561, "loss": 0.34339717, "lr": 0.00032985, "params": 112726, "time_iter": 0.01944, "accuracy": 0.88289, "f1": 0.88279, "auc": 0.99228}
{"epoch": 64, "time_epoch": 54.7387, "eta": 1944.2075, "eta_hours": 0.54006, "loss": 0.33927923, "lr": 0.0003144, "params": 112726, "time_iter": 0.01946, "accuracy": 0.88604, "f1": 0.88597, "auc": 0.99243}
{"epoch": 65, "time_epoch": 54.77083, "eta": 1888.25795, "eta_hours": 0.52452, "loss": 0.33131898, "lr": 0.00029915, "params": 112726, "time_iter": 0.01947, "accuracy": 0.88729, "f1": 0.88721, "auc": 0.99285}
{"epoch": 66, "time_epoch": 54.66879, "eta": 1832.29333, "eta_hours": 0.50897, "loss": 0.32680459, "lr": 0.00028412, "params": 112726, "time_iter": 0.01943, "accuracy": 0.88871, "f1": 0.88865, "auc": 0.99302}
{"epoch": 67, "time_epoch": 54.74327, "eta": 1776.40187, "eta_hours": 0.49344, "loss": 0.3135923, "lr": 0.00026933, "params": 112726, "time_iter": 0.01946, "accuracy": 0.89324, "f1": 0.89319, "auc": 0.99356}
{"epoch": 68, "time_epoch": 54.60606, "eta": 1720.48205, "eta_hours": 0.47791, "loss": 0.30622198, "lr": 0.00025479, "params": 112726, "time_iter": 0.01941, "accuracy": 0.8946, "f1": 0.89456, "auc": 0.99381}
{"epoch": 69, "time_epoch": 54.80424, "eta": 1664.68469, "eta_hours": 0.46241, "loss": 0.30264847, "lr": 0.00024052, "params": 112726, "time_iter": 0.01948, "accuracy": 0.89531, "f1": 0.89529, "auc": 0.99399}
{"epoch": 70, "time_epoch": 54.7687, "eta": 1608.90079, "eta_hours": 0.44692, "loss": 0.29670937, "lr": 0.00022653, "params": 112726, "time_iter": 0.01947, "accuracy": 0.90018, "f1": 0.90012, "auc": 0.99411}
{"epoch": 71, "time_epoch": 54.8934, "eta": 1553.19359, "eta_hours": 0.43144, "loss": 0.29458733, "lr": 0.00021284, "params": 112726, "time_iter": 0.01951, "accuracy": 0.9006, "f1": 0.90057, "auc": 0.9943}
{"epoch": 72, "time_epoch": 55.0932, "eta": 1497.58258, "eta_hours": 0.416, "loss": 0.2868986, "lr": 0.00019946, "params": 112726, "time_iter": 0.01959, "accuracy": 0.90224, "f1": 0.90215, "auc": 0.99461}
{"epoch": 73, "time_epoch": 54.81691, "eta": 1441.88849, "eta_hours": 0.40052, "loss": 0.27835506, "lr": 0.00018641, "params": 112726, "time_iter": 0.01949, "accuracy": 0.90527, "f1": 0.90526, "auc": 0.99487}
{"epoch": 74, "time_epoch": 54.73993, "eta": 1386.19214, "eta_hours": 0.38505, "loss": 0.26547505, "lr": 0.00017371, "params": 112726, "time_iter": 0.01946, "accuracy": 0.91118, "f1": 0.91113, "auc": 0.99525}
{"epoch": 75, "time_epoch": 54.96472, "eta": 1330.59194, "eta_hours": 0.36961, "loss": 0.27221606, "lr": 0.00016136, "params": 112726, "time_iter": 0.01954, "accuracy": 0.90727, "f1": 0.90722, "auc": 0.99507}
{"epoch": 76, "time_epoch": 54.85205, "eta": 1274.97459, "eta_hours": 0.35416, "loss": 0.2661512, "lr": 0.00014938, "params": 112726, "time_iter": 0.0195, "accuracy": 0.91016, "f1": 0.9101, "auc": 0.99525}
{"epoch": 77, "time_epoch": 54.70829, "eta": 1219.33631, "eta_hours": 0.3387, "loss": 0.25635291, "lr": 0.00013779, "params": 112726, "time_iter": 0.01945, "accuracy": 0.91267, "f1": 0.91261, "auc": 0.99563}
{"epoch": 78, "time_epoch": 54.60678, "eta": 1163.6946, "eta_hours": 0.32325, "loss": 0.2591365, "lr": 0.00012659, "params": 112726, "time_iter": 0.01941, "accuracy": 0.91164, "f1": 0.91161, "auc": 0.9954}
{"epoch": 79, "time_epoch": 54.73228, "eta": 1108.11013, "eta_hours": 0.30781, "loss": 0.24221874, "lr": 0.0001158, "params": 112726, "time_iter": 0.01946, "accuracy": 0.91756, "f1": 0.91754, "auc": 0.99604}
{"epoch": 80, "time_epoch": 54.77842, "eta": 1052.55753, "eta_hours": 0.29238, "loss": 0.25082728, "lr": 0.00010543, "params": 112726, "time_iter": 0.01947, "accuracy": 0.91484, "f1": 0.91479, "auc": 0.99582}
{"epoch": 81, "time_epoch": 54.81791, "eta": 997.03248, "eta_hours": 0.27695, "loss": 0.23775983, "lr": 9.549e-05, "params": 112726, "time_iter": 0.01949, "accuracy": 0.91958, "f1": 0.91956, "auc": 0.99622}
{"epoch": 82, "time_epoch": 54.75419, "eta": 941.51142, "eta_hours": 0.26153, "loss": 0.2385755, "lr": 8.6e-05, "params": 112726, "time_iter": 0.01946, "accuracy": 0.91853, "f1": 0.91849, "auc": 0.99619}
{"epoch": 83, "time_epoch": 54.77099, "eta": 886.01182, "eta_hours": 0.24611, "loss": 0.23639135, "lr": 7.695e-05, "params": 112726, "time_iter": 0.01947, "accuracy": 0.92069, "f1": 0.92066, "auc": 0.99625}
{"epoch": 84, "time_epoch": 54.82133, "eta": 830.53824, "eta_hours": 0.23071, "loss": 0.22801738, "lr": 6.837e-05, "params": 112726, "time_iter": 0.01949, "accuracy": 0.92389, "f1": 0.92388, "auc": 0.99649}
{"epoch": 85, "time_epoch": 54.85412, "eta": 775.08517, "eta_hours": 0.2153, "loss": 0.23232981, "lr": 6.026e-05, "params": 112726, "time_iter": 0.0195, "accuracy": 0.92189, "f1": 0.92184, "auc": 0.99634}
{"epoch": 86, "time_epoch": 54.80118, "eta": 719.63796, "eta_hours": 0.1999, "loss": 0.22383856, "lr": 5.264e-05, "params": 112726, "time_iter": 0.01948, "accuracy": 0.92527, "f1": 0.92526, "auc": 0.99656}
{"epoch": 87, "time_epoch": 54.89636, "eta": 664.21841, "eta_hours": 0.18451, "loss": 0.21961741, "lr": 4.55e-05, "params": 112726, "time_iter": 0.01952, "accuracy": 0.92567, "f1": 0.92566, "auc": 0.9967}
{"epoch": 88, "time_epoch": 54.86671, "eta": 608.80696, "eta_hours": 0.16911, "loss": 0.22125725, "lr": 3.886e-05, "params": 112726, "time_iter": 0.0195, "accuracy": 0.92642, "f1": 0.92638, "auc": 0.99662}
{"epoch": 89, "time_epoch": 54.84232, "eta": 553.4049, "eta_hours": 0.15372, "loss": 0.22044304, "lr": 3.272e-05, "params": 112726, "time_iter": 0.0195, "accuracy": 0.92589, "f1": 0.92587, "auc": 0.99674}
{"epoch": 90, "time_epoch": 54.86693, "eta": 498.01757, "eta_hours": 0.13834, "loss": 0.21557216, "lr": 2.709e-05, "params": 112726, "time_iter": 0.0195, "accuracy": 0.92678, "f1": 0.92677, "auc": 0.99683}
{"epoch": 91, "time_epoch": 54.90618, "eta": 442.64497, "eta_hours": 0.12296, "loss": 0.21361199, "lr": 2.198e-05, "params": 112726, "time_iter": 0.01952, "accuracy": 0.92873, "f1": 0.92872, "auc": 0.99687}
{"epoch": 92, "time_epoch": 55.01568, "eta": 387.29065, "eta_hours": 0.10758, "loss": 0.21040981, "lr": 1.74e-05, "params": 112726, "time_iter": 0.01956, "accuracy": 0.92909, "f1": 0.92908, "auc": 0.99698}
{"epoch": 93, "time_epoch": 54.85657, "eta": 331.93337, "eta_hours": 0.0922, "loss": 0.21315541, "lr": 1.334e-05, "params": 112726, "time_iter": 0.0195, "accuracy": 0.92836, "f1": 0.92835, "auc": 0.99691}
{"epoch": 94, "time_epoch": 54.71878, "eta": 276.57938, "eta_hours": 0.07683, "loss": 0.21041147, "lr": 9.81e-06, "params": 112726, "time_iter": 0.01945, "accuracy": 0.93024, "f1": 0.9302, "auc": 0.99696}
{"epoch": 95, "time_epoch": 54.7058, "eta": 221.23808, "eta_hours": 0.06146, "loss": 0.21174517, "lr": 6.82e-06, "params": 112726, "time_iter": 0.01945, "accuracy": 0.92884, "f1": 0.92883, "auc": 0.99695}
{"epoch": 96, "time_epoch": 54.72496, "eta": 165.91048, "eta_hours": 0.04609, "loss": 0.20464624, "lr": 4.37e-06, "params": 112726, "time_iter": 0.01945, "accuracy": 0.9308, "f1": 0.9308, "auc": 0.99714}
{"epoch": 97, "time_epoch": 54.69287, "eta": 110.59453, "eta_hours": 0.03072, "loss": 0.2049207, "lr": 2.46e-06, "params": 112726, "time_iter": 0.01944, "accuracy": 0.93156, "f1": 0.93153, "auc": 0.99712}
{"epoch": 98, "time_epoch": 54.72031, "eta": 55.29144, "eta_hours": 0.01536, "loss": 0.20544275, "lr": 1.09e-06, "params": 112726, "time_iter": 0.01945, "accuracy": 0.93178, "f1": 0.93177, "auc": 0.99714}
{"epoch": 99, "time_epoch": 54.76898, "eta": 0.0, "eta_hours": 0.0, "loss": 0.20304047, "lr": 2.7e-07, "params": 112726, "time_iter": 0.01947, "accuracy": 0.93213, "f1": 0.93209, "auc": 0.99711}
