{"epoch": 0, "time_epoch": 40.20863, "eta": 5991.08602, "eta_hours": 1.66419, "loss": 1.61192118, "lr": 0.0, "params": 527237, "time_iter": 0.1836, "accuracy": 0.2, "f1": 0.06667, "auc": 0.53617}
{"epoch": 1, "time_epoch": 38.61758, "eta": 5833.13961, "eta_hours": 1.62032, "loss": 1.54009761, "lr": 5e-05, "params": 527237, "time_iter": 0.17634, "accuracy": 0.41914, "f1": 0.36394, "auc": 0.79489}
{"epoch": 2, "time_epoch": 38.9288, "eta": 5769.99532, "eta_hours": 1.60278, "loss": 1.40519785, "lr": 0.0001, "params": 527237, "time_iter": 0.17776, "accuracy": 0.65286, "f1": 0.63681, "auc": 0.8871}
{"epoch": 3, "time_epoch": 39.09666, "eta": 5725.08596, "eta_hours": 1.5903, "loss": 1.3009533, "lr": 0.00015, "params": 527237, "time_iter": 0.17852, "accuracy": 0.75114, "f1": 0.74403, "auc": 0.92776}
{"epoch": 4, "time_epoch": 38.71635, "eta": 5671.47272, "eta_hours": 1.57541, "loss": 1.19565085, "lr": 0.0002, "params": 527237, "time_iter": 0.17679, "accuracy": 0.79771, "f1": 0.79564, "auc": 0.94553}
{"epoch": 5, "time_epoch": 39.15626, "eta": 5633.38285, "eta_hours": 1.56483, "loss": 1.0862041, "lr": 0.00025, "params": 527237, "time_iter": 0.1788, "accuracy": 0.83314, "f1": 0.83134, "auc": 0.95715}
{"epoch": 6, "time_epoch": 39.29116, "eta": 5597.74416, "eta_hours": 1.55493, "loss": 0.98911718, "lr": 0.0003, "params": 527237, "time_iter": 0.17941, "accuracy": 0.84143, "f1": 0.83955, "auc": 0.95989}
{"epoch": 7, "time_epoch": 38.99312, "eta": 5555.90213, "eta_hours": 1.54331, "loss": 0.8869793, "lr": 0.00035, "params": 527237, "time_iter": 0.17805, "accuracy": 0.848, "f1": 0.84671, "auc": 0.96548}
{"epoch": 8, "time_epoch": 38.91752, "eta": 5513.50879, "eta_hours": 1.53153, "loss": 0.78602438, "lr": 0.0004, "params": 527237, "time_iter": 0.17771, "accuracy": 0.87029, "f1": 0.87019, "auc": 0.97158}
{"epoch": 9, "time_epoch": 39.08754, "eta": 5474.19092, "eta_hours": 1.52061, "loss": 0.69042847, "lr": 0.00045, "params": 527237, "time_iter": 0.17848, "accuracy": 0.88314, "f1": 0.88273, "auc": 0.97489}
{"epoch": 10, "time_epoch": 39.36524, "eta": 5438.424, "eta_hours": 1.51067, "loss": 0.61536558, "lr": 0.0005, "params": 527237, "time_iter": 0.17975, "accuracy": 0.88971, "f1": 0.88964, "auc": 0.97911}
{"epoch": 11, "time_epoch": 38.74965, "eta": 5394.97802, "eta_hours": 1.49861, "loss": 0.54691259, "lr": 0.00049994, "params": 527237, "time_iter": 0.17694, "accuracy": 0.90257, "f1": 0.90265, "auc": 0.98114}
{"epoch": 12, "time_epoch": 39.19919, "eta": 5356.99206, "eta_hours": 1.48805, "loss": 0.47967114, "lr": 0.00049975, "params": 527237, "time_iter": 0.17899, "accuracy": 0.91086, "f1": 0.91085, "auc": 0.98264}
{"epoch": 13, "time_epoch": 39.10852, "eta": 5317.95197, "eta_hours": 1.47721, "loss": 0.42934962, "lr": 0.00049943, "params": 527237, "time_iter": 0.17858, "accuracy": 0.91771, "f1": 0.91765, "auc": 0.98421}
{"epoch": 14, "time_epoch": 39.20908, "eta": 5279.80782, "eta_hours": 1.46661, "loss": 0.37682334, "lr": 0.00049899, "params": 527237, "time_iter": 0.17904, "accuracy": 0.922, "f1": 0.92178, "auc": 0.98735}
{"epoch": 15, "time_epoch": 39.14735, "eta": 5241.01357, "eta_hours": 1.45584, "loss": 0.34143547, "lr": 0.00049843, "params": 527237, "time_iter": 0.17876, "accuracy": 0.92829, "f1": 0.92842, "auc": 0.98814}
{"epoch": 16, "time_epoch": 39.22539, "eta": 5202.78831, "eta_hours": 1.44522, "loss": 0.32456402, "lr": 0.00049774, "params": 527237, "time_iter": 0.17911, "accuracy": 0.92286, "f1": 0.92298, "auc": 0.98723}
{"epoch": 17, "time_epoch": 39.07691, "eta": 5163.36308, "eta_hours": 1.43427, "loss": 0.27739213, "lr": 0.00049692, "params": 527237, "time_iter": 0.17843, "accuracy": 0.936, "f1": 0.93605, "auc": 0.9897}
{"epoch": 18, "time_epoch": 39.02168, "eta": 5123.59372, "eta_hours": 1.42322, "loss": 0.25549386, "lr": 0.00049598, "params": 527237, "time_iter": 0.17818, "accuracy": 0.94029, "f1": 0.94033, "auc": 0.99067}
{"epoch": 19, "time_epoch": 38.82719, "eta": 5082.63496, "eta_hours": 1.41184, "loss": 0.2489828, "lr": 0.00049492, "params": 527237, "time_iter": 0.17729, "accuracy": 0.93171, "f1": 0.93152, "auc": 0.99029}
{"epoch": 20, "time_epoch": 38.70394, "eta": 5041.12211, "eta_hours": 1.40031, "loss": 0.22393423, "lr": 0.00049373, "params": 527237, "time_iter": 0.17673, "accuracy": 0.94514, "f1": 0.94504, "auc": 0.99084}
{"epoch": 21, "time_epoch": 39.30118, "eta": 5003.33941, "eta_hours": 1.38982, "loss": 0.21527681, "lr": 0.00049242, "params": 527237, "time_iter": 0.17946, "accuracy": 0.94457, "f1": 0.94436, "auc": 0.99177}
{"epoch": 22, "time_epoch": 38.86943, "eta": 4963.04068, "eta_hours": 1.37862, "loss": 0.19851627, "lr": 0.00049099, "params": 527237, "time_iter": 0.17749, "accuracy": 0.94857, "f1": 0.94858, "auc": 0.99256}
{"epoch": 23, "time_epoch": 38.97602, "eta": 4923.42065, "eta_hours": 1.36762, "loss": 0.18520772, "lr": 0.00048944, "params": 527237, "time_iter": 0.17797, "accuracy": 0.95029, "f1": 0.95021, "auc": 0.99354}
{"epoch": 24, "time_epoch": 38.87858, "eta": 4883.36494, "eta_hours": 1.35649, "loss": 0.18359127, "lr": 0.00048776, "params": 527237, "time_iter": 0.17753, "accuracy": 0.94857, "f1": 0.94853, "auc": 0.99314}
{"epoch": 25, "time_epoch": 38.95912, "eta": 4843.78389, "eta_hours": 1.3455, "loss": 0.1723515, "lr": 0.00048597, "params": 527237, "time_iter": 0.1779, "accuracy": 0.95257, "f1": 0.95249, "auc": 0.99324}
{"epoch": 26, "time_epoch": 38.89786, "eta": 4803.96985, "eta_hours": 1.33444, "loss": 0.16451045, "lr": 0.00048406, "params": 527237, "time_iter": 0.17762, "accuracy": 0.95571, "f1": 0.95567, "auc": 0.99343}
{"epoch": 27, "time_epoch": 39.20966, "eta": 4765.57979, "eta_hours": 1.32377, "loss": 0.15679266, "lr": 0.00048203, "params": 527237, "time_iter": 0.17904, "accuracy": 0.95543, "f1": 0.95532, "auc": 0.99475}
{"epoch": 28, "time_epoch": 39.00016, "eta": 4726.25911, "eta_hours": 1.31285, "loss": 0.15390192, "lr": 0.00047988, "params": 527237, "time_iter": 0.17808, "accuracy": 0.956, "f1": 0.95598, "auc": 0.99452}
{"epoch": 29, "time_epoch": 39.03659, "eta": 4687.10552, "eta_hours": 1.30197, "loss": 0.14818038, "lr": 0.00047762, "params": 527237, "time_iter": 0.17825, "accuracy": 0.95771, "f1": 0.95767, "auc": 0.9943}
{"epoch": 30, "time_epoch": 39.18953, "eta": 4648.54654, "eta_hours": 1.29126, "loss": 0.14629937, "lr": 0.00047524, "params": 527237, "time_iter": 0.17895, "accuracy": 0.95943, "f1": 0.95931, "auc": 0.99482}
{"epoch": 31, "time_epoch": 39.23606, "eta": 4610.11974, "eta_hours": 1.28059, "loss": 0.13437398, "lr": 0.00047275, "params": 527237, "time_iter": 0.17916, "accuracy": 0.95943, "f1": 0.95931, "auc": 0.99527}
{"epoch": 32, "time_epoch": 38.86482, "eta": 4570.32768, "eta_hours": 1.26954, "loss": 0.13389966, "lr": 0.00047015, "params": 527237, "time_iter": 0.17746, "accuracy": 0.96371, "f1": 0.96374, "auc": 0.99566}
{"epoch": 33, "time_epoch": 38.80635, "eta": 4530.39069, "eta_hours": 1.25844, "loss": 0.12870692, "lr": 0.00046744, "params": 527237, "time_iter": 0.1772, "accuracy": 0.95857, "f1": 0.95857, "auc": 0.9957}
{"epoch": 34, "time_epoch": 38.7715, "eta": 4490.4038, "eta_hours": 1.24733, "loss": 0.13227803, "lr": 0.00046461, "params": 527237, "time_iter": 0.17704, "accuracy": 0.962, "f1": 0.96199, "auc": 0.99583}
{"epoch": 35, "time_epoch": 38.88651, "eta": 4450.84862, "eta_hours": 1.23635, "loss": 0.12697963, "lr": 0.00046168, "params": 527237, "time_iter": 0.17756, "accuracy": 0.96371, "f1": 0.96373, "auc": 0.99548}
{"epoch": 36, "time_epoch": 39.27799, "eta": 4412.5252, "eta_hours": 1.2257, "loss": 0.1234732, "lr": 0.00045864, "params": 527237, "time_iter": 0.17935, "accuracy": 0.96343, "f1": 0.96335, "auc": 0.99591}
{"epoch": 37, "time_epoch": 39.01319, "eta": 4373.37107, "eta_hours": 1.21483, "loss": 0.11398487, "lr": 0.0004555, "params": 527237, "time_iter": 0.17814, "accuracy": 0.96629, "f1": 0.96624, "auc": 0.99641}
{"epoch": 38, "time_epoch": 39.38637, "eta": 4335.2863, "eta_hours": 1.20425, "loss": 0.11407118, "lr": 0.00045225, "params": 527237, "time_iter": 0.17985, "accuracy": 0.96543, "f1": 0.96541, "auc": 0.99642}
{"epoch": 39, "time_epoch": 39.21105, "eta": 4296.65432, "eta_hours": 1.19352, "loss": 0.1104923, "lr": 0.00044891, "params": 527237, "time_iter": 0.17905, "accuracy": 0.96714, "f1": 0.96711, "auc": 0.99611}
{"epoch": 40, "time_epoch": 38.68759, "eta": 4256.60244, "eta_hours": 1.18239, "loss": 0.10768489, "lr": 0.00044546, "params": 527237, "time_iter": 0.17666, "accuracy": 0.96743, "f1": 0.96741, "auc": 0.99641}
{"epoch": 41, "time_epoch": 39.24036, "eta": 4218.03694, "eta_hours": 1.17168, "loss": 0.11813322, "lr": 0.00044191, "params": 527237, "time_iter": 0.17918, "accuracy": 0.96571, "f1": 0.96563, "auc": 0.996}
{"epoch": 42, "time_epoch": 39.29921, "eta": 4179.5865, "eta_hours": 1.161, "loss": 0.11545052, "lr": 0.00043827, "params": 527237, "time_iter": 0.17945, "accuracy": 0.96514, "f1": 0.96513, "auc": 0.99635}
{"epoch": 43, "time_epoch": 38.89755, "eta": 4140.12985, "eta_hours": 1.15004, "loss": 0.10270601, "lr": 0.00043453, "params": 527237, "time_iter": 0.17761, "accuracy": 0.97286, "f1": 0.97283, "auc": 0.99663}
{"epoch": 44, "time_epoch": 38.98544, "eta": 4100.90311, "eta_hours": 1.13914, "loss": 0.11700422, "lr": 0.0004307, "params": 527237, "time_iter": 0.17802, "accuracy": 0.96457, "f1": 0.9645, "auc": 0.99666}
{"epoch": 45, "time_epoch": 38.94738, "eta": 4061.60081, "eta_hours": 1.12822, "loss": 0.10680099, "lr": 0.00042678, "params": 527237, "time_iter": 0.17784, "accuracy": 0.96829, "f1": 0.96821, "auc": 0.99669}
{"epoch": 46, "time_epoch": 39.03912, "eta": 4022.51466, "eta_hours": 1.11737, "loss": 0.09549781, "lr": 0.00042277, "params": 527237, "time_iter": 0.17826, "accuracy": 0.97114, "f1": 0.97111, "auc": 0.99749}
{"epoch": 47, "time_epoch": 39.0187, "eta": 3983.38708, "eta_hours": 1.1065, "loss": 0.10103752, "lr": 0.00041867, "params": 527237, "time_iter": 0.17817, "accuracy": 0.97, "f1": 0.96996, "auc": 0.99688}
{"epoch": 48, "time_epoch": 39.18597, "eta": 3944.60873, "eta_hours": 1.09572, "loss": 0.09218516, "lr": 0.00041448, "params": 527237, "time_iter": 0.17893, "accuracy": 0.97286, "f1": 0.97285, "auc": 0.99711}
{"epoch": 49, "time_epoch": 38.84857, "eta": 3905.13928, "eta_hours": 1.08476, "loss": 0.1045244, "lr": 0.00041022, "params": 527237, "time_iter": 0.17739, "accuracy": 0.97114, "f1": 0.97105, "auc": 0.99658}
{"epoch": 50, "time_epoch": 38.81701, "eta": 3865.63291, "eta_hours": 1.07379, "loss": 0.09537655, "lr": 0.00040587, "params": 527237, "time_iter": 0.17725, "accuracy": 0.97286, "f1": 0.97282, "auc": 0.99727}
{"epoch": 51, "time_epoch": 39.3118, "eta": 3827.08553, "eta_hours": 1.06308, "loss": 0.09523487, "lr": 0.00040145, "params": 527237, "time_iter": 0.17951, "accuracy": 0.97457, "f1": 0.97452, "auc": 0.99702}
{"epoch": 52, "time_epoch": 39.1922, "eta": 3788.29043, "eta_hours": 1.0523, "loss": 0.09027582, "lr": 0.00039695, "params": 527237, "time_iter": 0.17896, "accuracy": 0.974, "f1": 0.97393, "auc": 0.99746}
{"epoch": 53, "time_epoch": 38.82504, "eta": 3748.82789, "eta_hours": 1.04134, "loss": 0.09331984, "lr": 0.00039237, "params": 527237, "time_iter": 0.17728, "accuracy": 0.97257, "f1": 0.97252, "auc": 0.99733}
{"epoch": 54, "time_epoch": 39.00826, "eta": 3709.70499, "eta_hours": 1.03047, "loss": 0.08624476, "lr": 0.00038772, "params": 527237, "time_iter": 0.17812, "accuracy": 0.97629, "f1": 0.97623, "auc": 0.99764}
{"epoch": 55, "time_epoch": 38.69495, "eta": 3670.06028, "eta_hours": 1.01946, "loss": 0.08852973, "lr": 0.00038301, "params": 527237, "time_iter": 0.17669, "accuracy": 0.97286, "f1": 0.97281, "auc": 0.99743}
{"epoch": 56, "time_epoch": 39.01188, "eta": 3630.96599, "eta_hours": 1.0086, "loss": 0.08106452, "lr": 0.00037822, "params": 527237, "time_iter": 0.17814, "accuracy": 0.97771, "f1": 0.97765, "auc": 0.99789}
{"epoch": 57, "time_epoch": 39.35888, "eta": 3592.42497, "eta_hours": 0.9979, "loss": 0.09146068, "lr": 0.00037338, "params": 527237, "time_iter": 0.17972, "accuracy": 0.97171, "f1": 0.97166, "auc": 0.99768}
{"epoch": 58, "time_epoch": 38.89764, "eta": 3553.14481, "eta_hours": 0.98698, "loss": 0.07923022, "lr": 0.00036847, "params": 527237, "time_iter": 0.17761, "accuracy": 0.97829, "f1": 0.97825, "auc": 0.99776}
{"epoch": 59, "time_epoch": 39.03271, "eta": 3514.08001, "eta_hours": 0.97613, "loss": 0.08723098, "lr": 0.0003635, "params": 527237, "time_iter": 0.17823, "accuracy": 0.97371, "f1": 0.97366, "auc": 0.99758}
{"epoch": 60, "time_epoch": 38.68611, "eta": 3474.51056, "eta_hours": 0.96514, "loss": 0.08229811, "lr": 0.00035847, "params": 527237, "time_iter": 0.17665, "accuracy": 0.97543, "f1": 0.97537, "auc": 0.99773}
{"epoch": 61, "time_epoch": 39.06712, "eta": 3435.5104, "eta_hours": 0.95431, "loss": 0.08287171, "lr": 0.00035339, "params": 527237, "time_iter": 0.17839, "accuracy": 0.97743, "f1": 0.97739, "auc": 0.99767}
{"epoch": 62, "time_epoch": 39.20736, "eta": 3396.70177, "eta_hours": 0.94353, "loss": 0.07762737, "lr": 0.00034826, "params": 527237, "time_iter": 0.17903, "accuracy": 0.97971, "f1": 0.97966, "auc": 0.99771}
{"epoch": 63, "time_epoch": 38.72495, "eta": 3357.23245, "eta_hours": 0.93256, "loss": 0.07734662, "lr": 0.00034307, "params": 527237, "time_iter": 0.17683, "accuracy": 0.97686, "f1": 0.97681, "auc": 0.99814}
{"epoch": 64, "time_epoch": 38.85674, "eta": 3317.95837, "eta_hours": 0.92166, "loss": 0.080748, "lr": 0.00033784, "params": 527237, "time_iter": 0.17743, "accuracy": 0.97657, "f1": 0.97652, "auc": 0.99784}
{"epoch": 65, "time_epoch": 39.08538, "eta": 3278.98794, "eta_hours": 0.91083, "loss": 0.07692635, "lr": 0.00033257, "params": 527237, "time_iter": 0.17847, "accuracy": 0.97714, "f1": 0.9771, "auc": 0.99817}
{"epoch": 66, "time_epoch": 39.20553, "eta": 3240.16292, "eta_hours": 0.90005, "loss": 0.075154, "lr": 0.00032725, "params": 527237, "time_iter": 0.17902, "accuracy": 0.978, "f1": 0.97796, "auc": 0.99792}
{"epoch": 67, "time_epoch": 39.00718, "eta": 3201.08751, "eta_hours": 0.88919, "loss": 0.07016291, "lr": 0.0003219, "params": 527237, "time_iter": 0.17811, "accuracy": 0.98086, "f1": 0.98082, "auc": 0.99823}
{"epoch": 68, "time_epoch": 39.00962, "eta": 3162.01695, "eta_hours": 0.87834, "loss": 0.07476813, "lr": 0.00031651, "params": 527237, "time_iter": 0.17813, "accuracy": 0.97857, "f1": 0.97852, "auc": 0.99807}
{"epoch": 69, "time_epoch": 39.11772, "eta": 3123.07168, "eta_hours": 0.86752, "loss": 0.07044368, "lr": 0.00031109, "params": 527237, "time_iter": 0.17862, "accuracy": 0.98, "f1": 0.97996, "auc": 0.99832}
{"epoch": 70, "time_epoch": 39.09538, "eta": 3084.09668, "eta_hours": 0.85669, "loss": 0.08610318, "lr": 0.00030563, "params": 527237, "time_iter": 0.17852, "accuracy": 0.97743, "f1": 0.97739, "auc": 0.99752}
{"epoch": 71, "time_epoch": 39.20977, "eta": 3045.24227, "eta_hours": 0.8459, "loss": 0.06603543, "lr": 0.00030015, "params": 527237, "time_iter": 0.17904, "accuracy": 0.98114, "f1": 0.9811, "auc": 0.99841}
{"epoch": 72, "time_epoch": 39.0917, "eta": 3006.25358, "eta_hours": 0.83507, "loss": 0.06959502, "lr": 0.00029464, "params": 527237, "time_iter": 0.1785, "accuracy": 0.98114, "f1": 0.9811, "auc": 0.99819}
{"epoch": 73, "time_epoch": 39.24933, "eta": 2967.424, "eta_hours": 0.82428, "loss": 0.07180572, "lr": 0.00028911, "params": 527237, "time_iter": 0.17922, "accuracy": 0.97914, "f1": 0.9791, "auc": 0.99831}
{"epoch": 74, "time_epoch": 39.03715, "eta": 2928.37105, "eta_hours": 0.81344, "loss": 0.06141553, "lr": 0.00028356, "params": 527237, "time_iter": 0.17825, "accuracy": 0.98229, "f1": 0.98226, "auc": 0.99871}
{"epoch": 75, "time_epoch": 39.0521, "eta": 2889.33307, "eta_hours": 0.80259, "loss": 0.0678145, "lr": 0.00027799, "params": 527237, "time_iter": 0.17832, "accuracy": 0.98143, "f1": 0.9814, "auc": 0.99817}
{"epoch": 76, "time_epoch": 39.02894, "eta": 2850.27276, "eta_hours": 0.79174, "loss": 0.06071572, "lr": 0.00027241, "params": 527237, "time_iter": 0.17821, "accuracy": 0.98343, "f1": 0.9834, "auc": 0.99859}
{"epoch": 77, "time_epoch": 39.04689, "eta": 2811.22983, "eta_hours": 0.7809, "loss": 0.06740249, "lr": 0.00026682, "params": 527237, "time_iter": 0.1783, "accuracy": 0.98, "f1": 0.97997, "auc": 0.99858}
{"epoch": 78, "time_epoch": 39.15776, "eta": 2772.28643, "eta_hours": 0.77008, "loss": 0.06409113, "lr": 0.00026122, "params": 527237, "time_iter": 0.1788, "accuracy": 0.98114, "f1": 0.9811, "auc": 0.99829}
{"epoch": 79, "time_epoch": 38.58708, "eta": 2732.83834, "eta_hours": 0.75912, "loss": 0.06087484, "lr": 0.00025561, "params": 527237, "time_iter": 0.1762, "accuracy": 0.98171, "f1": 0.98167, "auc": 0.9984}
{"epoch": 80, "time_epoch": 39.00285, "eta": 2693.76568, "eta_hours": 0.74827, "loss": 0.05825216, "lr": 0.00025, "params": 527237, "time_iter": 0.1781, "accuracy": 0.984, "f1": 0.98398, "auc": 0.99873}
{"epoch": 81, "time_epoch": 39.11572, "eta": 2654.78831, "eta_hours": 0.73744, "loss": 0.06281095, "lr": 0.00024439, "params": 527237, "time_iter": 0.17861, "accuracy": 0.98229, "f1": 0.98225, "auc": 0.99843}
{"epoch": 82, "time_epoch": 38.87979, "eta": 2615.61718, "eta_hours": 0.72656, "loss": 0.05660851, "lr": 0.00023878, "params": 527237, "time_iter": 0.17753, "accuracy": 0.982, "f1": 0.98197, "auc": 0.99883}
{"epoch": 83, "time_epoch": 38.7547, "eta": 2576.35468, "eta_hours": 0.71565, "loss": 0.06525656, "lr": 0.00023318, "params": 527237, "time_iter": 0.17696, "accuracy": 0.98143, "f1": 0.98139, "auc": 0.99877}
{"epoch": 84, "time_epoch": 39.09233, "eta": 2537.36233, "eta_hours": 0.70482, "loss": 0.05530731, "lr": 0.00022759, "params": 527237, "time_iter": 0.1785, "accuracy": 0.984, "f1": 0.98397, "auc": 0.99897}
{"epoch": 85, "time_epoch": 39.22098, "eta": 2498.46339, "eta_hours": 0.69402, "loss": 0.0565194, "lr": 0.00022201, "params": 527237, "time_iter": 0.17909, "accuracy": 0.98343, "f1": 0.9834, "auc": 0.99885}
{"epoch": 86, "time_epoch": 39.12794, "eta": 2459.48967, "eta_hours": 0.68319, "loss": 0.05692844, "lr": 0.00021644, "params": 527237, "time_iter": 0.17867, "accuracy": 0.98429, "f1": 0.98425, "auc": 0.99885}
{"epoch": 87, "time_epoch": 39.15329, "eta": 2420.53031, "eta_hours": 0.67237, "loss": 0.05512573, "lr": 0.00021089, "params": 527237, "time_iter": 0.17878, "accuracy": 0.98343, "f1": 0.9834, "auc": 0.99879}
{"epoch": 88, "time_epoch": 38.97898, "eta": 2381.44712, "eta_hours": 0.66151, "loss": 0.05474794, "lr": 0.00020536, "params": 527237, "time_iter": 0.17799, "accuracy": 0.98429, "f1": 0.98426, "auc": 0.99874}
{"epoch": 89, "time_epoch": 39.23715, "eta": 2342.53835, "eta_hours": 0.65071, "loss": 0.05354759, "lr": 0.00019985, "params": 527237, "time_iter": 0.17917, "accuracy": 0.98571, "f1": 0.98569, "auc": 0.99879}
{"epoch": 90, "time_epoch": 39.18009, "eta": 2303.58538, "eta_hours": 0.63988, "loss": 0.0542289, "lr": 0.00019437, "params": 527237, "time_iter": 0.1789, "accuracy": 0.98429, "f1": 0.98426, "auc": 0.99884}
{"epoch": 91, "time_epoch": 38.69652, "eta": 2264.32261, "eta_hours": 0.62898, "loss": 0.05362365, "lr": 0.00018891, "params": 527237, "time_iter": 0.1767, "accuracy": 0.984, "f1": 0.98397, "auc": 0.99872}
{"epoch": 92, "time_epoch": 38.65338, "eta": 2225.04557, "eta_hours": 0.61807, "loss": 0.04944258, "lr": 0.00018349, "params": 527237, "time_iter": 0.1765, "accuracy": 0.98514, "f1": 0.98512, "auc": 0.99895}
{"epoch": 93, "time_epoch": 38.76884, "eta": 2185.85059, "eta_hours": 0.60718, "loss": 0.05184381, "lr": 0.0001781, "params": 527237, "time_iter": 0.17703, "accuracy": 0.98343, "f1": 0.9834, "auc": 0.99892}
{"epoch": 94, "time_epoch": 38.84632, "eta": 2146.70944, "eta_hours": 0.59631, "loss": 0.04976934, "lr": 0.00017275, "params": 527237, "time_iter": 0.17738, "accuracy": 0.98486, "f1": 0.98483, "auc": 0.99893}
{"epoch": 95, "time_epoch": 38.89166, "eta": 2107.59994, "eta_hours": 0.58544, "loss": 0.05029842, "lr": 0.00016743, "params": 527237, "time_iter": 0.17759, "accuracy": 0.98429, "f1": 0.98426, "auc": 0.9988}
{"epoch": 96, "time_epoch": 39.10034, "eta": 2068.60895, "eta_hours": 0.57461, "loss": 0.04840937, "lr": 0.00016216, "params": 527237, "time_iter": 0.17854, "accuracy": 0.98571, "f1": 0.98569, "auc": 0.99897}
{"epoch": 97, "time_epoch": 39.21257, "eta": 2029.67528, "eta_hours": 0.5638, "loss": 0.04721283, "lr": 0.00015693, "params": 527237, "time_iter": 0.17905, "accuracy": 0.984, "f1": 0.98397, "auc": 0.99901}
{"epoch": 98, "time_epoch": 39.08153, "eta": 1990.66847, "eta_hours": 0.55296, "loss": 0.04618666, "lr": 0.00015174, "params": 527237, "time_iter": 0.17845, "accuracy": 0.98571, "f1": 0.98569, "auc": 0.999}
{"epoch": 99, "time_epoch": 39.40272, "eta": 1951.82075, "eta_hours": 0.54217, "loss": 0.04773684, "lr": 0.00014661, "params": 527237, "time_iter": 0.17992, "accuracy": 0.98514, "f1": 0.98513, "auc": 0.99892}
{"epoch": 100, "time_epoch": 38.72067, "eta": 1912.63115, "eta_hours": 0.53129, "loss": 0.04798647, "lr": 0.00014153, "params": 527237, "time_iter": 0.17681, "accuracy": 0.98429, "f1": 0.98426, "auc": 0.99905}
{"epoch": 101, "time_epoch": 39.07127, "eta": 1873.61574, "eta_hours": 0.52045, "loss": 0.04675198, "lr": 0.0001365, "params": 527237, "time_iter": 0.17841, "accuracy": 0.986, "f1": 0.98598, "auc": 0.99914}
{"epoch": 102, "time_epoch": 39.13173, "eta": 1834.62682, "eta_hours": 0.50962, "loss": 0.0484599, "lr": 0.00013153, "params": 527237, "time_iter": 0.17868, "accuracy": 0.98514, "f1": 0.98512, "auc": 0.99901}
{"epoch": 103, "time_epoch": 38.73524, "eta": 1795.4598, "eta_hours": 0.49874, "loss": 0.04641554, "lr": 0.00012662, "params": 527237, "time_iter": 0.17687, "accuracy": 0.986, "f1": 0.98598, "auc": 0.99899}
{"epoch": 104, "time_epoch": 39.08386, "eta": 1756.4504, "eta_hours": 0.4879, "loss": 0.04899457, "lr": 0.00012178, "params": 527237, "time_iter": 0.17847, "accuracy": 0.98571, "f1": 0.98569, "auc": 0.99903}
{"epoch": 105, "time_epoch": 39.21828, "eta": 1717.4954, "eta_hours": 0.47708, "loss": 0.04480421, "lr": 0.00011699, "params": 527237, "time_iter": 0.17908, "accuracy": 0.98629, "f1": 0.98626, "auc": 0.9991}
{"epoch": 106, "time_epoch": 39.28151, "eta": 1678.56088, "eta_hours": 0.46627, "loss": 0.04474754, "lr": 0.00011228, "params": 527237, "time_iter": 0.17937, "accuracy": 0.98571, "f1": 0.98569, "auc": 0.9991}
{"epoch": 107, "time_epoch": 39.15259, "eta": 1639.56981, "eta_hours": 0.45544, "loss": 0.04404911, "lr": 0.00010763, "params": 527237, "time_iter": 0.17878, "accuracy": 0.98657, "f1": 0.98655, "auc": 0.99912}
{"epoch": 108, "time_epoch": 39.01479, "eta": 1600.52394, "eta_hours": 0.44459, "loss": 0.04178482, "lr": 0.00010305, "params": 527237, "time_iter": 0.17815, "accuracy": 0.98657, "f1": 0.98655, "auc": 0.99922}
{"epoch": 109, "time_epoch": 39.34658, "eta": 1561.59928, "eta_hours": 0.43378, "loss": 0.04270771, "lr": 9.855e-05, "params": 527237, "time_iter": 0.17966, "accuracy": 0.98657, "f1": 0.98656, "auc": 0.99895}
{"epoch": 110, "time_epoch": 38.75979, "eta": 1522.46085, "eta_hours": 0.42291, "loss": 0.04282989, "lr": 9.413e-05, "params": 527237, "time_iter": 0.17699, "accuracy": 0.98629, "f1": 0.98626, "auc": 0.999}
{"epoch": 111, "time_epoch": 39.00044, "eta": 1483.41083, "eta_hours": 0.41206, "loss": 0.04217574, "lr": 8.978e-05, "params": 527237, "time_iter": 0.17808, "accuracy": 0.98657, "f1": 0.98656, "auc": 0.99918}
{"epoch": 112, "time_epoch": 39.06971, "eta": 1444.38438, "eta_hours": 0.40122, "loss": 0.04375043, "lr": 8.552e-05, "params": 527237, "time_iter": 0.1784, "accuracy": 0.98571, "f1": 0.9857, "auc": 0.99908}
{"epoch": 113, "time_epoch": 38.80679, "eta": 1405.27413, "eta_hours": 0.39035, "loss": 0.04125436, "lr": 8.133e-05, "params": 527237, "time_iter": 0.1772, "accuracy": 0.98686, "f1": 0.98684, "auc": 0.99906}
{"epoch": 114, "time_epoch": 39.12485, "eta": 1366.26596, "eta_hours": 0.37952, "loss": 0.04164786, "lr": 7.723e-05, "params": 527237, "time_iter": 0.17865, "accuracy": 0.98686, "f1": 0.98684, "auc": 0.99911}
{"epoch": 115, "time_epoch": 39.05236, "eta": 1327.23454, "eta_hours": 0.36868, "loss": 0.04212734, "lr": 7.322e-05, "params": 527237, "time_iter": 0.17832, "accuracy": 0.98657, "f1": 0.98655, "auc": 0.99909}
{"epoch": 116, "time_epoch": 39.09193, "eta": 1288.21392, "eta_hours": 0.35784, "loss": 0.04075183, "lr": 6.93e-05, "params": 527237, "time_iter": 0.1785, "accuracy": 0.98743, "f1": 0.98741, "auc": 0.99913}
{"epoch": 117, "time_epoch": 39.34809, "eta": 1249.26155, "eta_hours": 0.34702, "loss": 0.04024667, "lr": 6.547e-05, "params": 527237, "time_iter": 0.17967, "accuracy": 0.98686, "f1": 0.98684, "auc": 0.99904}
{"epoch": 118, "time_epoch": 39.01914, "eta": 1210.21685, "eta_hours": 0.33617, "loss": 0.04066035, "lr": 6.173e-05, "params": 527237, "time_iter": 0.17817, "accuracy": 0.98714, "f1": 0.98713, "auc": 0.99906}
{"epoch": 119, "time_epoch": 39.15994, "eta": 1171.20777, "eta_hours": 0.32534, "loss": 0.04062035, "lr": 5.809e-05, "params": 527237, "time_iter": 0.17881, "accuracy": 0.98714, "f1": 0.98713, "auc": 0.99923}
{"epoch": 120, "time_epoch": 39.10793, "eta": 1132.18373, "eta_hours": 0.3145, "loss": 0.03876967, "lr": 5.454e-05, "params": 527237, "time_iter": 0.17858, "accuracy": 0.98714, "f1": 0.98713, "auc": 0.99909}
{"epoch": 121, "time_epoch": 39.23957, "eta": 1093.18852, "eta_hours": 0.30366, "loss": 0.04038568, "lr": 5.109e-05, "params": 527237, "time_iter": 0.17918, "accuracy": 0.98686, "f1": 0.98684, "auc": 0.99915}
{"epoch": 122, "time_epoch": 39.18705, "eta": 1054.17782, "eta_hours": 0.29283, "loss": 0.03960294, "lr": 4.775e-05, "params": 527237, "time_iter": 0.17894, "accuracy": 0.98714, "f1": 0.98713, "auc": 0.99915}
{"epoch": 123, "time_epoch": 38.91812, "eta": 1015.10788, "eta_hours": 0.28197, "loss": 0.0392062, "lr": 4.45e-05, "params": 527237, "time_iter": 0.17771, "accuracy": 0.98714, "f1": 0.98713, "auc": 0.99914}
{"epoch": 124, "time_epoch": 38.82204, "eta": 976.02116, "eta_hours": 0.27112, "loss": 0.03984667, "lr": 4.136e-05, "params": 527237, "time_iter": 0.17727, "accuracy": 0.98686, "f1": 0.98684, "auc": 0.99912}
{"epoch": 125, "time_epoch": 38.7028, "eta": 936.91592, "eta_hours": 0.26025, "loss": 0.03893221, "lr": 3.832e-05, "params": 527237, "time_iter": 0.17673, "accuracy": 0.98771, "f1": 0.9877, "auc": 0.99913}
{"epoch": 126, "time_epoch": 39.06657, "eta": 897.8829, "eta_hours": 0.24941, "loss": 0.03874904, "lr": 3.539e-05, "params": 527237, "time_iter": 0.17839, "accuracy": 0.98743, "f1": 0.98742, "auc": 0.99906}
{"epoch": 127, "time_epoch": 38.94636, "eta": 858.8287, "eta_hours": 0.23856, "loss": 0.0387783, "lr": 3.256e-05, "params": 527237, "time_iter": 0.17784, "accuracy": 0.98771, "f1": 0.9877, "auc": 0.99918}
{"epoch": 128, "time_epoch": 39.01098, "eta": 819.78668, "eta_hours": 0.22772, "loss": 0.03854832, "lr": 2.985e-05, "params": 527237, "time_iter": 0.17813, "accuracy": 0.98743, "f1": 0.98742, "auc": 0.99903}
{"epoch": 129, "time_epoch": 38.93451, "eta": 780.73338, "eta_hours": 0.21687, "loss": 0.03841922, "lr": 2.725e-05, "params": 527237, "time_iter": 0.17778, "accuracy": 0.98714, "f1": 0.98713, "auc": 0.99925}
{"epoch": 130, "time_epoch": 38.91553, "eta": 741.67914, "eta_hours": 0.20602, "loss": 0.03733803, "lr": 2.476e-05, "params": 527237, "time_iter": 0.1777, "accuracy": 0.988, "f1": 0.98799, "auc": 0.99916}
{"epoch": 131, "time_epoch": 38.94911, "eta": 702.63159, "eta_hours": 0.19518, "loss": 0.03814609, "lr": 2.238e-05, "params": 527237, "time_iter": 0.17785, "accuracy": 0.988, "f1": 0.98799, "auc": 0.99915}
{"epoch": 132, "time_epoch": 39.10119, "eta": 663.60495, "eta_hours": 0.18433, "loss": 0.03836079, "lr": 2.012e-05, "params": 527237, "time_iter": 0.17854, "accuracy": 0.98714, "f1": 0.98713, "auc": 0.99924}
{"epoch": 133, "time_epoch": 38.65456, "eta": 624.52387, "eta_hours": 0.17348, "loss": 0.03861468, "lr": 1.797e-05, "params": 527237, "time_iter": 0.1765, "accuracy": 0.98771, "f1": 0.9877, "auc": 0.99905}
{"epoch": 134, "time_epoch": 39.05874, "eta": 585.49401, "eta_hours": 0.16264, "loss": 0.037585, "lr": 1.594e-05, "params": 527237, "time_iter": 0.17835, "accuracy": 0.98771, "f1": 0.9877, "auc": 0.99915}
{"epoch": 135, "time_epoch": 38.78407, "eta": 546.43546, "eta_hours": 0.15179, "loss": 0.03760155, "lr": 1.403e-05, "params": 527237, "time_iter": 0.1771, "accuracy": 0.98771, "f1": 0.9877, "auc": 0.99918}
{"epoch": 136, "time_epoch": 38.96916, "eta": 507.39848, "eta_hours": 0.14094, "loss": 0.03752844, "lr": 1.224e-05, "params": 527237, "time_iter": 0.17794, "accuracy": 0.98771, "f1": 0.9877, "auc": 0.99912}
{"epoch": 137, "time_epoch": 39.05882, "eta": 468.37027, "eta_hours": 0.1301, "loss": 0.03699629, "lr": 1.056e-05, "params": 527237, "time_iter": 0.17835, "accuracy": 0.98857, "f1": 0.98856, "auc": 0.99922}
{"epoch": 138, "time_epoch": 38.97979, "eta": 429.33538, "eta_hours": 0.11926, "loss": 0.03718349, "lr": 9.01e-06, "params": 527237, "time_iter": 0.17799, "accuracy": 0.98771, "f1": 0.9877, "auc": 0.9993}
{"epoch": 139, "time_epoch": 39.20613, "eta": 390.31743, "eta_hours": 0.10842, "loss": 0.03733908, "lr": 7.58e-06, "params": 527237, "time_iter": 0.17902, "accuracy": 0.988, "f1": 0.98799, "auc": 0.99924}
{"epoch": 140, "time_epoch": 38.86454, "eta": 351.27502, "eta_hours": 0.09758, "loss": 0.03748634, "lr": 6.27e-06, "params": 527237, "time_iter": 0.17746, "accuracy": 0.98771, "f1": 0.9877, "auc": 0.99912}
{"epoch": 141, "time_epoch": 39.02914, "eta": 312.24438, "eta_hours": 0.08673, "loss": 0.0372, "lr": 5.08e-06, "params": 527237, "time_iter": 0.17822, "accuracy": 0.988, "f1": 0.98799, "auc": 0.99924}
{"epoch": 142, "time_epoch": 38.89971, "eta": 273.20743, "eta_hours": 0.07589, "loss": 0.03728573, "lr": 4.02e-06, "params": 527237, "time_iter": 0.17762, "accuracy": 0.98829, "f1": 0.98827, "auc": 0.99915}
{"epoch": 143, "time_epoch": 38.83325, "eta": 234.16961, "eta_hours": 0.06505, "loss": 0.03754043, "lr": 3.08e-06, "params": 527237, "time_iter": 0.17732, "accuracy": 0.98743, "f1": 0.98742, "auc": 0.99918}
{"epoch": 144, "time_epoch": 38.88527, "eta": 195.13641, "eta_hours": 0.0542, "loss": 0.03707219, "lr": 2.26e-06, "params": 527237, "time_iter": 0.17756, "accuracy": 0.98771, "f1": 0.9877, "auc": 0.99916}
{"epoch": 145, "time_epoch": 39.39136, "eta": 156.11911, "eta_hours": 0.04337, "loss": 0.03707893, "lr": 1.57e-06, "params": 527237, "time_iter": 0.17987, "accuracy": 0.988, "f1": 0.98799, "auc": 0.99915}
{"epoch": 146, "time_epoch": 38.96317, "eta": 117.08797, "eta_hours": 0.03252, "loss": 0.0371634, "lr": 1.01e-06, "params": 527237, "time_iter": 0.17791, "accuracy": 0.988, "f1": 0.98799, "auc": 0.99924}
{"epoch": 147, "time_epoch": 38.95034, "eta": 78.05758, "eta_hours": 0.02168, "loss": 0.03686732, "lr": 5.7e-07, "params": 527237, "time_iter": 0.17786, "accuracy": 0.988, "f1": 0.98799, "auc": 0.99934}
{"epoch": 148, "time_epoch": 39.05218, "eta": 39.02895, "eta_hours": 0.01084, "loss": 0.03719361, "lr": 2.5e-07, "params": 527237, "time_iter": 0.17832, "accuracy": 0.988, "f1": 0.98799, "auc": 0.9991}
{"epoch": 149, "time_epoch": 38.82934, "eta": 0.0, "eta_hours": 0.0, "loss": 0.03739274, "lr": 6e-08, "params": 527237, "time_iter": 0.1773, "accuracy": 0.98771, "f1": 0.9877, "auc": 0.99915}
