{"epoch": 0, "time_epoch": 29.61097, "eta": 2931.48634, "eta_hours": 0.8143, "loss": 0.20133552, "lr": 0.0, "params": 337201, "time_iter": 0.0946, "accuracy": 0.78071, "precision": 0.17485, "recall": 0.06515, "f1": 0.09492, "auc": 0.51197}
{"epoch": 1, "time_epoch": 26.58691, "eta": 2753.69627, "eta_hours": 0.76492, "loss": 0.16131728, "lr": 0.0002, "params": 337201, "time_iter": 0.08494, "accuracy": 0.7883, "precision": 0.44326, "recall": 0.77869, "f1": 0.56494, "auc": 0.84825}
{"epoch": 2, "time_epoch": 26.43446, "eta": 2671.7791, "eta_hours": 0.74216, "loss": 0.12836864, "lr": 0.0004, "params": 337201, "time_iter": 0.08446, "accuracy": 0.83885, "precision": 0.52756, "recall": 0.83359, "f1": 0.64617, "auc": 0.89762}
{"epoch": 3, "time_epoch": 26.34113, "eta": 2615.36336, "eta_hours": 0.72649, "loss": 0.11507582, "lr": 0.0006, "params": 337201, "time_iter": 0.08416, "accuracy": 0.84269, "precision": 0.53486, "recall": 0.83455, "f1": 0.65191, "auc": 0.91128}
{"epoch": 4, "time_epoch": 25.41363, "eta": 2553.35503, "eta_hours": 0.70927, "loss": 0.10781626, "lr": 0.0008, "params": 337201, "time_iter": 0.08119, "accuracy": 0.84584, "precision": 0.54086, "recall": 0.83826, "f1": 0.65749, "auc": 0.91919}
{"epoch": 5, "time_epoch": 28.01, "eta": 2544.2213, "eta_hours": 0.70673, "loss": 0.103807, "lr": 0.001, "params": 337201, "time_iter": 0.08949, "accuracy": 0.84745, "precision": 0.54383, "recall": 0.84232, "f1": 0.66094, "auc": 0.92337}
{"epoch": 6, "time_epoch": 27.10294, "eta": 2517.6435, "eta_hours": 0.69935, "loss": 0.10011161, "lr": 0.00099973, "params": 337201, "time_iter": 0.08659, "accuracy": 0.85138, "precision": 0.55135, "recall": 0.84853, "f1": 0.66839, "auc": 0.92808}
{"epoch": 7, "time_epoch": 27.3872, "eta": 2494.20336, "eta_hours": 0.69283, "loss": 0.0987661, "lr": 0.00099891, "params": 337201, "time_iter": 0.0875, "accuracy": 0.85142, "precision": 0.55122, "recall": 0.85169, "f1": 0.66927, "auc": 0.92957}
{"epoch": 8, "time_epoch": 27.71832, "eta": 2473.2341, "eta_hours": 0.68701, "loss": 0.09784741, "lr": 0.00099754, "params": 337201, "time_iter": 0.08856, "accuracy": 0.85234, "precision": 0.55309, "recall": 0.85158, "f1": 0.67062, "auc": 0.93056}
{"epoch": 9, "time_epoch": 26.90408, "eta": 2443.58686, "eta_hours": 0.67877, "loss": 0.09753592, "lr": 0.00099563, "params": 337201, "time_iter": 0.08596, "accuracy": 0.85229, "precision": 0.55294, "recall": 0.85231, "f1": 0.67073, "auc": 0.93078}
{"epoch": 10, "time_epoch": 27.53548, "eta": 2419.54694, "eta_hours": 0.6721, "loss": 0.0970552, "lr": 0.00099318, "params": 337201, "time_iter": 0.08797, "accuracy": 0.85435, "precision": 0.5573, "recall": 0.8503, "f1": 0.6733, "auc": 0.93139}
{"epoch": 11, "time_epoch": 23.89145, "eta": 2368.20157, "eta_hours": 0.65783, "loss": 0.0966787, "lr": 0.00099019, "params": 337201, "time_iter": 0.07633, "accuracy": 0.8532, "precision": 0.55475, "recall": 0.85303, "f1": 0.67229, "auc": 0.93185}
{"epoch": 12, "time_epoch": 24.28539, "eta": 2323.71626, "eta_hours": 0.64548, "loss": 0.09652569, "lr": 0.00098666, "params": 337201, "time_iter": 0.07759, "accuracy": 0.85347, "precision": 0.55528, "recall": 0.85335, "f1": 0.67278, "auc": 0.93198}
{"epoch": 13, "time_epoch": 24.29535, "eta": 2282.1778, "eta_hours": 0.63394, "loss": 0.09623237, "lr": 0.0009826, "params": 337201, "time_iter": 0.07762, "accuracy": 0.85436, "precision": 0.55708, "recall": 0.85344, "f1": 0.67413, "auc": 0.93239}
{"epoch": 14, "time_epoch": 24.04681, "eta": 2241.53006, "eta_hours": 0.62265, "loss": 0.09623197, "lr": 0.00097802, "params": 337201, "time_iter": 0.07683, "accuracy": 0.85515, "precision": 0.55884, "recall": 0.85179, "f1": 0.6749, "auc": 0.93232}
{"epoch": 15, "time_epoch": 23.99116, "eta": 2202.66529, "eta_hours": 0.61185, "loss": 0.09607824, "lr": 0.00097291, "params": 337201, "time_iter": 0.07665, "accuracy": 0.85507, "precision": 0.55866, "recall": 0.85225, "f1": 0.67491, "auc": 0.93249}
{"epoch": 16, "time_epoch": 24.13438, "eta": 2166.24959, "eta_hours": 0.60174, "loss": 0.09582109, "lr": 0.00096728, "params": 337201, "time_iter": 0.07711, "accuracy": 0.8552, "precision": 0.55881, "recall": 0.85379, "f1": 0.6755, "auc": 0.93286}
{"epoch": 17, "time_epoch": 24.58651, "eta": 2133.25817, "eta_hours": 0.59257, "loss": 0.0957743, "lr": 0.00096114, "params": 337201, "time_iter": 0.07855, "accuracy": 0.85484, "precision": 0.55807, "recall": 0.8536, "f1": 0.6749, "auc": 0.93295}
{"epoch": 18, "time_epoch": 24.54976, "eta": 2100.9948, "eta_hours": 0.58361, "loss": 0.09551945, "lr": 0.0009545, "params": 337201, "time_iter": 0.07843, "accuracy": 0.85492, "precision": 0.55814, "recall": 0.85493, "f1": 0.67537, "auc": 0.9333}
{"epoch": 19, "time_epoch": 24.03796, "eta": 2067.45561, "eta_hours": 0.57429, "loss": 0.09535546, "lr": 0.00094736, "params": 337201, "time_iter": 0.0768, "accuracy": 0.85545, "precision": 0.55925, "recall": 0.8546, "f1": 0.67608, "auc": 0.93346}
{"epoch": 20, "time_epoch": 24.99675, "eta": 2038.42816, "eta_hours": 0.56623, "loss": 0.09545991, "lr": 0.00093974, "params": 337201, "time_iter": 0.07986, "accuracy": 0.85508, "precision": 0.55853, "recall": 0.85422, "f1": 0.67543, "auc": 0.93334}
{"epoch": 21, "time_epoch": 23.78913, "eta": 2005.48559, "eta_hours": 0.55708, "loss": 0.09513652, "lr": 0.00093163, "params": 337201, "time_iter": 0.076, "accuracy": 0.85645, "precision": 0.56135, "recall": 0.85448, "f1": 0.67757, "auc": 0.93376}
{"epoch": 22, "time_epoch": 24.15335, "eta": 1974.55831, "eta_hours": 0.54849, "loss": 0.09498305, "lr": 0.00092305, "params": 337201, "time_iter": 0.07717, "accuracy": 0.8555, "precision": 0.55925, "recall": 0.85594, "f1": 0.6765, "auc": 0.93395}
{"epoch": 23, "time_epoch": 23.99592, "eta": 1943.697, "eta_hours": 0.53992, "loss": 0.09460122, "lr": 0.000914, "params": 337201, "time_iter": 0.07666, "accuracy": 0.85563, "precision": 0.55941, "recall": 0.85728, "f1": 0.67703, "auc": 0.93453}
{"epoch": 24, "time_epoch": 23.52397, "eta": 1911.96908, "eta_hours": 0.5311, "loss": 0.09432488, "lr": 0.00090451, "params": 337201, "time_iter": 0.07516, "accuracy": 0.85645, "precision": 0.56105, "recall": 0.85806, "f1": 0.67847, "auc": 0.93493}
{"epoch": 25, "time_epoch": 24.16643, "eta": 1882.70075, "eta_hours": 0.52297, "loss": 0.09406019, "lr": 0.00089457, "params": 337201, "time_iter": 0.07721, "accuracy": 0.85769, "precision": 0.56375, "recall": 0.85675, "f1": 0.68003, "auc": 0.9353}
{"epoch": 26, "time_epoch": 24.05987, "eta": 1853.52224, "eta_hours": 0.51487, "loss": 0.09381435, "lr": 0.0008842, "params": 337201, "time_iter": 0.07687, "accuracy": 0.85777, "precision": 0.5639, "recall": 0.85703, "f1": 0.68023, "auc": 0.93557}
{"epoch": 27, "time_epoch": 24.31563, "eta": 1825.36702, "eta_hours": 0.50705, "loss": 0.09325026, "lr": 0.00087341, "params": 337201, "time_iter": 0.07769, "accuracy": 0.8587, "precision": 0.56573, "recall": 0.85869, "f1": 0.68208, "auc": 0.93641}
{"epoch": 28, "time_epoch": 26.06902, "eta": 1801.76939, "eta_hours": 0.50049, "loss": 0.09276668, "lr": 0.00086221, "params": 337201, "time_iter": 0.08329, "accuracy": 0.85914, "precision": 0.56651, "recall": 0.86033, "f1": 0.68316, "auc": 0.93709}
{"epoch": 29, "time_epoch": 26.01848, "eta": 1777.88905, "eta_hours": 0.49386, "loss": 0.0926714, "lr": 0.00085062, "params": 337201, "time_iter": 0.08313, "accuracy": 0.85849, "precision": 0.5651, "recall": 0.86073, "f1": 0.68227, "auc": 0.93715}
{"epoch": 30, "time_epoch": 25.32764, "eta": 1752.33311, "eta_hours": 0.48676, "loss": 0.09220195, "lr": 0.00083864, "params": 337201, "time_iter": 0.08092, "accuracy": 0.8603, "precision": 0.56888, "recall": 0.86115, "f1": 0.68515, "auc": 0.93786}
{"epoch": 31, "time_epoch": 26.24389, "eta": 1728.73847, "eta_hours": 0.48021, "loss": 0.0919419, "lr": 0.00082629, "params": 337201, "time_iter": 0.08385, "accuracy": 0.8605, "precision": 0.56932, "recall": 0.86127, "f1": 0.6855, "auc": 0.9382}
{"epoch": 32, "time_epoch": 25.89065, "eta": 1704.26608, "eta_hours": 0.47341, "loss": 0.09162004, "lr": 0.00081359, "params": 337201, "time_iter": 0.08272, "accuracy": 0.86122, "precision": 0.57077, "recall": 0.86209, "f1": 0.68681, "auc": 0.93869}
{"epoch": 33, "time_epoch": 26.14856, "eta": 1680.21091, "eta_hours": 0.46673, "loss": 0.09154802, "lr": 0.00080054, "params": 337201, "time_iter": 0.08354, "accuracy": 0.86114, "precision": 0.57056, "recall": 0.86263, "f1": 0.68683, "auc": 0.93872}
{"epoch": 34, "time_epoch": 25.39635, "eta": 1654.63915, "eta_hours": 0.45962, "loss": 0.09135146, "lr": 0.00078716, "params": 337201, "time_iter": 0.08114, "accuracy": 0.86175, "precision": 0.5719, "recall": 0.86211, "f1": 0.68764, "auc": 0.939}
{"epoch": 35, "time_epoch": 26.08679, "eta": 1630.30459, "eta_hours": 0.45286, "loss": 0.09116863, "lr": 0.00077347, "params": 337201, "time_iter": 0.08334, "accuracy": 0.86157, "precision": 0.57142, "recall": 0.86319, "f1": 0.68764, "auc": 0.93925}
{"epoch": 36, "time_epoch": 26.04544, "eta": 1605.8049, "eta_hours": 0.44606, "loss": 0.0910767, "lr": 0.00075948, "params": 337201, "time_iter": 0.08321, "accuracy": 0.86207, "precision": 0.57253, "recall": 0.86273, "f1": 0.68829, "auc": 0.93941}
{"epoch": 37, "time_epoch": 24.56037, "eta": 1578.80086, "eta_hours": 0.43856, "loss": 0.09091879, "lr": 0.00074521, "params": 337201, "time_iter": 0.07847, "accuracy": 0.86223, "precision": 0.57278, "recall": 0.86368, "f1": 0.68878, "auc": 0.93963}
{"epoch": 38, "time_epoch": 25.71993, "eta": 1553.7358, "eta_hours": 0.43159, "loss": 0.09095901, "lr": 0.00073067, "params": 337201, "time_iter": 0.08217, "accuracy": 0.86201, "precision": 0.57234, "recall": 0.86344, "f1": 0.68838, "auc": 0.93952}
{"epoch": 39, "time_epoch": 25.76078, "eta": 1528.69927, "eta_hours": 0.42464, "loss": 0.09078977, "lr": 0.00071588, "params": 337201, "time_iter": 0.0823, "accuracy": 0.86208, "precision": 0.57238, "recall": 0.86452, "f1": 0.68875, "auc": 0.93978}
{"epoch": 40, "time_epoch": 25.08468, "eta": 1502.65449, "eta_hours": 0.4174, "loss": 0.09081171, "lr": 0.00070085, "params": 337201, "time_iter": 0.08014, "accuracy": 0.86224, "precision": 0.57281, "recall": 0.86368, "f1": 0.6888, "auc": 0.93978}
{"epoch": 41, "time_epoch": 26.14274, "eta": 1478.11657, "eta_hours": 0.41059, "loss": 0.09064199, "lr": 0.0006856, "params": 337201, "time_iter": 0.08352, "accuracy": 0.86114, "precision": 0.5702, "recall": 0.86646, "f1": 0.68778, "auc": 0.93998}
{"epoch": 42, "time_epoch": 25.41802, "eta": 1452.54332, "eta_hours": 0.40348, "loss": 0.09058217, "lr": 0.00067015, "params": 337201, "time_iter": 0.08121, "accuracy": 0.86168, "precision": 0.57139, "recall": 0.8659, "f1": 0.68847, "auc": 0.94005}
{"epoch": 43, "time_epoch": 25.88717, "eta": 1427.57422, "eta_hours": 0.39655, "loss": 0.09048524, "lr": 0.00065451, "params": 337201, "time_iter": 0.08271, "accuracy": 0.86344, "precision": 0.57546, "recall": 0.86311, "f1": 0.69053, "auc": 0.94019}
{"epoch": 44, "time_epoch": 25.83644, "eta": 1402.50233, "eta_hours": 0.38958, "loss": 0.09036629, "lr": 0.0006387, "params": 337201, "time_iter": 0.08254, "accuracy": 0.86311, "precision": 0.57463, "recall": 0.86413, "f1": 0.69026, "auc": 0.94033}
{"epoch": 45, "time_epoch": 25.70981, "eta": 1377.24853, "eta_hours": 0.38257, "loss": 0.09019174, "lr": 0.00062274, "params": 337201, "time_iter": 0.08214, "accuracy": 0.86296, "precision": 0.57423, "recall": 0.86491, "f1": 0.69022, "auc": 0.94058}
{"epoch": 46, "time_epoch": 26.132, "eta": 1352.45142, "eta_hours": 0.37568, "loss": 0.09003876, "lr": 0.00060665, "params": 337201, "time_iter": 0.08349, "accuracy": 0.86267, "precision": 0.57355, "recall": 0.86564, "f1": 0.68995, "auc": 0.94075}
{"epoch": 47, "time_epoch": 25.83229, "eta": 1327.27399, "eta_hours": 0.36869, "loss": 0.08998856, "lr": 0.00059044, "params": 337201, "time_iter": 0.08253, "accuracy": 0.86224, "precision": 0.57254, "recall": 0.8664, "f1": 0.68947, "auc": 0.94081}
{"epoch": 48, "time_epoch": 25.87643, "eta": 1302.11578, "eta_hours": 0.3617, "loss": 0.08991315, "lr": 0.00057413, "params": 337201, "time_iter": 0.08267, "accuracy": 0.86233, "precision": 0.57265, "recall": 0.86738, "f1": 0.68986, "auc": 0.94086}
{"epoch": 49, "time_epoch": 26.5279, "eta": 1277.58032, "eta_hours": 0.35488, "loss": 0.08981963, "lr": 0.00055774, "params": 337201, "time_iter": 0.08475, "accuracy": 0.8633, "precision": 0.57483, "recall": 0.86633, "f1": 0.6911, "auc": 0.94107}
{"epoch": 50, "time_epoch": 26.73615, "eta": 1253.16681, "eta_hours": 0.3481, "loss": 0.08967248, "lr": 0.00054129, "params": 337201, "time_iter": 0.08542, "accuracy": 0.86313, "precision": 0.57438, "recall": 0.86722, "f1": 0.69106, "auc": 0.94122}
{"epoch": 51, "time_epoch": 26.14657, "eta": 1228.11973, "eta_hours": 0.34114, "loss": 0.08970436, "lr": 0.00052479, "params": 337201, "time_iter": 0.08354, "accuracy": 0.86296, "precision": 0.57408, "recall": 0.86657, "f1": 0.69063, "auc": 0.94119}
{"epoch": 52, "time_epoch": 25.45516, "eta": 1202.41803, "eta_hours": 0.33401, "loss": 0.08954939, "lr": 0.00050827, "params": 337201, "time_iter": 0.08133, "accuracy": 0.86295, "precision": 0.57395, "recall": 0.86766, "f1": 0.69089, "auc": 0.94139}
{"epoch": 53, "time_epoch": 25.07506, "eta": 1176.40166, "eta_hours": 0.32678, "loss": 0.08955717, "lr": 0.00049173, "params": 337201, "time_iter": 0.08011, "accuracy": 0.86287, "precision": 0.5738, "recall": 0.86752, "f1": 0.69073, "auc": 0.94137}
{"epoch": 54, "time_epoch": 25.91717, "eta": 1151.10853, "eta_hours": 0.31975, "loss": 0.08934667, "lr": 0.00047521, "params": 337201, "time_iter": 0.0828, "accuracy": 0.86318, "precision": 0.57439, "recall": 0.86813, "f1": 0.69135, "auc": 0.94168}
{"epoch": 55, "time_epoch": 25.94324, "eta": 1125.8136, "eta_hours": 0.31273, "loss": 0.08924318, "lr": 0.00045871, "params": 337201, "time_iter": 0.08289, "accuracy": 0.86318, "precision": 0.57433, "recall": 0.86878, "f1": 0.69151, "auc": 0.94183}
{"epoch": 56, "time_epoch": 26.10957, "eta": 1100.62139, "eta_hours": 0.30573, "loss": 0.089026, "lr": 0.00044226, "params": 337201, "time_iter": 0.08342, "accuracy": 0.86328, "precision": 0.57453, "recall": 0.86893, "f1": 0.69171, "auc": 0.94208}
{"epoch": 57, "time_epoch": 26.17203, "eta": 1075.44278, "eta_hours": 0.29873, "loss": 0.08905085, "lr": 0.00042587, "params": 337201, "time_iter": 0.08362, "accuracy": 0.86355, "precision": 0.57512, "recall": 0.86886, "f1": 0.69211, "auc": 0.94206}
{"epoch": 58, "time_epoch": 25.8613, "eta": 1050.01457, "eta_hours": 0.29167, "loss": 0.08896595, "lr": 0.00040956, "params": 337201, "time_iter": 0.08262, "accuracy": 0.86333, "precision": 0.57458, "recall": 0.86945, "f1": 0.69191, "auc": 0.94217}
{"epoch": 59, "time_epoch": 26.17773, "eta": 1024.78287, "eta_hours": 0.28466, "loss": 0.08883781, "lr": 0.00039335, "params": 337201, "time_iter": 0.08363, "accuracy": 0.86323, "precision": 0.57439, "recall": 0.86926, "f1": 0.69171, "auc": 0.94232}
{"epoch": 60, "time_epoch": 26.18584, "eta": 999.52534, "eta_hours": 0.27765, "loss": 0.08879891, "lr": 0.00037726, "params": 337201, "time_iter": 0.08366, "accuracy": 0.8631, "precision": 0.57405, "recall": 0.87002, "f1": 0.6917, "auc": 0.94231}
{"epoch": 61, "time_epoch": 25.76427, "eta": 973.97948, "eta_hours": 0.27055, "loss": 0.08859617, "lr": 0.0003613, "params": 337201, "time_iter": 0.08231, "accuracy": 0.86339, "precision": 0.57462, "recall": 0.8705, "f1": 0.69227, "auc": 0.94264}
{"epoch": 62, "time_epoch": 25.58118, "eta": 948.31915, "eta_hours": 0.26342, "loss": 0.08854575, "lr": 0.00034549, "params": 337201, "time_iter": 0.08173, "accuracy": 0.86437, "precision": 0.57681, "recall": 0.86976, "f1": 0.69362, "auc": 0.94269}
{"epoch": 63, "time_epoch": 25.77292, "eta": 922.76916, "eta_hours": 0.25632, "loss": 0.08841622, "lr": 0.00032985, "params": 337201, "time_iter": 0.08234, "accuracy": 0.86359, "precision": 0.57502, "recall": 0.87075, "f1": 0.69264, "auc": 0.94286}
{"epoch": 64, "time_epoch": 26.89386, "eta": 897.81589, "eta_hours": 0.24939, "loss": 0.08820326, "lr": 0.0003144, "params": 337201, "time_iter": 0.08592, "accuracy": 0.86402, "precision": 0.57593, "recall": 0.87084, "f1": 0.69333, "auc": 0.9431}
{"epoch": 65, "time_epoch": 25.95638, "eta": 872.32087, "eta_hours": 0.24231, "loss": 0.08814482, "lr": 0.00029915, "params": 337201, "time_iter": 0.08293, "accuracy": 0.86364, "precision": 0.57506, "recall": 0.87137, "f1": 0.69287, "auc": 0.94321}
{"epoch": 66, "time_epoch": 26.0695, "eta": 846.86779, "eta_hours": 0.23524, "loss": 0.08813961, "lr": 0.00028412, "params": 337201, "time_iter": 0.08329, "accuracy": 0.86348, "precision": 0.57474, "recall": 0.87136, "f1": 0.69262, "auc": 0.94321}
{"epoch": 67, "time_epoch": 26.23496, "eta": 821.47445, "eta_hours": 0.22819, "loss": 0.08800396, "lr": 0.00026933, "params": 337201, "time_iter": 0.08382, "accuracy": 0.8635, "precision": 0.57474, "recall": 0.87177, "f1": 0.69276, "auc": 0.94338}
{"epoch": 68, "time_epoch": 26.20579, "eta": 796.0436, "eta_hours": 0.22112, "loss": 0.08788534, "lr": 0.00025479, "params": 337201, "time_iter": 0.08372, "accuracy": 0.86422, "precision": 0.57632, "recall": 0.87137, "f1": 0.69378, "auc": 0.94353}
{"epoch": 69, "time_epoch": 25.83826, "eta": 770.4331, "eta_hours": 0.21401, "loss": 0.08769656, "lr": 0.00024052, "params": 337201, "time_iter": 0.08255, "accuracy": 0.86433, "precision": 0.57645, "recall": 0.87246, "f1": 0.69421, "auc": 0.94376}
{"epoch": 70, "time_epoch": 26.66225, "eta": 745.15275, "eta_hours": 0.20699, "loss": 0.08776193, "lr": 0.00022653, "params": 337201, "time_iter": 0.08518, "accuracy": 0.86368, "precision": 0.57502, "recall": 0.87273, "f1": 0.69326, "auc": 0.94366}
{"epoch": 71, "time_epoch": 26.43355, "eta": 719.74507, "eta_hours": 0.19993, "loss": 0.08756248, "lr": 0.00021284, "params": 337201, "time_iter": 0.08445, "accuracy": 0.86399, "precision": 0.57571, "recall": 0.8724, "f1": 0.69366, "auc": 0.94391}
{"epoch": 72, "time_epoch": 25.93319, "eta": 694.12422, "eta_hours": 0.19281, "loss": 0.08750025, "lr": 0.00019946, "params": 337201, "time_iter": 0.08285, "accuracy": 0.86373, "precision": 0.57505, "recall": 0.87338, "f1": 0.6935, "auc": 0.94398}
{"epoch": 73, "time_epoch": 26.4401, "eta": 668.67303, "eta_hours": 0.18574, "loss": 0.08736788, "lr": 0.00018641, "params": 337201, "time_iter": 0.08447, "accuracy": 0.86455, "precision": 0.57689, "recall": 0.87268, "f1": 0.69461, "auc": 0.94415}
{"epoch": 74, "time_epoch": 26.48904, "eta": 643.21179, "eta_hours": 0.17867, "loss": 0.08729126, "lr": 0.00017371, "params": 337201, "time_iter": 0.08463, "accuracy": 0.86374, "precision": 0.57504, "recall": 0.87395, "f1": 0.69366, "auc": 0.94423}
{"epoch": 75, "time_epoch": 27.72562, "eta": 618.114, "eta_hours": 0.1717, "loss": 0.08717004, "lr": 0.00016136, "params": 337201, "time_iter": 0.08858, "accuracy": 0.86401, "precision": 0.57562, "recall": 0.87374, "f1": 0.69402, "auc": 0.9444}
{"epoch": 76, "time_epoch": 27.31125, "eta": 592.82417, "eta_hours": 0.16467, "loss": 0.08708123, "lr": 0.00014938, "params": 337201, "time_iter": 0.08726, "accuracy": 0.86455, "precision": 0.57673, "recall": 0.87428, "f1": 0.695, "auc": 0.94452}
{"epoch": 77, "time_epoch": 27.90394, "eta": 567.64969, "eta_hours": 0.15768, "loss": 0.08702967, "lr": 0.00013779, "params": 337201, "time_iter": 0.08915, "accuracy": 0.86384, "precision": 0.57521, "recall": 0.87436, "f1": 0.69392, "auc": 0.94455}
{"epoch": 78, "time_epoch": 28.07152, "eta": 542.45065, "eta_hours": 0.15068, "loss": 0.08681468, "lr": 0.00012659, "params": 337201, "time_iter": 0.08969, "accuracy": 0.86395, "precision": 0.57535, "recall": 0.87535, "f1": 0.69433, "auc": 0.94487}
{"epoch": 79, "time_epoch": 27.01042, "eta": 516.91453, "eta_hours": 0.14359, "loss": 0.08680639, "lr": 0.0001158, "params": 337201, "time_iter": 0.0863, "accuracy": 0.86387, "precision": 0.57516, "recall": 0.87534, "f1": 0.69419, "auc": 0.94481}
{"epoch": 80, "time_epoch": 28.11433, "eta": 491.60094, "eta_hours": 0.13656, "loss": 0.08671707, "lr": 0.00010543, "params": 337201, "time_iter": 0.08982, "accuracy": 0.86421, "precision": 0.57591, "recall": 0.87532, "f1": 0.69473, "auc": 0.94492}
{"epoch": 81, "time_epoch": 25.12522, "eta": 465.5629, "eta_hours": 0.12932, "loss": 0.08668599, "lr": 9.549e-05, "params": 337201, "time_iter": 0.08027, "accuracy": 0.86412, "precision": 0.57568, "recall": 0.87552, "f1": 0.69463, "auc": 0.94496}
{"epoch": 82, "time_epoch": 24.47276, "eta": 439.41322, "eta_hours": 0.12206, "loss": 0.08661236, "lr": 8.6e-05, "params": 337201, "time_iter": 0.07819, "accuracy": 0.86398, "precision": 0.57541, "recall": 0.87532, "f1": 0.69437, "auc": 0.94503}
{"epoch": 83, "time_epoch": 24.38859, "eta": 413.28743, "eta_hours": 0.1148, "loss": 0.08652422, "lr": 7.695e-05, "params": 337201, "time_iter": 0.07792, "accuracy": 0.86414, "precision": 0.57574, "recall": 0.87541, "f1": 0.69463, "auc": 0.94518}
{"epoch": 84, "time_epoch": 24.55391, "eta": 387.23169, "eta_hours": 0.10756, "loss": 0.08645422, "lr": 6.837e-05, "params": 337201, "time_iter": 0.07845, "accuracy": 0.86419, "precision": 0.57579, "recall": 0.87606, "f1": 0.69487, "auc": 0.94526}
{"epoch": 85, "time_epoch": 24.2781, "eta": 361.16598, "eta_hours": 0.10032, "loss": 0.08633556, "lr": 6.026e-05, "params": 337201, "time_iter": 0.07757, "accuracy": 0.86424, "precision": 0.5758, "recall": 0.87691, "f1": 0.69515, "auc": 0.9454}
{"epoch": 86, "time_epoch": 24.58881, "eta": 335.18779, "eta_hours": 0.09311, "loss": 0.08632864, "lr": 5.264e-05, "params": 337201, "time_iter": 0.07856, "accuracy": 0.86417, "precision": 0.5757, "recall": 0.87639, "f1": 0.69491, "auc": 0.94542}
{"epoch": 87, "time_epoch": 24.17686, "eta": 309.185, "eta_hours": 0.08588, "loss": 0.08632806, "lr": 4.55e-05, "params": 337201, "time_iter": 0.07724, "accuracy": 0.86418, "precision": 0.57566, "recall": 0.87698, "f1": 0.69507, "auc": 0.94543}
{"epoch": 88, "time_epoch": 23.97854, "eta": 283.19874, "eta_hours": 0.07867, "loss": 0.08627714, "lr": 3.886e-05, "params": 337201, "time_iter": 0.07661, "accuracy": 0.86407, "precision": 0.57547, "recall": 0.87661, "f1": 0.69482, "auc": 0.94546}
{"epoch": 89, "time_epoch": 24.65432, "eta": 257.33217, "eta_hours": 0.07148, "loss": 0.08623413, "lr": 3.272e-05, "params": 337201, "time_iter": 0.07877, "accuracy": 0.8639, "precision": 0.57509, "recall": 0.87691, "f1": 0.69463, "auc": 0.94552}
{"epoch": 90, "time_epoch": 24.60163, "eta": 231.48704, "eta_hours": 0.0643, "loss": 0.08617474, "lr": 2.709e-05, "params": 337201, "time_iter": 0.0786, "accuracy": 0.8645, "precision": 0.57641, "recall": 0.87637, "f1": 0.69542, "auc": 0.9456}
{"epoch": 91, "time_epoch": 24.27065, "eta": 205.64016, "eta_hours": 0.05712, "loss": 0.08609422, "lr": 2.198e-05, "params": 337201, "time_iter": 0.07754, "accuracy": 0.86426, "precision": 0.57579, "recall": 0.87753, "f1": 0.69533, "auc": 0.94571}
{"epoch": 92, "time_epoch": 23.33418, "eta": 179.75669, "eta_hours": 0.04993, "loss": 0.08612561, "lr": 1.74e-05, "params": 337201, "time_iter": 0.07455, "accuracy": 0.86427, "precision": 0.57587, "recall": 0.87687, "f1": 0.69519, "auc": 0.94565}
{"epoch": 93, "time_epoch": 24.44937, "eta": 153.99864, "eta_hours": 0.04278, "loss": 0.08607171, "lr": 1.334e-05, "params": 337201, "time_iter": 0.07811, "accuracy": 0.86407, "precision": 0.57536, "recall": 0.87777, "f1": 0.6951, "auc": 0.94573}
{"epoch": 94, "time_epoch": 24.74489, "eta": 128.2837, "eta_hours": 0.03563, "loss": 0.08603981, "lr": 9.81e-06, "params": 337201, "time_iter": 0.07906, "accuracy": 0.86443, "precision": 0.57621, "recall": 0.87704, "f1": 0.69549, "auc": 0.94573}
{"epoch": 95, "time_epoch": 25.11483, "eta": 102.60438, "eta_hours": 0.0285, "loss": 0.08606368, "lr": 6.82e-06, "params": 337201, "time_iter": 0.08024, "accuracy": 0.86419, "precision": 0.57566, "recall": 0.87725, "f1": 0.69515, "auc": 0.94566}
{"epoch": 96, "time_epoch": 24.31373, "eta": 76.91192, "eta_hours": 0.02136, "loss": 0.08599201, "lr": 4.37e-06, "params": 337201, "time_iter": 0.07768, "accuracy": 0.86407, "precision": 0.5754, "recall": 0.87732, "f1": 0.69498, "auc": 0.94582}
{"epoch": 97, "time_epoch": 24.81044, "eta": 51.25774, "eta_hours": 0.01424, "loss": 0.08602472, "lr": 2.46e-06, "params": 337201, "time_iter": 0.07927, "accuracy": 0.86442, "precision": 0.57616, "recall": 0.87724, "f1": 0.69552, "auc": 0.94575}
{"epoch": 98, "time_epoch": 26.54002, "eta": 25.63807, "eta_hours": 0.00712, "loss": 0.08603119, "lr": 1.09e-06, "params": 337201, "time_iter": 0.08479, "accuracy": 0.86415, "precision": 0.57553, "recall": 0.87771, "f1": 0.6952, "auc": 0.94575}
{"epoch": 99, "time_epoch": 26.12904, "eta": 0.0, "eta_hours": 0.0, "loss": 0.08603404, "lr": 2.7e-07, "params": 337201, "time_iter": 0.08348, "accuracy": 0.86424, "precision": 0.57577, "recall": 0.87733, "f1": 0.69526, "auc": 0.94575}
