{"epoch": 0, "time_epoch": 76.51493, "eta": 7574.97791, "eta_hours": 2.10416, "loss": 2.31062406, "lr": 0.0, "params": 115394, "time_iter": 0.02226, "accuracy": 0.0848, "f1": 0.03253, "auc": 0.47758}
{"epoch": 1, "time_epoch": 70.94066, "eta": 7225.32377, "eta_hours": 2.00703, "loss": 1.59136295, "lr": 0.0002, "params": 115394, "time_iter": 0.02063, "accuracy": 0.69947, "f1": 0.69602, "auc": 0.93049}
{"epoch": 2, "time_epoch": 70.61372, "eta": 7050.90745, "eta_hours": 1.95859, "loss": 0.65487139, "lr": 0.0004, "params": 115394, "time_iter": 0.02054, "accuracy": 0.8866, "f1": 0.88533, "auc": 0.98074}
{"epoch": 3, "time_epoch": 70.09979, "eta": 6916.05832, "eta_hours": 1.92113, "loss": 0.34595964, "lr": 0.0006, "params": 115394, "time_iter": 0.02039, "accuracy": 0.90987, "f1": 0.90894, "auc": 0.9903}
{"epoch": 4, "time_epoch": 69.99875, "eta": 6805.18902, "eta_hours": 1.89033, "loss": 0.26927766, "lr": 0.0008, "params": 115394, "time_iter": 0.02036, "accuracy": 0.92253, "f1": 0.92174, "auc": 0.99433}
{"epoch": 5, "time_epoch": 70.34838, "eta": 6713.42087, "eta_hours": 1.86484, "loss": 0.23139561, "lr": 0.001, "params": 115394, "time_iter": 0.02046, "accuracy": 0.93267, "f1": 0.93207, "auc": 0.99571}
{"epoch": 6, "time_epoch": 70.13079, "eta": 6624.8818, "eta_hours": 1.84024, "loss": 0.19292513, "lr": 0.00099973, "params": 115394, "time_iter": 0.0204, "accuracy": 0.94358, "f1": 0.94311, "auc": 0.99693}
{"epoch": 7, "time_epoch": 70.20305, "eta": 6541.77574, "eta_hours": 1.81716, "loss": 0.16629599, "lr": 0.00099891, "params": 115394, "time_iter": 0.02042, "accuracy": 0.95095, "f1": 0.95054, "auc": 0.99774}
{"epoch": 8, "time_epoch": 70.36928, "eta": 6463.21781, "eta_hours": 1.79534, "loss": 0.15168928, "lr": 0.00099754, "params": 115394, "time_iter": 0.02047, "accuracy": 0.95464, "f1": 0.95429, "auc": 0.99811}
{"epoch": 9, "time_epoch": 70.26898, "eta": 6385.39493, "eta_hours": 1.77372, "loss": 0.14111636, "lr": 0.00099563, "params": 115394, "time_iter": 0.02044, "accuracy": 0.95824, "f1": 0.95789, "auc": 0.99838}
{"epoch": 10, "time_epoch": 70.28106, "eta": 6309.04325, "eta_hours": 1.75251, "loss": 0.12791832, "lr": 0.00099318, "params": 115394, "time_iter": 0.02044, "accuracy": 0.96142, "f1": 0.96113, "auc": 0.9986}
{"epoch": 11, "time_epoch": 69.85538, "eta": 6230.58163, "eta_hours": 1.73072, "loss": 0.12093386, "lr": 0.00099019, "params": 115394, "time_iter": 0.02032, "accuracy": 0.96465, "f1": 0.96439, "auc": 0.99872}
{"epoch": 12, "time_epoch": 69.9044, "eta": 6153.77213, "eta_hours": 1.70938, "loss": 0.11313832, "lr": 0.00098666, "params": 115394, "time_iter": 0.02033, "accuracy": 0.96638, "f1": 0.96614, "auc": 0.99895}
{"epoch": 13, "time_epoch": 70.37022, "eta": 6080.81052, "eta_hours": 1.68911, "loss": 0.10858205, "lr": 0.0009826, "params": 115394, "time_iter": 0.02047, "accuracy": 0.96776, "f1": 0.9675, "auc": 0.99898}
{"epoch": 14, "time_epoch": 70.00128, "eta": 6006.10376, "eta_hours": 1.66836, "loss": 0.10074246, "lr": 0.00097802, "params": 115394, "time_iter": 0.02036, "accuracy": 0.96902, "f1": 0.96881, "auc": 0.99914}
{"epoch": 15, "time_epoch": 70.36206, "eta": 5933.87931, "eta_hours": 1.6483, "loss": 0.09775569, "lr": 0.00097291, "params": 115394, "time_iter": 0.02047, "accuracy": 0.97025, "f1": 0.97007, "auc": 0.9992}
{"epoch": 16, "time_epoch": 70.71945, "eta": 5863.61887, "eta_hours": 1.62878, "loss": 0.09532004, "lr": 0.00096728, "params": 115394, "time_iter": 0.02057, "accuracy": 0.97084, "f1": 0.97061, "auc": 0.99925}
{"epoch": 17, "time_epoch": 70.16865, "eta": 5790.79823, "eta_hours": 1.60856, "loss": 0.08721437, "lr": 0.00096114, "params": 115394, "time_iter": 0.02041, "accuracy": 0.97396, "f1": 0.97377, "auc": 0.99934}
{"epoch": 18, "time_epoch": 70.40135, "eta": 5719.24876, "eta_hours": 1.58868, "loss": 0.08424518, "lr": 0.0009545, "params": 115394, "time_iter": 0.02048, "accuracy": 0.97418, "f1": 0.97395, "auc": 0.99943}
{"epoch": 19, "time_epoch": 70.26625, "eta": 5647.27371, "eta_hours": 1.56869, "loss": 0.08221171, "lr": 0.00094736, "params": 115394, "time_iter": 0.02044, "accuracy": 0.97575, "f1": 0.9756, "auc": 0.9994}
{"epoch": 20, "time_epoch": 70.07322, "eta": 5574.73527, "eta_hours": 1.54854, "loss": 0.07772707, "lr": 0.00093974, "params": 115394, "time_iter": 0.02038, "accuracy": 0.97616, "f1": 0.97599, "auc": 0.99946}
{"epoch": 21, "time_epoch": 70.1043, "eta": 5502.5311, "eta_hours": 1.52848, "loss": 0.07509025, "lr": 0.00093163, "params": 115394, "time_iter": 0.02039, "accuracy": 0.97745, "f1": 0.97732, "auc": 0.99946}
{"epoch": 22, "time_epoch": 70.34376, "eta": 5431.31119, "eta_hours": 1.5087, "loss": 0.07304476, "lr": 0.00092305, "params": 115394, "time_iter": 0.02046, "accuracy": 0.97869, "f1": 0.97855, "auc": 0.99955}
{"epoch": 23, "time_epoch": 70.32482, "eta": 5360.10432, "eta_hours": 1.48892, "loss": 0.07005492, "lr": 0.000914, "params": 115394, "time_iter": 0.02046, "accuracy": 0.97893, "f1": 0.97876, "auc": 0.99958}
{"epoch": 24, "time_epoch": 70.58017, "eta": 5289.73407, "eta_hours": 1.46937, "loss": 0.06537957, "lr": 0.00090451, "params": 115394, "time_iter": 0.02053, "accuracy": 0.98042, "f1": 0.98027, "auc": 0.99966}
{"epoch": 25, "time_epoch": 70.92859, "eta": 5220.33934, "eta_hours": 1.45009, "loss": 0.06174883, "lr": 0.00089457, "params": 115394, "time_iter": 0.02063, "accuracy": 0.98124, "f1": 0.98108, "auc": 0.99966}
{"epoch": 26, "time_epoch": 71.33714, "eta": 5151.93559, "eta_hours": 1.43109, "loss": 0.06117939, "lr": 0.0008842, "params": 115394, "time_iter": 0.02075, "accuracy": 0.98149, "f1": 0.98135, "auc": 0.99967}
{"epoch": 27, "time_epoch": 70.63871, "eta": 5081.52634, "eta_hours": 1.41154, "loss": 0.05911623, "lr": 0.00087341, "params": 115394, "time_iter": 0.02055, "accuracy": 0.98205, "f1": 0.98193, "auc": 0.9997}
{"epoch": 28, "time_epoch": 70.20896, "eta": 5010.04913, "eta_hours": 1.39168, "loss": 0.0552031, "lr": 0.00086221, "params": 115394, "time_iter": 0.02042, "accuracy": 0.98358, "f1": 0.98347, "auc": 0.99972}
{"epoch": 29, "time_epoch": 69.18793, "eta": 4936.27406, "eta_hours": 1.37119, "loss": 0.05518788, "lr": 0.00085062, "params": 115394, "time_iter": 0.02012, "accuracy": 0.98311, "f1": 0.983, "auc": 0.99975}
{"epoch": 30, "time_epoch": 69.00296, "eta": 4862.38324, "eta_hours": 1.35066, "loss": 0.05051956, "lr": 0.00083864, "params": 115394, "time_iter": 0.02007, "accuracy": 0.98485, "f1": 0.98477, "auc": 0.99977}
{"epoch": 31, "time_epoch": 68.93452, "eta": 4788.65246, "eta_hours": 1.33018, "loss": 0.04999265, "lr": 0.00082629, "params": 115394, "time_iter": 0.02005, "accuracy": 0.98455, "f1": 0.98443, "auc": 0.99978}
{"epoch": 32, "time_epoch": 70.39826, "eta": 4718.1842, "eta_hours": 1.31061, "loss": 0.04928293, "lr": 0.00081359, "params": 115394, "time_iter": 0.02048, "accuracy": 0.985, "f1": 0.98491, "auc": 0.99979}
{"epoch": 33, "time_epoch": 69.8991, "eta": 4646.7511, "eta_hours": 1.29076, "loss": 0.04552842, "lr": 0.00080054, "params": 115394, "time_iter": 0.02033, "accuracy": 0.98613, "f1": 0.98602, "auc": 0.99981}
{"epoch": 34, "time_epoch": 71.32472, "eta": 4578.05323, "eta_hours": 1.27168, "loss": 0.04381371, "lr": 0.00078716, "params": 115394, "time_iter": 0.02075, "accuracy": 0.98664, "f1": 0.98653, "auc": 0.99983}
{"epoch": 35, "time_epoch": 71.16818, "eta": 4508.93115, "eta_hours": 1.25248, "loss": 0.0419488, "lr": 0.00077347, "params": 115394, "time_iter": 0.0207, "accuracy": 0.98689, "f1": 0.98681, "auc": 0.99985}
{"epoch": 36, "time_epoch": 71.25769, "eta": 4439.85087, "eta_hours": 1.23329, "loss": 0.04189672, "lr": 0.00075948, "params": 115394, "time_iter": 0.02073, "accuracy": 0.98776, "f1": 0.98768, "auc": 0.99984}
{"epoch": 37, "time_epoch": 71.23341, "eta": 4370.61638, "eta_hours": 1.21406, "loss": 0.03904683, "lr": 0.00074521, "params": 115394, "time_iter": 0.02072, "accuracy": 0.9882, "f1": 0.98811, "auc": 0.99987}
{"epoch": 38, "time_epoch": 71.13951, "eta": 4301.1325, "eta_hours": 1.19476, "loss": 0.03558887, "lr": 0.00073067, "params": 115394, "time_iter": 0.02069, "accuracy": 0.98847, "f1": 0.98838, "auc": 0.9999}
{"epoch": 39, "time_epoch": 71.1205, "eta": 4231.53732, "eta_hours": 1.17543, "loss": 0.03635628, "lr": 0.00071588, "params": 115394, "time_iter": 0.02069, "accuracy": 0.98905, "f1": 0.98898, "auc": 0.99988}
{"epoch": 40, "time_epoch": 71.09143, "eta": 4161.82592, "eta_hours": 1.15606, "loss": 0.03448964, "lr": 0.00070085, "params": 115394, "time_iter": 0.02068, "accuracy": 0.98987, "f1": 0.9898, "auc": 0.99987}
{"epoch": 41, "time_epoch": 71.0904, "eta": 4092.04737, "eta_hours": 1.13668, "loss": 0.03274944, "lr": 0.0006856, "params": 115394, "time_iter": 0.02068, "accuracy": 0.99004, "f1": 0.98995, "auc": 0.99991}
{"epoch": 42, "time_epoch": 71.02972, "eta": 4022.12737, "eta_hours": 1.11726, "loss": 0.03253978, "lr": 0.00067015, "params": 115394, "time_iter": 0.02066, "accuracy": 0.98998, "f1": 0.9899, "auc": 0.9999}
{"epoch": 43, "time_epoch": 70.96418, "eta": 3952.07352, "eta_hours": 1.0978, "loss": 0.02998594, "lr": 0.00065451, "params": 115394, "time_iter": 0.02064, "accuracy": 0.99076, "f1": 0.99069, "auc": 0.99992}
{"epoch": 44, "time_epoch": 71.25074, "eta": 3882.32944, "eta_hours": 1.07842, "loss": 0.02740067, "lr": 0.0006387, "params": 115394, "time_iter": 0.02072, "accuracy": 0.99095, "f1": 0.99089, "auc": 0.99994}
{"epoch": 45, "time_epoch": 71.14582, "eta": 3812.39669, "eta_hours": 1.059, "loss": 0.02793343, "lr": 0.00062274, "params": 115394, "time_iter": 0.02069, "accuracy": 0.99173, "f1": 0.99166, "auc": 0.99992}
{"epoch": 46, "time_epoch": 70.70312, "eta": 3741.9131, "eta_hours": 1.03942, "loss": 0.02528703, "lr": 0.00060665, "params": 115394, "time_iter": 0.02057, "accuracy": 0.99229, "f1": 0.99224, "auc": 0.99995}
{"epoch": 47, "time_epoch": 70.33137, "eta": 3671.01764, "eta_hours": 1.01973, "loss": 0.02311864, "lr": 0.00059044, "params": 115394, "time_iter": 0.02046, "accuracy": 0.99282, "f1": 0.99276, "auc": 0.99995}
{"epoch": 48, "time_epoch": 70.02917, "eta": 3599.83067, "eta_hours": 0.99995, "loss": 0.0230558, "lr": 0.00057413, "params": 115394, "time_iter": 0.02037, "accuracy": 0.99296, "f1": 0.99291, "auc": 0.99995}
{"epoch": 49, "time_epoch": 69.90999, "eta": 3528.57083, "eta_hours": 0.98016, "loss": 0.02078939, "lr": 0.00055774, "params": 115394, "time_iter": 0.02033, "accuracy": 0.99342, "f1": 0.99337, "auc": 0.99995}
{"epoch": 50, "time_epoch": 69.63427, "eta": 3457.09902, "eta_hours": 0.96031, "loss": 0.02075965, "lr": 0.00054129, "params": 115394, "time_iter": 0.02025, "accuracy": 0.99382, "f1": 0.99378, "auc": 0.99996}
{"epoch": 51, "time_epoch": 69.80677, "eta": 3385.85711, "eta_hours": 0.94052, "loss": 0.02034919, "lr": 0.00052479, "params": 115394, "time_iter": 0.0203, "accuracy": 0.99405, "f1": 0.99401, "auc": 0.99996}
{"epoch": 52, "time_epoch": 69.76582, "eta": 3314.63305, "eta_hours": 0.92073, "loss": 0.01939996, "lr": 0.00050827, "params": 115394, "time_iter": 0.02029, "accuracy": 0.99431, "f1": 0.99428, "auc": 0.99997}
{"epoch": 53, "time_epoch": 70.01684, "eta": 3243.67682, "eta_hours": 0.90102, "loss": 0.01710461, "lr": 0.00049173, "params": 115394, "time_iter": 0.02037, "accuracy": 0.99507, "f1": 0.99504, "auc": 0.99996}
{"epoch": 54, "time_epoch": 69.92563, "eta": 3172.68013, "eta_hours": 0.8813, "loss": 0.01824584, "lr": 0.00047521, "params": 115394, "time_iter": 0.02034, "accuracy": 0.9946, "f1": 0.99456, "auc": 0.99997}
{"epoch": 55, "time_epoch": 69.58859, "eta": 3101.45688, "eta_hours": 0.86152, "loss": 0.0159913, "lr": 0.00045871, "params": 115394, "time_iter": 0.02024, "accuracy": 0.99515, "f1": 0.9951, "auc": 0.99998}
{"epoch": 56, "time_epoch": 69.52498, "eta": 3030.24299, "eta_hours": 0.84173, "loss": 0.0155568, "lr": 0.00044226, "params": 115394, "time_iter": 0.02022, "accuracy": 0.99536, "f1": 0.99533, "auc": 0.99998}
{"epoch": 57, "time_epoch": 69.42064, "eta": 2959.01179, "eta_hours": 0.82195, "loss": 0.01172029, "lr": 0.00042587, "params": 115394, "time_iter": 0.02019, "accuracy": 0.99645, "f1": 0.99642, "auc": 0.99999}
{"epoch": 58, "time_epoch": 69.51624, "eta": 2887.90839, "eta_hours": 0.8022, "loss": 0.01319809, "lr": 0.00040956, "params": 115394, "time_iter": 0.02022, "accuracy": 0.99605, "f1": 0.99604, "auc": 0.99998}
{"epoch": 59, "time_epoch": 69.72009, "eta": 2816.9938, "eta_hours": 0.7825, "loss": 0.01191074, "lr": 0.00039335, "params": 115394, "time_iter": 0.02028, "accuracy": 0.99653, "f1": 0.99651, "auc": 0.99998}
{"epoch": 60, "time_epoch": 69.52932, "eta": 2745.99641, "eta_hours": 0.76278, "loss": 0.01248187, "lr": 0.00037726, "params": 115394, "time_iter": 0.02022, "accuracy": 0.99651, "f1": 0.99647, "auc": 0.99997}
{"epoch": 61, "time_epoch": 69.39038, "eta": 2674.96121, "eta_hours": 0.74304, "loss": 0.00955777, "lr": 0.0003613, "params": 115394, "time_iter": 0.02018, "accuracy": 0.99696, "f1": 0.99693, "auc": 0.99999}
{"epoch": 62, "time_epoch": 69.59266, "eta": 2604.09704, "eta_hours": 0.72336, "loss": 0.01001097, "lr": 0.00034549, "params": 115394, "time_iter": 0.02024, "accuracy": 0.99709, "f1": 0.99708, "auc": 0.99999}
{"epoch": 63, "time_epoch": 69.14506, "eta": 2533.02082, "eta_hours": 0.70362, "loss": 0.00916235, "lr": 0.00032985, "params": 115394, "time_iter": 0.02011, "accuracy": 0.99724, "f1": 0.99722, "auc": 0.99999}
{"epoch": 64, "time_epoch": 69.08389, "eta": 2461.97108, "eta_hours": 0.68388, "loss": 0.00966333, "lr": 0.0003144, "params": 115394, "time_iter": 0.02009, "accuracy": 0.997, "f1": 0.99698, "auc": 0.99999}
{"epoch": 65, "time_epoch": 69.28419, "eta": 2391.0841, "eta_hours": 0.66419, "loss": 0.00735318, "lr": 0.00029915, "params": 115394, "time_iter": 0.02015, "accuracy": 0.99767, "f1": 0.99767, "auc": 0.99999}
{"epoch": 66, "time_epoch": 69.49881, "eta": 2320.35067, "eta_hours": 0.64454, "loss": 0.00623799, "lr": 0.00028412, "params": 115394, "time_iter": 0.02021, "accuracy": 0.99787, "f1": 0.99785, "auc": 1.0}
{"epoch": 67, "time_epoch": 69.80525, "eta": 2249.79777, "eta_hours": 0.62494, "loss": 0.00706117, "lr": 0.00026933, "params": 115394, "time_iter": 0.0203, "accuracy": 0.99787, "f1": 0.99786, "auc": 1.0}
{"epoch": 68, "time_epoch": 69.0039, "eta": 2178.9065, "eta_hours": 0.60525, "loss": 0.00589546, "lr": 0.00025479, "params": 115394, "time_iter": 0.02007, "accuracy": 0.99827, "f1": 0.99825, "auc": 1.0}
{"epoch": 69, "time_epoch": 69.16055, "eta": 2108.1363, "eta_hours": 0.58559, "loss": 0.00518171, "lr": 0.00024052, "params": 115394, "time_iter": 0.02012, "accuracy": 0.99836, "f1": 0.99835, "auc": 1.0}
{"epoch": 70, "time_epoch": 69.10604, "eta": 2037.38918, "eta_hours": 0.56594, "loss": 0.00477044, "lr": 0.00022653, "params": 115394, "time_iter": 0.0201, "accuracy": 0.99871, "f1": 0.9987, "auc": 1.0}
{"epoch": 71, "time_epoch": 69.06232, "eta": 1966.67064, "eta_hours": 0.5463, "loss": 0.00504598, "lr": 0.00021284, "params": 115394, "time_iter": 0.02009, "accuracy": 0.99844, "f1": 0.99843, "auc": 1.0}
{"epoch": 72, "time_epoch": 68.98936, "eta": 1895.97049, "eta_hours": 0.52666, "loss": 0.00319341, "lr": 0.00019946, "params": 115394, "time_iter": 0.02007, "accuracy": 0.99884, "f1": 0.99882, "auc": 1.0}
{"epoch": 73, "time_epoch": 69.0826, "eta": 1825.34933, "eta_hours": 0.50704, "loss": 0.00340689, "lr": 0.00018641, "params": 115394, "time_iter": 0.02009, "accuracy": 0.99891, "f1": 0.99891, "auc": 1.0}
{"epoch": 74, "time_epoch": 69.07455, "eta": 1754.76653, "eta_hours": 0.48744, "loss": 0.00442798, "lr": 0.00017371, "params": 115394, "time_iter": 0.02009, "accuracy": 0.99862, "f1": 0.99861, "auc": 1.0}
{"epoch": 75, "time_epoch": 69.47098, "eta": 1684.3486, "eta_hours": 0.46787, "loss": 0.00349762, "lr": 0.00016136, "params": 115394, "time_iter": 0.02021, "accuracy": 0.99913, "f1": 0.99912, "auc": 1.0}
{"epoch": 76, "time_epoch": 68.95827, "eta": 1613.80212, "eta_hours": 0.44828, "loss": 0.00314888, "lr": 0.00014938, "params": 115394, "time_iter": 0.02006, "accuracy": 0.99913, "f1": 0.99912, "auc": 1.0}
{"epoch": 77, "time_epoch": 68.93852, "eta": 1543.29079, "eta_hours": 0.42869, "loss": 0.0032044, "lr": 0.00013779, "params": 115394, "time_iter": 0.02005, "accuracy": 0.99902, "f1": 0.99901, "auc": 1.0}
{"epoch": 78, "time_epoch": 69.33308, "eta": 1472.92416, "eta_hours": 0.40915, "loss": 0.00225786, "lr": 0.00012659, "params": 115394, "time_iter": 0.02017, "accuracy": 0.9992, "f1": 0.99919, "auc": 1.0}
{"epoch": 79, "time_epoch": 69.75648, "eta": 1402.68923, "eta_hours": 0.38964, "loss": 0.00390208, "lr": 0.0001158, "params": 115394, "time_iter": 0.02029, "accuracy": 0.99902, "f1": 0.99902, "auc": 1.0}
{"epoch": 80, "time_epoch": 69.46759, "eta": 1332.39834, "eta_hours": 0.37011, "loss": 0.00250783, "lr": 0.00010543, "params": 115394, "time_iter": 0.02021, "accuracy": 0.99924, "f1": 0.99923, "auc": 1.0}
{"epoch": 81, "time_epoch": 69.4426, "eta": 1262.12205, "eta_hours": 0.35059, "loss": 0.00269727, "lr": 9.549e-05, "params": 115394, "time_iter": 0.0202, "accuracy": 0.99918, "f1": 0.99918, "auc": 0.99999}
{"epoch": 82, "time_epoch": 69.52587, "eta": 1191.8829, "eta_hours": 0.33108, "loss": 0.00217827, "lr": 8.6e-05, "params": 115394, "time_iter": 0.02022, "accuracy": 0.99944, "f1": 0.99943, "auc": 1.0}
{"epoch": 83, "time_epoch": 69.33254, "eta": 1121.62391, "eta_hours": 0.31156, "loss": 0.00129525, "lr": 7.695e-05, "params": 115394, "time_iter": 0.02017, "accuracy": 0.99965, "f1": 0.99965, "auc": 1.0}
{"epoch": 84, "time_epoch": 69.53236, "eta": 1051.42198, "eta_hours": 0.29206, "loss": 0.00219678, "lr": 6.837e-05, "params": 115394, "time_iter": 0.02022, "accuracy": 0.99933, "f1": 0.99932, "auc": 1.0}
{"epoch": 85, "time_epoch": 69.10653, "eta": 981.1663, "eta_hours": 0.27255, "loss": 0.00136226, "lr": 6.026e-05, "params": 115394, "time_iter": 0.0201, "accuracy": 0.99958, "f1": 0.99958, "auc": 1.0}
{"epoch": 86, "time_epoch": 69.18136, "eta": 910.94822, "eta_hours": 0.25304, "loss": 0.00133099, "lr": 5.264e-05, "params": 115394, "time_iter": 0.02012, "accuracy": 0.99951, "f1": 0.99951, "auc": 1.0}
{"epoch": 87, "time_epoch": 69.29058, "eta": 840.76859, "eta_hours": 0.23355, "loss": 0.00117529, "lr": 4.55e-05, "params": 115394, "time_iter": 0.02015, "accuracy": 0.99969, "f1": 0.99969, "auc": 1.0}
{"epoch": 88, "time_epoch": 69.36097, "eta": 770.61764, "eta_hours": 0.21406, "loss": 0.00182138, "lr": 3.886e-05, "params": 115394, "time_iter": 0.02017, "accuracy": 0.99947, "f1": 0.99947, "auc": 1.0}
{"epoch": 89, "time_epoch": 69.19995, "eta": 700.46636, "eta_hours": 0.19457, "loss": 0.00092584, "lr": 3.272e-05, "params": 115394, "time_iter": 0.02013, "accuracy": 0.99967, "f1": 0.99968, "auc": 1.0}
{"epoch": 90, "time_epoch": 69.19348, "eta": 630.33535, "eta_hours": 0.17509, "loss": 0.00063415, "lr": 2.709e-05, "params": 115394, "time_iter": 0.02013, "accuracy": 0.99978, "f1": 0.99977, "auc": 1.0}
{"epoch": 91, "time_epoch": 69.33222, "eta": 560.23678, "eta_hours": 0.15562, "loss": 0.0010927, "lr": 2.198e-05, "params": 115394, "time_iter": 0.02017, "accuracy": 0.99969, "f1": 0.99969, "auc": 1.0}
{"epoch": 92, "time_epoch": 69.50598, "eta": 490.16777, "eta_hours": 0.13616, "loss": 0.001036, "lr": 1.74e-05, "params": 115394, "time_iter": 0.02022, "accuracy": 0.99975, "f1": 0.99974, "auc": 1.0}
{"epoch": 93, "time_epoch": 69.31547, "eta": 420.09858, "eta_hours": 0.11669, "loss": 0.00076125, "lr": 1.334e-05, "params": 115394, "time_iter": 0.02016, "accuracy": 0.99973, "f1": 0.99973, "auc": 1.0}
{"epoch": 94, "time_epoch": 69.27836, "eta": 350.0433, "eta_hours": 0.09723, "loss": 0.00106271, "lr": 9.81e-06, "params": 115394, "time_iter": 0.02015, "accuracy": 0.99967, "f1": 0.99967, "auc": 1.0}
{"epoch": 95, "time_epoch": 69.30491, "eta": 280.00532, "eta_hours": 0.07778, "loss": 0.00075831, "lr": 6.82e-06, "params": 115394, "time_iter": 0.02016, "accuracy": 0.99975, "f1": 0.99974, "auc": 1.0}
{"epoch": 96, "time_epoch": 69.74938, "eta": 209.9962, "eta_hours": 0.05833, "loss": 0.00057472, "lr": 4.37e-06, "params": 115394, "time_iter": 0.02029, "accuracy": 0.99984, "f1": 0.99984, "auc": 1.0}
{"epoch": 97, "time_epoch": 69.4269, "eta": 139.98579, "eta_hours": 0.03888, "loss": 0.0007547, "lr": 2.46e-06, "params": 115394, "time_iter": 0.02019, "accuracy": 0.99975, "f1": 0.99974, "auc": 1.0}
{"epoch": 98, "time_epoch": 69.31235, "eta": 69.98602, "eta_hours": 0.01944, "loss": 0.00076489, "lr": 1.09e-06, "params": 115394, "time_iter": 0.02016, "accuracy": 0.99976, "f1": 0.99976, "auc": 1.0}
{"epoch": 99, "time_epoch": 69.28886, "eta": 0.0, "eta_hours": 0.0, "loss": 0.00102358, "lr": 2.7e-07, "params": 115394, "time_iter": 0.02015, "accuracy": 0.99969, "f1": 0.99969, "auc": 1.0}
