{"epoch": 0, "time_epoch": 30.35561, "eta": 3005.20498, "eta_hours": 0.83478, "loss": 0.20149315, "lr": 0.0, "params": 337201, "time_iter": 0.09698, "accuracy": 0.47017, "precision": 0.17134, "recall": 0.52177, "f1": 0.25797, "auc": 0.48736}
{"epoch": 1, "time_epoch": 28.59571, "eta": 2888.61434, "eta_hours": 0.80239, "loss": 0.15761453, "lr": 0.0002, "params": 337201, "time_iter": 0.09136, "accuracy": 0.78682, "precision": 0.44159, "recall": 0.78508, "f1": 0.56525, "auc": 0.85234}
{"epoch": 2, "time_epoch": 27.90111, "eta": 2808.22829, "eta_hours": 0.78006, "loss": 0.1276275, "lr": 0.0004, "params": 337201, "time_iter": 0.08914, "accuracy": 0.8399, "precision": 0.52963, "recall": 0.83114, "f1": 0.64698, "auc": 0.89837}
{"epoch": 3, "time_epoch": 29.05172, "eta": 2781.69935, "eta_hours": 0.77269, "loss": 0.11442391, "lr": 0.0006, "params": 337201, "time_iter": 0.09282, "accuracy": 0.84396, "precision": 0.53727, "recall": 0.83617, "f1": 0.6542, "auc": 0.91237}
{"epoch": 4, "time_epoch": 29.10702, "eta": 2755.21197, "eta_hours": 0.76534, "loss": 0.10781388, "lr": 0.0008, "params": 337201, "time_iter": 0.09299, "accuracy": 0.84473, "precision": 0.53862, "recall": 0.83932, "f1": 0.65616, "auc": 0.91876}
{"epoch": 5, "time_epoch": 27.85258, "eta": 2708.19855, "eta_hours": 0.75228, "loss": 0.10306795, "lr": 0.001, "params": 337201, "time_iter": 0.08899, "accuracy": 0.84857, "precision": 0.54594, "recall": 0.84434, "f1": 0.66312, "auc": 0.92431}
{"epoch": 6, "time_epoch": 28.04564, "eta": 2669.22463, "eta_hours": 0.74145, "loss": 0.0999896, "lr": 0.00099973, "params": 337201, "time_iter": 0.0896, "accuracy": 0.85081, "precision": 0.55017, "recall": 0.84895, "f1": 0.66766, "auc": 0.92806}
{"epoch": 7, "time_epoch": 27.74173, "eta": 2629.48781, "eta_hours": 0.73041, "loss": 0.09865047, "lr": 0.00099891, "params": 337201, "time_iter": 0.08863, "accuracy": 0.85276, "precision": 0.55409, "recall": 0.84951, "f1": 0.67071, "auc": 0.92973}
{"epoch": 8, "time_epoch": 28.46331, "eta": 2599.71255, "eta_hours": 0.72214, "loss": 0.09799202, "lr": 0.00099754, "params": 337201, "time_iter": 0.09094, "accuracy": 0.85227, "precision": 0.55292, "recall": 0.85183, "f1": 0.67057, "auc": 0.93036}
{"epoch": 9, "time_epoch": 27.94187, "eta": 2565.50671, "eta_hours": 0.71264, "loss": 0.09743857, "lr": 0.00099563, "params": 337201, "time_iter": 0.08927, "accuracy": 0.85303, "precision": 0.55454, "recall": 0.85092, "f1": 0.67148, "auc": 0.93098}
{"epoch": 10, "time_epoch": 28.20284, "eta": 2534.55121, "eta_hours": 0.70404, "loss": 0.09691168, "lr": 0.00099318, "params": 337201, "time_iter": 0.0901, "accuracy": 0.85396, "precision": 0.55638, "recall": 0.85184, "f1": 0.67312, "auc": 0.93161}
{"epoch": 11, "time_epoch": 25.47052, "eta": 2484.01748, "eta_hours": 0.69, "loss": 0.0967908, "lr": 0.00099019, "params": 337201, "time_iter": 0.08138, "accuracy": 0.85399, "precision": 0.55644, "recall": 0.85186, "f1": 0.67317, "auc": 0.93172}
{"epoch": 12, "time_epoch": 25.77643, "eta": 2439.38691, "eta_hours": 0.67761, "loss": 0.09628016, "lr": 0.00098666, "params": 337201, "time_iter": 0.08235, "accuracy": 0.85471, "precision": 0.55786, "recall": 0.85291, "f1": 0.67453, "auc": 0.9324}
{"epoch": 13, "time_epoch": 25.84078, "eta": 2397.84502, "eta_hours": 0.66607, "loss": 0.09615129, "lr": 0.0009826, "params": 337201, "time_iter": 0.08256, "accuracy": 0.85545, "precision": 0.55948, "recall": 0.85174, "f1": 0.67535, "auc": 0.93251}
{"epoch": 14, "time_epoch": 26.65719, "eta": 2363.02299, "eta_hours": 0.6564, "loss": 0.09592333, "lr": 0.00097802, "params": 337201, "time_iter": 0.08517, "accuracy": 0.85484, "precision": 0.55814, "recall": 0.85268, "f1": 0.67466, "auc": 0.93275}
{"epoch": 15, "time_epoch": 25.93138, "eta": 2325.41105, "eta_hours": 0.64595, "loss": 0.09574846, "lr": 0.00097291, "params": 337201, "time_iter": 0.08285, "accuracy": 0.85587, "precision": 0.56029, "recall": 0.85266, "f1": 0.67623, "auc": 0.93301}
{"epoch": 16, "time_epoch": 26.82772, "eta": 2293.54954, "eta_hours": 0.6371, "loss": 0.09580366, "lr": 0.00096728, "params": 337201, "time_iter": 0.08571, "accuracy": 0.85619, "precision": 0.56098, "recall": 0.85242, "f1": 0.67665, "auc": 0.93291}
{"epoch": 17, "time_epoch": 26.73187, "eta": 2261.81067, "eta_hours": 0.62828, "loss": 0.09523546, "lr": 0.00096114, "params": 337201, "time_iter": 0.08541, "accuracy": 0.85602, "precision": 0.56041, "recall": 0.85491, "f1": 0.67702, "auc": 0.93368}
{"epoch": 18, "time_epoch": 27.1513, "eta": 2232.38698, "eta_hours": 0.62011, "loss": 0.09505214, "lr": 0.0009545, "params": 337201, "time_iter": 0.08675, "accuracy": 0.8554, "precision": 0.55903, "recall": 0.85606, "f1": 0.67637, "auc": 0.93394}
{"epoch": 19, "time_epoch": 24.9656, "eta": 2194.44772, "eta_hours": 0.60957, "loss": 0.09475697, "lr": 0.00094736, "params": 337201, "time_iter": 0.07976, "accuracy": 0.85634, "precision": 0.56097, "recall": 0.85622, "f1": 0.67784, "auc": 0.93438}
{"epoch": 20, "time_epoch": 25.28165, "eta": 2158.93297, "eta_hours": 0.5997, "loss": 0.0944027, "lr": 0.00093974, "params": 337201, "time_iter": 0.08077, "accuracy": 0.85673, "precision": 0.56175, "recall": 0.85681, "f1": 0.6786, "auc": 0.93489}
{"epoch": 21, "time_epoch": 25.37479, "eta": 2124.67874, "eta_hours": 0.59019, "loss": 0.09443223, "lr": 0.00093163, "params": 337201, "time_iter": 0.08107, "accuracy": 0.85679, "precision": 0.56193, "recall": 0.85599, "f1": 0.67846, "auc": 0.93477}
{"epoch": 22, "time_epoch": 25.53082, "eta": 2091.71901, "eta_hours": 0.58103, "loss": 0.09383712, "lr": 0.00092305, "params": 337201, "time_iter": 0.08157, "accuracy": 0.85771, "precision": 0.56373, "recall": 0.85757, "f1": 0.68027, "auc": 0.93564}
{"epoch": 23, "time_epoch": 25.05062, "eta": 2057.85772, "eta_hours": 0.57163, "loss": 0.09341272, "lr": 0.000914, "params": 337201, "time_iter": 0.08003, "accuracy": 0.85803, "precision": 0.56426, "recall": 0.85923, "f1": 0.68118, "auc": 0.9362}
{"epoch": 24, "time_epoch": 25.40815, "eta": 2025.77386, "eta_hours": 0.56271, "loss": 0.09308005, "lr": 0.00090451, "params": 337201, "time_iter": 0.08118, "accuracy": 0.85764, "precision": 0.56325, "recall": 0.86172, "f1": 0.68123, "auc": 0.93667}
{"epoch": 25, "time_epoch": 25.28383, "eta": 1993.8497, "eta_hours": 0.55385, "loss": 0.09275197, "lr": 0.00089457, "params": 337201, "time_iter": 0.08078, "accuracy": 0.85819, "precision": 0.56441, "recall": 0.8615, "f1": 0.682, "auc": 0.93712}
{"epoch": 26, "time_epoch": 25.14125, "eta": 1962.03191, "eta_hours": 0.54501, "loss": 0.09278922, "lr": 0.0008842, "params": 337201, "time_iter": 0.08032, "accuracy": 0.85866, "precision": 0.56547, "recall": 0.8606, "f1": 0.68249, "auc": 0.93708}
{"epoch": 27, "time_epoch": 25.56362, "eta": 1931.77712, "eta_hours": 0.5366, "loss": 0.09250347, "lr": 0.00087341, "params": 337201, "time_iter": 0.08167, "accuracy": 0.85993, "precision": 0.56818, "recall": 0.86041, "f1": 0.6844, "auc": 0.93745}
{"epoch": 28, "time_epoch": 24.90708, "eta": 1900.23847, "eta_hours": 0.52784, "loss": 0.09259419, "lr": 0.00086221, "params": 337201, "time_iter": 0.07958, "accuracy": 0.85932, "precision": 0.5669, "recall": 0.86034, "f1": 0.68345, "auc": 0.93733}
{"epoch": 29, "time_epoch": 24.74101, "eta": 1868.75443, "eta_hours": 0.5191, "loss": 0.09239163, "lr": 0.00085062, "params": 337201, "time_iter": 0.07904, "accuracy": 0.85988, "precision": 0.56801, "recall": 0.86103, "f1": 0.68448, "auc": 0.93763}
{"epoch": 30, "time_epoch": 25.25462, "eta": 1838.8486, "eta_hours": 0.51079, "loss": 0.09193154, "lr": 0.00083864, "params": 337201, "time_iter": 0.08069, "accuracy": 0.86068, "precision": 0.56967, "recall": 0.86146, "f1": 0.68582, "auc": 0.93823}
{"epoch": 31, "time_epoch": 25.30794, "eta": 1809.3468, "eta_hours": 0.5026, "loss": 0.09205447, "lr": 0.00082629, "params": 337201, "time_iter": 0.08086, "accuracy": 0.85999, "precision": 0.56816, "recall": 0.86195, "f1": 0.68488, "auc": 0.93807}
{"epoch": 32, "time_epoch": 25.24119, "eta": 1779.96364, "eta_hours": 0.49443, "loss": 0.09176244, "lr": 0.00081359, "params": 337201, "time_iter": 0.08064, "accuracy": 0.86056, "precision": 0.56934, "recall": 0.86228, "f1": 0.68584, "auc": 0.93846}
{"epoch": 33, "time_epoch": 25.28408, "eta": 1750.90738, "eta_hours": 0.48636, "loss": 0.09154906, "lr": 0.00080054, "params": 337201, "time_iter": 0.08078, "accuracy": 0.86075, "precision": 0.56968, "recall": 0.86301, "f1": 0.68632, "auc": 0.93874}
{"epoch": 34, "time_epoch": 25.53669, "eta": 1722.53581, "eta_hours": 0.47848, "loss": 0.0913648, "lr": 0.00078716, "params": 337201, "time_iter": 0.08159, "accuracy": 0.86036, "precision": 0.56871, "recall": 0.86457, "f1": 0.68611, "auc": 0.93896}
{"epoch": 35, "time_epoch": 26.55174, "eta": 1696.12627, "eta_hours": 0.47115, "loss": 0.09141681, "lr": 0.00077347, "params": 337201, "time_iter": 0.08483, "accuracy": 0.86077, "precision": 0.56964, "recall": 0.86398, "f1": 0.68659, "auc": 0.93889}
{"epoch": 36, "time_epoch": 26.2813, "eta": 1669.24856, "eta_hours": 0.46368, "loss": 0.09115762, "lr": 0.00075948, "params": 337201, "time_iter": 0.08397, "accuracy": 0.86157, "precision": 0.57136, "recall": 0.86378, "f1": 0.68778, "auc": 0.93929}
{"epoch": 37, "time_epoch": 25.87676, "eta": 1641.7422, "eta_hours": 0.45604, "loss": 0.09097426, "lr": 0.00074521, "params": 337201, "time_iter": 0.08267, "accuracy": 0.86095, "precision": 0.56988, "recall": 0.86561, "f1": 0.68728, "auc": 0.93954}
{"epoch": 38, "time_epoch": 25.87803, "eta": 1614.32139, "eta_hours": 0.44842, "loss": 0.09078488, "lr": 0.00073067, "params": 337201, "time_iter": 0.08268, "accuracy": 0.86145, "precision": 0.57087, "recall": 0.86619, "f1": 0.68819, "auc": 0.93985}
{"epoch": 39, "time_epoch": 27.54654, "eta": 1589.48048, "eta_hours": 0.44152, "loss": 0.09063657, "lr": 0.00071588, "params": 337201, "time_iter": 0.08801, "accuracy": 0.86201, "precision": 0.57209, "recall": 0.86611, "f1": 0.68904, "auc": 0.94}
{"epoch": 40, "time_epoch": 27.40669, "eta": 1564.30634, "eta_hours": 0.43453, "loss": 0.0905328, "lr": 0.00070085, "params": 337201, "time_iter": 0.08756, "accuracy": 0.86207, "precision": 0.5723, "recall": 0.86524, "f1": 0.68892, "auc": 0.94012}
{"epoch": 41, "time_epoch": 25.95897, "eta": 1537.02667, "eta_hours": 0.42695, "loss": 0.09042577, "lr": 0.0006856, "params": 337201, "time_iter": 0.08294, "accuracy": 0.86285, "precision": 0.5739, "recall": 0.86594, "f1": 0.6903, "auc": 0.94034}
{"epoch": 42, "time_epoch": 27.69625, "eta": 1512.11132, "eta_hours": 0.42003, "loss": 0.09028893, "lr": 0.00067015, "params": 337201, "time_iter": 0.08849, "accuracy": 0.86169, "precision": 0.57139, "recall": 0.86628, "f1": 0.68859, "auc": 0.94047}
{"epoch": 43, "time_epoch": 26.5465, "eta": 1485.60626, "eta_hours": 0.41267, "loss": 0.09005072, "lr": 0.00065451, "params": 337201, "time_iter": 0.08481, "accuracy": 0.86326, "precision": 0.57482, "recall": 0.86553, "f1": 0.69084, "auc": 0.9408}
{"epoch": 44, "time_epoch": 26.59246, "eta": 1459.15554, "eta_hours": 0.40532, "loss": 0.08997549, "lr": 0.0006387, "params": 337201, "time_iter": 0.08496, "accuracy": 0.86291, "precision": 0.57387, "recall": 0.86751, "f1": 0.69078, "auc": 0.94087}
{"epoch": 45, "time_epoch": 28.50131, "eta": 1434.93947, "eta_hours": 0.39859, "loss": 0.09005193, "lr": 0.00062274, "params": 337201, "time_iter": 0.09106, "accuracy": 0.86272, "precision": 0.57353, "recall": 0.86686, "f1": 0.69033, "auc": 0.94079}
{"epoch": 46, "time_epoch": 27.42416, "eta": 1409.32638, "eta_hours": 0.39148, "loss": 0.09004702, "lr": 0.00060665, "params": 337201, "time_iter": 0.08762, "accuracy": 0.86174, "precision": 0.57128, "recall": 0.86837, "f1": 0.68917, "auc": 0.94072}
{"epoch": 47, "time_epoch": 28.84989, "eta": 1385.18237, "eta_hours": 0.38477, "loss": 0.08970346, "lr": 0.00059044, "params": 337201, "time_iter": 0.09217, "accuracy": 0.8634, "precision": 0.57499, "recall": 0.86707, "f1": 0.69145, "auc": 0.94125}
{"epoch": 48, "time_epoch": 28.04802, "eta": 1360.01169, "eta_hours": 0.37778, "loss": 0.0897957, "lr": 0.00057413, "params": 337201, "time_iter": 0.08961, "accuracy": 0.86303, "precision": 0.5742, "recall": 0.86683, "f1": 0.6908, "auc": 0.94112}
{"epoch": 49, "time_epoch": 29.27482, "eta": 1335.95272, "eta_hours": 0.3711, "loss": 0.08966476, "lr": 0.00055774, "params": 337201, "time_iter": 0.09353, "accuracy": 0.8636, "precision": 0.57543, "recall": 0.86686, "f1": 0.6917, "auc": 0.94125}
{"epoch": 50, "time_epoch": 28.30904, "eta": 1310.7613, "eta_hours": 0.3641, "loss": 0.08947403, "lr": 0.00054129, "params": 337201, "time_iter": 0.09044, "accuracy": 0.86293, "precision": 0.57384, "recall": 0.86828, "f1": 0.69101, "auc": 0.94151}
{"epoch": 51, "time_epoch": 24.69679, "eta": 1282.11559, "eta_hours": 0.35614, "loss": 0.08935065, "lr": 0.00052479, "params": 337201, "time_iter": 0.0789, "accuracy": 0.86346, "precision": 0.57505, "recall": 0.86777, "f1": 0.69171, "auc": 0.94167}
{"epoch": 52, "time_epoch": 26.81282, "eta": 1255.49536, "eta_hours": 0.34875, "loss": 0.08932785, "lr": 0.00050827, "params": 337201, "time_iter": 0.08566, "accuracy": 0.86386, "precision": 0.57591, "recall": 0.86771, "f1": 0.69232, "auc": 0.94171}
{"epoch": 53, "time_epoch": 28.13772, "eta": 1229.99663, "eta_hours": 0.34167, "loss": 0.08925561, "lr": 0.00049173, "params": 337201, "time_iter": 0.0899, "accuracy": 0.86402, "precision": 0.57626, "recall": 0.86771, "f1": 0.69257, "auc": 0.94183}
{"epoch": 54, "time_epoch": 24.87879, "eta": 1201.73554, "eta_hours": 0.33382, "loss": 0.089173, "lr": 0.00047521, "params": 337201, "time_iter": 0.07948, "accuracy": 0.86355, "precision": 0.57515, "recall": 0.86862, "f1": 0.69206, "auc": 0.94192}
{"epoch": 55, "time_epoch": 26.7207, "eta": 1175.04246, "eta_hours": 0.3264, "loss": 0.08915698, "lr": 0.00045871, "params": 337201, "time_iter": 0.08537, "accuracy": 0.86423, "precision": 0.57675, "recall": 0.8674, "f1": 0.69283, "auc": 0.94189}
{"epoch": 56, "time_epoch": 28.93174, "eta": 1150.01638, "eta_hours": 0.31945, "loss": 0.08898169, "lr": 0.00044226, "params": 337201, "time_iter": 0.09243, "accuracy": 0.86423, "precision": 0.57663, "recall": 0.86858, "f1": 0.69311, "auc": 0.94217}
{"epoch": 57, "time_epoch": 24.60584, "eta": 1121.72308, "eta_hours": 0.31159, "loss": 0.08892545, "lr": 0.00042587, "params": 337201, "time_iter": 0.07861, "accuracy": 0.86488, "precision": 0.57811, "recall": 0.86781, "f1": 0.69394, "auc": 0.94225}
{"epoch": 58, "time_epoch": 27.01579, "eta": 1095.22949, "eta_hours": 0.30423, "loss": 0.08886881, "lr": 0.00040956, "params": 337201, "time_iter": 0.08631, "accuracy": 0.86394, "precision": 0.57587, "recall": 0.8698, "f1": 0.69295, "auc": 0.9423}
{"epoch": 59, "time_epoch": 25.84345, "eta": 1067.93693, "eta_hours": 0.29665, "loss": 0.08873401, "lr": 0.00039335, "params": 337201, "time_iter": 0.08257, "accuracy": 0.865, "precision": 0.57824, "recall": 0.86904, "f1": 0.69443, "auc": 0.94249}
{"epoch": 60, "time_epoch": 29.0199, "eta": 1042.72273, "eta_hours": 0.28965, "loss": 0.08869363, "lr": 0.00037726, "params": 337201, "time_iter": 0.09272, "accuracy": 0.86382, "precision": 0.57556, "recall": 0.87033, "f1": 0.6929, "auc": 0.94255}
{"epoch": 61, "time_epoch": 25.8116, "eta": 1015.41939, "eta_hours": 0.28206, "loss": 0.08854026, "lr": 0.0003613, "params": 337201, "time_iter": 0.08247, "accuracy": 0.86488, "precision": 0.57797, "recall": 0.8692, "f1": 0.69428, "auc": 0.94276}
{"epoch": 62, "time_epoch": 26.58441, "eta": 988.61728, "eta_hours": 0.27462, "loss": 0.08848635, "lr": 0.00034549, "params": 337201, "time_iter": 0.08493, "accuracy": 0.86396, "precision": 0.57583, "recall": 0.87078, "f1": 0.69323, "auc": 0.94278}
{"epoch": 63, "time_epoch": 25.17038, "eta": 961.02657, "eta_hours": 0.26695, "loss": 0.08840377, "lr": 0.00032985, "params": 337201, "time_iter": 0.08042, "accuracy": 0.86482, "precision": 0.57785, "recall": 0.8692, "f1": 0.69419, "auc": 0.94288}
{"epoch": 64, "time_epoch": 25.74107, "eta": 933.81764, "eta_hours": 0.25939, "loss": 0.08831261, "lr": 0.0003144, "params": 337201, "time_iter": 0.08224, "accuracy": 0.86508, "precision": 0.57836, "recall": 0.86964, "f1": 0.6947, "auc": 0.943}
{"epoch": 65, "time_epoch": 25.54833, "eta": 906.55389, "eta_hours": 0.25182, "loss": 0.08829191, "lr": 0.00029915, "params": 337201, "time_iter": 0.08162, "accuracy": 0.86446, "precision": 0.57691, "recall": 0.87054, "f1": 0.69394, "auc": 0.94301}
{"epoch": 66, "time_epoch": 25.77866, "eta": 879.4548, "eta_hours": 0.24429, "loss": 0.08811959, "lr": 0.00028412, "params": 337201, "time_iter": 0.08236, "accuracy": 0.86516, "precision": 0.57854, "recall": 0.86967, "f1": 0.69484, "auc": 0.94323}
{"epoch": 67, "time_epoch": 26.05501, "eta": 852.52459, "eta_hours": 0.23681, "loss": 0.0880718, "lr": 0.00026933, "params": 337201, "time_iter": 0.08324, "accuracy": 0.86462, "precision": 0.57723, "recall": 0.87105, "f1": 0.69433, "auc": 0.9433}
{"epoch": 68, "time_epoch": 26.55668, "eta": 825.84514, "eta_hours": 0.2294, "loss": 0.08804937, "lr": 0.00025479, "params": 337201, "time_iter": 0.08485, "accuracy": 0.8646, "precision": 0.5772, "recall": 0.87068, "f1": 0.6942, "auc": 0.94332}
{"epoch": 69, "time_epoch": 27.61003, "eta": 799.62063, "eta_hours": 0.22212, "loss": 0.08786638, "lr": 0.00024052, "params": 337201, "time_iter": 0.08821, "accuracy": 0.8649, "precision": 0.57776, "recall": 0.87156, "f1": 0.69488, "auc": 0.94357}
{"epoch": 70, "time_epoch": 26.45885, "eta": 772.88689, "eta_hours": 0.21469, "loss": 0.08784686, "lr": 0.00022653, "params": 337201, "time_iter": 0.08453, "accuracy": 0.86465, "precision": 0.57717, "recall": 0.87207, "f1": 0.69462, "auc": 0.94357}
{"epoch": 71, "time_epoch": 26.63982, "eta": 746.23116, "eta_hours": 0.20729, "loss": 0.08761825, "lr": 0.00021284, "params": 337201, "time_iter": 0.08511, "accuracy": 0.86508, "precision": 0.57809, "recall": 0.87227, "f1": 0.69534, "auc": 0.9439}
{"epoch": 72, "time_epoch": 25.63572, "eta": 719.2045, "eta_hours": 0.19978, "loss": 0.08763266, "lr": 0.00019946, "params": 337201, "time_iter": 0.0819, "accuracy": 0.86494, "precision": 0.57786, "recall": 0.87154, "f1": 0.69495, "auc": 0.94383}
{"epoch": 73, "time_epoch": 26.11192, "eta": 692.38273, "eta_hours": 0.19233, "loss": 0.08752249, "lr": 0.00018641, "params": 337201, "time_iter": 0.08342, "accuracy": 0.86482, "precision": 0.57754, "recall": 0.87211, "f1": 0.6949, "auc": 0.94397}
{"epoch": 74, "time_epoch": 25.13615, "eta": 665.25464, "eta_hours": 0.18479, "loss": 0.08746809, "lr": 0.00017371, "params": 337201, "time_iter": 0.08031, "accuracy": 0.86506, "precision": 0.57804, "recall": 0.87245, "f1": 0.69536, "auc": 0.94406}
{"epoch": 75, "time_epoch": 27.13786, "eta": 638.81109, "eta_hours": 0.17745, "loss": 0.08736949, "lr": 0.00016136, "params": 337201, "time_iter": 0.0867, "accuracy": 0.86535, "precision": 0.57876, "recall": 0.87151, "f1": 0.69559, "auc": 0.94416}
{"epoch": 76, "time_epoch": 25.53381, "eta": 611.87037, "eta_hours": 0.16996, "loss": 0.08728504, "lr": 0.00014938, "params": 337201, "time_iter": 0.08158, "accuracy": 0.86517, "precision": 0.57825, "recall": 0.87263, "f1": 0.69557, "auc": 0.94427}
{"epoch": 77, "time_epoch": 26.64428, "eta": 585.27894, "eta_hours": 0.16258, "loss": 0.08723236, "lr": 0.00013779, "params": 337201, "time_iter": 0.08513, "accuracy": 0.86525, "precision": 0.57848, "recall": 0.87218, "f1": 0.6956, "auc": 0.94434}
{"epoch": 78, "time_epoch": 26.38692, "eta": 558.61776, "eta_hours": 0.15517, "loss": 0.08715555, "lr": 0.00012659, "params": 337201, "time_iter": 0.0843, "accuracy": 0.86466, "precision": 0.57703, "recall": 0.87375, "f1": 0.69505, "auc": 0.94441}
{"epoch": 79, "time_epoch": 25.87315, "eta": 531.83499, "eta_hours": 0.14773, "loss": 0.08714403, "lr": 0.0001158, "params": 337201, "time_iter": 0.08266, "accuracy": 0.86482, "precision": 0.57742, "recall": 0.87324, "f1": 0.69517, "auc": 0.94445}
{"epoch": 80, "time_epoch": 26.7567, "eta": 505.28193, "eta_hours": 0.14036, "loss": 0.08706649, "lr": 0.00010543, "params": 337201, "time_iter": 0.08548, "accuracy": 0.8651, "precision": 0.57801, "recall": 0.87338, "f1": 0.69564, "auc": 0.94451}
{"epoch": 81, "time_epoch": 28.94221, "eta": 479.20365, "eta_hours": 0.13311, "loss": 0.08685815, "lr": 9.549e-05, "params": 337201, "time_iter": 0.09247, "accuracy": 0.86507, "precision": 0.57785, "recall": 0.87439, "f1": 0.69584, "auc": 0.94485}
{"epoch": 82, "time_epoch": 27.34096, "eta": 452.7284, "eta_hours": 0.12576, "loss": 0.08681575, "lr": 8.6e-05, "params": 337201, "time_iter": 0.08735, "accuracy": 0.86514, "precision": 0.57808, "recall": 0.87358, "f1": 0.69575, "auc": 0.94482}
{"epoch": 83, "time_epoch": 28.56021, "eta": 426.46477, "eta_hours": 0.11846, "loss": 0.08677498, "lr": 7.695e-05, "params": 337201, "time_iter": 0.09125, "accuracy": 0.86465, "precision": 0.5769, "recall": 0.87475, "f1": 0.69526, "auc": 0.94485}
{"epoch": 84, "time_epoch": 28.04551, "eta": 400.05627, "eta_hours": 0.11113, "loss": 0.08669922, "lr": 6.837e-05, "params": 337201, "time_iter": 0.0896, "accuracy": 0.86512, "precision": 0.57797, "recall": 0.87426, "f1": 0.69589, "auc": 0.94499}
{"epoch": 85, "time_epoch": 27.97799, "eta": 373.59871, "eta_hours": 0.10378, "loss": 0.08673713, "lr": 6.026e-05, "params": 337201, "time_iter": 0.08939, "accuracy": 0.86521, "precision": 0.57815, "recall": 0.87448, "f1": 0.69609, "auc": 0.94492}
{"epoch": 86, "time_epoch": 27.38069, "eta": 347.01695, "eta_hours": 0.09639, "loss": 0.08663795, "lr": 5.264e-05, "params": 337201, "time_iter": 0.08748, "accuracy": 0.86512, "precision": 0.57793, "recall": 0.87459, "f1": 0.69596, "auc": 0.94504}
{"epoch": 87, "time_epoch": 27.49986, "eta": 320.43328, "eta_hours": 0.08901, "loss": 0.08657429, "lr": 4.55e-05, "params": 337201, "time_iter": 0.08786, "accuracy": 0.86549, "precision": 0.57883, "recall": 0.87366, "f1": 0.69632, "auc": 0.94512}
{"epoch": 88, "time_epoch": 27.04017, "eta": 293.77221, "eta_hours": 0.0816, "loss": 0.08651293, "lr": 3.886e-05, "params": 337201, "time_iter": 0.08639, "accuracy": 0.86562, "precision": 0.57906, "recall": 0.87427, "f1": 0.69668, "auc": 0.9452}
{"epoch": 89, "time_epoch": 27.04601, "eta": 267.10336, "eta_hours": 0.0742, "loss": 0.08652484, "lr": 3.272e-05, "params": 337201, "time_iter": 0.08641, "accuracy": 0.86566, "precision": 0.57918, "recall": 0.87397, "f1": 0.69667, "auc": 0.94518}
{"epoch": 90, "time_epoch": 26.95149, "eta": 240.41688, "eta_hours": 0.06678, "loss": 0.08640623, "lr": 2.709e-05, "params": 337201, "time_iter": 0.08611, "accuracy": 0.86543, "precision": 0.57859, "recall": 0.87483, "f1": 0.69652, "auc": 0.94535}
{"epoch": 91, "time_epoch": 27.11148, "eta": 213.73854, "eta_hours": 0.05937, "loss": 0.08639493, "lr": 2.198e-05, "params": 337201, "time_iter": 0.08662, "accuracy": 0.86509, "precision": 0.57778, "recall": 0.87549, "f1": 0.69614, "auc": 0.94534}
{"epoch": 92, "time_epoch": 27.27339, "eta": 187.06308, "eta_hours": 0.05196, "loss": 0.08636018, "lr": 1.74e-05, "params": 337201, "time_iter": 0.08714, "accuracy": 0.86526, "precision": 0.57821, "recall": 0.87484, "f1": 0.69624, "auc": 0.9454}
{"epoch": 93, "time_epoch": 27.3099, "eta": 160.37723, "eta_hours": 0.04455, "loss": 0.08636193, "lr": 1.334e-05, "params": 337201, "time_iter": 0.08725, "accuracy": 0.8654, "precision": 0.57859, "recall": 0.87407, "f1": 0.69628, "auc": 0.9454}
{"epoch": 94, "time_epoch": 27.38291, "eta": 133.68208, "eta_hours": 0.03713, "loss": 0.08633037, "lr": 9.81e-06, "params": 337201, "time_iter": 0.08749, "accuracy": 0.8654, "precision": 0.57848, "recall": 0.87519, "f1": 0.69655, "auc": 0.94541}
{"epoch": 95, "time_epoch": 27.26997, "eta": 106.96789, "eta_hours": 0.02971, "loss": 0.0862995, "lr": 6.82e-06, "params": 337201, "time_iter": 0.08712, "accuracy": 0.86553, "precision": 0.57878, "recall": 0.87506, "f1": 0.69673, "auc": 0.94544}
{"epoch": 96, "time_epoch": 27.18775, "eta": 80.23971, "eta_hours": 0.02229, "loss": 0.08629282, "lr": 4.37e-06, "params": 337201, "time_iter": 0.08686, "accuracy": 0.86546, "precision": 0.57861, "recall": 0.8752, "f1": 0.69665, "auc": 0.94545}
{"epoch": 97, "time_epoch": 27.79014, "eta": 53.51443, "eta_hours": 0.01487, "loss": 0.08630893, "lr": 2.46e-06, "params": 337201, "time_iter": 0.08879, "accuracy": 0.86516, "precision": 0.57799, "recall": 0.87485, "f1": 0.69609, "auc": 0.94544}
{"epoch": 98, "time_epoch": 27.50241, "eta": 26.76474, "eta_hours": 0.00743, "loss": 0.08630017, "lr": 1.09e-06, "params": 337201, "time_iter": 0.08787, "accuracy": 0.86545, "precision": 0.5786, "recall": 0.87503, "f1": 0.69659, "auc": 0.94545}
{"epoch": 99, "time_epoch": 27.68936, "eta": 0.0, "eta_hours": 0.0, "loss": 0.0862531, "lr": 2.7e-07, "params": 337201, "time_iter": 0.08846, "accuracy": 0.86541, "precision": 0.57853, "recall": 0.87502, "f1": 0.69654, "auc": 0.94551}
