{"epoch": 0, "time_epoch": 83.87467, "eta": 12497.3264, "eta_hours": 3.47148, "loss": 1.61267381, "lr": 0.0, "params": 282437, "time_iter": 0.09586, "accuracy": 0.20286, "f1": 0.07328, "auc": 0.42475}
{"epoch": 1, "time_epoch": 80.66077, "eta": 12175.62263, "eta_hours": 3.38212, "loss": 1.52897087, "lr": 5e-05, "params": 282437, "time_iter": 0.09218, "accuracy": 0.47371, "f1": 0.39419, "auc": 0.77454}
{"epoch": 2, "time_epoch": 79.68644, "eta": 11966.87208, "eta_hours": 3.32413, "loss": 1.40800057, "lr": 0.0001, "params": 282437, "time_iter": 0.09107, "accuracy": 0.59857, "f1": 0.56739, "auc": 0.89309}
{"epoch": 3, "time_epoch": 81.23447, "eta": 11879.15683, "eta_hours": 3.29977, "loss": 1.32410207, "lr": 0.00015, "params": 282437, "time_iter": 0.09284, "accuracy": 0.77114, "f1": 0.76183, "auc": 0.9312}
{"epoch": 4, "time_epoch": 80.15912, "eta": 11762.84881, "eta_hours": 3.26746, "loss": 1.23470547, "lr": 0.0002, "params": 282437, "time_iter": 0.09161, "accuracy": 0.81886, "f1": 0.81408, "auc": 0.945}
{"epoch": 5, "time_epoch": 80.61316, "eta": 11669.48723, "eta_hours": 3.24152, "loss": 1.13898801, "lr": 0.00025, "params": 282437, "time_iter": 0.09213, "accuracy": 0.83829, "f1": 0.83678, "auc": 0.9515}
{"epoch": 6, "time_epoch": 79.87451, "eta": 11564.6785, "eta_hours": 3.21241, "loss": 1.04018662, "lr": 0.0003, "params": 282437, "time_iter": 0.09129, "accuracy": 0.844, "f1": 0.84219, "auc": 0.9579}
{"epoch": 7, "time_epoch": 80.03857, "eta": 11469.01545, "eta_hours": 3.18584, "loss": 0.92060685, "lr": 0.00035, "params": 282437, "time_iter": 0.09147, "accuracy": 0.86571, "f1": 0.86518, "auc": 0.96759}
{"epoch": 8, "time_epoch": 80.30297, "eta": 11380.96673, "eta_hours": 3.16138, "loss": 0.81934993, "lr": 0.0004, "params": 282437, "time_iter": 0.09177, "accuracy": 0.87086, "f1": 0.87129, "auc": 0.97103}
{"epoch": 9, "time_epoch": 80.96638, "eta": 11303.75496, "eta_hours": 3.13993, "loss": 0.72235027, "lr": 0.00045, "params": 282437, "time_iter": 0.09253, "accuracy": 0.88343, "f1": 0.88373, "auc": 0.97308}
{"epoch": 10, "time_epoch": 80.61834, "eta": 11221.46252, "eta_hours": 3.11707, "loss": 0.63294403, "lr": 0.0005, "params": 282437, "time_iter": 0.09214, "accuracy": 0.89086, "f1": 0.89129, "auc": 0.97531}
{"epoch": 11, "time_epoch": 80.29023, "eta": 11135.67585, "eta_hours": 3.09324, "loss": 0.54106386, "lr": 0.00049994, "params": 282437, "time_iter": 0.09176, "accuracy": 0.90314, "f1": 0.9038, "auc": 0.98011}
{"epoch": 12, "time_epoch": 80.76834, "eta": 11055.77331, "eta_hours": 3.07105, "loss": 0.47932336, "lr": 0.00049975, "params": 282437, "time_iter": 0.09231, "accuracy": 0.90829, "f1": 0.90829, "auc": 0.97948}
{"epoch": 13, "time_epoch": 80.91404, "eta": 10977.16247, "eta_hours": 3.04921, "loss": 0.41309782, "lr": 0.00049943, "params": 282437, "time_iter": 0.09247, "accuracy": 0.91571, "f1": 0.91561, "auc": 0.98355}
{"epoch": 14, "time_epoch": 79.43473, "eta": 10884.93074, "eta_hours": 3.02359, "loss": 0.3652046, "lr": 0.00049899, "params": 282437, "time_iter": 0.09078, "accuracy": 0.91857, "f1": 0.91873, "auc": 0.98569}
{"epoch": 15, "time_epoch": 80.25909, "eta": 10801.20264, "eta_hours": 3.00033, "loss": 0.33322961, "lr": 0.00049843, "params": 282437, "time_iter": 0.09172, "accuracy": 0.92486, "f1": 0.92467, "auc": 0.98641}
{"epoch": 16, "time_epoch": 80.21694, "eta": 10717.55287, "eta_hours": 2.9771, "loss": 0.31018017, "lr": 0.00049774, "params": 282437, "time_iter": 0.09168, "accuracy": 0.92286, "f1": 0.92285, "auc": 0.98746}
{"epoch": 17, "time_epoch": 80.54731, "eta": 10636.70728, "eta_hours": 2.95464, "loss": 0.28359482, "lr": 0.00049692, "params": 282437, "time_iter": 0.09205, "accuracy": 0.93371, "f1": 0.93364, "auc": 0.98799}
{"epoch": 18, "time_epoch": 81.26515, "eta": 10560.84243, "eta_hours": 2.93357, "loss": 0.26097863, "lr": 0.00049598, "params": 282437, "time_iter": 0.09287, "accuracy": 0.936, "f1": 0.93602, "auc": 0.98877}
{"epoch": 19, "time_epoch": 80.83474, "eta": 10481.63983, "eta_hours": 2.91157, "loss": 0.24589287, "lr": 0.00049492, "params": 282437, "time_iter": 0.09238, "accuracy": 0.93686, "f1": 0.93712, "auc": 0.99035}
{"epoch": 20, "time_epoch": 80.7679, "eta": 10401.87126, "eta_hours": 2.88941, "loss": 0.22999943, "lr": 0.00049373, "params": 282437, "time_iter": 0.09231, "accuracy": 0.93629, "f1": 0.93645, "auc": 0.99083}
{"epoch": 21, "time_epoch": 81.77361, "eta": 10327.86322, "eta_hours": 2.86885, "loss": 0.22444787, "lr": 0.00049242, "params": 282437, "time_iter": 0.09346, "accuracy": 0.94143, "f1": 0.9415, "auc": 0.99019}
{"epoch": 22, "time_epoch": 82.35711, "eta": 10256.40184, "eta_hours": 2.849, "loss": 0.21137633, "lr": 0.00049099, "params": 282437, "time_iter": 0.09412, "accuracy": 0.94343, "f1": 0.94354, "auc": 0.99039}
{"epoch": 23, "time_epoch": 81.29904, "eta": 10178.4776, "eta_hours": 2.82735, "loss": 0.20247911, "lr": 0.00048944, "params": 282437, "time_iter": 0.09291, "accuracy": 0.94857, "f1": 0.94841, "auc": 0.99111}
{"epoch": 24, "time_epoch": 80.78954, "eta": 10097.73586, "eta_hours": 2.80493, "loss": 0.19313509, "lr": 0.00048776, "params": 282437, "time_iter": 0.09233, "accuracy": 0.94657, "f1": 0.94645, "auc": 0.9923}
{"epoch": 25, "time_epoch": 81.86251, "eta": 10022.1077, "eta_hours": 2.78392, "loss": 0.19395395, "lr": 0.00048597, "params": 282437, "time_iter": 0.09356, "accuracy": 0.94571, "f1": 0.94581, "auc": 0.9921}
{"epoch": 26, "time_epoch": 81.40953, "eta": 9943.95418, "eta_hours": 2.76221, "loss": 0.17784728, "lr": 0.00048406, "params": 282437, "time_iter": 0.09304, "accuracy": 0.94971, "f1": 0.94973, "auc": 0.9936}
{"epoch": 27, "time_epoch": 81.36731, "eta": 9865.38411, "eta_hours": 2.74038, "loss": 0.17971174, "lr": 0.00048203, "params": 282437, "time_iter": 0.09299, "accuracy": 0.94629, "f1": 0.94634, "auc": 0.99296}
{"epoch": 28, "time_epoch": 79.11697, "eta": 9777.2318, "eta_hours": 2.7159, "loss": 0.17024251, "lr": 0.00047988, "params": 282437, "time_iter": 0.09042, "accuracy": 0.95314, "f1": 0.95321, "auc": 0.9941}
{"epoch": 29, "time_epoch": 80.74084, "eta": 9696.1773, "eta_hours": 2.69338, "loss": 0.1573001, "lr": 0.00047762, "params": 282437, "time_iter": 0.09228, "accuracy": 0.95314, "f1": 0.95306, "auc": 0.99404}
{"epoch": 30, "time_epoch": 80.06923, "eta": 9612.56494, "eta_hours": 2.67016, "loss": 0.15459168, "lr": 0.00047524, "params": 282437, "time_iter": 0.09151, "accuracy": 0.95886, "f1": 0.95894, "auc": 0.99421}
{"epoch": 31, "time_epoch": 80.5336, "eta": 9530.8864, "eta_hours": 2.64747, "loss": 0.16646617, "lr": 0.00047275, "params": 282437, "time_iter": 0.09204, "accuracy": 0.95514, "f1": 0.95504, "auc": 0.99366}
{"epoch": 32, "time_epoch": 80.43128, "eta": 9448.91445, "eta_hours": 2.6247, "loss": 0.15608934, "lr": 0.00047015, "params": 282437, "time_iter": 0.09192, "accuracy": 0.95543, "f1": 0.95535, "auc": 0.99393}
{"epoch": 33, "time_epoch": 79.46283, "eta": 9363.72901, "eta_hours": 2.60104, "loss": 0.15564374, "lr": 0.00046744, "params": 282437, "time_iter": 0.09081, "accuracy": 0.95829, "f1": 0.95818, "auc": 0.99476}
{"epoch": 34, "time_epoch": 80.98883, "eta": 9283.88461, "eta_hours": 2.57886, "loss": 0.13588992, "lr": 0.00046461, "params": 282437, "time_iter": 0.09256, "accuracy": 0.96143, "f1": 0.96144, "auc": 0.99537}
{"epoch": 35, "time_epoch": 81.51943, "eta": 9205.65684, "eta_hours": 2.55713, "loss": 0.13346059, "lr": 0.00046168, "params": 282437, "time_iter": 0.09317, "accuracy": 0.96029, "f1": 0.96025, "auc": 0.99582}
{"epoch": 36, "time_epoch": 80.75139, "eta": 9124.90552, "eta_hours": 2.5347, "loss": 0.13971378, "lr": 0.00045864, "params": 282437, "time_iter": 0.09229, "accuracy": 0.95971, "f1": 0.95973, "auc": 0.99449}
{"epoch": 37, "time_epoch": 79.81386, "eta": 9041.39093, "eta_hours": 2.5115, "loss": 0.14235931, "lr": 0.0004555, "params": 282437, "time_iter": 0.09122, "accuracy": 0.95943, "f1": 0.95934, "auc": 0.99486}
{"epoch": 38, "time_epoch": 80.33351, "eta": 8959.54512, "eta_hours": 2.48876, "loss": 0.12794857, "lr": 0.00045225, "params": 282437, "time_iter": 0.09181, "accuracy": 0.962, "f1": 0.96198, "auc": 0.99559}
{"epoch": 39, "time_epoch": 78.87923, "eta": 8873.77567, "eta_hours": 2.46494, "loss": 0.14083425, "lr": 0.00044891, "params": 282437, "time_iter": 0.09015, "accuracy": 0.96257, "f1": 0.96253, "auc": 0.99436}
{"epoch": 40, "time_epoch": 80.97621, "eta": 8793.91724, "eta_hours": 2.44275, "loss": 0.12128181, "lr": 0.00044546, "params": 282437, "time_iter": 0.09254, "accuracy": 0.96171, "f1": 0.96165, "auc": 0.9964}
{"epoch": 41, "time_epoch": 80.3297, "eta": 8712.3431, "eta_hours": 2.4201, "loss": 0.12656125, "lr": 0.00044191, "params": 282437, "time_iter": 0.09181, "accuracy": 0.96543, "f1": 0.96539, "auc": 0.99579}
{"epoch": 42, "time_epoch": 79.3533, "eta": 8628.3972, "eta_hours": 2.39678, "loss": 0.12644369, "lr": 0.00043827, "params": 282437, "time_iter": 0.09069, "accuracy": 0.96571, "f1": 0.96567, "auc": 0.99576}
{"epoch": 43, "time_epoch": 79.87215, "eta": 8545.91002, "eta_hours": 2.37386, "loss": 0.12476946, "lr": 0.00043453, "params": 282437, "time_iter": 0.09128, "accuracy": 0.96886, "f1": 0.96882, "auc": 0.9964}
{"epoch": 44, "time_epoch": 80.68015, "eta": 8465.4244, "eta_hours": 2.35151, "loss": 0.11599716, "lr": 0.0004307, "params": 282437, "time_iter": 0.09221, "accuracy": 0.96857, "f1": 0.96851, "auc": 0.99613}
{"epoch": 45, "time_epoch": 79.64009, "eta": 8382.57887, "eta_hours": 2.32849, "loss": 0.11846428, "lr": 0.00042678, "params": 282437, "time_iter": 0.09102, "accuracy": 0.966, "f1": 0.96592, "auc": 0.99596}
{"epoch": 46, "time_epoch": 80.4622, "eta": 8301.6714, "eta_hours": 2.30602, "loss": 0.11854284, "lr": 0.00042277, "params": 282437, "time_iter": 0.09196, "accuracy": 0.96771, "f1": 0.96759, "auc": 0.99635}
{"epoch": 47, "time_epoch": 80.3594, "eta": 8220.56402, "eta_hours": 2.28349, "loss": 0.11028939, "lr": 0.00041867, "params": 282437, "time_iter": 0.09184, "accuracy": 0.97086, "f1": 0.97084, "auc": 0.99681}
{"epoch": 48, "time_epoch": 79.96814, "eta": 8138.68071, "eta_hours": 2.26074, "loss": 0.12538908, "lr": 0.00041448, "params": 282437, "time_iter": 0.09139, "accuracy": 0.96657, "f1": 0.96652, "auc": 0.99612}
{"epoch": 49, "time_epoch": 80.05581, "eta": 8057.04934, "eta_hours": 2.23807, "loss": 0.1032295, "lr": 0.00041022, "params": 282437, "time_iter": 0.09149, "accuracy": 0.972, "f1": 0.97196, "auc": 0.99686}
{"epoch": 50, "time_epoch": 80.65387, "eta": 7976.64069, "eta_hours": 2.21573, "loss": 0.09932278, "lr": 0.00040587, "params": 282437, "time_iter": 0.09218, "accuracy": 0.97429, "f1": 0.97425, "auc": 0.99738}
{"epoch": 51, "time_epoch": 81.06802, "eta": 7897.00314, "eta_hours": 2.19361, "loss": 0.09324198, "lr": 0.00040145, "params": 282437, "time_iter": 0.09265, "accuracy": 0.97543, "f1": 0.97539, "auc": 0.99758}
{"epoch": 52, "time_epoch": 79.72292, "eta": 7814.84981, "eta_hours": 2.17079, "loss": 0.09445937, "lr": 0.00039695, "params": 282437, "time_iter": 0.09111, "accuracy": 0.97543, "f1": 0.97539, "auc": 0.99726}
{"epoch": 53, "time_epoch": 80.59473, "eta": 7734.33638, "eta_hours": 2.14843, "loss": 0.11757948, "lr": 0.00039237, "params": 282437, "time_iter": 0.09211, "accuracy": 0.96914, "f1": 0.96908, "auc": 0.99677}
{"epoch": 54, "time_epoch": 80.64391, "eta": 7653.90495, "eta_hours": 2.12608, "loss": 0.10010443, "lr": 0.00038772, "params": 282437, "time_iter": 0.09216, "accuracy": 0.97429, "f1": 0.97426, "auc": 0.99784}
{"epoch": 55, "time_epoch": 79.1785, "eta": 7571.00612, "eta_hours": 2.10306, "loss": 0.09220825, "lr": 0.00038301, "params": 282437, "time_iter": 0.09049, "accuracy": 0.97543, "f1": 0.97537, "auc": 0.99796}
{"epoch": 56, "time_epoch": 80.00855, "eta": 7489.59213, "eta_hours": 2.08044, "loss": 0.09478951, "lr": 0.00037822, "params": 282437, "time_iter": 0.09144, "accuracy": 0.974, "f1": 0.97394, "auc": 0.99761}
{"epoch": 57, "time_epoch": 80.9381, "eta": 7409.70106, "eta_hours": 2.05825, "loss": 0.08757798, "lr": 0.00037338, "params": 282437, "time_iter": 0.0925, "accuracy": 0.97686, "f1": 0.97681, "auc": 0.99744}
{"epoch": 58, "time_epoch": 80.81641, "eta": 7329.58681, "eta_hours": 2.036, "loss": 0.09275803, "lr": 0.00036847, "params": 282437, "time_iter": 0.09236, "accuracy": 0.97629, "f1": 0.97623, "auc": 0.99774}
{"epoch": 59, "time_epoch": 79.27056, "eta": 7247.13037, "eta_hours": 2.01309, "loss": 0.08492274, "lr": 0.0003635, "params": 282437, "time_iter": 0.09059, "accuracy": 0.97686, "f1": 0.97682, "auc": 0.99802}
{"epoch": 60, "time_epoch": 79.60422, "eta": 7165.26521, "eta_hours": 1.99035, "loss": 0.08600086, "lr": 0.00035847, "params": 282437, "time_iter": 0.09098, "accuracy": 0.97886, "f1": 0.97883, "auc": 0.99813}
{"epoch": 61, "time_epoch": 81.00081, "eta": 7085.45524, "eta_hours": 1.96818, "loss": 0.08203102, "lr": 0.00035339, "params": 282437, "time_iter": 0.09257, "accuracy": 0.978, "f1": 0.97796, "auc": 0.99821}
{"epoch": 62, "time_epoch": 81.37524, "eta": 7006.12453, "eta_hours": 1.94615, "loss": 0.0821398, "lr": 0.00034826, "params": 282437, "time_iter": 0.093, "accuracy": 0.97971, "f1": 0.97969, "auc": 0.99804}
{"epoch": 63, "time_epoch": 80.72501, "eta": 6925.85618, "eta_hours": 1.92385, "loss": 0.08653193, "lr": 0.00034307, "params": 282437, "time_iter": 0.09226, "accuracy": 0.98086, "f1": 0.98084, "auc": 0.99806}
{"epoch": 64, "time_epoch": 80.19717, "eta": 6844.88353, "eta_hours": 1.90136, "loss": 0.08070993, "lr": 0.00033784, "params": 282437, "time_iter": 0.09165, "accuracy": 0.98, "f1": 0.97997, "auc": 0.99815}
{"epoch": 65, "time_epoch": 78.45827, "eta": 6761.72123, "eta_hours": 1.87826, "loss": 0.094907, "lr": 0.00033257, "params": 282437, "time_iter": 0.08967, "accuracy": 0.97743, "f1": 0.97739, "auc": 0.99784}
{"epoch": 66, "time_epoch": 79.53669, "eta": 6680.03531, "eta_hours": 1.85557, "loss": 0.07456024, "lr": 0.00032725, "params": 282437, "time_iter": 0.0909, "accuracy": 0.98029, "f1": 0.98026, "auc": 0.99837}
{"epoch": 67, "time_epoch": 79.80852, "eta": 6598.74039, "eta_hours": 1.83298, "loss": 0.07922175, "lr": 0.0003219, "params": 282437, "time_iter": 0.09121, "accuracy": 0.98, "f1": 0.97997, "auc": 0.99849}
{"epoch": 68, "time_epoch": 80.42122, "eta": 6518.20782, "eta_hours": 1.81061, "loss": 0.07791403, "lr": 0.00031651, "params": 282437, "time_iter": 0.09191, "accuracy": 0.98057, "f1": 0.98054, "auc": 0.9985}
{"epoch": 69, "time_epoch": 78.83153, "eta": 6435.86163, "eta_hours": 1.78774, "loss": 0.07957021, "lr": 0.00031109, "params": 282437, "time_iter": 0.09009, "accuracy": 0.98086, "f1": 0.98083, "auc": 0.99825}
{"epoch": 70, "time_epoch": 81.10629, "eta": 6356.14553, "eta_hours": 1.7656, "loss": 0.07802079, "lr": 0.00030563, "params": 282437, "time_iter": 0.09269, "accuracy": 0.98171, "f1": 0.98169, "auc": 0.99837}
{"epoch": 71, "time_epoch": 80.24149, "eta": 6275.45394, "eta_hours": 1.74318, "loss": 0.07046778, "lr": 0.00030015, "params": 282437, "time_iter": 0.0917, "accuracy": 0.98114, "f1": 0.98112, "auc": 0.99851}
{"epoch": 72, "time_epoch": 79.73512, "eta": 6194.24056, "eta_hours": 1.72062, "loss": 0.07322144, "lr": 0.00029464, "params": 282437, "time_iter": 0.09113, "accuracy": 0.98229, "f1": 0.98226, "auc": 0.99836}
{"epoch": 73, "time_epoch": 79.79594, "eta": 6113.12961, "eta_hours": 1.69809, "loss": 0.07414537, "lr": 0.00028911, "params": 282437, "time_iter": 0.0912, "accuracy": 0.98171, "f1": 0.98168, "auc": 0.99854}
{"epoch": 74, "time_epoch": 80.23575, "eta": 6032.49352, "eta_hours": 1.67569, "loss": 0.07254498, "lr": 0.00028356, "params": 282437, "time_iter": 0.0917, "accuracy": 0.98257, "f1": 0.98255, "auc": 0.99851}
{"epoch": 75, "time_epoch": 79.09773, "eta": 5950.7599, "eta_hours": 1.65299, "loss": 0.07066296, "lr": 0.00027799, "params": 282437, "time_iter": 0.0904, "accuracy": 0.98343, "f1": 0.9834, "auc": 0.99854}
{"epoch": 76, "time_epoch": 80.04376, "eta": 5869.99163, "eta_hours": 1.63055, "loss": 0.06759164, "lr": 0.00027241, "params": 282437, "time_iter": 0.09148, "accuracy": 0.982, "f1": 0.98198, "auc": 0.99869}
{"epoch": 77, "time_epoch": 80.50722, "eta": 5789.66975, "eta_hours": 1.60824, "loss": 0.06608561, "lr": 0.00026682, "params": 282437, "time_iter": 0.09201, "accuracy": 0.98171, "f1": 0.98168, "auc": 0.99869}
{"epoch": 78, "time_epoch": 80.10252, "eta": 5708.97946, "eta_hours": 1.58583, "loss": 0.07034141, "lr": 0.00026122, "params": 282437, "time_iter": 0.09155, "accuracy": 0.98029, "f1": 0.98025, "auc": 0.9987}
{"epoch": 79, "time_epoch": 79.97174, "eta": 5628.18942, "eta_hours": 1.56339, "loss": 0.06548932, "lr": 0.00025561, "params": 282437, "time_iter": 0.0914, "accuracy": 0.98429, "f1": 0.98427, "auc": 0.99871}
{"epoch": 80, "time_epoch": 80.55787, "eta": 5547.9189, "eta_hours": 1.54109, "loss": 0.06992315, "lr": 0.00025, "params": 282437, "time_iter": 0.09207, "accuracy": 0.98343, "f1": 0.9834, "auc": 0.99835}
{"epoch": 81, "time_epoch": 79.98289, "eta": 5467.16455, "eta_hours": 1.51866, "loss": 0.06971882, "lr": 0.00024439, "params": 282437, "time_iter": 0.09141, "accuracy": 0.98257, "f1": 0.98254, "auc": 0.99869}
{"epoch": 82, "time_epoch": 79.60811, "eta": 5386.12625, "eta_hours": 1.49615, "loss": 0.06685339, "lr": 0.00023878, "params": 282437, "time_iter": 0.09098, "accuracy": 0.982, "f1": 0.98197, "auc": 0.99858}
{"epoch": 83, "time_epoch": 79.90048, "eta": 5305.35173, "eta_hours": 1.47371, "loss": 0.06301727, "lr": 0.00023318, "params": 282437, "time_iter": 0.09131, "accuracy": 0.984, "f1": 0.98398, "auc": 0.99886}
{"epoch": 84, "time_epoch": 80.35098, "eta": 5224.94227, "eta_hours": 1.45137, "loss": 0.0609671, "lr": 0.00022759, "params": 282437, "time_iter": 0.09183, "accuracy": 0.98457, "f1": 0.98454, "auc": 0.99881}
{"epoch": 85, "time_epoch": 79.79109, "eta": 5144.11751, "eta_hours": 1.42892, "loss": 0.06142518, "lr": 0.00022201, "params": 282437, "time_iter": 0.09119, "accuracy": 0.98371, "f1": 0.98369, "auc": 0.99896}
{"epoch": 86, "time_epoch": 79.45938, "eta": 5063.07631, "eta_hours": 1.40641, "loss": 0.06359695, "lr": 0.00021644, "params": 282437, "time_iter": 0.09081, "accuracy": 0.98457, "f1": 0.98455, "auc": 0.99861}
{"epoch": 87, "time_epoch": 79.98491, "eta": 4982.44132, "eta_hours": 1.38401, "loss": 0.05989944, "lr": 0.00021089, "params": 282437, "time_iter": 0.09141, "accuracy": 0.98486, "f1": 0.98484, "auc": 0.9988}
{"epoch": 88, "time_epoch": 79.92573, "eta": 4901.78038, "eta_hours": 1.36161, "loss": 0.05824028, "lr": 0.00020536, "params": 282437, "time_iter": 0.09134, "accuracy": 0.98657, "f1": 0.98655, "auc": 0.99884}
{"epoch": 89, "time_epoch": 80.2998, "eta": 4821.38515, "eta_hours": 1.33927, "loss": 0.06063756, "lr": 0.00019985, "params": 282437, "time_iter": 0.09177, "accuracy": 0.98429, "f1": 0.98427, "auc": 0.99871}
{"epoch": 90, "time_epoch": 80.15978, "eta": 4740.90124, "eta_hours": 1.31692, "loss": 0.06028216, "lr": 0.00019437, "params": 282437, "time_iter": 0.09161, "accuracy": 0.98543, "f1": 0.98541, "auc": 0.99872}
{"epoch": 91, "time_epoch": 80.88465, "eta": 4660.88136, "eta_hours": 1.29469, "loss": 0.06274934, "lr": 0.00018891, "params": 282437, "time_iter": 0.09244, "accuracy": 0.98514, "f1": 0.98512, "auc": 0.99882}
{"epoch": 92, "time_epoch": 80.91274, "eta": 4580.8601, "eta_hours": 1.27246, "loss": 0.0574706, "lr": 0.00018349, "params": 282437, "time_iter": 0.09247, "accuracy": 0.98543, "f1": 0.98541, "auc": 0.99879}
{"epoch": 93, "time_epoch": 80.06572, "eta": 4500.31526, "eta_hours": 1.25009, "loss": 0.05481006, "lr": 0.0001781, "params": 282437, "time_iter": 0.0915, "accuracy": 0.986, "f1": 0.98598, "auc": 0.99886}
{"epoch": 94, "time_epoch": 79.75283, "eta": 4419.59936, "eta_hours": 1.22767, "loss": 0.05894982, "lr": 0.00017275, "params": 282437, "time_iter": 0.09115, "accuracy": 0.98571, "f1": 0.9857, "auc": 0.99888}
{"epoch": 95, "time_epoch": 80.12309, "eta": 4339.1118, "eta_hours": 1.20531, "loss": 0.05242786, "lr": 0.00016743, "params": 282437, "time_iter": 0.09157, "accuracy": 0.98629, "f1": 0.98627, "auc": 0.99906}
{"epoch": 96, "time_epoch": 81.10218, "eta": 4259.16672, "eta_hours": 1.1831, "loss": 0.05383878, "lr": 0.00016216, "params": 282437, "time_iter": 0.09269, "accuracy": 0.98657, "f1": 0.98656, "auc": 0.9989}
{"epoch": 97, "time_epoch": 80.08107, "eta": 4178.65621, "eta_hours": 1.16074, "loss": 0.05062234, "lr": 0.00015693, "params": 282437, "time_iter": 0.09152, "accuracy": 0.98657, "f1": 0.98656, "auc": 0.99931}
{"epoch": 98, "time_epoch": 80.17524, "eta": 4098.20289, "eta_hours": 1.13839, "loss": 0.05641774, "lr": 0.00015174, "params": 282437, "time_iter": 0.09163, "accuracy": 0.98543, "f1": 0.9854, "auc": 0.99881}
{"epoch": 99, "time_epoch": 79.7567, "eta": 4017.54586, "eta_hours": 1.11598, "loss": 0.05931933, "lr": 0.00014661, "params": 282437, "time_iter": 0.09115, "accuracy": 0.986, "f1": 0.98598, "auc": 0.99888}
{"epoch": 100, "time_epoch": 80.61307, "eta": 3937.32213, "eta_hours": 1.0937, "loss": 0.05608059, "lr": 0.00014153, "params": 282437, "time_iter": 0.09213, "accuracy": 0.98543, "f1": 0.9854, "auc": 0.99896}
{"epoch": 101, "time_epoch": 81.19302, "eta": 3857.36368, "eta_hours": 1.07149, "loss": 0.05587809, "lr": 0.0001365, "params": 282437, "time_iter": 0.09279, "accuracy": 0.98571, "f1": 0.9857, "auc": 0.99881}
{"epoch": 102, "time_epoch": 80.21381, "eta": 3776.93443, "eta_hours": 1.04915, "loss": 0.05711801, "lr": 0.00013153, "params": 282437, "time_iter": 0.09167, "accuracy": 0.98629, "f1": 0.98626, "auc": 0.99868}
{"epoch": 103, "time_epoch": 79.90548, "eta": 3696.37295, "eta_hours": 1.02677, "loss": 0.05545324, "lr": 0.00012662, "params": 282437, "time_iter": 0.09132, "accuracy": 0.986, "f1": 0.98598, "auc": 0.99885}
{"epoch": 104, "time_epoch": 80.67148, "eta": 3616.15225, "eta_hours": 1.00449, "loss": 0.05157279, "lr": 0.00012178, "params": 282437, "time_iter": 0.0922, "accuracy": 0.98743, "f1": 0.98742, "auc": 0.99893}
{"epoch": 105, "time_epoch": 81.45823, "eta": 3536.24962, "eta_hours": 0.98229, "loss": 0.04984163, "lr": 0.00011699, "params": 282437, "time_iter": 0.0931, "accuracy": 0.98657, "f1": 0.98656, "auc": 0.99904}
{"epoch": 106, "time_epoch": 80.04687, "eta": 3455.75073, "eta_hours": 0.95993, "loss": 0.05245173, "lr": 0.00011228, "params": 282437, "time_iter": 0.09148, "accuracy": 0.98743, "f1": 0.98742, "auc": 0.99881}
{"epoch": 107, "time_epoch": 79.77563, "eta": 3375.15474, "eta_hours": 0.93754, "loss": 0.0485536, "lr": 0.00010763, "params": 282437, "time_iter": 0.09117, "accuracy": 0.98714, "f1": 0.98713, "auc": 0.99905}
{"epoch": 108, "time_epoch": 81.74075, "eta": 3295.31296, "eta_hours": 0.91536, "loss": 0.04580171, "lr": 0.00010305, "params": 282437, "time_iter": 0.09342, "accuracy": 0.98829, "f1": 0.98827, "auc": 0.99902}
{"epoch": 109, "time_epoch": 80.99639, "eta": 3215.16599, "eta_hours": 0.8931, "loss": 0.049743, "lr": 9.855e-05, "params": 282437, "time_iter": 0.09257, "accuracy": 0.98657, "f1": 0.98655, "auc": 0.99901}
{"epoch": 110, "time_epoch": 81.78248, "eta": 3135.2799, "eta_hours": 0.87091, "loss": 0.04736794, "lr": 9.413e-05, "params": 282437, "time_iter": 0.09347, "accuracy": 0.98771, "f1": 0.9877, "auc": 0.99908}
{"epoch": 111, "time_epoch": 82.11324, "eta": 3055.47217, "eta_hours": 0.84874, "loss": 0.04945152, "lr": 8.978e-05, "params": 282437, "time_iter": 0.09384, "accuracy": 0.98657, "f1": 0.98656, "auc": 0.99894}
{"epoch": 112, "time_epoch": 80.63656, "eta": 2975.14012, "eta_hours": 0.82643, "loss": 0.05031693, "lr": 8.552e-05, "params": 282437, "time_iter": 0.09216, "accuracy": 0.98714, "f1": 0.98713, "auc": 0.99908}
{"epoch": 113, "time_epoch": 81.99828, "eta": 2895.23275, "eta_hours": 0.80423, "loss": 0.04729635, "lr": 8.133e-05, "params": 282437, "time_iter": 0.09371, "accuracy": 0.98829, "f1": 0.98828, "auc": 0.99907}
{"epoch": 114, "time_epoch": 80.71313, "eta": 2814.89787, "eta_hours": 0.78192, "loss": 0.04821147, "lr": 7.723e-05, "params": 282437, "time_iter": 0.09224, "accuracy": 0.98829, "f1": 0.98828, "auc": 0.99895}
{"epoch": 115, "time_epoch": 81.27064, "eta": 2734.71989, "eta_hours": 0.75964, "loss": 0.04575101, "lr": 7.322e-05, "params": 282437, "time_iter": 0.09288, "accuracy": 0.98771, "f1": 0.9877, "auc": 0.99922}
{"epoch": 116, "time_epoch": 80.24867, "eta": 2654.23498, "eta_hours": 0.73729, "loss": 0.04694305, "lr": 6.93e-05, "params": 282437, "time_iter": 0.09171, "accuracy": 0.98714, "f1": 0.98713, "auc": 0.99903}
{"epoch": 117, "time_epoch": 81.16805, "eta": 2574.00339, "eta_hours": 0.715, "loss": 0.04880405, "lr": 6.547e-05, "params": 282437, "time_iter": 0.09276, "accuracy": 0.98743, "f1": 0.98741, "auc": 0.99894}
{"epoch": 118, "time_epoch": 80.72688, "eta": 2493.64114, "eta_hours": 0.69268, "loss": 0.04554571, "lr": 6.173e-05, "params": 282437, "time_iter": 0.09226, "accuracy": 0.988, "f1": 0.98799, "auc": 0.99916}
{"epoch": 119, "time_epoch": 81.45634, "eta": 2413.45518, "eta_hours": 0.6704, "loss": 0.04455508, "lr": 5.809e-05, "params": 282437, "time_iter": 0.09309, "accuracy": 0.98829, "f1": 0.98828, "auc": 0.99922}
{"epoch": 120, "time_epoch": 80.64481, "eta": 2333.05372, "eta_hours": 0.64807, "loss": 0.04628686, "lr": 5.454e-05, "params": 282437, "time_iter": 0.09217, "accuracy": 0.98771, "f1": 0.9877, "auc": 0.99914}
{"epoch": 121, "time_epoch": 79.92147, "eta": 2252.48226, "eta_hours": 0.62569, "loss": 0.04391215, "lr": 5.109e-05, "params": 282437, "time_iter": 0.09134, "accuracy": 0.988, "f1": 0.98799, "auc": 0.99907}
{"epoch": 122, "time_epoch": 81.65162, "eta": 2172.30116, "eta_hours": 0.60342, "loss": 0.04699369, "lr": 4.775e-05, "params": 282437, "time_iter": 0.09332, "accuracy": 0.98743, "f1": 0.98741, "auc": 0.99913}
{"epoch": 123, "time_epoch": 81.43419, "eta": 2092.05075, "eta_hours": 0.58113, "loss": 0.04451894, "lr": 4.45e-05, "params": 282437, "time_iter": 0.09307, "accuracy": 0.98857, "f1": 0.98856, "auc": 0.9991}
{"epoch": 124, "time_epoch": 80.6356, "eta": 2011.62168, "eta_hours": 0.55878, "loss": 0.04343746, "lr": 4.136e-05, "params": 282437, "time_iter": 0.09215, "accuracy": 0.988, "f1": 0.98799, "auc": 0.99906}
{"epoch": 125, "time_epoch": 78.70393, "eta": 1930.8214, "eta_hours": 0.53634, "loss": 0.04783977, "lr": 3.832e-05, "params": 282437, "time_iter": 0.08995, "accuracy": 0.988, "f1": 0.98799, "auc": 0.99895}
{"epoch": 126, "time_epoch": 81.75258, "eta": 1850.60625, "eta_hours": 0.51406, "loss": 0.0437311, "lr": 3.539e-05, "params": 282437, "time_iter": 0.09343, "accuracy": 0.98771, "f1": 0.9877, "auc": 0.99919}
{"epoch": 127, "time_epoch": 80.52564, "eta": 1770.15619, "eta_hours": 0.49171, "loss": 0.04409446, "lr": 3.256e-05, "params": 282437, "time_iter": 0.09203, "accuracy": 0.988, "f1": 0.98799, "auc": 0.99898}
{"epoch": 128, "time_epoch": 80.4762, "eta": 1689.69692, "eta_hours": 0.46936, "loss": 0.04383912, "lr": 2.985e-05, "params": 282437, "time_iter": 0.09197, "accuracy": 0.98857, "f1": 0.98856, "auc": 0.99919}
{"epoch": 129, "time_epoch": 81.68941, "eta": 1609.42403, "eta_hours": 0.44706, "loss": 0.04350704, "lr": 2.725e-05, "params": 282437, "time_iter": 0.09336, "accuracy": 0.988, "f1": 0.98799, "auc": 0.99918}
{"epoch": 130, "time_epoch": 80.32037, "eta": 1528.93095, "eta_hours": 0.4247, "loss": 0.04246397, "lr": 2.476e-05, "params": 282437, "time_iter": 0.09179, "accuracy": 0.98857, "f1": 0.98856, "auc": 0.99901}
{"epoch": 131, "time_epoch": 80.81225, "eta": 1448.50756, "eta_hours": 0.40236, "loss": 0.0432807, "lr": 2.238e-05, "params": 282437, "time_iter": 0.09236, "accuracy": 0.98829, "f1": 0.98828, "auc": 0.99917}
{"epoch": 132, "time_epoch": 81.67148, "eta": 1368.18816, "eta_hours": 0.38005, "loss": 0.04414355, "lr": 2.012e-05, "params": 282437, "time_iter": 0.09334, "accuracy": 0.98829, "f1": 0.98828, "auc": 0.99904}
{"epoch": 133, "time_epoch": 81.73446, "eta": 1287.85609, "eta_hours": 0.35774, "loss": 0.04630632, "lr": 1.797e-05, "params": 282437, "time_iter": 0.09341, "accuracy": 0.98743, "f1": 0.98742, "auc": 0.99918}
{"epoch": 134, "time_epoch": 81.74656, "eta": 1207.50459, "eta_hours": 0.33542, "loss": 0.0437403, "lr": 1.594e-05, "params": 282437, "time_iter": 0.09342, "accuracy": 0.98829, "f1": 0.98828, "auc": 0.99908}
{"epoch": 135, "time_epoch": 81.03329, "eta": 1127.05915, "eta_hours": 0.31307, "loss": 0.04281561, "lr": 1.403e-05, "params": 282437, "time_iter": 0.09261, "accuracy": 0.988, "f1": 0.98799, "auc": 0.99924}
{"epoch": 136, "time_epoch": 80.94985, "eta": 1046.59721, "eta_hours": 0.29072, "loss": 0.0438818, "lr": 1.224e-05, "params": 282437, "time_iter": 0.09251, "accuracy": 0.98857, "f1": 0.98856, "auc": 0.99915}
{"epoch": 137, "time_epoch": 80.02225, "eta": 966.04754, "eta_hours": 0.26835, "loss": 0.04129425, "lr": 1.056e-05, "params": 282437, "time_iter": 0.09145, "accuracy": 0.98857, "f1": 0.98856, "auc": 0.9992}
{"epoch": 138, "time_epoch": 80.72293, "eta": 885.5609, "eta_hours": 0.24599, "loss": 0.04211087, "lr": 9.01e-06, "params": 282437, "time_iter": 0.09225, "accuracy": 0.98829, "f1": 0.98828, "auc": 0.9991}
{"epoch": 139, "time_epoch": 81.43486, "eta": 805.12175, "eta_hours": 0.22364, "loss": 0.04415408, "lr": 7.58e-06, "params": 282437, "time_iter": 0.09307, "accuracy": 0.988, "f1": 0.98799, "auc": 0.99904}
{"epoch": 140, "time_epoch": 80.47289, "eta": 724.60707, "eta_hours": 0.20128, "loss": 0.04187332, "lr": 6.27e-06, "params": 282437, "time_iter": 0.09197, "accuracy": 0.98857, "f1": 0.98856, "auc": 0.99926}
{"epoch": 141, "time_epoch": 80.70109, "eta": 644.10583, "eta_hours": 0.17892, "loss": 0.04334249, "lr": 5.08e-06, "params": 282437, "time_iter": 0.09223, "accuracy": 0.98829, "f1": 0.98828, "auc": 0.99911}
{"epoch": 142, "time_epoch": 81.31983, "eta": 563.63208, "eta_hours": 0.15656, "loss": 0.04091965, "lr": 4.02e-06, "params": 282437, "time_iter": 0.09294, "accuracy": 0.98857, "f1": 0.98856, "auc": 0.9993}
{"epoch": 143, "time_epoch": 81.49823, "eta": 483.15402, "eta_hours": 0.13421, "loss": 0.04410881, "lr": 3.08e-06, "params": 282437, "time_iter": 0.09314, "accuracy": 0.98771, "f1": 0.98771, "auc": 0.99919}
{"epoch": 144, "time_epoch": 80.03626, "eta": 402.61147, "eta_hours": 0.11184, "loss": 0.0399899, "lr": 2.26e-06, "params": 282437, "time_iter": 0.09147, "accuracy": 0.98914, "f1": 0.98914, "auc": 0.99921}
{"epoch": 145, "time_epoch": 81.18822, "eta": 322.10742, "eta_hours": 0.08947, "loss": 0.04101491, "lr": 1.57e-06, "params": 282437, "time_iter": 0.09279, "accuracy": 0.98829, "f1": 0.98827, "auc": 0.99922}
{"epoch": 146, "time_epoch": 80.88525, "eta": 241.58788, "eta_hours": 0.06711, "loss": 0.04087207, "lr": 1.01e-06, "params": 282437, "time_iter": 0.09244, "accuracy": 0.98857, "f1": 0.98856, "auc": 0.99928}
{"epoch": 147, "time_epoch": 80.46237, "eta": 161.05768, "eta_hours": 0.04474, "loss": 0.04161546, "lr": 5.7e-07, "params": 282437, "time_iter": 0.09196, "accuracy": 0.98857, "f1": 0.98856, "auc": 0.9992}
{"epoch": 148, "time_epoch": 80.14437, "eta": 80.52626, "eta_hours": 0.02237, "loss": 0.04138905, "lr": 2.5e-07, "params": 282437, "time_iter": 0.09159, "accuracy": 0.98829, "f1": 0.98827, "auc": 0.99927}
{"epoch": 149, "time_epoch": 81.23159, "eta": 0.0, "eta_hours": 0.0, "loss": 0.04038668, "lr": 6e-08, "params": 282437, "time_iter": 0.09284, "accuracy": 0.98886, "f1": 0.98885, "auc": 0.99932}
