{"epoch": 0, "time_epoch": 85.01964, "eta": 8416.94457, "eta_hours": 2.33804, "loss": 0.663552, "lr": 0.0, "params": 558625, "time_iter": 0.08262, "accuracy": 0.96252, "precision": 0.0, "recall": 0.0, "f1": 0.0, "auc": 0.50697}
{"epoch": 1, "time_epoch": 81.00965, "eta": 8135.43536, "eta_hours": 2.25984, "loss": 0.4032457, "lr": 2e-05, "params": 558625, "time_iter": 0.07873, "accuracy": 0.96255, "precision": 0.0, "recall": 0.0, "f1": 0.0, "auc": 0.55635}
{"epoch": 2, "time_epoch": 78.35612, "eta": 7901.79494, "eta_hours": 2.19494, "loss": 0.16726065, "lr": 4e-05, "params": 558625, "time_iter": 0.07615, "accuracy": 0.96255, "precision": 0.0, "recall": 0.0, "f1": 0.0, "auc": 0.63485}
{"epoch": 3, "time_epoch": 82.78719, "eta": 7852.14252, "eta_hours": 2.18115, "loss": 0.14739028, "lr": 6e-05, "params": 558625, "time_iter": 0.08045, "accuracy": 0.96255, "precision": 0.0, "recall": 0.0, "f1": 0.0, "auc": 0.71203}
{"epoch": 4, "time_epoch": 81.18328, "eta": 7758.76179, "eta_hours": 2.15521, "loss": 0.13996597, "lr": 8e-05, "params": 558625, "time_iter": 0.0789, "accuracy": 0.96255, "precision": 0.0, "recall": 0.0, "f1": 0.0, "auc": 0.74877}
{"epoch": 5, "time_epoch": 84.23509, "eta": 7717.25856, "eta_hours": 2.14368, "loss": 0.13358415, "lr": 0.0001, "params": 558625, "time_iter": 0.08186, "accuracy": 0.96255, "precision": 0.0, "recall": 0.0, "f1": 0.0, "auc": 0.77004}
{"epoch": 6, "time_epoch": 80.0418, "eta": 7607.83537, "eta_hours": 2.11329, "loss": 0.12614628, "lr": 9.997e-05, "params": 558625, "time_iter": 0.07779, "accuracy": 0.96255, "precision": 0.0, "recall": 0.0, "f1": 0.0, "auc": 0.80285}
{"epoch": 7, "time_epoch": 77.58118, "eta": 7477.46043, "eta_hours": 2.07707, "loss": 0.12158969, "lr": 9.989e-05, "params": 558625, "time_iter": 0.07539, "accuracy": 0.96389, "precision": 0.68966, "recall": 0.06494, "f1": 0.11869, "auc": 0.81496}
{"epoch": 8, "time_epoch": 81.81002, "eta": 7401.57574, "eta_hours": 2.05599, "loss": 0.11970495, "lr": 9.975e-05, "params": 558625, "time_iter": 0.0795, "accuracy": 0.96568, "precision": 0.62907, "recall": 0.20373, "f1": 0.30779, "auc": 0.81865}
{"epoch": 9, "time_epoch": 82.63006, "eta": 7331.88627, "eta_hours": 2.03664, "loss": 0.11511018, "lr": 9.956e-05, "params": 558625, "time_iter": 0.0803, "accuracy": 0.96733, "precision": 0.67028, "recall": 0.25081, "f1": 0.36503, "auc": 0.83629}
{"epoch": 10, "time_epoch": 80.65974, "eta": 7243.90232, "eta_hours": 2.0122, "loss": 0.11271841, "lr": 9.932e-05, "params": 558625, "time_iter": 0.07839, "accuracy": 0.96787, "precision": 0.6673, "recall": 0.28328, "f1": 0.39772, "auc": 0.84353}
{"epoch": 11, "time_epoch": 81.24837, "eta": 7161.45566, "eta_hours": 1.98929, "loss": 0.11064055, "lr": 9.902e-05, "params": 558625, "time_iter": 0.07896, "accuracy": 0.96869, "precision": 0.68364, "recall": 0.30519, "f1": 0.422, "auc": 0.85351}
{"epoch": 12, "time_epoch": 84.55482, "eta": 7101.32116, "eta_hours": 1.97259, "loss": 0.10912443, "lr": 9.867e-05, "params": 558625, "time_iter": 0.08217, "accuracy": 0.96827, "precision": 0.66726, "recall": 0.30438, "f1": 0.41806, "auc": 0.85886}
{"epoch": 13, "time_epoch": 84.12186, "eta": 7035.03846, "eta_hours": 1.95418, "loss": 0.10773469, "lr": 9.826e-05, "params": 558625, "time_iter": 0.08175, "accuracy": 0.96872, "precision": 0.66833, "recall": 0.32711, "f1": 0.43924, "auc": 0.85984}
{"epoch": 14, "time_epoch": 82.48979, "eta": 6957.1288, "eta_hours": 1.93254, "loss": 0.10506951, "lr": 9.78e-05, "params": 558625, "time_iter": 0.08017, "accuracy": 0.97015, "precision": 0.70358, "recall": 0.35065, "f1": 0.46804, "auc": 0.86759}
{"epoch": 15, "time_epoch": 79.59707, "eta": 6863.45982, "eta_hours": 1.90652, "loss": 0.10243675, "lr": 9.729e-05, "params": 558625, "time_iter": 0.07735, "accuracy": 0.97052, "precision": 0.70469, "recall": 0.36607, "f1": 0.48184, "auc": 0.87727}
{"epoch": 16, "time_epoch": 79.3906, "eta": 6770.43831, "eta_hours": 1.88068, "loss": 0.10233803, "lr": 9.673e-05, "params": 558625, "time_iter": 0.07715, "accuracy": 0.97043, "precision": 0.70853, "recall": 0.35714, "f1": 0.47491, "auc": 0.8779}
{"epoch": 17, "time_epoch": 82.93668, "eta": 6695.08573, "eta_hours": 1.85975, "loss": 0.09967011, "lr": 9.611e-05, "params": 558625, "time_iter": 0.0806, "accuracy": 0.97058, "precision": 0.70183, "recall": 0.37256, "f1": 0.48674, "auc": 0.89061}
{"epoch": 18, "time_epoch": 84.61011, "eta": 6626.06888, "eta_hours": 1.84057, "loss": 0.09898708, "lr": 9.545e-05, "params": 558625, "time_iter": 0.08223, "accuracy": 0.97097, "precision": 0.7089, "recall": 0.38149, "f1": 0.49604, "auc": 0.88977}
{"epoch": 19, "time_epoch": 81.38087, "eta": 6542.57576, "eta_hours": 1.81738, "loss": 0.09763607, "lr": 9.474e-05, "params": 558625, "time_iter": 0.07909, "accuracy": 0.97119, "precision": 0.71646, "recall": 0.38149, "f1": 0.49788, "auc": 0.89498}
{"epoch": 20, "time_epoch": 80.25227, "eta": 6455.03811, "eta_hours": 1.79307, "loss": 0.09627038, "lr": 9.397e-05, "params": 558625, "time_iter": 0.07799, "accuracy": 0.97195, "precision": 0.73806, "recall": 0.3888, "f1": 0.5093, "auc": 0.902}
{"epoch": 21, "time_epoch": 82.7828, "eta": 6377.13466, "eta_hours": 1.77143, "loss": 0.09453909, "lr": 9.316e-05, "params": 558625, "time_iter": 0.08045, "accuracy": 0.97207, "precision": 0.73254, "recall": 0.40016, "f1": 0.51759, "auc": 0.90365}
{"epoch": 22, "time_epoch": 82.1738, "eta": 6296.7681, "eta_hours": 1.7491, "loss": 0.09279531, "lr": 9.23e-05, "params": 558625, "time_iter": 0.07986, "accuracy": 0.97231, "precision": 0.73027, "recall": 0.41315, "f1": 0.52773, "auc": 0.90906}
{"epoch": 23, "time_epoch": 81.09783, "eta": 6212.8437, "eta_hours": 1.72579, "loss": 0.09186474, "lr": 9.14e-05, "params": 558625, "time_iter": 0.07881, "accuracy": 0.9731, "precision": 0.75857, "recall": 0.41315, "f1": 0.53494, "auc": 0.91229}
{"epoch": 24, "time_epoch": 82.37152, "eta": 6132.96649, "eta_hours": 1.7036, "loss": 0.0893647, "lr": 9.045e-05, "params": 558625, "time_iter": 0.08005, "accuracy": 0.97334, "precision": 0.75393, "recall": 0.42776, "f1": 0.54583, "auc": 0.91716}
{"epoch": 25, "time_epoch": 84.28101, "eta": 6058.33211, "eta_hours": 1.68287, "loss": 0.08898581, "lr": 8.946e-05, "params": 558625, "time_iter": 0.08191, "accuracy": 0.97322, "precision": 0.75252, "recall": 0.42451, "f1": 0.54281, "auc": 0.91965}
{"epoch": 26, "time_epoch": 81.92059, "eta": 5976.60128, "eta_hours": 1.66017, "loss": 0.08729597, "lr": 8.842e-05, "params": 558625, "time_iter": 0.07961, "accuracy": 0.97435, "precision": 0.76722, "recall": 0.45211, "f1": 0.56895, "auc": 0.92481}
{"epoch": 27, "time_epoch": 89.62152, "eta": 5914.6593, "eta_hours": 1.64296, "loss": 0.08637632, "lr": 8.734e-05, "params": 558625, "time_iter": 0.0871, "accuracy": 0.97444, "precision": 0.76966, "recall": 0.45292, "f1": 0.57026, "auc": 0.9272}
{"epoch": 28, "time_epoch": 87.9001, "eta": 5846.59387, "eta_hours": 1.62405, "loss": 0.08540684, "lr": 8.622e-05, "params": 558625, "time_iter": 0.08542, "accuracy": 0.97432, "precision": 0.76838, "recall": 0.44968, "f1": 0.56733, "auc": 0.93083}
{"epoch": 29, "time_epoch": 82.97682, "eta": 5765.71849, "eta_hours": 1.60159, "loss": 0.0835984, "lr": 8.506e-05, "params": 558625, "time_iter": 0.08064, "accuracy": 0.97465, "precision": 0.76747, "recall": 0.46347, "f1": 0.57794, "auc": 0.93454}
{"epoch": 30, "time_epoch": 83.28679, "eta": 5685.39746, "eta_hours": 1.57928, "loss": 0.08182667, "lr": 8.386e-05, "params": 558625, "time_iter": 0.08094, "accuracy": 0.97492, "precision": 0.77097, "recall": 0.46997, "f1": 0.58396, "auc": 0.93883}
{"epoch": 31, "time_epoch": 88.60153, "eta": 5616.18489, "eta_hours": 1.56005, "loss": 0.08143548, "lr": 8.263e-05, "params": 558625, "time_iter": 0.0861, "accuracy": 0.97471, "precision": 0.77248, "recall": 0.46023, "f1": 0.57681, "auc": 0.94271}
{"epoch": 32, "time_epoch": 79.66773, "eta": 5527.65891, "eta_hours": 1.53546, "loss": 0.0804649, "lr": 8.136e-05, "params": 558625, "time_iter": 0.07742, "accuracy": 0.97529, "precision": 0.77032, "recall": 0.48458, "f1": 0.59492, "auc": 0.94111}
{"epoch": 33, "time_epoch": 86.48564, "eta": 5452.88876, "eta_hours": 1.51469, "loss": 0.07930125, "lr": 8.005e-05, "params": 558625, "time_iter": 0.08405, "accuracy": 0.97535, "precision": 0.77734, "recall": 0.4789, "f1": 0.59267, "auc": 0.94738}
{"epoch": 34, "time_epoch": 82.01368, "eta": 5369.14409, "eta_hours": 1.49143, "loss": 0.07671981, "lr": 7.872e-05, "params": 558625, "time_iter": 0.0797, "accuracy": 0.9759, "precision": 0.78033, "recall": 0.49594, "f1": 0.60645, "auc": 0.95086}
{"epoch": 35, "time_epoch": 85.04422, "eta": 5290.88322, "eta_hours": 1.46969, "loss": 0.07599102, "lr": 7.735e-05, "params": 558625, "time_iter": 0.08265, "accuracy": 0.97657, "precision": 0.79742, "recall": 0.50162, "f1": 0.61584, "auc": 0.95067}
{"epoch": 36, "time_epoch": 83.20401, "eta": 5209.12233, "eta_hours": 1.44698, "loss": 0.07465555, "lr": 7.595e-05, "params": 558625, "time_iter": 0.08086, "accuracy": 0.97578, "precision": 0.77019, "recall": 0.50325, "f1": 0.60874, "auc": 0.95521}
{"epoch": 37, "time_epoch": 82.6381, "eta": 5126.36218, "eta_hours": 1.42399, "loss": 0.07302407, "lr": 7.452e-05, "params": 558625, "time_iter": 0.08031, "accuracy": 0.97651, "precision": 0.7816, "recall": 0.51705, "f1": 0.62237, "auc": 0.95715}
{"epoch": 38, "time_epoch": 83.83944, "eta": 5045.4873, "eta_hours": 1.40152, "loss": 0.07500977, "lr": 7.307e-05, "params": 558625, "time_iter": 0.08148, "accuracy": 0.97675, "precision": 0.79745, "recall": 0.50812, "f1": 0.62072, "auc": 0.95397}
{"epoch": 39, "time_epoch": 81.27411, "eta": 4960.6162, "eta_hours": 1.37795, "loss": 0.07366443, "lr": 7.159e-05, "params": 558625, "time_iter": 0.07898, "accuracy": 0.97599, "precision": 0.78046, "recall": 0.49919, "f1": 0.60891, "auc": 0.95751}
{"epoch": 40, "time_epoch": 85.54039, "eta": 4882.05985, "eta_hours": 1.35613, "loss": 0.07144538, "lr": 7.008e-05, "params": 558625, "time_iter": 0.08313, "accuracy": 0.97742, "precision": 0.79493, "recall": 0.5349, "f1": 0.6395, "auc": 0.95927}
{"epoch": 41, "time_epoch": 84.58086, "eta": 4801.84584, "eta_hours": 1.33385, "loss": 0.07122621, "lr": 6.856e-05, "params": 558625, "time_iter": 0.0822, "accuracy": 0.97736, "precision": 0.79659, "recall": 0.53084, "f1": 0.63712, "auc": 0.96125}
{"epoch": 42, "time_epoch": 91.24075, "eta": 4730.25696, "eta_hours": 1.31396, "loss": 0.06932847, "lr": 6.701e-05, "params": 558625, "time_iter": 0.08867, "accuracy": 0.97775, "precision": 0.81328, "recall": 0.52679, "f1": 0.63941, "auc": 0.96267}
{"epoch": 43, "time_epoch": 81.98505, "eta": 4645.99483, "eta_hours": 1.29055, "loss": 0.06924404, "lr": 6.545e-05, "params": 558625, "time_iter": 0.07967, "accuracy": 0.97769, "precision": 0.80893, "recall": 0.52922, "f1": 0.63984, "auc": 0.96573}
{"epoch": 44, "time_epoch": 79.67487, "eta": 4559.01035, "eta_hours": 1.26639, "loss": 0.066982, "lr": 6.387e-05, "params": 558625, "time_iter": 0.07743, "accuracy": 0.9779, "precision": 0.80385, "recall": 0.54221, "f1": 0.6476, "auc": 0.96712}
{"epoch": 45, "time_epoch": 83.54148, "eta": 4476.88274, "eta_hours": 1.24358, "loss": 0.06743282, "lr": 6.227e-05, "params": 558625, "time_iter": 0.08119, "accuracy": 0.97781, "precision": 0.79669, "recall": 0.54708, "f1": 0.6487, "auc": 0.96665}
{"epoch": 46, "time_epoch": 81.29293, "eta": 4392.15937, "eta_hours": 1.22004, "loss": 0.06334511, "lr": 6.066e-05, "params": 558625, "time_iter": 0.079, "accuracy": 0.97951, "precision": 0.83135, "recall": 0.56818, "f1": 0.67502, "auc": 0.97016}
{"epoch": 47, "time_epoch": 80.91862, "eta": 4307.17343, "eta_hours": 1.19644, "loss": 0.06397538, "lr": 5.904e-05, "params": 558625, "time_iter": 0.07864, "accuracy": 0.97888, "precision": 0.80135, "recall": 0.57955, "f1": 0.67263, "auc": 0.97014}
{"epoch": 48, "time_epoch": 80.26042, "eta": 4221.66844, "eta_hours": 1.17269, "loss": 0.06302854, "lr": 5.741e-05, "params": 558625, "time_iter": 0.078, "accuracy": 0.97933, "precision": 0.82394, "recall": 0.56981, "f1": 0.6737, "auc": 0.97273}
{"epoch": 49, "time_epoch": 82.11509, "eta": 4138.22791, "eta_hours": 1.14951, "loss": 0.06066046, "lr": 5.577e-05, "params": 558625, "time_iter": 0.0798, "accuracy": 0.97997, "precision": 0.823, "recall": 0.59253, "f1": 0.689, "auc": 0.97512}
{"epoch": 50, "time_epoch": 82.42747, "eta": 4055.13948, "eta_hours": 1.12643, "loss": 0.06393661, "lr": 5.413e-05, "params": 558625, "time_iter": 0.0801, "accuracy": 0.97961, "precision": 0.82131, "recall": 0.58198, "f1": 0.68124, "auc": 0.97158}
{"epoch": 51, "time_epoch": 82.3865, "eta": 3972.03866, "eta_hours": 1.10334, "loss": 0.06022866, "lr": 5.248e-05, "params": 558625, "time_iter": 0.08006, "accuracy": 0.97933, "precision": 0.80942, "recall": 0.58604, "f1": 0.67985, "auc": 0.97533}
{"epoch": 52, "time_epoch": 80.84574, "eta": 3887.59845, "eta_hours": 1.07989, "loss": 0.06010103, "lr": 5.083e-05, "params": 558625, "time_iter": 0.07857, "accuracy": 0.98015, "precision": 0.82274, "recall": 0.59903, "f1": 0.69328, "auc": 0.97555}
{"epoch": 53, "time_epoch": 83.18979, "eta": 3805.28816, "eta_hours": 1.05702, "loss": 0.05940137, "lr": 4.917e-05, "params": 558625, "time_iter": 0.08085, "accuracy": 0.98015, "precision": 0.82638, "recall": 0.59497, "f1": 0.69184, "auc": 0.9776}
{"epoch": 54, "time_epoch": 83.52987, "eta": 3723.22413, "eta_hours": 1.03423, "loss": 0.05904185, "lr": 4.752e-05, "params": 558625, "time_iter": 0.08118, "accuracy": 0.98027, "precision": 0.82864, "recall": 0.59659, "f1": 0.69372, "auc": 0.97628}
{"epoch": 55, "time_epoch": 79.96245, "eta": 3638.30478, "eta_hours": 1.01064, "loss": 0.05775685, "lr": 4.587e-05, "params": 558625, "time_iter": 0.07771, "accuracy": 0.98073, "precision": 0.83002, "recall": 0.61039, "f1": 0.70346, "auc": 0.97733}
{"epoch": 56, "time_epoch": 81.20288, "eta": 3554.49512, "eta_hours": 0.98736, "loss": 0.05509955, "lr": 4.423e-05, "params": 558625, "time_iter": 0.07891, "accuracy": 0.9814, "precision": 0.83843, "recall": 0.62338, "f1": 0.71508, "auc": 0.98028}
{"epoch": 57, "time_epoch": 82.99905, "eta": 3472.07602, "eta_hours": 0.96447, "loss": 0.05541397, "lr": 4.259e-05, "params": 558625, "time_iter": 0.08066, "accuracy": 0.98119, "precision": 0.83279, "recall": 0.62256, "f1": 0.71249, "auc": 0.98075}
{"epoch": 58, "time_epoch": 80.35915, "eta": 3387.80276, "eta_hours": 0.94106, "loss": 0.05234875, "lr": 4.096e-05, "params": 558625, "time_iter": 0.07809, "accuracy": 0.9821, "precision": 0.83878, "recall": 0.6461, "f1": 0.72994, "auc": 0.98257}
{"epoch": 59, "time_epoch": 82.26473, "eta": 3304.93035, "eta_hours": 0.91804, "loss": 0.05574763, "lr": 3.934e-05, "params": 558625, "time_iter": 0.07995, "accuracy": 0.981, "precision": 0.83388, "recall": 0.61526, "f1": 0.70808, "auc": 0.98041}
{"epoch": 60, "time_epoch": 81.05629, "eta": 3221.30526, "eta_hours": 0.89481, "loss": 0.05270966, "lr": 3.773e-05, "params": 558625, "time_iter": 0.07877, "accuracy": 0.98258, "precision": 0.84794, "recall": 0.65179, "f1": 0.73704, "auc": 0.98325}
{"epoch": 61, "time_epoch": 79.8557, "eta": 3137.02719, "eta_hours": 0.8714, "loss": 0.05255811, "lr": 3.613e-05, "params": 558625, "time_iter": 0.07761, "accuracy": 0.9828, "precision": 0.84979, "recall": 0.65666, "f1": 0.74084, "auc": 0.98275}
{"epoch": 62, "time_epoch": 79.26197, "eta": 3052.54081, "eta_hours": 0.84793, "loss": 0.05187268, "lr": 3.455e-05, "params": 558625, "time_iter": 0.07703, "accuracy": 0.98207, "precision": 0.83861, "recall": 0.64529, "f1": 0.72936, "auc": 0.98356}
{"epoch": 63, "time_epoch": 80.90841, "eta": 2969.14382, "eta_hours": 0.82476, "loss": 0.05282296, "lr": 3.299e-05, "params": 558625, "time_iter": 0.07863, "accuracy": 0.9821, "precision": 0.83736, "recall": 0.64773, "f1": 0.73043, "auc": 0.98315}
{"epoch": 64, "time_epoch": 81.15559, "eta": 2885.95649, "eta_hours": 0.80165, "loss": 0.05268896, "lr": 3.144e-05, "params": 558625, "time_iter": 0.07887, "accuracy": 0.98189, "precision": 0.83544, "recall": 0.64286, "f1": 0.72661, "auc": 0.9831}
{"epoch": 65, "time_epoch": 82.38863, "eta": 2803.46594, "eta_hours": 0.77874, "loss": 0.04906704, "lr": 2.992e-05, "params": 558625, "time_iter": 0.08007, "accuracy": 0.9831, "precision": 0.85654, "recall": 0.65909, "f1": 0.74495, "auc": 0.98551}
{"epoch": 66, "time_epoch": 80.30264, "eta": 2719.951, "eta_hours": 0.75554, "loss": 0.05217608, "lr": 2.841e-05, "params": 558625, "time_iter": 0.07804, "accuracy": 0.98292, "precision": 0.84607, "recall": 0.66477, "f1": 0.74455, "auc": 0.98275}
{"epoch": 67, "time_epoch": 83.26641, "eta": 2637.92526, "eta_hours": 0.73276, "loss": 0.05087817, "lr": 2.693e-05, "params": 558625, "time_iter": 0.08092, "accuracy": 0.98304, "precision": 0.85624, "recall": 0.65747, "f1": 0.7438, "auc": 0.98449}
{"epoch": 68, "time_epoch": 81.20413, "eta": 2554.93702, "eta_hours": 0.7097, "loss": 0.04741923, "lr": 2.548e-05, "params": 558625, "time_iter": 0.07892, "accuracy": 0.9838, "precision": 0.857, "recall": 0.68101, "f1": 0.75893, "auc": 0.98761}
{"epoch": 69, "time_epoch": 82.07929, "eta": 2472.37482, "eta_hours": 0.68677, "loss": 0.04716863, "lr": 2.405e-05, "params": 558625, "time_iter": 0.07977, "accuracy": 0.98353, "precision": 0.85204, "recall": 0.67776, "f1": 0.75497, "auc": 0.98734}
{"epoch": 70, "time_epoch": 81.74605, "eta": 2389.69012, "eta_hours": 0.6638, "loss": 0.04777263, "lr": 2.265e-05, "params": 558625, "time_iter": 0.07944, "accuracy": 0.9834, "precision": 0.85507, "recall": 0.67045, "f1": 0.75159, "auc": 0.98666}
{"epoch": 71, "time_epoch": 81.75232, "eta": 2307.03393, "eta_hours": 0.64084, "loss": 0.04726162, "lr": 2.128e-05, "params": 558625, "time_iter": 0.07945, "accuracy": 0.98386, "precision": 0.86171, "recall": 0.67776, "f1": 0.75875, "auc": 0.98645}
{"epoch": 72, "time_epoch": 82.3508, "eta": 2224.62386, "eta_hours": 0.61795, "loss": 0.04643303, "lr": 1.995e-05, "params": 558625, "time_iter": 0.08003, "accuracy": 0.98413, "precision": 0.85288, "recall": 0.69643, "f1": 0.76676, "auc": 0.98754}
{"epoch": 73, "time_epoch": 81.78062, "eta": 2142.01505, "eta_hours": 0.595, "loss": 0.04659749, "lr": 1.864e-05, "params": 558625, "time_iter": 0.07948, "accuracy": 0.9841, "precision": 0.86063, "recall": 0.68669, "f1": 0.76388, "auc": 0.9875}
{"epoch": 74, "time_epoch": 82.40485, "eta": 2059.63641, "eta_hours": 0.57212, "loss": 0.0436307, "lr": 1.737e-05, "params": 558625, "time_iter": 0.08008, "accuracy": 0.98499, "precision": 0.87653, "recall": 0.69724, "f1": 0.77667, "auc": 0.9893}
{"epoch": 75, "time_epoch": 83.72556, "eta": 1977.67415, "eta_hours": 0.54935, "loss": 0.04547972, "lr": 1.614e-05, "params": 558625, "time_iter": 0.08137, "accuracy": 0.98438, "precision": 0.859, "recall": 0.69724, "f1": 0.76971, "auc": 0.98894}
{"epoch": 76, "time_epoch": 80.22584, "eta": 1894.62071, "eta_hours": 0.52628, "loss": 0.04453638, "lr": 1.494e-05, "params": 558625, "time_iter": 0.07796, "accuracy": 0.98362, "precision": 0.85035, "recall": 0.68263, "f1": 0.75732, "auc": 0.98993}
{"epoch": 77, "time_epoch": 85.68677, "eta": 1813.18004, "eta_hours": 0.50366, "loss": 0.0455827, "lr": 1.378e-05, "params": 558625, "time_iter": 0.08327, "accuracy": 0.98465, "precision": 0.87436, "recall": 0.68912, "f1": 0.77077, "auc": 0.98847}
{"epoch": 78, "time_epoch": 83.59557, "eta": 1731.07598, "eta_hours": 0.48085, "loss": 0.04504073, "lr": 1.266e-05, "params": 558625, "time_iter": 0.08124, "accuracy": 0.98435, "precision": 0.8603, "recall": 0.69481, "f1": 0.76875, "auc": 0.989}
{"epoch": 79, "time_epoch": 79.45186, "eta": 1647.89871, "eta_hours": 0.45775, "loss": 0.04385542, "lr": 1.158e-05, "params": 558625, "time_iter": 0.07721, "accuracy": 0.98438, "precision": 0.85757, "recall": 0.69886, "f1": 0.77013, "auc": 0.9893}
{"epoch": 80, "time_epoch": 89.91104, "eta": 1567.26681, "eta_hours": 0.43535, "loss": 0.04214909, "lr": 1.054e-05, "params": 558625, "time_iter": 0.08738, "accuracy": 0.98544, "precision": 0.8724, "recall": 0.71591, "f1": 0.78645, "auc": 0.99016}
{"epoch": 81, "time_epoch": 79.13821, "eta": 1484.04382, "eta_hours": 0.41223, "loss": 0.04371209, "lr": 9.55e-06, "params": 558625, "time_iter": 0.07691, "accuracy": 0.98471, "precision": 0.8693, "recall": 0.69643, "f1": 0.77332, "auc": 0.98981}
{"epoch": 82, "time_epoch": 79.29391, "eta": 1400.95116, "eta_hours": 0.38915, "loss": 0.04202675, "lr": 8.6e-06, "params": 558625, "time_iter": 0.07706, "accuracy": 0.98541, "precision": 0.8745, "recall": 0.71266, "f1": 0.78533, "auc": 0.99038}
{"epoch": 83, "time_epoch": 78.95626, "eta": 1317.88462, "eta_hours": 0.36608, "loss": 0.04047599, "lr": 7.7e-06, "params": 558625, "time_iter": 0.07673, "accuracy": 0.98535, "precision": 0.8655, "recall": 0.72078, "f1": 0.78654, "auc": 0.99254}
{"epoch": 84, "time_epoch": 83.72539, "eta": 1235.75641, "eta_hours": 0.34327, "loss": 0.0430964, "lr": 6.84e-06, "params": 558625, "time_iter": 0.08137, "accuracy": 0.98578, "precision": 0.87673, "recall": 0.72159, "f1": 0.79163, "auc": 0.98924}
{"epoch": 85, "time_epoch": 83.95292, "eta": 1153.62809, "eta_hours": 0.32045, "loss": 0.03990768, "lr": 6.03e-06, "params": 558625, "time_iter": 0.08159, "accuracy": 0.98684, "precision": 0.88599, "recall": 0.74432, "f1": 0.809, "auc": 0.99123}
{"epoch": 86, "time_epoch": 80.69637, "eta": 1070.97122, "eta_hours": 0.29749, "loss": 0.04226235, "lr": 5.26e-06, "params": 558625, "time_iter": 0.07842, "accuracy": 0.98541, "precision": 0.87008, "recall": 0.71753, "f1": 0.78648, "auc": 0.99104}
{"epoch": 87, "time_epoch": 79.53506, "eta": 988.20055, "eta_hours": 0.2745, "loss": 0.04248537, "lr": 4.55e-06, "params": 558625, "time_iter": 0.07729, "accuracy": 0.98541, "precision": 0.87376, "recall": 0.71347, "f1": 0.78552, "auc": 0.98999}
{"epoch": 88, "time_epoch": 84.95627, "eta": 906.17262, "eta_hours": 0.25171, "loss": 0.03925473, "lr": 3.89e-06, "params": 558625, "time_iter": 0.08256, "accuracy": 0.98669, "precision": 0.88173, "recall": 0.74432, "f1": 0.80722, "auc": 0.99128}
{"epoch": 89, "time_epoch": 80.43636, "eta": 823.5774, "eta_hours": 0.22877, "loss": 0.04117646, "lr": 3.27e-06, "params": 558625, "time_iter": 0.07817, "accuracy": 0.98584, "precision": 0.87041, "recall": 0.73052, "f1": 0.79435, "auc": 0.99112}
{"epoch": 90, "time_epoch": 81.46052, "eta": 741.13093, "eta_hours": 0.20587, "loss": 0.03903257, "lr": 2.71e-06, "params": 558625, "time_iter": 0.07916, "accuracy": 0.98644, "precision": 0.87934, "recall": 0.73945, "f1": 0.80335, "auc": 0.99088}
{"epoch": 91, "time_epoch": 79.57452, "eta": 658.54188, "eta_hours": 0.18293, "loss": 0.04016243, "lr": 2.2e-06, "params": 558625, "time_iter": 0.07733, "accuracy": 0.98672, "precision": 0.87606, "recall": 0.75162, "f1": 0.80909, "auc": 0.99037}
{"epoch": 92, "time_epoch": 81.09812, "eta": 576.13235, "eta_hours": 0.16004, "loss": 0.03903381, "lr": 1.74e-06, "params": 558625, "time_iter": 0.07881, "accuracy": 0.98632, "precision": 0.87097, "recall": 0.74513, "f1": 0.80315, "auc": 0.99165}
{"epoch": 93, "time_epoch": 79.3212, "eta": 493.6373, "eta_hours": 0.13712, "loss": 0.03900559, "lr": 1.33e-06, "params": 558625, "time_iter": 0.07709, "accuracy": 0.98617, "precision": 0.86965, "recall": 0.74188, "f1": 0.8007, "auc": 0.99194}
{"epoch": 94, "time_epoch": 83.20643, "eta": 411.41355, "eta_hours": 0.11428, "loss": 0.03889279, "lr": 9.8e-07, "params": 558625, "time_iter": 0.08086, "accuracy": 0.98617, "precision": 0.87248, "recall": 0.73864, "f1": 0.8, "auc": 0.99118}
{"epoch": 95, "time_epoch": 80.67114, "eta": 329.06369, "eta_hours": 0.09141, "loss": 0.03763869, "lr": 6.8e-07, "params": 558625, "time_iter": 0.0784, "accuracy": 0.9865, "precision": 0.88402, "recall": 0.7362, "f1": 0.80337, "auc": 0.99275}
{"epoch": 96, "time_epoch": 82.68691, "eta": 246.81079, "eta_hours": 0.06856, "loss": 0.03940023, "lr": 4.4e-07, "params": 558625, "time_iter": 0.08036, "accuracy": 0.98611, "precision": 0.87152, "recall": 0.73782, "f1": 0.79912, "auc": 0.99246}
{"epoch": 97, "time_epoch": 85.21911, "eta": 164.60071, "eta_hours": 0.04572, "loss": 0.0408721, "lr": 2.5e-07, "params": 558625, "time_iter": 0.08282, "accuracy": 0.98596, "precision": 0.8827, "recall": 0.72078, "f1": 0.79357, "auc": 0.99154}
{"epoch": 98, "time_epoch": 86.43784, "eta": 82.34215, "eta_hours": 0.02287, "loss": 0.03797148, "lr": 1.1e-07, "params": 558625, "time_iter": 0.084, "accuracy": 0.9866, "precision": 0.88585, "recall": 0.73701, "f1": 0.80461, "auc": 0.99224}
{"epoch": 99, "time_epoch": 83.04459, "eta": 0.0, "eta_hours": 0.0, "loss": 0.03963227, "lr": 3e-08, "params": 558625, "time_iter": 0.0807, "accuracy": 0.98626, "precision": 0.88086, "recall": 0.73214, "f1": 0.79965, "auc": 0.99132}
