{"epoch": 0, "time_epoch": 61.65667, "eta": 6104.01048, "eta_hours": 1.69556, "loss": 2.31443924, "lr": 0.0, "params": 112726, "time_iter": 0.02192, "accuracy": 0.10616, "f1": 0.03795, "auc": 0.46041}
{"epoch": 1, "time_epoch": 56.68134, "eta": 5798.56263, "eta_hours": 1.61071, "loss": 2.02649188, "lr": 0.0002, "params": 112726, "time_iter": 0.02015, "accuracy": 0.32362, "f1": 0.30093, "auc": 0.77551}
{"epoch": 2, "time_epoch": 57.01446, "eta": 5669.72981, "eta_hours": 1.57492, "loss": 1.69556707, "lr": 0.0004, "params": 112726, "time_iter": 0.02027, "accuracy": 0.431, "f1": 0.423, "auc": 0.84354}
{"epoch": 3, "time_epoch": 57.02178, "eta": 5576.98199, "eta_hours": 1.54916, "loss": 1.47710459, "lr": 0.0006, "params": 112726, "time_iter": 0.02027, "accuracy": 0.48711, "f1": 0.48253, "auc": 0.87565}
{"epoch": 4, "time_epoch": 57.0045, "eta": 5498.19619, "eta_hours": 1.52728, "loss": 1.34673507, "lr": 0.0008, "params": 112726, "time_iter": 0.02026, "accuracy": 0.5288, "f1": 0.52628, "auc": 0.89422}
{"epoch": 5, "time_epoch": 56.92247, "eta": 5425.38578, "eta_hours": 1.50705, "loss": 1.26055348, "lr": 0.001, "params": 112726, "time_iter": 0.02024, "accuracy": 0.55676, "f1": 0.55511, "auc": 0.90722}
{"epoch": 6, "time_epoch": 57.0253, "eta": 5358.48097, "eta_hours": 1.48847, "loss": 1.17597918, "lr": 0.00099973, "params": 112726, "time_iter": 0.02027, "accuracy": 0.58867, "f1": 0.58745, "auc": 0.9189}
{"epoch": 7, "time_epoch": 57.03295, "eta": 5294.13391, "eta_hours": 1.47059, "loss": 1.11043086, "lr": 0.00099891, "params": 112726, "time_iter": 0.02027, "accuracy": 0.61196, "f1": 0.61122, "auc": 0.92753}
{"epoch": 8, "time_epoch": 57.04191, "eta": 5231.50286, "eta_hours": 1.4532, "loss": 1.06299218, "lr": 0.00099754, "params": 112726, "time_iter": 0.02028, "accuracy": 0.62518, "f1": 0.62434, "auc": 0.93347}
{"epoch": 9, "time_epoch": 56.9096, "eta": 5168.79885, "eta_hours": 1.43578, "loss": 1.0214952, "lr": 0.00099563, "params": 112726, "time_iter": 0.02023, "accuracy": 0.64356, "f1": 0.64268, "auc": 0.93806}
{"epoch": 10, "time_epoch": 56.85269, "eta": 5106.68787, "eta_hours": 1.41852, "loss": 0.97946444, "lr": 0.00099318, "params": 112726, "time_iter": 0.02021, "accuracy": 0.65878, "f1": 0.65811, "auc": 0.94305}
{"epoch": 11, "time_epoch": 56.74831, "eta": 5044.68783, "eta_hours": 1.4013, "loss": 0.95524868, "lr": 0.00099019, "params": 112726, "time_iter": 0.02017, "accuracy": 0.66673, "f1": 0.66618, "auc": 0.94579}
{"epoch": 12, "time_epoch": 56.71656, "eta": 4983.28327, "eta_hours": 1.38425, "loss": 0.9255114, "lr": 0.00098666, "params": 112726, "time_iter": 0.02016, "accuracy": 0.67731, "f1": 0.67668, "auc": 0.94896}
{"epoch": 13, "time_epoch": 56.50596, "eta": 4921.25472, "eta_hours": 1.36702, "loss": 0.90257745, "lr": 0.0009826, "params": 112726, "time_iter": 0.02009, "accuracy": 0.68556, "f1": 0.68493, "auc": 0.95124}
{"epoch": 14, "time_epoch": 56.69934, "eta": 4861.05838, "eta_hours": 1.35029, "loss": 0.88404472, "lr": 0.00097802, "params": 112726, "time_iter": 0.02016, "accuracy": 0.69256, "f1": 0.69205, "auc": 0.95324}
{"epoch": 15, "time_epoch": 56.84888, "eta": 4802.08425, "eta_hours": 1.33391, "loss": 0.8539898, "lr": 0.00097291, "params": 112726, "time_iter": 0.02021, "accuracy": 0.70409, "f1": 0.70368, "auc": 0.95625}
{"epoch": 16, "time_epoch": 56.73375, "eta": 4742.79804, "eta_hours": 1.31744, "loss": 0.8337204, "lr": 0.00096728, "params": 112726, "time_iter": 0.02017, "accuracy": 0.71129, "f1": 0.7108, "auc": 0.95812}
{"epoch": 17, "time_epoch": 56.79271, "eta": 4684.06404, "eta_hours": 1.30113, "loss": 0.81743275, "lr": 0.00096114, "params": 112726, "time_iter": 0.02019, "accuracy": 0.71427, "f1": 0.71401, "auc": 0.95973}
{"epoch": 18, "time_epoch": 56.50108, "eta": 4624.2911, "eta_hours": 1.28453, "loss": 0.79833916, "lr": 0.0009545, "params": 112726, "time_iter": 0.02009, "accuracy": 0.72393, "f1": 0.72341, "auc": 0.96135}
{"epoch": 19, "time_epoch": 56.5528, "eta": 4565.05224, "eta_hours": 1.26807, "loss": 0.78186613, "lr": 0.00094736, "params": 112726, "time_iter": 0.0201, "accuracy": 0.72804, "f1": 0.72757, "auc": 0.96297}
{"epoch": 20, "time_epoch": 56.68837, "eta": 4506.57919, "eta_hours": 1.25183, "loss": 0.77236222, "lr": 0.00093974, "params": 112726, "time_iter": 0.02015, "accuracy": 0.7314, "f1": 0.73098, "auc": 0.96377}
{"epoch": 21, "time_epoch": 56.7433, "eta": 4448.46312, "eta_hours": 1.23568, "loss": 0.75128337, "lr": 0.00093163, "params": 112726, "time_iter": 0.02017, "accuracy": 0.73989, "f1": 0.73944, "auc": 0.96566}
{"epoch": 22, "time_epoch": 56.57122, "eta": 4389.89035, "eta_hours": 1.21941, "loss": 0.73481666, "lr": 0.00092305, "params": 112726, "time_iter": 0.02011, "accuracy": 0.74544, "f1": 0.74498, "auc": 0.96706}
{"epoch": 23, "time_epoch": 57.02233, "eta": 4332.91287, "eta_hours": 1.20359, "loss": 0.72692947, "lr": 0.000914, "params": 112726, "time_iter": 0.02027, "accuracy": 0.74807, "f1": 0.74776, "auc": 0.96785}
{"epoch": 24, "time_epoch": 57.24041, "eta": 4276.58606, "eta_hours": 1.18794, "loss": 0.70884544, "lr": 0.00090451, "params": 112726, "time_iter": 0.02035, "accuracy": 0.7546, "f1": 0.75413, "auc": 0.96923}
{"epoch": 25, "time_epoch": 57.03201, "eta": 4219.59582, "eta_hours": 1.17211, "loss": 0.6977281, "lr": 0.00089457, "params": 112726, "time_iter": 0.02027, "accuracy": 0.75958, "f1": 0.7593, "auc": 0.97019}
{"epoch": 26, "time_epoch": 56.79402, "eta": 4161.95903, "eta_hours": 1.1561, "loss": 0.68244225, "lr": 0.0008842, "params": 112726, "time_iter": 0.02019, "accuracy": 0.76404, "f1": 0.7638, "auc": 0.97138}
{"epoch": 27, "time_epoch": 56.85492, "eta": 4104.53905, "eta_hours": 1.14015, "loss": 0.6732351, "lr": 0.00087341, "params": 112726, "time_iter": 0.02021, "accuracy": 0.76602, "f1": 0.76569, "auc": 0.97207}
{"epoch": 28, "time_epoch": 56.6644, "eta": 4046.69159, "eta_hours": 1.12408, "loss": 0.66835588, "lr": 0.00086221, "params": 112726, "time_iter": 0.02014, "accuracy": 0.76998, "f1": 0.76969, "auc": 0.97236}
{"epoch": 29, "time_epoch": 56.50972, "eta": 3988.56208, "eta_hours": 1.10793, "loss": 0.65313538, "lr": 0.00085062, "params": 112726, "time_iter": 0.02009, "accuracy": 0.77256, "f1": 0.77224, "auc": 0.97372}
{"epoch": 30, "time_epoch": 56.39907, "eta": 3930.29079, "eta_hours": 1.09175, "loss": 0.64164913, "lr": 0.00083864, "params": 112726, "time_iter": 0.02005, "accuracy": 0.77818, "f1": 0.77775, "auc": 0.97449}
{"epoch": 31, "time_epoch": 56.25225, "eta": 3871.82451, "eta_hours": 1.07551, "loss": 0.63031099, "lr": 0.00082629, "params": 112726, "time_iter": 0.02, "accuracy": 0.77984, "f1": 0.77957, "auc": 0.97546}
{"epoch": 32, "time_epoch": 56.33079, "eta": 3813.65188, "eta_hours": 1.05935, "loss": 0.61694514, "lr": 0.00081359, "params": 112726, "time_iter": 0.02003, "accuracy": 0.78822, "f1": 0.788, "auc": 0.97625}
{"epoch": 33, "time_epoch": 56.18254, "eta": 3755.29982, "eta_hours": 1.04314, "loss": 0.60768406, "lr": 0.00080054, "params": 112726, "time_iter": 0.01997, "accuracy": 0.78944, "f1": 0.78923, "auc": 0.97709}
{"epoch": 34, "time_epoch": 56.2405, "eta": 3697.17937, "eta_hours": 1.02699, "loss": 0.59475701, "lr": 0.00078716, "params": 112726, "time_iter": 0.01999, "accuracy": 0.7938, "f1": 0.79361, "auc": 0.97799}
{"epoch": 35, "time_epoch": 55.95438, "eta": 3638.6547, "eta_hours": 1.01074, "loss": 0.58981687, "lr": 0.00077347, "params": 112726, "time_iter": 0.01989, "accuracy": 0.7966, "f1": 0.79634, "auc": 0.97825}
{"epoch": 36, "time_epoch": 55.91147, "eta": 3580.19592, "eta_hours": 0.9945, "loss": 0.58006819, "lr": 0.00075948, "params": 112726, "time_iter": 0.01988, "accuracy": 0.80071, "f1": 0.80041, "auc": 0.97902}
{"epoch": 37, "time_epoch": 55.93538, "eta": 3521.91021, "eta_hours": 0.97831, "loss": 0.56581919, "lr": 0.00074521, "params": 112726, "time_iter": 0.01988, "accuracy": 0.80589, "f1": 0.80555, "auc": 0.97992}
{"epoch": 38, "time_epoch": 55.80107, "eta": 3463.53494, "eta_hours": 0.96209, "loss": 0.55455864, "lr": 0.00073067, "params": 112726, "time_iter": 0.01984, "accuracy": 0.80696, "f1": 0.80676, "auc": 0.98079}
{"epoch": 39, "time_epoch": 56.05984, "eta": 3405.67656, "eta_hours": 0.94602, "loss": 0.54753708, "lr": 0.00071588, "params": 112726, "time_iter": 0.01993, "accuracy": 0.81027, "f1": 0.81007, "auc": 0.98114}
{"epoch": 40, "time_epoch": 55.76963, "eta": 3347.48828, "eta_hours": 0.92986, "loss": 0.5392484, "lr": 0.00070085, "params": 112726, "time_iter": 0.01983, "accuracy": 0.81338, "f1": 0.81318, "auc": 0.98167}
{"epoch": 41, "time_epoch": 55.83543, "eta": 3289.50603, "eta_hours": 0.91375, "loss": 0.52765302, "lr": 0.0006856, "params": 112726, "time_iter": 0.01985, "accuracy": 0.81869, "f1": 0.81852, "auc": 0.98245}
{"epoch": 42, "time_epoch": 55.90928, "eta": 3231.72155, "eta_hours": 0.8977, "loss": 0.52334921, "lr": 0.00067015, "params": 112726, "time_iter": 0.01988, "accuracy": 0.8214, "f1": 0.82134, "auc": 0.98253}
{"epoch": 43, "time_epoch": 56.12601, "eta": 3174.29813, "eta_hours": 0.88175, "loss": 0.50647608, "lr": 0.00065451, "params": 112726, "time_iter": 0.01995, "accuracy": 0.8246, "f1": 0.82446, "auc": 0.98388}
{"epoch": 44, "time_epoch": 55.88088, "eta": 3116.63277, "eta_hours": 0.86573, "loss": 0.50442035, "lr": 0.0006387, "params": 112726, "time_iter": 0.01987, "accuracy": 0.82504, "f1": 0.82486, "auc": 0.98386}
{"epoch": 45, "time_epoch": 55.75036, "eta": 3058.89178, "eta_hours": 0.84969, "loss": 0.49245763, "lr": 0.00062274, "params": 112726, "time_iter": 0.01982, "accuracy": 0.83149, "f1": 0.83138, "auc": 0.98465}
{"epoch": 46, "time_epoch": 55.77784, "eta": 3001.26648, "eta_hours": 0.83369, "loss": 0.48365991, "lr": 0.00060665, "params": 112726, "time_iter": 0.01983, "accuracy": 0.83602, "f1": 0.83585, "auc": 0.98511}
{"epoch": 47, "time_epoch": 55.80449, "eta": 2943.74703, "eta_hours": 0.81771, "loss": 0.47260507, "lr": 0.00059044, "params": 112726, "time_iter": 0.01984, "accuracy": 0.83751, "f1": 0.83745, "auc": 0.98583}
{"epoch": 48, "time_epoch": 55.82918, "eta": 2886.32328, "eta_hours": 0.80176, "loss": 0.46452138, "lr": 0.00057413, "params": 112726, "time_iter": 0.01985, "accuracy": 0.83909, "f1": 0.83897, "auc": 0.98623}
{"epoch": 49, "time_epoch": 55.61075, "eta": 2828.74488, "eta_hours": 0.78576, "loss": 0.45814093, "lr": 0.00055774, "params": 112726, "time_iter": 0.01977, "accuracy": 0.84251, "f1": 0.84246, "auc": 0.98659}
{"epoch": 50, "time_epoch": 55.63914, "eta": 2771.27092, "eta_hours": 0.7698, "loss": 0.44533724, "lr": 0.00054129, "params": 112726, "time_iter": 0.01978, "accuracy": 0.84698, "f1": 0.84684, "auc": 0.98723}
{"epoch": 51, "time_epoch": 55.59985, "eta": 2713.83127, "eta_hours": 0.75384, "loss": 0.4404264, "lr": 0.00052479, "params": 112726, "time_iter": 0.01977, "accuracy": 0.84949, "f1": 0.84931, "auc": 0.98753}
{"epoch": 52, "time_epoch": 55.61045, "eta": 2656.47044, "eta_hours": 0.73791, "loss": 0.42947352, "lr": 0.00050827, "params": 112726, "time_iter": 0.01977, "accuracy": 0.85209, "f1": 0.85199, "auc": 0.98818}
{"epoch": 53, "time_epoch": 55.62021, "eta": 2599.18275, "eta_hours": 0.722, "loss": 0.41936129, "lr": 0.00049173, "params": 112726, "time_iter": 0.01977, "accuracy": 0.85573, "f1": 0.85567, "auc": 0.98867}
{"epoch": 54, "time_epoch": 55.55432, "eta": 2541.90179, "eta_hours": 0.70608, "loss": 0.41091075, "lr": 0.00047521, "params": 112726, "time_iter": 0.01975, "accuracy": 0.85978, "f1": 0.85975, "auc": 0.98905}
{"epoch": 55, "time_epoch": 55.62319, "eta": 2484.73661, "eta_hours": 0.6902, "loss": 0.39685065, "lr": 0.00045871, "params": 112726, "time_iter": 0.01977, "accuracy": 0.86311, "f1": 0.86305, "auc": 0.98972}
{"epoch": 56, "time_epoch": 55.65534, "eta": 2427.64978, "eta_hours": 0.67435, "loss": 0.39995657, "lr": 0.00044226, "params": 112726, "time_iter": 0.01979, "accuracy": 0.86264, "f1": 0.86266, "auc": 0.98969}
{"epoch": 57, "time_epoch": 55.65064, "eta": 2370.60892, "eta_hours": 0.6585, "loss": 0.38392466, "lr": 0.00042587, "params": 112726, "time_iter": 0.01978, "accuracy": 0.86736, "f1": 0.86721, "auc": 0.99051}
{"epoch": 58, "time_epoch": 55.75413, "eta": 2313.68709, "eta_hours": 0.64269, "loss": 0.38348606, "lr": 0.00040956, "params": 112726, "time_iter": 0.01982, "accuracy": 0.86951, "f1": 0.86942, "auc": 0.99041}
{"epoch": 59, "time_epoch": 55.53215, "eta": 2256.6562, "eta_hours": 0.62685, "loss": 0.37435302, "lr": 0.00039335, "params": 112726, "time_iter": 0.01974, "accuracy": 0.87067, "f1": 0.87061, "auc": 0.99091}
{"epoch": 60, "time_epoch": 55.48217, "eta": 2199.6425, "eta_hours": 0.61101, "loss": 0.36316787, "lr": 0.00037726, "params": 112726, "time_iter": 0.01972, "accuracy": 0.87649, "f1": 0.87643, "auc": 0.99133}
{"epoch": 61, "time_epoch": 55.54972, "eta": 2142.7196, "eta_hours": 0.5952, "loss": 0.35387774, "lr": 0.0003613, "params": 112726, "time_iter": 0.01975, "accuracy": 0.87864, "f1": 0.87858, "auc": 0.9918}
{"epoch": 62, "time_epoch": 55.48164, "eta": 2085.80032, "eta_hours": 0.57939, "loss": 0.34749702, "lr": 0.00034549, "params": 112726, "time_iter": 0.01972, "accuracy": 0.88138, "f1": 0.88132, "auc": 0.99209}
{"epoch": 63, "time_epoch": 55.45103, "eta": 2028.90874, "eta_hours": 0.56359, "loss": 0.34378029, "lr": 0.00032985, "params": 112726, "time_iter": 0.01971, "accuracy": 0.88296, "f1": 0.88289, "auc": 0.99225}
{"epoch": 64, "time_epoch": 55.47141, "eta": 1972.07246, "eta_hours": 0.5478, "loss": 0.336105, "lr": 0.0003144, "params": 112726, "time_iter": 0.01972, "accuracy": 0.88638, "f1": 0.88637, "auc": 0.99251}
{"epoch": 65, "time_epoch": 55.66016, "eta": 1915.37477, "eta_hours": 0.53205, "loss": 0.32717302, "lr": 0.00029915, "params": 112726, "time_iter": 0.01979, "accuracy": 0.88753, "f1": 0.88745, "auc": 0.99293}
{"epoch": 66, "time_epoch": 55.72174, "eta": 1858.73839, "eta_hours": 0.51632, "loss": 0.31827713, "lr": 0.00028412, "params": 112726, "time_iter": 0.01981, "accuracy": 0.89093, "f1": 0.89092, "auc": 0.9933}
{"epoch": 67, "time_epoch": 55.53468, "eta": 1802.04087, "eta_hours": 0.50057, "loss": 0.31510219, "lr": 0.00026933, "params": 112726, "time_iter": 0.01974, "accuracy": 0.89242, "f1": 0.89236, "auc": 0.99341}
{"epoch": 68, "time_epoch": 55.15321, "eta": 1745.20568, "eta_hours": 0.48478, "loss": 0.31134233, "lr": 0.00025479, "params": 112726, "time_iter": 0.01961, "accuracy": 0.89456, "f1": 0.89449, "auc": 0.99354}
{"epoch": 69, "time_epoch": 55.90306, "eta": 1688.73991, "eta_hours": 0.46909, "loss": 0.30030134, "lr": 0.00024052, "params": 112726, "time_iter": 0.01987, "accuracy": 0.89769, "f1": 0.89763, "auc": 0.994}
{"epoch": 70, "time_epoch": 55.76865, "eta": 1632.2351, "eta_hours": 0.4534, "loss": 0.29374269, "lr": 0.00022653, "params": 112726, "time_iter": 0.01983, "accuracy": 0.89922, "f1": 0.89913, "auc": 0.99426}
{"epoch": 71, "time_epoch": 55.46625, "eta": 1575.63313, "eta_hours": 0.43768, "loss": 0.28331456, "lr": 0.00021284, "params": 112726, "time_iter": 0.01972, "accuracy": 0.90496, "f1": 0.90495, "auc": 0.99458}
{"epoch": 72, "time_epoch": 55.12826, "eta": 1518.93726, "eta_hours": 0.42193, "loss": 0.28402805, "lr": 0.00019946, "params": 112726, "time_iter": 0.0196, "accuracy": 0.90307, "f1": 0.90301, "auc": 0.99464}
{"epoch": 73, "time_epoch": 55.04738, "eta": 1462.25535, "eta_hours": 0.40618, "loss": 0.27500505, "lr": 0.00018641, "params": 112726, "time_iter": 0.01957, "accuracy": 0.90707, "f1": 0.90702, "auc": 0.99491}
{"epoch": 74, "time_epoch": 55.06117, "eta": 1405.62161, "eta_hours": 0.39045, "loss": 0.27191365, "lr": 0.00017371, "params": 112726, "time_iter": 0.01957, "accuracy": 0.90758, "f1": 0.90756, "auc": 0.99504}
{"epoch": 75, "time_epoch": 55.27666, "eta": 1349.09732, "eta_hours": 0.37475, "loss": 0.26189215, "lr": 0.00016136, "params": 112726, "time_iter": 0.01965, "accuracy": 0.911, "f1": 0.91095, "auc": 0.99537}
{"epoch": 76, "time_epoch": 55.13863, "eta": 1292.5642, "eta_hours": 0.35905, "loss": 0.26373497, "lr": 0.00014938, "params": 112726, "time_iter": 0.0196, "accuracy": 0.91104, "f1": 0.91103, "auc": 0.99529}
{"epoch": 77, "time_epoch": 55.20584, "eta": 1236.08579, "eta_hours": 0.34336, "loss": 0.25935444, "lr": 0.00013779, "params": 112726, "time_iter": 0.01963, "accuracy": 0.91182, "f1": 0.91176, "auc": 0.99551}
{"epoch": 78, "time_epoch": 55.28371, "eta": 1179.6603, "eta_hours": 0.32768, "loss": 0.24898644, "lr": 0.00012659, "params": 112726, "time_iter": 0.01965, "accuracy": 0.91507, "f1": 0.91507, "auc": 0.99579}
{"epoch": 79, "time_epoch": 55.31378, "eta": 1123.27087, "eta_hours": 0.31202, "loss": 0.24117973, "lr": 0.0001158, "params": 112726, "time_iter": 0.01966, "accuracy": 0.91798, "f1": 0.91792, "auc": 0.99605}
{"epoch": 80, "time_epoch": 55.26908, "eta": 1066.89751, "eta_hours": 0.29636, "loss": 0.24071677, "lr": 0.00010543, "params": 112726, "time_iter": 0.01965, "accuracy": 0.91876, "f1": 0.91875, "auc": 0.99605}
{"epoch": 81, "time_epoch": 55.22351, "eta": 1010.54109, "eta_hours": 0.28071, "loss": 0.238105, "lr": 9.549e-05, "params": 112726, "time_iter": 0.01963, "accuracy": 0.91989, "f1": 0.91985, "auc": 0.99615}
{"epoch": 82, "time_epoch": 55.02179, "eta": 954.17065, "eta_hours": 0.26505, "loss": 0.23556888, "lr": 8.6e-05, "params": 112726, "time_iter": 0.01956, "accuracy": 0.92109, "f1": 0.92107, "auc": 0.99619}
{"epoch": 83, "time_epoch": 54.80106, "eta": 897.79027, "eta_hours": 0.24939, "loss": 0.2329608, "lr": 7.695e-05, "params": 112726, "time_iter": 0.01948, "accuracy": 0.92236, "f1": 0.92234, "auc": 0.99631}
{"epoch": 84, "time_epoch": 54.86795, "eta": 841.45886, "eta_hours": 0.23374, "loss": 0.22921537, "lr": 6.837e-05, "params": 112726, "time_iter": 0.01951, "accuracy": 0.92338, "f1": 0.92335, "auc": 0.99634}
{"epoch": 85, "time_epoch": 55.15533, "eta": 785.20827, "eta_hours": 0.21811, "loss": 0.22710329, "lr": 6.026e-05, "params": 112726, "time_iter": 0.01961, "accuracy": 0.92347, "f1": 0.92348, "auc": 0.99647}
{"epoch": 86, "time_epoch": 55.33963, "eta": 729.01039, "eta_hours": 0.2025, "loss": 0.22366812, "lr": 5.264e-05, "params": 112726, "time_iter": 0.01967, "accuracy": 0.9246, "f1": 0.9246, "auc": 0.99655}
{"epoch": 87, "time_epoch": 55.18622, "eta": 672.8111, "eta_hours": 0.18689, "loss": 0.22130882, "lr": 4.55e-05, "params": 112726, "time_iter": 0.01962, "accuracy": 0.92622, "f1": 0.92621, "auc": 0.9966}
{"epoch": 88, "time_epoch": 55.12343, "eta": 616.62681, "eta_hours": 0.17129, "loss": 0.21839093, "lr": 3.886e-05, "params": 112726, "time_iter": 0.0196, "accuracy": 0.92644, "f1": 0.92644, "auc": 0.99675}
{"epoch": 89, "time_epoch": 55.08428, "eta": 560.46175, "eta_hours": 0.15568, "loss": 0.21402321, "lr": 3.272e-05, "params": 112726, "time_iter": 0.01958, "accuracy": 0.92787, "f1": 0.92785, "auc": 0.99691}
{"epoch": 90, "time_epoch": 55.08804, "eta": 504.32082, "eta_hours": 0.14009, "loss": 0.21021817, "lr": 2.709e-05, "params": 112726, "time_iter": 0.01958, "accuracy": 0.93036, "f1": 0.93033, "auc": 0.99694}
{"epoch": 91, "time_epoch": 55.25033, "eta": 448.21688, "eta_hours": 0.1245, "loss": 0.21358181, "lr": 2.198e-05, "params": 112726, "time_iter": 0.01964, "accuracy": 0.92813, "f1": 0.92812, "auc": 0.99684}
{"epoch": 92, "time_epoch": 55.04768, "eta": 392.11605, "eta_hours": 0.10892, "loss": 0.21174647, "lr": 1.74e-05, "params": 112726, "time_iter": 0.01957, "accuracy": 0.929, "f1": 0.92898, "auc": 0.99688}
{"epoch": 93, "time_epoch": 55.01969, "eta": 336.03584, "eta_hours": 0.09334, "loss": 0.2060731, "lr": 1.334e-05, "params": 112726, "time_iter": 0.01956, "accuracy": 0.93116, "f1": 0.93114, "auc": 0.99705}
{"epoch": 94, "time_epoch": 55.18592, "eta": 279.98671, "eta_hours": 0.07777, "loss": 0.21270871, "lr": 9.81e-06, "params": 112726, "time_iter": 0.01962, "accuracy": 0.92802, "f1": 0.92801, "auc": 0.99687}
{"epoch": 95, "time_epoch": 55.27351, "eta": 223.95921, "eta_hours": 0.06221, "loss": 0.21000553, "lr": 6.82e-06, "params": 112726, "time_iter": 0.01965, "accuracy": 0.92884, "f1": 0.92883, "auc": 0.99696}
{"epoch": 96, "time_epoch": 55.20858, "eta": 167.94524, "eta_hours": 0.04665, "loss": 0.20321235, "lr": 4.37e-06, "params": 112726, "time_iter": 0.01963, "accuracy": 0.93249, "f1": 0.93245, "auc": 0.99712}
{"epoch": 97, "time_epoch": 55.16745, "eta": 111.94688, "eta_hours": 0.0311, "loss": 0.20449495, "lr": 2.46e-06, "params": 112726, "time_iter": 0.01961, "accuracy": 0.93176, "f1": 0.93174, "auc": 0.99712}
{"epoch": 98, "time_epoch": 55.09212, "eta": 55.96454, "eta_hours": 0.01555, "loss": 0.20189487, "lr": 1.09e-06, "params": 112726, "time_iter": 0.01958, "accuracy": 0.93116, "f1": 0.93116, "auc": 0.99717}
{"epoch": 99, "time_epoch": 55.4458, "eta": 0.0, "eta_hours": 0.0, "loss": 0.20915967, "lr": 2.7e-07, "params": 112726, "time_iter": 0.01971, "accuracy": 0.93098, "f1": 0.93096, "auc": 0.99696}
