{"epoch": 0, "time_epoch": 95.97873, "time_epoch_std": 19.58406, "eta": 9501.89406, "eta_std": 1938.82143, "eta_hours": 2.63942, "eta_hours_std": 0.53856, "loss": 0.66087, "loss_std": 0.06591, "lr": 0.0, "lr_std": 0.0, "params": 558625.0, "params_std": 0.0, "time_iter": 0.09327, "time_iter_std": 0.01903, "accuracy": 0.76384, "accuracy_std": 0.36222, "precision": 0.0132, "precision_std": 0.01521, "recall": 0.20942, "recall_std": 0.39445, "f1": 0.02032, "f1_std": 0.02858, "auc": 0.51016, "auc_std": 0.03791}
{"epoch": 1, "time_epoch": 90.69542, "time_epoch_std": 18.17293, "eta": 9147.03323, "eta_std": 1845.65039, "eta_hours": 2.54084, "eta_hours_std": 0.51268, "loss": 0.37568, "loss_std": 0.07081, "lr": 2e-05, "lr_std": 0.0, "params": 558625.0, "params_std": 0.0, "time_iter": 0.08814, "time_iter_std": 0.01766, "accuracy": 0.9251, "accuracy_std": 0.08752, "precision": 0.00967, "precision_std": 0.01645, "recall": 0.0431, "recall_std": 0.09862, "f1": 0.01331, "f1_std": 0.02628, "auc": 0.54072, "auc_std": 0.0174}
{"epoch": 2, "time_epoch": 90.7441, "time_epoch_std": 19.00462, "eta": 8969.85669, "eta_std": 1830.54187, "eta_hours": 2.49163, "eta_hours_std": 0.50848, "loss": 0.16283, "loss_std": 0.01096, "lr": 4e-05, "lr_std": 0.0, "params": 558625.0, "params_std": 0.0, "time_iter": 0.08819, "time_iter_std": 0.01847, "accuracy": 0.96247, "accuracy_std": 0.00023, "precision": 0.0, "precision_std": 0.0, "recall": 0.0, "recall_std": 0.0, "f1": 0.0, "f1_std": 0.0, "auc": 0.6525, "auc_std": 0.02463}
{"epoch": 3, "time_epoch": 92.08273, "time_epoch_std": 19.60792, "eta": 8868.02351, "eta_std": 1820.05612, "eta_hours": 2.46334, "eta_hours_std": 0.50557, "loss": 0.14437, "loss_std": 0.00361, "lr": 6e-05, "lr_std": 0.0, "params": 558625.0, "params_std": 0.0, "time_iter": 0.08949, "time_iter_std": 0.01905, "accuracy": 0.96255, "accuracy_std": 1e-05, "precision": 0.10714, "precision_std": 0.21488, "recall": 0.00049, "recall_std": 0.00104, "f1": 0.00097, "f1_std": 0.00207, "auc": 0.72173, "auc_std": 0.01849}
{"epoch": 4, "time_epoch": 91.31403, "time_epoch_std": 17.40909, "eta": 8755.48522, "eta_std": 1765.30883, "eta_hours": 2.43208, "eta_hours_std": 0.49036, "loss": 0.13749, "loss_std": 0.00292, "lr": 8e-05, "lr_std": 0.0, "params": 558625.0, "params_std": 0.0, "time_iter": 0.08874, "time_iter_std": 0.01692, "accuracy": 0.96265, "accuracy_std": 0.00018, "precision": 0.24845, "precision_std": 0.30469, "recall": 0.00641, "recall_std": 0.01053, "f1": 0.01237, "f1_std": 0.02014, "auc": 0.75371, "auc_std": 0.01347}
{"epoch": 5, "time_epoch": 91.72436, "time_epoch_std": 17.61671, "eta": 8656.4501, "eta_std": 1727.10602, "eta_hours": 2.40457, "eta_hours_std": 0.47975, "loss": 0.13251, "loss_std": 0.00147, "lr": 0.0001, "lr_std": 0.0, "params": 558625.0, "params_std": 0.0, "time_iter": 0.08914, "time_iter_std": 0.01712, "accuracy": 0.96281, "accuracy_std": 0.00034, "precision": 0.23378, "precision_std": 0.28633, "recall": 0.0237, "recall_std": 0.03035, "f1": 0.04285, "f1_std": 0.05442, "auc": 0.77436, "auc_std": 0.0063}
{"epoch": 6, "time_epoch": 91.17596, "time_epoch_std": 17.44823, "eta": 8552.21798, "eta_std": 1694.056, "eta_hours": 2.37562, "eta_hours_std": 0.47057, "loss": 0.12711, "loss_std": 0.00101, "lr": 0.0001, "lr_std": 0.0, "params": 558625.0, "params_std": 0.0, "time_iter": 0.08861, "time_iter_std": 0.01696, "accuracy": 0.96357, "accuracy_std": 0.00092, "precision": 0.4782, "precision_std": 0.31909, "recall": 0.06144, "recall_std": 0.05925, "f1": 0.10383, "f1_std": 0.09698, "auc": 0.79467, "auc_std": 0.00478}
{"epoch": 7, "time_epoch": 91.07744, "time_epoch_std": 18.87272, "eta": 8450.11686, "eta_std": 1680.64664, "eta_hours": 2.34725, "eta_hours_std": 0.46684, "loss": 0.12298, "loss_std": 0.0011, "lr": 0.0001, "lr_std": 0.0, "params": 558625.0, "params_std": 0.0, "time_iter": 0.08851, "time_iter_std": 0.01834, "accuracy": 0.96462, "accuracy_std": 0.0012, "precision": 0.523, "precision_std": 0.26246, "recall": 0.12062, "recall_std": 0.07192, "f1": 0.19292, "f1_std": 0.11062, "auc": 0.8085, "auc_std": 0.00448}
{"epoch": 8, "time_epoch": 91.63667, "time_epoch_std": 17.96544, "eta": 8356.11987, "eta_std": 1656.56632, "eta_hours": 2.32114, "eta_hours_std": 0.46016, "loss": 0.12037, "loss_std": 0.0012, "lr": 0.0001, "lr_std": 0.0, "params": 558625.0, "params_std": 0.0, "time_iter": 0.08905, "time_iter_std": 0.01746, "accuracy": 0.96527, "accuracy_std": 0.00141, "precision": 0.50994, "precision_std": 0.2555, "recall": 0.16875, "recall_std": 0.08572, "f1": 0.25324, "f1_std": 0.1278, "auc": 0.81739, "auc_std": 0.00656}
{"epoch": 9, "time_epoch": 92.10298, "time_epoch_std": 19.06596, "eta": 8266.79178, "eta_std": 1644.77911, "eta_hours": 2.29633, "eta_hours_std": 0.45688, "loss": 0.11731, "loss_std": 0.00138, "lr": 0.0001, "lr_std": 0.0, "params": 558625.0, "params_std": 0.0, "time_iter": 0.08951, "time_iter_std": 0.01853, "accuracy": 0.96618, "accuracy_std": 0.00156, "precision": 0.5939, "precision_std": 0.20024, "recall": 0.20576, "recall_std": 0.08691, "f1": 0.30071, "f1_std": 0.12118, "auc": 0.82835, "auc_std": 0.00526}
{"epoch": 10, "time_epoch": 91.39848, "time_epoch_std": 17.52515, "eta": 8171.25913, "eta_std": 1619.43721, "eta_hours": 2.2698, "eta_hours_std": 0.44984, "loss": 0.11461, "loss_std": 0.00139, "lr": 0.0001, "lr_std": 0.0, "params": 558625.0, "params_std": 0.0, "time_iter": 0.08882, "time_iter_std": 0.01703, "accuracy": 0.96695, "accuracy_std": 0.00153, "precision": 0.5983, "precision_std": 0.19973, "recall": 0.23766, "recall_std": 0.08371, "f1": 0.33919, "f1_std": 0.1166, "auc": 0.83675, "auc_std": 0.00644}
{"epoch": 11, "time_epoch": 91.64195, "time_epoch_std": 17.98697, "eta": 8078.20092, "eta_std": 1599.15883, "eta_hours": 2.24394, "eta_hours_std": 0.44421, "loss": 0.11284, "loss_std": 0.00121, "lr": 0.0001, "lr_std": 0.0, "params": 558625.0, "params_std": 0.0, "time_iter": 0.08906, "time_iter_std": 0.01748, "accuracy": 0.96756, "accuracy_std": 0.0017, "precision": 0.60714, "precision_std": 0.20266, "recall": 0.25828, "recall_std": 0.08686, "f1": 0.36224, "f1_std": 0.12131, "auc": 0.84305, "auc_std": 0.00521}
{"epoch": 12, "time_epoch": 91.83672, "time_epoch_std": 17.58101, "eta": 7986.66406, "eta_std": 1576.28152, "eta_hours": 2.21852, "eta_hours_std": 0.43785, "loss": 0.11051, "loss_std": 0.00112, "lr": 0.0001, "lr_std": 0.0, "params": 558625.0, "params_std": 0.0, "time_iter": 0.08925, "time_iter_std": 0.01709, "accuracy": 0.96789, "accuracy_std": 0.00184, "precision": 0.66304, "precision_std": 0.03863, "recall": 0.27516, "recall_std": 0.09087, "f1": 0.37914, "f1_std": 0.12418, "auc": 0.85144, "auc_std": 0.00483}
{"epoch": 13, "time_epoch": 91.79342, "time_epoch_std": 17.51306, "eta": 7894.81837, "eta_std": 1553.88846, "eta_hours": 2.19301, "eta_hours_std": 0.43164, "loss": 0.10894, "loss_std": 0.00129, "lr": 0.0001, "lr_std": 0.0, "params": 558625.0, "params_std": 0.0, "time_iter": 0.08921, "time_iter_std": 0.01702, "accuracy": 0.96855, "accuracy_std": 0.00076, "precision": 0.68328, "precision_std": 0.02029, "recall": 0.30235, "recall_std": 0.04765, "f1": 0.41595, "f1_std": 0.05073, "auc": 0.85741, "auc_std": 0.00429}
{"epoch": 14, "time_epoch": 93.57859, "time_epoch_std": 18.65711, "eta": 7813.09561, "eta_std": 1534.75356, "eta_hours": 2.1703, "eta_hours_std": 0.42632, "loss": 0.10725, "loss_std": 0.00119, "lr": 0.0001, "lr_std": 0.0, "params": 558625.0, "params_std": 0.0, "time_iter": 0.09094, "time_iter_std": 0.01813, "accuracy": 0.96913, "accuracy_std": 0.00054, "precision": 0.68794, "precision_std": 0.01523, "recall": 0.32175, "recall_std": 0.01951, "f1": 0.438, "f1_std": 0.01859, "auc": 0.86167, "auc_std": 0.00558}
{"epoch": 15, "time_epoch": 92.60363, "time_epoch_std": 18.90109, "eta": 7724.77236, "eta_std": 1516.8717, "eta_hours": 2.14577, "eta_hours_std": 0.42135, "loss": 0.10505, "loss_std": 0.00128, "lr": 0.0001, "lr_std": 0.0, "params": 558625.0, "params_std": 0.0, "time_iter": 0.08999, "time_iter_std": 0.01837, "accuracy": 0.9699, "accuracy_std": 0.0004, "precision": 0.70293, "precision_std": 0.00935, "recall": 0.33993, "recall_std": 0.01128, "f1": 0.45816, "f1_std": 0.01103, "auc": 0.86831, "auc_std": 0.00521}
{"epoch": 16, "time_epoch": 94.19608, "time_epoch_std": 20.7334, "eta": 7643.72043, "eta_std": 1509.31506, "eta_hours": 2.12326, "eta_hours_std": 0.41925, "loss": 0.10335, "loss_std": 0.00118, "lr": 0.0001, "lr_std": 0.0, "params": 558625.0, "params_std": 0.0, "time_iter": 0.09154, "time_iter_std": 0.02015, "accuracy": 0.97033, "accuracy_std": 0.0004, "precision": 0.70681, "precision_std": 0.01088, "recall": 0.35495, "recall_std": 0.01044, "f1": 0.47248, "f1_std": 0.00988, "auc": 0.87489, "auc_std": 0.00438}
{"epoch": 17, "time_epoch": 93.85827, "time_epoch_std": 19.18086, "eta": 7559.66913, "eta_std": 1493.50545, "eta_hours": 2.09991, "eta_hours_std": 0.41486, "loss": 0.10167, "loss_std": 0.00132, "lr": 0.0001, "lr_std": 0.0, "params": 558625.0, "params_std": 0.0, "time_iter": 0.09121, "time_iter_std": 0.01864, "accuracy": 0.9705, "accuracy_std": 0.00041, "precision": 0.70836, "precision_std": 0.0127, "recall": 0.3612, "recall_std": 0.00891, "f1": 0.47835, "f1_std": 0.00853, "auc": 0.8812, "auc_std": 0.00638}
{"epoch": 18, "time_epoch": 94.30475, "time_epoch_std": 18.88308, "eta": 7476.48891, "eta_std": 1476.19031, "eta_hours": 2.0768, "eta_hours_std": 0.41005, "loss": 0.10024, "loss_std": 0.00074, "lr": 0.0001, "lr_std": 0.0, "params": 558625.0, "params_std": 0.0, "time_iter": 0.09165, "time_iter_std": 0.01835, "accuracy": 0.97098, "accuracy_std": 0.00042, "precision": 0.7164, "precision_std": 0.01363, "recall": 0.37273, "recall_std": 0.0085, "f1": 0.49025, "f1_std": 0.00809, "auc": 0.8858, "auc_std": 0.00324}
{"epoch": 19, "time_epoch": 92.19722, "time_epoch_std": 20.47935, "eta": 7383.76613, "eta_std": 1466.72398, "eta_hours": 2.05105, "eta_hours_std": 0.40742, "loss": 0.09904, "loss_std": 0.00114, "lr": 9e-05, "lr_std": 0.0, "params": 558625.0, "params_std": 0.0, "time_iter": 0.0896, "time_iter_std": 0.0199, "accuracy": 0.97129, "accuracy_std": 0.00057, "precision": 0.72167, "precision_std": 0.01703, "recall": 0.38003, "recall_std": 0.00949, "f1": 0.49779, "f1_std": 0.01025, "auc": 0.88967, "auc_std": 0.00506}
{"epoch": 20, "time_epoch": 92.55092, "time_epoch_std": 18.55875, "eta": 7292.42397, "eta_std": 1448.86263, "eta_hours": 2.02568, "eta_hours_std": 0.40246, "loss": 0.09713, "loss_std": 0.00129, "lr": 9e-05, "lr_std": 0.0, "params": 558625.0, "params_std": 0.0, "time_iter": 0.08994, "time_iter_std": 0.01803, "accuracy": 0.9718, "accuracy_std": 0.00043, "precision": 0.73089, "precision_std": 0.01233, "recall": 0.39099, "recall_std": 0.00891, "f1": 0.50937, "f1_std": 0.00857, "auc": 0.89668, "auc_std": 0.00484}
{"epoch": 21, "time_epoch": 92.98484, "time_epoch_std": 17.53537, "eta": 7202.51037, "eta_std": 1427.1018, "eta_hours": 2.0007, "eta_hours_std": 0.39642, "loss": 0.09613, "loss_std": 0.00132, "lr": 9e-05, "lr_std": 0.0, "params": 558625.0, "params_std": 0.0, "time_iter": 0.09036, "time_iter_std": 0.01704, "accuracy": 0.97184, "accuracy_std": 0.00055, "precision": 0.73088, "precision_std": 0.01341, "recall": 0.39245, "recall_std": 0.01109, "f1": 0.51061, "f1_std": 0.01132, "auc": 0.89926, "auc_std": 0.00359}
{"epoch": 22, "time_epoch": 92.01451, "time_epoch_std": 17.16736, "eta": 7109.08124, "eta_std": 1404.87235, "eta_hours": 1.97474, "eta_hours_std": 0.39024, "loss": 0.09452, "loss_std": 0.00116, "lr": 9e-05, "lr_std": 0.0, "params": 558625.0, "params_std": 0.0, "time_iter": 0.08942, "time_iter_std": 0.01668, "accuracy": 0.9723, "accuracy_std": 0.0004, "precision": 0.73747, "precision_std": 0.01177, "recall": 0.40446, "recall_std": 0.00629, "f1": 0.52237, "f1_std": 0.00685, "auc": 0.90403, "auc_std": 0.00367}
{"epoch": 23, "time_epoch": 92.53472, "time_epoch_std": 17.56707, "eta": 7017.41732, "eta_std": 1384.1245, "eta_hours": 1.94928, "eta_hours_std": 0.38448, "loss": 0.09329, "loss_std": 0.00123, "lr": 9e-05, "lr_std": 0.0, "params": 558625.0, "params_std": 0.0, "time_iter": 0.08993, "time_iter_std": 0.01707, "accuracy": 0.97253, "accuracy_std": 0.00035, "precision": 0.74173, "precision_std": 0.00921, "recall": 0.40893, "recall_std": 0.0085, "f1": 0.52714, "f1_std": 0.00782, "auc": 0.9084, "auc_std": 0.00483}
{"epoch": 24, "time_epoch": 94.1225, "time_epoch_std": 18.03707, "eta": 6930.44706, "eta_std": 1363.79503, "eta_hours": 1.92512, "eta_hours_std": 0.37883, "loss": 0.0917, "loss_std": 0.00132, "lr": 9e-05, "lr_std": 0.0, "params": 558625.0, "params_std": 0.0, "time_iter": 0.09147, "time_iter_std": 0.01753, "accuracy": 0.97277, "accuracy_std": 0.00045, "precision": 0.74562, "precision_std": 0.01173, "recall": 0.41412, "recall_std": 0.01059, "f1": 0.5324, "f1_std": 0.00958, "auc": 0.9141, "auc_std": 0.00376}
{"epoch": 25, "time_epoch": 93.6653, "time_epoch_std": 16.47868, "eta": 6841.62537, "eta_std": 1339.35204, "eta_hours": 1.90045, "eta_hours_std": 0.37204, "loss": 0.09021, "loss_std": 0.00108, "lr": 9e-05, "lr_std": 0.0, "params": 558625.0, "params_std": 0.0, "time_iter": 0.09103, "time_iter_std": 0.01601, "accuracy": 0.97325, "accuracy_std": 0.00032, "precision": 0.75641, "precision_std": 0.00606, "recall": 0.42118, "recall_std": 0.00807, "f1": 0.54105, "f1_std": 0.00751, "auc": 0.9178, "auc_std": 0.00406}
{"epoch": 26, "time_epoch": 93.1561, "time_epoch_std": 17.13738, "eta": 6751.06818, "eta_std": 1316.92075, "eta_hours": 1.8753, "eta_hours_std": 0.36581, "loss": 0.08915, "loss_std": 0.00116, "lr": 9e-05, "lr_std": 0.0, "params": 558625.0, "params_std": 0.0, "time_iter": 0.09053, "time_iter_std": 0.01665, "accuracy": 0.97331, "accuracy_std": 0.00037, "precision": 0.75245, "precision_std": 0.00799, "recall": 0.42825, "recall_std": 0.00873, "f1": 0.54579, "f1_std": 0.00807, "auc": 0.92122, "auc_std": 0.0048}
{"epoch": 27, "time_epoch": 94.13963, "time_epoch_std": 15.97643, "eta": 6662.85442, "eta_std": 1291.93008, "eta_hours": 1.85079, "eta_hours_std": 0.35887, "loss": 0.08781, "loss_std": 0.00112, "lr": 9e-05, "lr_std": 0.0, "params": 558625.0, "params_std": 0.0, "time_iter": 0.09148, "time_iter_std": 0.01552, "accuracy": 0.97404, "accuracy_std": 0.00035, "precision": 0.76654, "precision_std": 0.00999, "recall": 0.44132, "recall_std": 0.00779, "f1": 0.56008, "f1_std": 0.00687, "auc": 0.92444, "auc_std": 0.00391}
{"epoch": 28, "time_epoch": 92.79341, "time_epoch_std": 16.20871, "eta": 6570.93605, "eta_std": 1268.09747, "eta_hours": 1.82526, "eta_hours_std": 0.35225, "loss": 0.08648, "loss_std": 0.00116, "lr": 9e-05, "lr_std": 0.0, "params": 558625.0, "params_std": 0.0, "time_iter": 0.09018, "time_iter_std": 0.01575, "accuracy": 0.9739, "accuracy_std": 0.00047, "precision": 0.76106, "precision_std": 0.01217, "recall": 0.44188, "recall_std": 0.0079, "f1": 0.55909, "f1_std": 0.00835, "auc": 0.92841, "auc_std": 0.00401}
{"epoch": 29, "time_epoch": 91.36183, "time_epoch_std": 17.99263, "eta": 6475.61901, "eta_std": 1247.8618, "eta_hours": 1.79878, "eta_hours_std": 0.34663, "loss": 0.0857, "loss_std": 0.00093, "lr": 9e-05, "lr_std": 0.0, "params": 558625.0, "params_std": 0.0, "time_iter": 0.08878, "time_iter_std": 0.01748, "accuracy": 0.97392, "accuracy_std": 0.00054, "precision": 0.7564, "precision_std": 0.01302, "recall": 0.44765, "recall_std": 0.00864, "f1": 0.56239, "f1_std": 0.00927, "auc": 0.9304, "auc_std": 0.00198}
{"epoch": 30, "time_epoch": 91.03587, "time_epoch_std": 16.91834, "eta": 6379.83162, "eta_std": 1225.54665, "eta_hours": 1.77218, "eta_hours_std": 0.34043, "loss": 0.0843, "loss_std": 0.00105, "lr": 8e-05, "lr_std": 0.0, "params": 558625.0, "params_std": 0.0, "time_iter": 0.08847, "time_iter_std": 0.01644, "accuracy": 0.97438, "accuracy_std": 0.0004, "precision": 0.76662, "precision_std": 0.00601, "recall": 0.45382, "recall_std": 0.01197, "f1": 0.57005, "f1_std": 0.01002, "auc": 0.9343, "auc_std": 0.00344}
{"epoch": 31, "time_epoch": 92.41609, "time_epoch_std": 18.32892, "eta": 6287.27417, "eta_std": 1206.23401, "eta_hours": 1.74646, "eta_hours_std": 0.33506, "loss": 0.08321, "loss_std": 0.00185, "lr": 8e-05, "lr_std": 0.0, "params": 558625.0, "params_std": 0.0, "time_iter": 0.08981, "time_iter_std": 0.01781, "accuracy": 0.97457, "accuracy_std": 0.0006, "precision": 0.77074, "precision_std": 0.01365, "recall": 0.45666, "recall_std": 0.011, "f1": 0.57345, "f1_std": 0.0112, "auc": 0.93742, "auc_std": 0.00431}
{"epoch": 32, "time_epoch": 92.4803, "time_epoch_std": 17.88021, "eta": 6194.85565, "eta_std": 1186.99639, "eta_hours": 1.72079, "eta_hours_std": 0.32972, "loss": 0.08177, "loss_std": 0.00136, "lr": 8e-05, "lr_std": 0.0, "params": 558625.0, "params_std": 0.0, "time_iter": 0.08987, "time_iter_std": 0.01738, "accuracy": 0.97466, "accuracy_std": 0.00053, "precision": 0.76798, "precision_std": 0.00799, "recall": 0.46331, "recall_std": 0.01364, "f1": 0.57787, "f1_std": 0.01208, "auc": 0.94061, "auc_std": 0.00342}
{"epoch": 33, "time_epoch": 93.46066, "time_epoch_std": 17.66162, "eta": 6104.33655, "eta_std": 1167.41861, "eta_hours": 1.69565, "eta_hours_std": 0.32428, "loss": 0.08043, "loss_std": 0.00096, "lr": 8e-05, "lr_std": 0.0, "params": 558625.0, "params_std": 0.0, "time_iter": 0.09083, "time_iter_std": 0.01716, "accuracy": 0.97522, "accuracy_std": 0.00042, "precision": 0.77907, "precision_std": 0.01009, "recall": 0.47216, "recall_std": 0.00572, "f1": 0.58796, "f1_std": 0.00681, "auc": 0.94374, "auc_std": 0.00254}
{"epoch": 34, "time_epoch": 93.7838, "time_epoch_std": 18.84399, "eta": 6014.24948, "eta_std": 1150.10097, "eta_hours": 1.67062, "eta_hours_std": 0.31947, "loss": 0.07871, "loss_std": 0.00145, "lr": 8e-05, "lr_std": 0.0, "params": 558625.0, "params_std": 0.0, "time_iter": 0.09114, "time_iter_std": 0.01831, "accuracy": 0.97539, "accuracy_std": 0.00049, "precision": 0.7779, "precision_std": 0.01066, "recall": 0.47979, "recall_std": 0.00868, "f1": 0.59348, "f1_std": 0.00879, "auc": 0.94724, "auc_std": 0.00326}
{"epoch": 35, "time_epoch": 94.51351, "time_epoch_std": 17.31163, "eta": 5925.25428, "eta_std": 1128.85794, "eta_hours": 1.6459, "eta_hours_std": 0.31357, "loss": 0.07786, "loss_std": 0.00083, "lr": 8e-05, "lr_std": 0.0, "params": 558625.0, "params_std": 0.0, "time_iter": 0.09185, "time_iter_std": 0.01682, "accuracy": 0.97555, "accuracy_std": 0.00054, "precision": 0.77765, "precision_std": 0.01173, "recall": 0.48604, "recall_std": 0.01122, "f1": 0.59812, "f1_std": 0.01026, "auc": 0.94959, "auc_std": 0.0019}
{"epoch": 36, "time_epoch": 94.4577, "time_epoch_std": 18.79781, "eta": 5835.86577, "eta_std": 1110.68784, "eta_hours": 1.62107, "eta_hours_std": 0.30853, "loss": 0.0774, "loss_std": 0.00166, "lr": 8e-05, "lr_std": 0.0, "params": 558625.0, "params_std": 0.0, "time_iter": 0.0918, "time_iter_std": 0.01827, "accuracy": 0.97565, "accuracy_std": 0.00039, "precision": 0.77844, "precision_std": 0.00689, "recall": 0.48896, "recall_std": 0.0117, "f1": 0.60056, "f1_std": 0.00928, "auc": 0.9499, "auc_std": 0.00327}
{"epoch": 37, "time_epoch": 94.75874, "time_epoch_std": 18.94215, "eta": 5746.70163, "eta_std": 1092.08891, "eta_hours": 1.59631, "eta_hours_std": 0.30336, "loss": 0.07573, "loss_std": 0.00157, "lr": 7e-05, "lr_std": 0.0, "params": 558625.0, "params_std": 0.0, "time_iter": 0.09209, "time_iter_std": 0.01841, "accuracy": 0.97607, "accuracy_std": 0.00042, "precision": 0.78141, "precision_std": 0.00708, "recall": 0.50114, "recall_std": 0.00936, "f1": 0.61061, "f1_std": 0.00835, "auc": 0.95302, "auc_std": 0.00285}
{"epoch": 38, "time_epoch": 93.95006, "time_epoch_std": 19.12758, "eta": 5655.98573, "eta_std": 1075.05684, "eta_hours": 1.57111, "eta_hours_std": 0.29863, "loss": 0.07509, "loss_std": 0.00161, "lr": 7e-05, "lr_std": 0.0, "params": 558625.0, "params_std": 0.0, "time_iter": 0.0913, "time_iter_std": 0.01859, "accuracy": 0.97622, "accuracy_std": 0.00051, "precision": 0.78577, "precision_std": 0.01176, "recall": 0.5017, "recall_std": 0.009, "f1": 0.61235, "f1_std": 0.00889, "auc": 0.9547, "auc_std": 0.00277}
{"epoch": 39, "time_epoch": 91.72943, "time_epoch_std": 18.12985, "eta": 5561.77719, "eta_std": 1056.52771, "eta_hours": 1.54494, "eta_hours_std": 0.29348, "loss": 0.07406, "loss_std": 0.00136, "lr": 7e-05, "lr_std": 0.0, "params": 558625.0, "params_std": 0.0, "time_iter": 0.08914, "time_iter_std": 0.01762, "accuracy": 0.97644, "accuracy_std": 0.00031, "precision": 0.78976, "precision_std": 0.00461, "recall": 0.50544, "recall_std": 0.00993, "f1": 0.61633, "f1_std": 0.00751, "auc": 0.95671, "auc_std": 0.00253}
{"epoch": 40, "time_epoch": 92.86133, "time_epoch_std": 19.31569, "eta": 5469.31841, "eta_std": 1039.92939, "eta_hours": 1.51926, "eta_hours_std": 0.28887, "loss": 0.0723, "loss_std": 0.00158, "lr": 7e-05, "lr_std": 0.0, "params": 558625.0, "params_std": 0.0, "time_iter": 0.09024, "time_iter_std": 0.01877, "accuracy": 0.97673, "accuracy_std": 0.00053, "precision": 0.79157, "precision_std": 0.00852, "recall": 0.51404, "recall_std": 0.01517, "f1": 0.62318, "f1_std": 0.01177, "auc": 0.95946, "auc_std": 0.00226}
{"epoch": 41, "time_epoch": 92.90154, "time_epoch_std": 18.74438, "eta": 5376.89598, "eta_std": 1022.43241, "eta_hours": 1.49358, "eta_hours_std": 0.28401, "loss": 0.07126, "loss_std": 0.00162, "lr": 7e-05, "lr_std": 0.0, "params": 558625.0, "params_std": 0.0, "time_iter": 0.09028, "time_iter_std": 0.01822, "accuracy": 0.97703, "accuracy_std": 0.00059, "precision": 0.79061, "precision_std": 0.01143, "recall": 0.52581, "recall_std": 0.01152, "f1": 0.63153, "f1_std": 0.01067, "auc": 0.96158, "auc_std": 0.00283}
{"epoch": 42, "time_epoch": 93.416, "time_epoch_std": 16.8771, "eta": 5285.13324, "eta_std": 1002.25507, "eta_hours": 1.46809, "eta_hours_std": 0.2784, "loss": 0.07071, "loss_std": 0.0014, "lr": 7e-05, "lr_std": 0.0, "params": 558625.0, "params_std": 0.0, "time_iter": 0.09078, "time_iter_std": 0.0164, "accuracy": 0.97732, "accuracy_std": 0.00032, "precision": 0.79959, "precision_std": 0.00727, "recall": 0.52638, "recall_std": 0.00753, "f1": 0.6348, "f1_std": 0.00612, "auc": 0.9623, "auc_std": 0.00323}
{"epoch": 43, "time_epoch": 91.81693, "time_epoch_std": 18.7442, "eta": 5191.26016, "eta_std": 984.91113, "eta_hours": 1.44202, "eta_hours_std": 0.27359, "loss": 0.06961, "loss_std": 0.00174, "lr": 7e-05, "lr_std": 0.0, "params": 558625.0, "params_std": 0.0, "time_iter": 0.08923, "time_iter_std": 0.01822, "accuracy": 0.97759, "accuracy_std": 0.00081, "precision": 0.80072, "precision_std": 0.01533, "recall": 0.53458, "recall_std": 0.01357, "f1": 0.64109, "f1_std": 0.01397, "auc": 0.96374, "auc_std": 0.00309}
{"epoch": 44, "time_epoch": 93.18537, "time_epoch_std": 18.77296, "eta": 5099.151, "eta_std": 968.00676, "eta_hours": 1.41643, "eta_hours_std": 0.26889, "loss": 0.06894, "loss_std": 0.00151, "lr": 6e-05, "lr_std": 0.0, "params": 558625.0, "params_std": 0.0, "time_iter": 0.09056, "time_iter_std": 0.01824, "accuracy": 0.97762, "accuracy_std": 0.00047, "precision": 0.80122, "precision_std": 0.01073, "recall": 0.53523, "recall_std": 0.00979, "f1": 0.64169, "f1_std": 0.00838, "auc": 0.96523, "auc_std": 0.00278}
{"epoch": 45, "time_epoch": 92.75508, "time_epoch_std": 17.48374, "eta": 5006.48992, "eta_std": 949.4432, "eta_hours": 1.39069, "eta_hours_std": 0.26373, "loss": 0.06798, "loss_std": 0.00198, "lr": 6e-05, "lr_std": 0.0, "params": 558625.0, "params_std": 0.0, "time_iter": 0.09014, "time_iter_std": 0.01699, "accuracy": 0.97802, "accuracy_std": 0.00049, "precision": 0.80384, "precision_std": 0.00759, "recall": 0.54643, "recall_std": 0.01277, "f1": 0.65052, "f1_std": 0.01013, "auc": 0.96602, "auc_std": 0.0034}
{"epoch": 46, "time_epoch": 92.98672, "time_epoch_std": 17.58825, "eta": 4914.08606, "eta_std": 931.00623, "eta_hours": 1.36502, "eta_hours_std": 0.25861, "loss": 0.06636, "loss_std": 0.00187, "lr": 6e-05, "lr_std": 0.0, "params": 558625.0, "params_std": 0.0, "time_iter": 0.09036, "time_iter_std": 0.01709, "accuracy": 0.97823, "accuracy_std": 0.00062, "precision": 0.80888, "precision_std": 0.0121, "recall": 0.54813, "recall_std": 0.01085, "f1": 0.65341, "f1_std": 0.01052, "auc": 0.96857, "auc_std": 0.00263}
{"epoch": 47, "time_epoch": 92.9695, "time_epoch_std": 17.24467, "eta": 4821.63926, "eta_std": 912.31585, "eta_hours": 1.33934, "eta_hours_std": 0.25342, "loss": 0.06543, "loss_std": 0.00163, "lr": 6e-05, "lr_std": 0.0, "params": 558625.0, "params_std": 0.0, "time_iter": 0.09035, "time_iter_std": 0.01676, "accuracy": 0.97837, "accuracy_std": 0.00048, "precision": 0.80363, "precision_std": 0.01144, "recall": 0.55925, "recall_std": 0.00842, "f1": 0.65948, "f1_std": 0.00753, "auc": 0.97035, "auc_std": 0.00279}
{"epoch": 48, "time_epoch": 93.67286, "time_epoch_std": 18.49312, "eta": 4729.90319, "eta_std": 894.47241, "eta_hours": 1.31386, "eta_hours_std": 0.24846, "loss": 0.06436, "loss_std": 0.00154, "lr": 6e-05, "lr_std": 0.0, "params": 558625.0, "params_std": 0.0, "time_iter": 0.09103, "time_iter_std": 0.01797, "accuracy": 0.97848, "accuracy_std": 0.00068, "precision": 0.80516, "precision_std": 0.00954, "recall": 0.56096, "recall_std": 0.01663, "f1": 0.66113, "f1_std": 0.01346, "auc": 0.97158, "auc_std": 0.00201}
{"epoch": 49, "time_epoch": 93.82657, "time_epoch_std": 17.25144, "eta": 4638.24336, "eta_std": 876.41565, "eta_hours": 1.2884, "eta_hours_std": 0.24345, "loss": 0.06364, "loss_std": 0.0021, "lr": 6e-05, "lr_std": 0.0, "params": 558625.0, "params_std": 0.0, "time_iter": 0.09118, "time_iter_std": 0.01677, "accuracy": 0.9788, "accuracy_std": 0.00072, "precision": 0.80859, "precision_std": 0.01142, "recall": 0.56851, "recall_std": 0.0161, "f1": 0.66752, "f1_std": 0.01344, "auc": 0.97275, "auc_std": 0.00204}
{"epoch": 50, "time_epoch": 92.70723, "time_epoch_std": 17.95266, "eta": 4545.42312, "eta_std": 858.92794, "eta_hours": 1.26262, "eta_hours_std": 0.23859, "loss": 0.06333, "loss_std": 0.00226, "lr": 5e-05, "lr_std": 0.0, "params": 558625.0, "params_std": 0.0, "time_iter": 0.09009, "time_iter_std": 0.01745, "accuracy": 0.97922, "accuracy_std": 0.00068, "precision": 0.81657, "precision_std": 0.01392, "recall": 0.57411, "recall_std": 0.01145, "f1": 0.67414, "f1_std": 0.01102, "auc": 0.97282, "auc_std": 0.00291}
{"epoch": 51, "time_epoch": 93.78461, "time_epoch_std": 19.97647, "eta": 4453.60172, "eta_std": 843.27156, "eta_hours": 1.23711, "eta_hours_std": 0.23424, "loss": 0.06203, "loss_std": 0.00133, "lr": 5e-05, "lr_std": 0.0, "params": 558625.0, "params_std": 0.0, "time_iter": 0.09114, "time_iter_std": 0.01941, "accuracy": 0.97922, "accuracy_std": 0.00033, "precision": 0.81445, "precision_std": 0.00708, "recall": 0.5763, "recall_std": 0.00631, "f1": 0.67496, "f1_std": 0.00557, "auc": 0.97424, "auc_std": 0.00208}
{"epoch": 52, "time_epoch": 94.19364, "time_epoch_std": 19.83529, "eta": 4362.06897, "eta_std": 827.17957, "eta_hours": 1.21169, "eta_hours_std": 0.22977, "loss": 0.06092, "loss_std": 0.00158, "lr": 5e-05, "lr_std": 0.0, "params": 558625.0, "params_std": 0.0, "time_iter": 0.09154, "time_iter_std": 0.01928, "accuracy": 0.97968, "accuracy_std": 0.00041, "precision": 0.81774, "precision_std": 0.00698, "recall": 0.58839, "recall_std": 0.01008, "f1": 0.68431, "f1_std": 0.00772, "auc": 0.97525, "auc_std": 0.00178}
{"epoch": 53, "time_epoch": 93.47749, "time_epoch_std": 19.67528, "eta": 4269.82761, "eta_std": 811.04947, "eta_hours": 1.18606, "eta_hours_std": 0.22529, "loss": 0.06069, "loss_std": 0.00155, "lr": 5e-05, "lr_std": 0.0, "params": 558625.0, "params_std": 0.0, "time_iter": 0.09084, "time_iter_std": 0.01912, "accuracy": 0.97966, "accuracy_std": 0.00042, "precision": 0.81884, "precision_std": 0.0089, "recall": 0.58677, "recall_std": 0.00776, "f1": 0.68361, "f1_std": 0.00681, "auc": 0.97631, "auc_std": 0.00214}
{"epoch": 54, "time_epoch": 93.43317, "time_epoch_std": 20.53773, "eta": 4177.50504, "eta_std": 795.49149, "eta_hours": 1.16042, "eta_hours_std": 0.22097, "loss": 0.05946, "loss_std": 0.00153, "lr": 5e-05, "lr_std": 0.0, "params": 558625.0, "params_std": 0.0, "time_iter": 0.0908, "time_iter_std": 0.01996, "accuracy": 0.98007, "accuracy_std": 0.00049, "precision": 0.82281, "precision_std": 0.00787, "recall": 0.5961, "recall_std": 0.0128, "f1": 0.69127, "f1_std": 0.00938, "auc": 0.97687, "auc_std": 0.00144}
{"epoch": 55, "time_epoch": 93.89332, "time_epoch_std": 21.34903, "eta": 4085.50436, "eta_std": 780.37903, "eta_hours": 1.13486, "eta_hours_std": 0.21677, "loss": 0.05869, "loss_std": 0.00128, "lr": 5e-05, "lr_std": 0.0, "params": 558625.0, "params_std": 0.0, "time_iter": 0.09125, "time_iter_std": 0.02075, "accuracy": 0.98026, "accuracy_std": 0.00048, "precision": 0.82368, "precision_std": 0.0065, "recall": 0.60146, "recall_std": 0.01079, "f1": 0.69521, "f1_std": 0.00881, "auc": 0.97777, "auc_std": 0.00148}
{"epoch": 56, "time_epoch": 92.31398, "time_epoch_std": 19.23507, "eta": 3992.24583, "eta_std": 763.44889, "eta_hours": 1.10896, "eta_hours_std": 0.21207, "loss": 0.05815, "loss_std": 0.00194, "lr": 4e-05, "lr_std": 0.0, "params": 558625.0, "params_std": 0.0, "time_iter": 0.08971, "time_iter_std": 0.01869, "accuracy": 0.98059, "accuracy_std": 0.00059, "precision": 0.82511, "precision_std": 0.01051, "recall": 0.61112, "recall_std": 0.00918, "f1": 0.70216, "f1_std": 0.00932, "auc": 0.97854, "auc_std": 0.00173}
{"epoch": 57, "time_epoch": 92.47004, "time_epoch_std": 19.10861, "eta": 3899.13288, "eta_std": 746.36999, "eta_hours": 1.08309, "eta_hours_std": 0.20733, "loss": 0.0573, "loss_std": 0.00166, "lr": 4e-05, "lr_std": 0.0, "params": 558625.0, "params_std": 0.0, "time_iter": 0.08986, "time_iter_std": 0.01857, "accuracy": 0.98071, "accuracy_std": 0.00045, "precision": 0.8298, "precision_std": 0.01033, "recall": 0.61023, "recall_std": 0.01276, "f1": 0.70315, "f1_std": 0.00851, "auc": 0.97901, "auc_std": 0.00179}
{"epoch": 58, "time_epoch": 92.54779, "time_epoch_std": 19.41013, "eta": 3806.09576, "eta_std": 729.50018, "eta_hours": 1.05725, "eta_hours_std": 0.20264, "loss": 0.05658, "loss_std": 0.00209, "lr": 4e-05, "lr_std": 0.0, "params": 558625.0, "params_std": 0.0, "time_iter": 0.08994, "time_iter_std": 0.01886, "accuracy": 0.98076, "accuracy_std": 0.00063, "precision": 0.82413, "precision_std": 0.00855, "recall": 0.61786, "recall_std": 0.01332, "f1": 0.70619, "f1_std": 0.01108, "auc": 0.97988, "auc_std": 0.00179}
{"epoch": 59, "time_epoch": 93.51862, "time_epoch_std": 20.32591, "eta": 3713.72217, "eta_std": 713.20499, "eta_hours": 1.03159, "eta_hours_std": 0.19811, "loss": 0.05618, "loss_std": 0.00159, "lr": 4e-05, "lr_std": 0.0, "params": 558625.0, "params_std": 0.0, "time_iter": 0.09088, "time_iter_std": 0.01975, "accuracy": 0.98101, "accuracy_std": 0.00034, "precision": 0.82947, "precision_std": 0.0082, "recall": 0.62054, "recall_std": 0.00945, "f1": 0.70988, "f1_std": 0.00617, "auc": 0.98056, "auc_std": 0.00177}
{"epoch": 60, "time_epoch": 90.73466, "time_epoch_std": 18.92187, "eta": 3619.53113, "eta_std": 695.8102, "eta_hours": 1.00543, "eta_hours_std": 0.19328, "loss": 0.05499, "loss_std": 0.00172, "lr": 4e-05, "lr_std": 0.0, "params": 558625.0, "params_std": 0.0, "time_iter": 0.08818, "time_iter_std": 0.01839, "accuracy": 0.98149, "accuracy_std": 0.00058, "precision": 0.83345, "precision_std": 0.00893, "recall": 0.6319, "recall_std": 0.01297, "f1": 0.71875, "f1_std": 0.01015, "auc": 0.98143, "auc_std": 0.00153}
{"epoch": 61, "time_epoch": 90.58857, "time_epoch_std": 19.8805, "eta": 3525.36204, "eta_std": 678.939, "eta_hours": 0.97927, "eta_hours_std": 0.1886, "loss": 0.05463, "loss_std": 0.00219, "lr": 4e-05, "lr_std": 0.0, "params": 558625.0, "params_std": 0.0, "time_iter": 0.08804, "time_iter_std": 0.01932, "accuracy": 0.98141, "accuracy_std": 0.00068, "precision": 0.82953, "precision_std": 0.01153, "recall": 0.63369, "recall_std": 0.01363, "f1": 0.71843, "f1_std": 0.0113, "auc": 0.98185, "auc_std": 0.00207}
{"epoch": 62, "time_epoch": 91.069, "time_epoch_std": 20.36834, "eta": 3431.58878, "eta_std": 662.21997, "eta_hours": 0.95322, "eta_hours_std": 0.18395, "loss": 0.05346, "loss_std": 0.0019, "lr": 3e-05, "lr_std": 0.0, "params": 558625.0, "params_std": 0.0, "time_iter": 0.0885, "time_iter_std": 0.01979, "accuracy": 0.98178, "accuracy_std": 0.00057, "precision": 0.83293, "precision_std": 0.0089, "recall": 0.64245, "recall_std": 0.01253, "f1": 0.72533, "f1_std": 0.00974, "auc": 0.98303, "auc_std": 0.00221}
{"epoch": 63, "time_epoch": 92.28164, "time_epoch_std": 19.87714, "eta": 3338.58213, "eta_std": 645.29866, "eta_hours": 0.92738, "eta_hours_std": 0.17925, "loss": 0.05284, "loss_std": 0.00173, "lr": 3e-05, "lr_std": 0.0, "params": 558625.0, "params_std": 0.0, "time_iter": 0.08968, "time_iter_std": 0.01932, "accuracy": 0.98197, "accuracy_std": 0.00048, "precision": 0.83482, "precision_std": 0.00751, "recall": 0.64643, "recall_std": 0.01033, "f1": 0.7286, "f1_std": 0.0081, "auc": 0.98345, "auc_std": 0.00177}
{"epoch": 64, "time_epoch": 92.4247, "time_epoch_std": 18.76219, "eta": 3245.67483, "eta_std": 627.61209, "eta_hours": 0.90158, "eta_hours_std": 0.17434, "loss": 0.05263, "loss_std": 0.00152, "lr": 3e-05, "lr_std": 0.0, "params": 558625.0, "params_std": 0.0, "time_iter": 0.08982, "time_iter_std": 0.01823, "accuracy": 0.98217, "accuracy_std": 0.0006, "precision": 0.83666, "precision_std": 0.01032, "recall": 0.65089, "recall_std": 0.01097, "f1": 0.73214, "f1_std": 0.00956, "auc": 0.98316, "auc_std": 0.00162}
{"epoch": 65, "time_epoch": 92.41891, "time_epoch_std": 19.36219, "eta": 3152.77917, "eta_std": 610.30073, "eta_hours": 0.87577, "eta_hours_std": 0.16953, "loss": 0.05119, "loss_std": 0.00172, "lr": 3e-05, "lr_std": 0.0, "params": 558625.0, "params_std": 0.0, "time_iter": 0.08982, "time_iter_std": 0.01881, "accuracy": 0.98263, "accuracy_std": 0.00072, "precision": 0.84392, "precision_std": 0.01243, "recall": 0.65779, "recall_std": 0.01124, "f1": 0.7393, "f1_std": 0.01115, "auc": 0.98441, "auc_std": 0.00109}
{"epoch": 66, "time_epoch": 92.19398, "time_epoch_std": 19.90627, "eta": 3059.78695, "eta_std": 593.22135, "eta_hours": 0.84994, "eta_hours_std": 0.16479, "loss": 0.05164, "loss_std": 0.00174, "lr": 3e-05, "lr_std": 0.0, "params": 558625.0, "params_std": 0.0, "time_iter": 0.0896, "time_iter_std": 0.01935, "accuracy": 0.98266, "accuracy_std": 0.00049, "precision": 0.84349, "precision_std": 0.0083, "recall": 0.65942, "recall_std": 0.01064, "f1": 0.74013, "f1_std": 0.00816, "auc": 0.98442, "auc_std": 0.00135}
{"epoch": 67, "time_epoch": 92.5811, "time_epoch_std": 18.87661, "eta": 2967.00038, "eta_std": 575.57812, "eta_hours": 0.82417, "eta_hours_std": 0.15988, "loss": 0.05081, "loss_std": 0.00184, "lr": 3e-05, "lr_std": 0.0, "params": 558625.0, "params_std": 0.0, "time_iter": 0.08997, "time_iter_std": 0.01834, "accuracy": 0.9828, "accuracy_std": 0.00059, "precision": 0.84867, "precision_std": 0.00954, "recall": 0.65812, "recall_std": 0.01146, "f1": 0.7413, "f1_std": 0.00964, "auc": 0.98486, "auc_std": 0.00154}
{"epoch": 68, "time_epoch": 92.1429, "time_epoch_std": 19.18154, "eta": 2874.0229, "eta_std": 558.01109, "eta_hours": 0.79834, "eta_hours_std": 0.155, "loss": 0.05016, "loss_std": 0.00178, "lr": 3e-05, "lr_std": 0.0, "params": 558625.0, "params_std": 0.0, "time_iter": 0.08955, "time_iter_std": 0.01864, "accuracy": 0.98286, "accuracy_std": 0.00074, "precision": 0.84399, "precision_std": 0.01436, "recall": 0.66542, "recall_std": 0.01253, "f1": 0.74407, "f1_std": 0.01115, "auc": 0.98587, "auc_std": 0.00094}
{"epoch": 69, "time_epoch": 93.12044, "time_epoch_std": 19.65387, "eta": 2781.48821, "eta_std": 540.63096, "eta_hours": 0.77264, "eta_hours_std": 0.15018, "loss": 0.04883, "loss_std": 0.00124, "lr": 2e-05, "lr_std": 0.0, "params": 558625.0, "params_std": 0.0, "time_iter": 0.0905, "time_iter_std": 0.0191, "accuracy": 0.98336, "accuracy_std": 0.00043, "precision": 0.85086, "precision_std": 0.00653, "recall": 0.67362, "recall_std": 0.01044, "f1": 0.75189, "f1_std": 0.00744, "auc": 0.98645, "auc_std": 0.00091}
{"epoch": 70, "time_epoch": 93.13349, "time_epoch_std": 19.97359, "eta": 2688.94235, "eta_std": 523.34122, "eta_hours": 0.74693, "eta_hours_std": 0.14537, "loss": 0.04893, "loss_std": 0.00149, "lr": 2e-05, "lr_std": 0.0, "params": 558625.0, "params_std": 0.0, "time_iter": 0.09051, "time_iter_std": 0.01941, "accuracy": 0.98321, "accuracy_std": 0.00051, "precision": 0.84776, "precision_std": 0.00911, "recall": 0.67256, "recall_std": 0.01261, "f1": 0.74999, "f1_std": 0.00882, "auc": 0.98667, "auc_std": 0.00092}
{"epoch": 71, "time_epoch": 92.98966, "time_epoch_std": 20.65952, "eta": 2596.32423, "eta_std": 506.24604, "eta_hours": 0.7212, "eta_hours_std": 0.14062, "loss": 0.04809, "loss_std": 0.00165, "lr": 2e-05, "lr_std": 0.0, "params": 558625.0, "params_std": 0.0, "time_iter": 0.09037, "time_iter_std": 0.02008, "accuracy": 0.98341, "accuracy_std": 0.00057, "precision": 0.84757, "precision_std": 0.00983, "recall": 0.67898, "recall_std": 0.01123, "f1": 0.75391, "f1_std": 0.00907, "auc": 0.98715, "auc_std": 0.00117}
{"epoch": 72, "time_epoch": 93.01288, "time_epoch_std": 19.50393, "eta": 2503.70452, "eta_std": 488.57816, "eta_hours": 0.69547, "eta_hours_std": 0.13572, "loss": 0.04702, "loss_std": 0.00178, "lr": 2e-05, "lr_std": 0.0, "params": 558625.0, "params_std": 0.0, "time_iter": 0.09039, "time_iter_std": 0.01895, "accuracy": 0.98383, "accuracy_std": 0.00062, "precision": 0.85103, "precision_std": 0.00738, "recall": 0.68863, "recall_std": 0.01473, "f1": 0.7612, "f1_std": 0.01074, "auc": 0.98755, "auc_std": 0.00118}
{"epoch": 73, "time_epoch": 92.41212, "time_epoch_std": 19.20339, "eta": 2410.86311, "eta_std": 470.7761, "eta_hours": 0.66969, "eta_hours_std": 0.13077, "loss": 0.04782, "loss_std": 0.00189, "lr": 2e-05, "lr_std": 0.0, "params": 558625.0, "params_std": 0.0, "time_iter": 0.08981, "time_iter_std": 0.01866, "accuracy": 0.98374, "accuracy_std": 0.00066, "precision": 0.85071, "precision_std": 0.00874, "recall": 0.68612, "recall_std": 0.0125, "f1": 0.75958, "f1_std": 0.01059, "auc": 0.98758, "auc_std": 0.00135}
{"epoch": 74, "time_epoch": 93.45752, "time_epoch_std": 19.85793, "eta": 2318.38161, "eta_std": 453.18813, "eta_hours": 0.644, "eta_hours_std": 0.12589, "loss": 0.04615, "loss_std": 0.00222, "lr": 2e-05, "lr_std": 0.0, "params": 558625.0, "params_std": 0.0, "time_iter": 0.09082, "time_iter_std": 0.0193, "accuracy": 0.98433, "accuracy_std": 0.00075, "precision": 0.86173, "precision_std": 0.01032, "recall": 0.69261, "recall_std": 0.01536, "f1": 0.76791, "f1_std": 0.01231, "auc": 0.98807, "auc_std": 0.00127}
{"epoch": 75, "time_epoch": 92.57996, "time_epoch_std": 19.10006, "eta": 2225.5973, "eta_std": 435.27958, "eta_hours": 0.61822, "eta_hours_std": 0.12091, "loss": 0.04675, "loss_std": 0.00183, "lr": 2e-05, "lr_std": 0.0, "params": 558625.0, "params_std": 0.0, "time_iter": 0.08997, "time_iter_std": 0.01856, "accuracy": 0.98409, "accuracy_std": 0.00065, "precision": 0.85408, "precision_std": 0.00847, "recall": 0.69367, "recall_std": 0.01443, "f1": 0.7655, "f1_std": 0.01091, "auc": 0.98794, "auc_std": 0.00129}
{"epoch": 76, "time_epoch": 91.53667, "time_epoch_std": 20.18914, "eta": 2132.50667, "eta_std": 417.69121, "eta_hours": 0.59236, "eta_hours_std": 0.11603, "loss": 0.0458, "loss_std": 0.00131, "lr": 1e-05, "lr_std": 0.0, "params": 558625.0, "params_std": 0.0, "time_iter": 0.08896, "time_iter_std": 0.01962, "accuracy": 0.98433, "accuracy_std": 0.00058, "precision": 0.85891, "precision_std": 0.00744, "recall": 0.69594, "recall_std": 0.01575, "f1": 0.76878, "f1_std": 0.01026, "auc": 0.98883, "auc_std": 0.00094}
{"epoch": 77, "time_epoch": 92.04719, "time_epoch_std": 18.88142, "eta": 2039.59988, "eta_std": 399.58545, "eta_hours": 0.56656, "eta_hours_std": 0.111, "loss": 0.04564, "loss_std": 0.00204, "lr": 1e-05, "lr_std": 0.0, "params": 558625.0, "params_std": 0.0, "time_iter": 0.08945, "time_iter_std": 0.01835, "accuracy": 0.98443, "accuracy_std": 0.0007, "precision": 0.86106, "precision_std": 0.00979, "recall": 0.69659, "recall_std": 0.01486, "f1": 0.77007, "f1_std": 0.01141, "auc": 0.98832, "auc_std": 0.00145}
{"epoch": 78, "time_epoch": 93.37407, "time_epoch_std": 19.5183, "eta": 1947.06756, "eta_std": 381.70651, "eta_hours": 0.54085, "eta_hours_std": 0.10603, "loss": 0.04479, "loss_std": 0.00214, "lr": 1e-05, "lr_std": 0.0, "params": 558625.0, "params_std": 0.0, "time_iter": 0.09074, "time_iter_std": 0.01897, "accuracy": 0.98468, "accuracy_std": 0.00063, "precision": 0.86158, "precision_std": 0.01069, "recall": 0.70406, "recall_std": 0.01047, "f1": 0.77486, "f1_std": 0.00955, "auc": 0.98883, "auc_std": 0.0015}
{"epoch": 79, "time_epoch": 90.71365, "time_epoch_std": 18.64361, "eta": 1853.84909, "eta_std": 363.49343, "eta_hours": 0.51496, "eta_hours_std": 0.10097, "loss": 0.04503, "loss_std": 0.00217, "lr": 1e-05, "lr_std": 0.0, "params": 558625.0, "params_std": 0.0, "time_iter": 0.08816, "time_iter_std": 0.01812, "accuracy": 0.98458, "accuracy_std": 0.00074, "precision": 0.85869, "precision_std": 0.00774, "recall": 0.7039, "recall_std": 0.01873, "f1": 0.77351, "f1_std": 0.01294, "auc": 0.989, "auc_std": 0.00121}
{"epoch": 80, "time_epoch": 93.67324, "time_epoch_std": 18.68815, "eta": 1761.3867, "eta_std": 345.13326, "eta_hours": 0.48927, "eta_hours_std": 0.09587, "loss": 0.04391, "loss_std": 0.00149, "lr": 1e-05, "lr_std": 0.0, "params": 558625.0, "params_std": 0.0, "time_iter": 0.09103, "time_iter_std": 0.01816, "accuracy": 0.98487, "accuracy_std": 0.00057, "precision": 0.86244, "precision_std": 0.00776, "recall": 0.70917, "recall_std": 0.0137, "f1": 0.77826, "f1_std": 0.00953, "auc": 0.98961, "auc_std": 0.0008}
{"epoch": 81, "time_epoch": 92.79816, "time_epoch_std": 20.84849, "eta": 1668.70268, "eta_std": 327.34526, "eta_hours": 0.46353, "eta_hours_std": 0.09093, "loss": 0.04401, "loss_std": 0.00181, "lr": 1e-05, "lr_std": 0.0, "params": 558625.0, "params_std": 0.0, "time_iter": 0.09018, "time_iter_std": 0.02026, "accuracy": 0.98487, "accuracy_std": 0.00068, "precision": 0.86319, "precision_std": 0.00978, "recall": 0.70836, "recall_std": 0.01691, "f1": 0.77803, "f1_std": 0.0115, "auc": 0.98963, "auc_std": 0.00077}
{"epoch": 82, "time_epoch": 92.03689, "time_epoch_std": 19.06605, "eta": 1575.85999, "eta_std": 309.14302, "eta_hours": 0.43774, "eta_hours_std": 0.08587, "loss": 0.04407, "loss_std": 0.00188, "lr": 1e-05, "lr_std": 0.0, "params": 558625.0, "params_std": 0.0, "time_iter": 0.08944, "time_iter_std": 0.01853, "accuracy": 0.98493, "accuracy_std": 0.00074, "precision": 0.86527, "precision_std": 0.00888, "recall": 0.70763, "recall_std": 0.01525, "f1": 0.7785, "f1_std": 0.01201, "auc": 0.98967, "auc_std": 0.00102}
{"epoch": 83, "time_epoch": 92.01016, "time_epoch_std": 19.59876, "eta": 1483.0314, "eta_std": 291.06558, "eta_hours": 0.41195, "eta_hours_std": 0.08085, "loss": 0.04342, "loss_std": 0.00206, "lr": 1e-05, "lr_std": 0.0, "params": 558625.0, "params_std": 0.0, "time_iter": 0.08942, "time_iter_std": 0.01905, "accuracy": 0.98482, "accuracy_std": 0.00062, "precision": 0.85866, "precision_std": 0.00675, "recall": 0.71169, "recall_std": 0.01456, "f1": 0.77824, "f1_std": 0.01045, "auc": 0.99016, "auc_std": 0.00163}
{"epoch": 84, "time_epoch": 93.98947, "time_epoch_std": 20.12835, "eta": 1390.57135, "eta_std": 273.13637, "eta_hours": 0.38627, "eta_hours_std": 0.07587, "loss": 0.04305, "loss_std": 0.00185, "lr": 1e-05, "lr_std": 0.0, "params": 558625.0, "params_std": 0.0, "time_iter": 0.09134, "time_iter_std": 0.01956, "accuracy": 0.98529, "accuracy_std": 0.00071, "precision": 0.86644, "precision_std": 0.01166, "recall": 0.71802, "recall_std": 0.01643, "f1": 0.78516, "f1_std": 0.01149, "auc": 0.99021, "auc_std": 0.00107}
{"epoch": 85, "time_epoch": 94.40486, "time_epoch_std": 18.7249, "eta": 1298.14335, "eta_std": 254.93288, "eta_hours": 0.36059, "eta_hours_std": 0.07081, "loss": 0.04211, "loss_std": 0.00183, "lr": 1e-05, "lr_std": 0.0, "params": 558625.0, "params_std": 0.0, "time_iter": 0.09174, "time_iter_std": 0.0182, "accuracy": 0.98544, "accuracy_std": 0.00084, "precision": 0.86801, "precision_std": 0.01107, "recall": 0.72078, "recall_std": 0.01638, "f1": 0.78752, "f1_std": 0.0133, "auc": 0.99082, "auc_std": 0.00099}
{"epoch": 86, "time_epoch": 94.11426, "time_epoch_std": 20.59151, "eta": 1205.62649, "eta_std": 236.98877, "eta_hours": 0.3349, "eta_hours_std": 0.06583, "loss": 0.0429, "loss_std": 0.00181, "lr": 1e-05, "lr_std": 0.0, "params": 558625.0, "params_std": 0.0, "time_iter": 0.09146, "time_iter_std": 0.02001, "accuracy": 0.98534, "accuracy_std": 0.00048, "precision": 0.86897, "precision_std": 0.01066, "recall": 0.71672, "recall_std": 0.00902, "f1": 0.78548, "f1_std": 0.00699, "auc": 0.99033, "auc_std": 0.00118}
{"epoch": 87, "time_epoch": 93.98766, "time_epoch_std": 19.79214, "eta": 1113.05606, "eta_std": 218.90615, "eta_hours": 0.30918, "eta_hours_std": 0.06081, "loss": 0.04234, "loss_std": 0.00211, "lr": 0.0, "lr_std": 0.0, "params": 558625.0, "params_std": 0.0, "time_iter": 0.09134, "time_iter_std": 0.01923, "accuracy": 0.98531, "accuracy_std": 0.00076, "precision": 0.86529, "precision_std": 0.00916, "recall": 0.71972, "recall_std": 0.01581, "f1": 0.78577, "f1_std": 0.01227, "auc": 0.99062, "auc_std": 0.00121}
{"epoch": 88, "time_epoch": 95.26375, "time_epoch_std": 20.20564, "eta": 1020.6115, "eta_std": 200.85255, "eta_hours": 0.2835, "eta_hours_std": 0.05579, "loss": 0.04172, "loss_std": 0.00164, "lr": 0.0, "lr_std": 0.0, "params": 558625.0, "params_std": 0.0, "time_iter": 0.09258, "time_iter_std": 0.01964, "accuracy": 0.98554, "accuracy_std": 0.00059, "precision": 0.86792, "precision_std": 0.00613, "recall": 0.72419, "recall_std": 0.0161, "f1": 0.78947, "f1_std": 0.0103, "auc": 0.99064, "auc_std": 0.00089}
{"epoch": 89, "time_epoch": 93.98223, "time_epoch_std": 19.15417, "eta": 927.9619, "eta_std": 182.63348, "eta_hours": 0.25777, "eta_hours_std": 0.05073, "loss": 0.04198, "loss_std": 0.0011, "lr": 0.0, "lr_std": 0.0, "params": 558625.0, "params_std": 0.0, "time_iter": 0.09134, "time_iter_std": 0.01861, "accuracy": 0.98555, "accuracy_std": 0.00041, "precision": 0.86752, "precision_std": 0.00434, "recall": 0.72492, "recall_std": 0.01166, "f1": 0.78978, "f1_std": 0.00725, "auc": 0.99064, "auc_std": 0.0006}
{"epoch": 90, "time_epoch": 94.80097, "time_epoch_std": 19.88116, "eta": 835.36398, "eta_std": 164.48247, "eta_hours": 0.23205, "eta_hours_std": 0.04569, "loss": 0.04143, "loss_std": 0.00241, "lr": 0.0, "lr_std": 0.0, "params": 558625.0, "params_std": 0.0, "time_iter": 0.09213, "time_iter_std": 0.01932, "accuracy": 0.98574, "accuracy_std": 0.00076, "precision": 0.87111, "precision_std": 0.01024, "recall": 0.72687, "recall_std": 0.01582, "f1": 0.79241, "f1_std": 0.01219, "auc": 0.99089, "auc_std": 0.00124}
{"epoch": 91, "time_epoch": 94.94732, "time_epoch_std": 18.43755, "eta": 742.7309, "eta_std": 146.12424, "eta_hours": 0.20631, "eta_hours_std": 0.04059, "loss": 0.04253, "loss_std": 0.00206, "lr": 0.0, "lr_std": 0.0, "params": 558625.0, "params_std": 0.0, "time_iter": 0.09227, "time_iter_std": 0.01792, "accuracy": 0.98554, "accuracy_std": 0.00084, "precision": 0.86924, "precision_std": 0.0081, "recall": 0.7224, "recall_std": 0.01949, "f1": 0.78895, "f1_std": 0.01403, "auc": 0.99026, "auc_std": 0.00123}
{"epoch": 92, "time_epoch": 96.00159, "time_epoch_std": 18.90788, "eta": 650.1274, "eta_std": 127.83908, "eta_hours": 0.18059, "eta_hours_std": 0.03551, "loss": 0.04137, "loss_std": 0.00224, "lr": 0.0, "lr_std": 0.0, "params": 558625.0, "params_std": 0.0, "time_iter": 0.0933, "time_iter_std": 0.01837, "accuracy": 0.98568, "accuracy_std": 0.00076, "precision": 0.87068, "precision_std": 0.00838, "recall": 0.72541, "recall_std": 0.017, "f1": 0.79136, "f1_std": 0.01258, "auc": 0.99096, "auc_std": 0.00122}
{"epoch": 93, "time_epoch": 96.74143, "time_epoch_std": 18.97292, "eta": 557.49883, "eta_std": 109.51893, "eta_hours": 0.15486, "eta_hours_std": 0.03042, "loss": 0.04094, "loss_std": 0.00174, "lr": 0.0, "lr_std": 0.0, "params": 558625.0, "params_std": 0.0, "time_iter": 0.09401, "time_iter_std": 0.01844, "accuracy": 0.98574, "accuracy_std": 0.00051, "precision": 0.86856, "precision_std": 0.0051, "recall": 0.72946, "recall_std": 0.01311, "f1": 0.7929, "f1_std": 0.00873, "auc": 0.99112, "auc_std": 0.00106}
{"epoch": 94, "time_epoch": 96.22908, "time_epoch_std": 18.67833, "eta": 464.75671, "eta_std": 91.24031, "eta_hours": 0.1291, "eta_hours_std": 0.02535, "loss": 0.04104, "loss_std": 0.00191, "lr": 0.0, "lr_std": 0.0, "params": 558625.0, "params_std": 0.0, "time_iter": 0.09352, "time_iter_std": 0.01815, "accuracy": 0.98571, "accuracy_std": 0.00062, "precision": 0.86841, "precision_std": 0.00884, "recall": 0.7289, "recall_std": 0.0133, "f1": 0.7925, "f1_std": 0.00993, "auc": 0.99099, "auc_std": 0.00104}
{"epoch": 95, "time_epoch": 95.11355, "time_epoch_std": 19.76603, "eta": 371.89546, "eta_std": 73.02308, "eta_hours": 0.1033, "eta_hours_std": 0.02028, "loss": 0.04107, "loss_std": 0.00214, "lr": 0.0, "lr_std": 0.0, "params": 558625.0, "params_std": 0.0, "time_iter": 0.09243, "time_iter_std": 0.01921, "accuracy": 0.98563, "accuracy_std": 0.00063, "precision": 0.86789, "precision_std": 0.00768, "recall": 0.72703, "recall_std": 0.01666, "f1": 0.79113, "f1_std": 0.01074, "auc": 0.99143, "auc_std": 0.0009}
{"epoch": 96, "time_epoch": 94.94529, "time_epoch_std": 20.35161, "eta": 278.98257, "eta_std": 54.80906, "eta_hours": 0.0775, "eta_hours_std": 0.01523, "loss": 0.04089, "loss_std": 0.00209, "lr": 0.0, "lr_std": 0.0, "params": 558625.0, "params_std": 0.0, "time_iter": 0.09227, "time_iter_std": 0.01978, "accuracy": 0.98578, "accuracy_std": 0.00068, "precision": 0.86875, "precision_std": 0.01052, "recall": 0.7306, "recall_std": 0.01063, "f1": 0.79369, "f1_std": 0.01005, "auc": 0.99146, "auc_std": 0.0011}
{"epoch": 97, "time_epoch": 94.0935, "time_epoch_std": 18.95668, "eta": 186.01081, "eta_std": 36.53394, "eta_hours": 0.05167, "eta_hours_std": 0.01015, "loss": 0.04094, "loss_std": 0.00189, "lr": 0.0, "lr_std": 0.0, "params": 558625.0, "params_std": 0.0, "time_iter": 0.09144, "time_iter_std": 0.01842, "accuracy": 0.98579, "accuracy_std": 0.00047, "precision": 0.87358, "precision_std": 0.0074, "recall": 0.72557, "recall_std": 0.00966, "f1": 0.79269, "f1_std": 0.00734, "auc": 0.99132, "auc_std": 0.00107}
{"epoch": 98, "time_epoch": 94.05933, "time_epoch_std": 18.38462, "eta": 93.01605, "eta_std": 18.25729, "eta_hours": 0.02584, "eta_hours_std": 0.00507, "loss": 0.04092, "loss_std": 0.00175, "lr": 0.0, "lr_std": 0.0, "params": 558625.0, "params_std": 0.0, "time_iter": 0.09141, "time_iter_std": 0.01787, "accuracy": 0.98577, "accuracy_std": 0.00055, "precision": 0.87312, "precision_std": 0.00711, "recall": 0.7254, "recall_std": 0.0133, "f1": 0.79237, "f1_std": 0.0091, "auc": 0.99122, "auc_std": 0.00108}
{"epoch": 99, "time_epoch": 93.72217, "time_epoch_std": 18.62521, "eta": 0.0, "eta_std": 0.0, "eta_hours": 0.0, "eta_hours_std": 0.0, "loss": 0.04081, "loss_std": 0.00173, "lr": 0.0, "lr_std": 0.0, "params": 558625.0, "params_std": 0.0, "time_iter": 0.09108, "time_iter_std": 0.0181, "accuracy": 0.98578, "accuracy_std": 0.00058, "precision": 0.87056, "precision_std": 0.00683, "recall": 0.72857, "recall_std": 0.01592, "f1": 0.79317, "f1_std": 0.00995, "auc": 0.99122, "auc_std": 0.00093}
