{"epoch": 0, "time_epoch": 84.63934, "eta": 12611.26179, "eta_hours": 3.50313, "loss": 1.6122706, "lr": 0.0, "params": 282437, "time_iter": 0.09673, "accuracy": 0.2, "f1": 0.06667, "auc": 0.53811}
{"epoch": 1, "time_epoch": 80.45224, "eta": 12216.77728, "eta_hours": 3.39355, "loss": 1.53934327, "lr": 5e-05, "params": 282437, "time_iter": 0.09195, "accuracy": 0.37114, "f1": 0.33489, "auc": 0.80369}
{"epoch": 2, "time_epoch": 79.90252, "eta": 12004.71111, "eta_hours": 3.33464, "loss": 1.3984876, "lr": 0.0001, "params": 282437, "time_iter": 0.09132, "accuracy": 0.66029, "f1": 0.61936, "auc": 0.88518}
{"epoch": 3, "time_epoch": 80.12732, "eta": 11866.93215, "eta_hours": 3.29637, "loss": 1.30979855, "lr": 0.00015, "params": 282437, "time_iter": 0.09157, "accuracy": 0.72771, "f1": 0.70497, "auc": 0.92394}
{"epoch": 4, "time_epoch": 80.3463, "eta": 11758.56406, "eta_hours": 3.26627, "loss": 1.22331212, "lr": 0.0002, "params": 282437, "time_iter": 0.09182, "accuracy": 0.76943, "f1": 0.75624, "auc": 0.93699}
{"epoch": 5, "time_epoch": 80.11221, "eta": 11653.91838, "eta_hours": 3.2372, "loss": 1.13180042, "lr": 0.00025, "params": 282437, "time_iter": 0.09156, "accuracy": 0.80543, "f1": 0.79463, "auc": 0.94952}
{"epoch": 6, "time_epoch": 81.23538, "eta": 11579.22714, "eta_hours": 3.21645, "loss": 1.03306257, "lr": 0.0003, "params": 282437, "time_iter": 0.09284, "accuracy": 0.82371, "f1": 0.81469, "auc": 0.95626}
{"epoch": 7, "time_epoch": 80.17127, "eta": 11484.01183, "eta_hours": 3.19, "loss": 0.92639694, "lr": 0.00035, "params": 282437, "time_iter": 0.09162, "accuracy": 0.85971, "f1": 0.85657, "auc": 0.96609}
{"epoch": 8, "time_epoch": 80.45975, "eta": 11396.65916, "eta_hours": 3.16574, "loss": 0.81144424, "lr": 0.0004, "params": 282437, "time_iter": 0.09195, "accuracy": 0.88714, "f1": 0.88529, "auc": 0.97214}
{"epoch": 9, "time_epoch": 80.01931, "eta": 11304.51889, "eta_hours": 3.14014, "loss": 0.69777386, "lr": 0.00045, "params": 282437, "time_iter": 0.09145, "accuracy": 0.90543, "f1": 0.90501, "auc": 0.98118}
{"epoch": 10, "time_epoch": 81.61143, "eta": 11234.70108, "eta_hours": 3.12075, "loss": 0.61695934, "lr": 0.0005, "params": 282437, "time_iter": 0.09327, "accuracy": 0.90686, "f1": 0.90652, "auc": 0.98166}
{"epoch": 11, "time_epoch": 80.7531, "eta": 11153.04687, "eta_hours": 3.09807, "loss": 0.529592, "lr": 0.00049994, "params": 282437, "time_iter": 0.09229, "accuracy": 0.916, "f1": 0.91581, "auc": 0.98375}
{"epoch": 12, "time_epoch": 81.20995, "eta": 11076.34584, "eta_hours": 3.07676, "loss": 0.45810472, "lr": 0.00049975, "params": 282437, "time_iter": 0.09281, "accuracy": 0.91857, "f1": 0.91874, "auc": 0.98449}
{"epoch": 13, "time_epoch": 79.72225, "eta": 10984.54872, "eta_hours": 3.05126, "loss": 0.40498147, "lr": 0.00049943, "params": 282437, "time_iter": 0.09111, "accuracy": 0.92257, "f1": 0.92282, "auc": 0.98583}
{"epoch": 14, "time_epoch": 81.24639, "eta": 10908.0788, "eta_hours": 3.03002, "loss": 0.35894927, "lr": 0.00049899, "params": 282437, "time_iter": 0.09285, "accuracy": 0.93057, "f1": 0.9309, "auc": 0.98564}
{"epoch": 15, "time_epoch": 80.68263, "eta": 10826.29034, "eta_hours": 3.0073, "loss": 0.32993956, "lr": 0.00049843, "params": 282437, "time_iter": 0.09221, "accuracy": 0.92714, "f1": 0.92739, "auc": 0.98749}
{"epoch": 16, "time_epoch": 81.26778, "eta": 10749.20989, "eta_hours": 2.98589, "loss": 0.29911177, "lr": 0.00049774, "params": 282437, "time_iter": 0.09288, "accuracy": 0.92857, "f1": 0.92835, "auc": 0.98883}
{"epoch": 17, "time_epoch": 79.66501, "eta": 10659.9106, "eta_hours": 2.96109, "loss": 0.27461108, "lr": 0.00049692, "params": 282437, "time_iter": 0.09105, "accuracy": 0.93686, "f1": 0.93671, "auc": 0.98884}
{"epoch": 18, "time_epoch": 79.17773, "eta": 10568.26576, "eta_hours": 2.93563, "loss": 0.24357175, "lr": 0.00049598, "params": 282437, "time_iter": 0.09049, "accuracy": 0.94343, "f1": 0.94353, "auc": 0.98946}
{"epoch": 19, "time_epoch": 79.80734, "eta": 10481.96009, "eta_hours": 2.91166, "loss": 0.22907569, "lr": 0.00049492, "params": 282437, "time_iter": 0.09121, "accuracy": 0.942, "f1": 0.9421, "auc": 0.9904}
{"epoch": 20, "time_epoch": 80.71469, "eta": 10401.84704, "eta_hours": 2.8894, "loss": 0.23355392, "lr": 0.00049373, "params": 282437, "time_iter": 0.09225, "accuracy": 0.94, "f1": 0.93999, "auc": 0.9904}
{"epoch": 21, "time_epoch": 79.90834, "eta": 10316.98777, "eta_hours": 2.86583, "loss": 0.20626469, "lr": 0.00049242, "params": 282437, "time_iter": 0.09132, "accuracy": 0.94714, "f1": 0.94724, "auc": 0.99074}
{"epoch": 22, "time_epoch": 80.27167, "eta": 10234.56526, "eta_hours": 2.84293, "loss": 0.19586856, "lr": 0.00049099, "params": 282437, "time_iter": 0.09174, "accuracy": 0.94686, "f1": 0.94682, "auc": 0.99124}
{"epoch": 23, "time_epoch": 79.48051, "eta": 10148.16837, "eta_hours": 2.81894, "loss": 0.19451463, "lr": 0.00048944, "params": 282437, "time_iter": 0.09083, "accuracy": 0.95, "f1": 0.95, "auc": 0.99167}
{"epoch": 24, "time_epoch": 80.4244, "eta": 10067.04425, "eta_hours": 2.7964, "loss": 0.20107371, "lr": 0.00048776, "params": 282437, "time_iter": 0.09191, "accuracy": 0.94429, "f1": 0.94413, "auc": 0.99124}
{"epoch": 25, "time_epoch": 80.57286, "eta": 9986.68198, "eta_hours": 2.77408, "loss": 0.17899714, "lr": 0.00048597, "params": 282437, "time_iter": 0.09208, "accuracy": 0.95114, "f1": 0.95115, "auc": 0.9919}
{"epoch": 26, "time_epoch": 80.09844, "eta": 9904.1429, "eta_hours": 2.75115, "loss": 0.18300014, "lr": 0.00048406, "params": 282437, "time_iter": 0.09154, "accuracy": 0.94686, "f1": 0.94691, "auc": 0.99155}
{"epoch": 27, "time_epoch": 80.15654, "eta": 9822.03131, "eta_hours": 2.72834, "loss": 0.1717328, "lr": 0.00048203, "params": 282437, "time_iter": 0.09161, "accuracy": 0.95057, "f1": 0.95055, "auc": 0.99188}
{"epoch": 28, "time_epoch": 81.35054, "eta": 9745.03639, "eta_hours": 2.70695, "loss": 0.1631529, "lr": 0.00047988, "params": 282437, "time_iter": 0.09297, "accuracy": 0.95457, "f1": 0.95462, "auc": 0.99281}
{"epoch": 29, "time_epoch": 79.67243, "eta": 9661.03867, "eta_hours": 2.68362, "loss": 0.16678102, "lr": 0.00047762, "params": 282437, "time_iter": 0.09105, "accuracy": 0.95571, "f1": 0.95579, "auc": 0.99233}
{"epoch": 30, "time_epoch": 80.4981, "eta": 9580.4895, "eta_hours": 2.66125, "loss": 0.14408172, "lr": 0.00047524, "params": 282437, "time_iter": 0.092, "accuracy": 0.95657, "f1": 0.95657, "auc": 0.99427}
{"epoch": 31, "time_epoch": 80.1699, "eta": 9498.7333, "eta_hours": 2.63854, "loss": 0.16206823, "lr": 0.00047275, "params": 282437, "time_iter": 0.09162, "accuracy": 0.95314, "f1": 0.95318, "auc": 0.99318}
{"epoch": 32, "time_epoch": 79.95808, "eta": 9416.32223, "eta_hours": 2.61565, "loss": 0.1601651, "lr": 0.00047015, "params": 282437, "time_iter": 0.09138, "accuracy": 0.95686, "f1": 0.95685, "auc": 0.99351}
{"epoch": 33, "time_epoch": 79.52308, "eta": 9332.57134, "eta_hours": 2.59238, "loss": 0.17039267, "lr": 0.00046744, "params": 282437, "time_iter": 0.09088, "accuracy": 0.95343, "f1": 0.95355, "auc": 0.99298}
{"epoch": 34, "time_epoch": 80.29144, "eta": 9251.58662, "eta_hours": 2.56989, "loss": 0.15377033, "lr": 0.00046461, "params": 282437, "time_iter": 0.09176, "accuracy": 0.95886, "f1": 0.95886, "auc": 0.99416}
{"epoch": 35, "time_epoch": 79.54008, "eta": 9168.26112, "eta_hours": 2.54674, "loss": 0.14927016, "lr": 0.00046168, "params": 282437, "time_iter": 0.0909, "accuracy": 0.95571, "f1": 0.95573, "auc": 0.99373}
{"epoch": 36, "time_epoch": 80.82499, "eta": 9089.06442, "eta_hours": 2.52474, "loss": 0.14116101, "lr": 0.00045864, "params": 282437, "time_iter": 0.09237, "accuracy": 0.958, "f1": 0.95793, "auc": 0.99441}
{"epoch": 37, "time_epoch": 79.94918, "eta": 9007.20071, "eta_hours": 2.502, "loss": 0.1531289, "lr": 0.0004555, "params": 282437, "time_iter": 0.09137, "accuracy": 0.95886, "f1": 0.95887, "auc": 0.99413}
{"epoch": 38, "time_epoch": 80.03934, "eta": 8925.69178, "eta_hours": 2.47936, "loss": 0.13460917, "lr": 0.00045225, "params": 282437, "time_iter": 0.09147, "accuracy": 0.96143, "f1": 0.96136, "auc": 0.99578}
{"epoch": 39, "time_epoch": 81.42917, "eta": 8848.07834, "eta_hours": 2.4578, "loss": 0.1339549, "lr": 0.00044891, "params": 282437, "time_iter": 0.09306, "accuracy": 0.96057, "f1": 0.9606, "auc": 0.99494}
{"epoch": 40, "time_epoch": 79.76312, "eta": 8765.84954, "eta_hours": 2.43496, "loss": 0.13010056, "lr": 0.00044546, "params": 282437, "time_iter": 0.09116, "accuracy": 0.966, "f1": 0.96596, "auc": 0.99472}
{"epoch": 41, "time_epoch": 79.41189, "eta": 8682.83498, "eta_hours": 2.4119, "loss": 0.13852987, "lr": 0.00044191, "params": 282437, "time_iter": 0.09076, "accuracy": 0.96, "f1": 0.95998, "auc": 0.99489}
{"epoch": 42, "time_epoch": 79.47462, "eta": 8600.14407, "eta_hours": 2.38893, "loss": 0.11863639, "lr": 0.00043827, "params": 282437, "time_iter": 0.09083, "accuracy": 0.96657, "f1": 0.96656, "auc": 0.99572}
{"epoch": 43, "time_epoch": 79.99562, "eta": 8518.8545, "eta_hours": 2.36635, "loss": 0.12624696, "lr": 0.00043453, "params": 282437, "time_iter": 0.09142, "accuracy": 0.96571, "f1": 0.96569, "auc": 0.99616}
{"epoch": 44, "time_epoch": 79.26164, "eta": 8435.90981, "eta_hours": 2.34331, "loss": 0.13501101, "lr": 0.0004307, "params": 282437, "time_iter": 0.09058, "accuracy": 0.96486, "f1": 0.96486, "auc": 0.99532}
{"epoch": 45, "time_epoch": 80.52034, "eta": 8355.97102, "eta_hours": 2.3211, "loss": 0.11565905, "lr": 0.00042678, "params": 282437, "time_iter": 0.09202, "accuracy": 0.968, "f1": 0.96801, "auc": 0.99636}
{"epoch": 46, "time_epoch": 79.52345, "eta": 8273.82281, "eta_hours": 2.29828, "loss": 0.12085874, "lr": 0.00042277, "params": 282437, "time_iter": 0.09088, "accuracy": 0.96829, "f1": 0.9683, "auc": 0.99611}
{"epoch": 47, "time_epoch": 80.35044, "eta": 8193.54131, "eta_hours": 2.27598, "loss": 0.12424714, "lr": 0.00041867, "params": 282437, "time_iter": 0.09183, "accuracy": 0.966, "f1": 0.96601, "auc": 0.99649}
{"epoch": 48, "time_epoch": 80.42835, "eta": 8113.41758, "eta_hours": 2.25373, "loss": 0.1186505, "lr": 0.00041448, "params": 282437, "time_iter": 0.09192, "accuracy": 0.96714, "f1": 0.96709, "auc": 0.99658}
{"epoch": 49, "time_epoch": 79.46406, "eta": 8031.35311, "eta_hours": 2.23093, "loss": 0.11685642, "lr": 0.00041022, "params": 282437, "time_iter": 0.09082, "accuracy": 0.968, "f1": 0.96793, "auc": 0.99631}
{"epoch": 50, "time_epoch": 79.98337, "eta": 7950.39868, "eta_hours": 2.20844, "loss": 0.11618223, "lr": 0.00040587, "params": 282437, "time_iter": 0.09141, "accuracy": 0.96771, "f1": 0.96774, "auc": 0.99605}
{"epoch": 51, "time_epoch": 79.58169, "eta": 7868.72459, "eta_hours": 2.18576, "loss": 0.11758108, "lr": 0.00040145, "params": 282437, "time_iter": 0.09095, "accuracy": 0.96943, "f1": 0.96941, "auc": 0.99641}
{"epoch": 52, "time_epoch": 79.65738, "eta": 7787.26797, "eta_hours": 2.16313, "loss": 0.10877913, "lr": 0.00039695, "params": 282437, "time_iter": 0.09104, "accuracy": 0.96829, "f1": 0.96827, "auc": 0.9967}
{"epoch": 53, "time_epoch": 80.50065, "eta": 7707.37715, "eta_hours": 2.14094, "loss": 0.12330565, "lr": 0.00039237, "params": 282437, "time_iter": 0.092, "accuracy": 0.96943, "f1": 0.96942, "auc": 0.99616}
{"epoch": 54, "time_epoch": 80.43106, "eta": 7627.34394, "eta_hours": 2.11871, "loss": 0.11776408, "lr": 0.00038772, "params": 282437, "time_iter": 0.09192, "accuracy": 0.96914, "f1": 0.96909, "auc": 0.99614}
{"epoch": 55, "time_epoch": 79.29147, "eta": 7545.38365, "eta_hours": 2.09594, "loss": 0.11076986, "lr": 0.00038301, "params": 282437, "time_iter": 0.09062, "accuracy": 0.97143, "f1": 0.97142, "auc": 0.99697}
{"epoch": 56, "time_epoch": 79.66397, "eta": 7464.12477, "eta_hours": 2.07337, "loss": 0.1124826, "lr": 0.00037822, "params": 282437, "time_iter": 0.09104, "accuracy": 0.97029, "f1": 0.97028, "auc": 0.99693}
{"epoch": 57, "time_epoch": 80.81551, "eta": 7384.74746, "eta_hours": 2.05132, "loss": 0.10147467, "lr": 0.00037338, "params": 282437, "time_iter": 0.09236, "accuracy": 0.97343, "f1": 0.97339, "auc": 0.99719}
{"epoch": 58, "time_epoch": 79.45306, "eta": 7303.21999, "eta_hours": 2.02867, "loss": 0.10024081, "lr": 0.00036847, "params": 282437, "time_iter": 0.0908, "accuracy": 0.97429, "f1": 0.97426, "auc": 0.99716}
{"epoch": 59, "time_epoch": 80.07909, "eta": 7222.70071, "eta_hours": 2.00631, "loss": 0.10633817, "lr": 0.0003635, "params": 282437, "time_iter": 0.09152, "accuracy": 0.97286, "f1": 0.97281, "auc": 0.99653}
{"epoch": 60, "time_epoch": 81.03838, "eta": 7143.59548, "eta_hours": 1.98433, "loss": 0.09998873, "lr": 0.00035847, "params": 282437, "time_iter": 0.09262, "accuracy": 0.97229, "f1": 0.97227, "auc": 0.99731}
{"epoch": 61, "time_epoch": 79.63408, "eta": 7062.4347, "eta_hours": 1.96179, "loss": 0.09561995, "lr": 0.00035339, "params": 282437, "time_iter": 0.09101, "accuracy": 0.97686, "f1": 0.97684, "auc": 0.99725}
{"epoch": 62, "time_epoch": 81.08497, "eta": 6983.32599, "eta_hours": 1.93981, "loss": 0.10111036, "lr": 0.00034826, "params": 282437, "time_iter": 0.09267, "accuracy": 0.974, "f1": 0.97397, "auc": 0.99736}
{"epoch": 63, "time_epoch": 80.58359, "eta": 6903.48179, "eta_hours": 1.91763, "loss": 0.09427518, "lr": 0.00034307, "params": 282437, "time_iter": 0.0921, "accuracy": 0.97686, "f1": 0.97682, "auc": 0.99728}
{"epoch": 64, "time_epoch": 81.01568, "eta": 6824.17988, "eta_hours": 1.89561, "loss": 0.0972837, "lr": 0.00033784, "params": 282437, "time_iter": 0.09259, "accuracy": 0.97257, "f1": 0.97253, "auc": 0.99771}
{"epoch": 65, "time_epoch": 80.95138, "eta": 6744.74421, "eta_hours": 1.87354, "loss": 0.0871799, "lr": 0.00033257, "params": 282437, "time_iter": 0.09252, "accuracy": 0.97629, "f1": 0.97627, "auc": 0.9981}
{"epoch": 66, "time_epoch": 79.57145, "eta": 6663.55383, "eta_hours": 1.85099, "loss": 0.08261937, "lr": 0.00032725, "params": 282437, "time_iter": 0.09094, "accuracy": 0.97857, "f1": 0.97855, "auc": 0.99801}
{"epoch": 67, "time_epoch": 80.08013, "eta": 6583.02447, "eta_hours": 1.82862, "loss": 0.09093333, "lr": 0.0003219, "params": 282437, "time_iter": 0.09152, "accuracy": 0.97829, "f1": 0.97826, "auc": 0.99757}
{"epoch": 68, "time_epoch": 79.95666, "eta": 6502.36318, "eta_hours": 1.80621, "loss": 0.09310094, "lr": 0.00031651, "params": 282437, "time_iter": 0.09138, "accuracy": 0.978, "f1": 0.97798, "auc": 0.99736}
{"epoch": 69, "time_epoch": 79.44899, "eta": 6421.14184, "eta_hours": 1.78365, "loss": 0.09920295, "lr": 0.00031109, "params": 282437, "time_iter": 0.0908, "accuracy": 0.97486, "f1": 0.97485, "auc": 0.99766}
{"epoch": 70, "time_epoch": 79.95467, "eta": 6340.53308, "eta_hours": 1.76126, "loss": 0.09023891, "lr": 0.00030563, "params": 282437, "time_iter": 0.09138, "accuracy": 0.97714, "f1": 0.97712, "auc": 0.99783}
{"epoch": 71, "time_epoch": 80.54509, "eta": 6260.58211, "eta_hours": 1.73905, "loss": 0.08751344, "lr": 0.00030015, "params": 282437, "time_iter": 0.09205, "accuracy": 0.978, "f1": 0.97797, "auc": 0.99779}
{"epoch": 72, "time_epoch": 79.86467, "eta": 6179.89716, "eta_hours": 1.71664, "loss": 0.08749554, "lr": 0.00029464, "params": 282437, "time_iter": 0.09127, "accuracy": 0.97857, "f1": 0.97853, "auc": 0.9977}
{"epoch": 73, "time_epoch": 79.76129, "eta": 6099.12821, "eta_hours": 1.6942, "loss": 0.08779742, "lr": 0.00028911, "params": 282437, "time_iter": 0.09116, "accuracy": 0.97829, "f1": 0.97826, "auc": 0.99829}
{"epoch": 74, "time_epoch": 79.57619, "eta": 6018.20102, "eta_hours": 1.67172, "loss": 0.07988586, "lr": 0.00028356, "params": 282437, "time_iter": 0.09094, "accuracy": 0.98143, "f1": 0.98141, "auc": 0.99818}
{"epoch": 75, "time_epoch": 79.70559, "eta": 5937.43539, "eta_hours": 1.64929, "loss": 0.0838867, "lr": 0.00027799, "params": 282437, "time_iter": 0.09109, "accuracy": 0.97914, "f1": 0.97912, "auc": 0.99796}
{"epoch": 76, "time_epoch": 80.11109, "eta": 5857.08172, "eta_hours": 1.62697, "loss": 0.07736337, "lr": 0.00027241, "params": 282437, "time_iter": 0.09156, "accuracy": 0.98086, "f1": 0.98083, "auc": 0.99853}
{"epoch": 77, "time_epoch": 79.348, "eta": 5776.02988, "eta_hours": 1.60445, "loss": 0.08141903, "lr": 0.00026682, "params": 282437, "time_iter": 0.09068, "accuracy": 0.97914, "f1": 0.97913, "auc": 0.9982}
{"epoch": 78, "time_epoch": 79.92657, "eta": 5695.54116, "eta_hours": 1.58209, "loss": 0.06973567, "lr": 0.00026122, "params": 282437, "time_iter": 0.09134, "accuracy": 0.98143, "f1": 0.98142, "auc": 0.99858}
{"epoch": 79, "time_epoch": 80.29665, "eta": 5615.39031, "eta_hours": 1.55983, "loss": 0.07580737, "lr": 0.00025561, "params": 282437, "time_iter": 0.09177, "accuracy": 0.982, "f1": 0.98197, "auc": 0.99819}
{"epoch": 80, "time_epoch": 79.82067, "eta": 5534.8304, "eta_hours": 1.53745, "loss": 0.0677166, "lr": 0.00025, "params": 282437, "time_iter": 0.09122, "accuracy": 0.98257, "f1": 0.98255, "auc": 0.99863}
{"epoch": 81, "time_epoch": 79.71838, "eta": 5454.20369, "eta_hours": 1.51506, "loss": 0.06930054, "lr": 0.00024439, "params": 282437, "time_iter": 0.09111, "accuracy": 0.98171, "f1": 0.98169, "auc": 0.99844}
{"epoch": 82, "time_epoch": 80.17546, "eta": 5373.96783, "eta_hours": 1.49277, "loss": 0.08224127, "lr": 0.00023878, "params": 282437, "time_iter": 0.09163, "accuracy": 0.978, "f1": 0.97798, "auc": 0.99803}
{"epoch": 83, "time_epoch": 80.08791, "eta": 5293.66463, "eta_hours": 1.47046, "loss": 0.07513902, "lr": 0.00023318, "params": 282437, "time_iter": 0.09153, "accuracy": 0.98257, "f1": 0.98256, "auc": 0.99833}
{"epoch": 84, "time_epoch": 80.86739, "eta": 5213.96256, "eta_hours": 1.44832, "loss": 0.07129957, "lr": 0.00022759, "params": 282437, "time_iter": 0.09242, "accuracy": 0.98314, "f1": 0.98312, "auc": 0.99851}
{"epoch": 85, "time_epoch": 80.04567, "eta": 5133.62189, "eta_hours": 1.42601, "loss": 0.07232713, "lr": 0.00022201, "params": 282437, "time_iter": 0.09148, "accuracy": 0.98086, "f1": 0.98084, "auc": 0.99832}
{"epoch": 86, "time_epoch": 80.99375, "eta": 5053.97453, "eta_hours": 1.40388, "loss": 0.06658397, "lr": 0.00021644, "params": 282437, "time_iter": 0.09256, "accuracy": 0.98229, "f1": 0.98226, "auc": 0.99858}
{"epoch": 87, "time_epoch": 79.63639, "eta": 4973.34025, "eta_hours": 1.38148, "loss": 0.07838841, "lr": 0.00021089, "params": 282437, "time_iter": 0.09101, "accuracy": 0.98143, "f1": 0.9814, "auc": 0.99851}
{"epoch": 88, "time_epoch": 79.39187, "eta": 4892.5608, "eta_hours": 1.35904, "loss": 0.07255207, "lr": 0.00020536, "params": 282437, "time_iter": 0.09073, "accuracy": 0.98343, "f1": 0.9834, "auc": 0.99855}
{"epoch": 89, "time_epoch": 80.12576, "eta": 4812.30145, "eta_hours": 1.33675, "loss": 0.06854225, "lr": 0.00019985, "params": 282437, "time_iter": 0.09157, "accuracy": 0.98257, "f1": 0.98256, "auc": 0.99882}
{"epoch": 90, "time_epoch": 80.29203, "eta": 4732.15283, "eta_hours": 1.31449, "loss": 0.06589858, "lr": 0.00019437, "params": 282437, "time_iter": 0.09176, "accuracy": 0.98343, "f1": 0.98341, "auc": 0.99862}
{"epoch": 91, "time_epoch": 79.58867, "eta": 4651.55768, "eta_hours": 1.2921, "loss": 0.07251837, "lr": 0.00018891, "params": 282437, "time_iter": 0.09096, "accuracy": 0.98057, "f1": 0.98054, "auc": 0.99865}
{"epoch": 92, "time_epoch": 80.6133, "eta": 4571.61217, "eta_hours": 1.26989, "loss": 0.06524345, "lr": 0.00018349, "params": 282437, "time_iter": 0.09213, "accuracy": 0.98343, "f1": 0.9834, "auc": 0.99855}
{"epoch": 93, "time_epoch": 80.90103, "eta": 4491.82386, "eta_hours": 1.24773, "loss": 0.06430214, "lr": 0.0001781, "params": 282437, "time_iter": 0.09246, "accuracy": 0.984, "f1": 0.98398, "auc": 0.99876}
{"epoch": 94, "time_epoch": 80.63253, "eta": 4411.85669, "eta_hours": 1.22552, "loss": 0.06000179, "lr": 0.00017275, "params": 282437, "time_iter": 0.09215, "accuracy": 0.98457, "f1": 0.98455, "auc": 0.99902}
{"epoch": 95, "time_epoch": 78.89025, "eta": 4330.89561, "eta_hours": 1.20303, "loss": 0.05467835, "lr": 0.00016743, "params": 282437, "time_iter": 0.09016, "accuracy": 0.98486, "f1": 0.98484, "auc": 0.99885}
{"epoch": 96, "time_epoch": 80.3552, "eta": 4250.77768, "eta_hours": 1.18077, "loss": 0.0601296, "lr": 0.00016216, "params": 282437, "time_iter": 0.09183, "accuracy": 0.98514, "f1": 0.98512, "auc": 0.99887}
{"epoch": 97, "time_epoch": 80.99429, "eta": 4170.994, "eta_hours": 1.15861, "loss": 0.05666233, "lr": 0.00015693, "params": 282437, "time_iter": 0.09256, "accuracy": 0.986, "f1": 0.98599, "auc": 0.99873}
{"epoch": 98, "time_epoch": 79.83905, "eta": 4090.59075, "eta_hours": 1.13628, "loss": 0.05994167, "lr": 0.00015174, "params": 282437, "time_iter": 0.09124, "accuracy": 0.98429, "f1": 0.98427, "auc": 0.99878}
{"epoch": 99, "time_epoch": 78.94767, "eta": 4009.75309, "eta_hours": 1.11382, "loss": 0.05820911, "lr": 0.00014661, "params": 282437, "time_iter": 0.09023, "accuracy": 0.98429, "f1": 0.98426, "auc": 0.9989}
{"epoch": 100, "time_epoch": 79.18776, "eta": 3929.06934, "eta_hours": 1.09141, "loss": 0.05306302, "lr": 0.00014153, "params": 282437, "time_iter": 0.0905, "accuracy": 0.98629, "f1": 0.98627, "auc": 0.99901}
{"epoch": 101, "time_epoch": 80.07853, "eta": 3848.83411, "eta_hours": 1.06912, "loss": 0.05445575, "lr": 0.0001365, "params": 282437, "time_iter": 0.09152, "accuracy": 0.98629, "f1": 0.98627, "auc": 0.99899}
{"epoch": 102, "time_epoch": 79.78907, "eta": 3768.46983, "eta_hours": 1.0468, "loss": 0.05534096, "lr": 0.00013153, "params": 282437, "time_iter": 0.09119, "accuracy": 0.986, "f1": 0.98598, "auc": 0.99893}
{"epoch": 103, "time_epoch": 79.78679, "eta": 3688.11561, "eta_hours": 1.02448, "loss": 0.05762304, "lr": 0.00012662, "params": 282437, "time_iter": 0.09118, "accuracy": 0.98571, "f1": 0.9857, "auc": 0.99869}
{"epoch": 104, "time_epoch": 79.64167, "eta": 3607.71, "eta_hours": 1.00214, "loss": 0.05416495, "lr": 0.00012178, "params": 282437, "time_iter": 0.09102, "accuracy": 0.98457, "f1": 0.98456, "auc": 0.99916}
{"epoch": 105, "time_epoch": 80.01016, "eta": 3527.47177, "eta_hours": 0.97985, "loss": 0.05077803, "lr": 0.00011699, "params": 282437, "time_iter": 0.09144, "accuracy": 0.98771, "f1": 0.9877, "auc": 0.99878}
{"epoch": 106, "time_epoch": 79.9274, "eta": 3447.20454, "eta_hours": 0.95756, "loss": 0.05245645, "lr": 0.00011228, "params": 282437, "time_iter": 0.09135, "accuracy": 0.98771, "f1": 0.9877, "auc": 0.9989}
{"epoch": 107, "time_epoch": 80.11685, "eta": 3367.01727, "eta_hours": 0.93528, "loss": 0.05446975, "lr": 0.00010763, "params": 282437, "time_iter": 0.09156, "accuracy": 0.98514, "f1": 0.98512, "auc": 0.99898}
{"epoch": 108, "time_epoch": 80.13918, "eta": 3286.8397, "eta_hours": 0.91301, "loss": 0.05270141, "lr": 0.00010305, "params": 282437, "time_iter": 0.09159, "accuracy": 0.98571, "f1": 0.98569, "auc": 0.99889}
{"epoch": 109, "time_epoch": 79.1352, "eta": 3206.29775, "eta_hours": 0.89064, "loss": 0.04906724, "lr": 9.855e-05, "params": 282437, "time_iter": 0.09044, "accuracy": 0.98743, "f1": 0.98741, "auc": 0.99889}
{"epoch": 110, "time_epoch": 79.41253, "eta": 3125.87858, "eta_hours": 0.8683, "loss": 0.04828595, "lr": 9.413e-05, "params": 282437, "time_iter": 0.09076, "accuracy": 0.988, "f1": 0.98799, "auc": 0.99918}
{"epoch": 111, "time_epoch": 82.10705, "eta": 3046.39159, "eta_hours": 0.84622, "loss": 0.04997763, "lr": 8.978e-05, "params": 282437, "time_iter": 0.09384, "accuracy": 0.988, "f1": 0.98799, "auc": 0.99903}
{"epoch": 112, "time_epoch": 80.07336, "eta": 2966.19234, "eta_hours": 0.82394, "loss": 0.04625124, "lr": 8.552e-05, "params": 282437, "time_iter": 0.09151, "accuracy": 0.98657, "f1": 0.98656, "auc": 0.99922}
{"epoch": 113, "time_epoch": 79.61074, "eta": 2885.8492, "eta_hours": 0.80162, "loss": 0.04989696, "lr": 8.133e-05, "params": 282437, "time_iter": 0.09098, "accuracy": 0.98714, "f1": 0.98713, "auc": 0.99898}
{"epoch": 114, "time_epoch": 80.08565, "eta": 2805.66334, "eta_hours": 0.77935, "loss": 0.05375584, "lr": 7.723e-05, "params": 282437, "time_iter": 0.09153, "accuracy": 0.98657, "f1": 0.98655, "auc": 0.99904}
{"epoch": 115, "time_epoch": 78.79826, "eta": 2725.10187, "eta_hours": 0.75697, "loss": 0.04884882, "lr": 7.322e-05, "params": 282437, "time_iter": 0.09006, "accuracy": 0.98686, "f1": 0.98684, "auc": 0.99892}
{"epoch": 116, "time_epoch": 81.30537, "eta": 2645.27768, "eta_hours": 0.7348, "loss": 0.04810461, "lr": 6.93e-05, "params": 282437, "time_iter": 0.09292, "accuracy": 0.98714, "f1": 0.98713, "auc": 0.9989}
{"epoch": 117, "time_epoch": 80.95455, "eta": 2565.33324, "eta_hours": 0.71259, "loss": 0.05037453, "lr": 6.547e-05, "params": 282437, "time_iter": 0.09252, "accuracy": 0.98771, "f1": 0.9877, "auc": 0.99889}
{"epoch": 118, "time_epoch": 79.5063, "eta": 2484.99455, "eta_hours": 0.69028, "loss": 0.04963172, "lr": 6.173e-05, "params": 282437, "time_iter": 0.09086, "accuracy": 0.98743, "f1": 0.98742, "auc": 0.99885}
{"epoch": 119, "time_epoch": 80.5777, "eta": 2404.93758, "eta_hours": 0.66804, "loss": 0.05214958, "lr": 5.809e-05, "params": 282437, "time_iter": 0.09209, "accuracy": 0.98743, "f1": 0.98741, "auc": 0.99891}
{"epoch": 120, "time_epoch": 80.23287, "eta": 2324.78936, "eta_hours": 0.64577, "loss": 0.04653926, "lr": 5.454e-05, "params": 282437, "time_iter": 0.09169, "accuracy": 0.98743, "f1": 0.98741, "auc": 0.99914}
{"epoch": 121, "time_epoch": 79.19965, "eta": 2244.40262, "eta_hours": 0.62345, "loss": 0.04710559, "lr": 5.109e-05, "params": 282437, "time_iter": 0.09051, "accuracy": 0.98829, "f1": 0.98828, "auc": 0.99911}
{"epoch": 122, "time_epoch": 79.79547, "eta": 2164.16597, "eta_hours": 0.60116, "loss": 0.04537935, "lr": 4.775e-05, "params": 282437, "time_iter": 0.09119, "accuracy": 0.98771, "f1": 0.9877, "auc": 0.99915}
{"epoch": 123, "time_epoch": 79.9248, "eta": 2083.96355, "eta_hours": 0.57888, "loss": 0.04654327, "lr": 4.45e-05, "params": 282437, "time_iter": 0.09134, "accuracy": 0.98771, "f1": 0.9877, "auc": 0.99916}
{"epoch": 124, "time_epoch": 80.55945, "eta": 2003.89251, "eta_hours": 0.55664, "loss": 0.04699311, "lr": 4.136e-05, "params": 282437, "time_iter": 0.09207, "accuracy": 0.98771, "f1": 0.98771, "auc": 0.99911}
{"epoch": 125, "time_epoch": 80.00148, "eta": 1923.70743, "eta_hours": 0.53436, "loss": 0.04540431, "lr": 3.832e-05, "params": 282437, "time_iter": 0.09143, "accuracy": 0.988, "f1": 0.98799, "auc": 0.99907}
{"epoch": 126, "time_epoch": 79.53348, "eta": 1843.44049, "eta_hours": 0.51207, "loss": 0.04624274, "lr": 3.539e-05, "params": 282437, "time_iter": 0.0909, "accuracy": 0.98829, "f1": 0.98828, "auc": 0.99918}
{"epoch": 127, "time_epoch": 79.4158, "eta": 1763.16479, "eta_hours": 0.48977, "loss": 0.0486386, "lr": 3.256e-05, "params": 282437, "time_iter": 0.09076, "accuracy": 0.98771, "f1": 0.9877, "auc": 0.99906}
{"epoch": 128, "time_epoch": 79.93347, "eta": 1682.98668, "eta_hours": 0.4675, "loss": 0.04576561, "lr": 2.985e-05, "params": 282437, "time_iter": 0.09135, "accuracy": 0.98829, "f1": 0.98827, "auc": 0.999}
{"epoch": 129, "time_epoch": 80.07884, "eta": 1602.83471, "eta_hours": 0.44523, "loss": 0.04697112, "lr": 2.725e-05, "params": 282437, "time_iter": 0.09152, "accuracy": 0.98743, "f1": 0.98742, "auc": 0.99915}
{"epoch": 130, "time_epoch": 79.52146, "eta": 1522.60301, "eta_hours": 0.42295, "loss": 0.04088802, "lr": 2.476e-05, "params": 282437, "time_iter": 0.09088, "accuracy": 0.98857, "f1": 0.98857, "auc": 0.99908}
{"epoch": 131, "time_epoch": 80.76317, "eta": 1442.5514, "eta_hours": 0.40071, "loss": 0.04343838, "lr": 2.238e-05, "params": 282437, "time_iter": 0.0923, "accuracy": 0.98857, "f1": 0.98857, "auc": 0.99914}
{"epoch": 132, "time_epoch": 79.5592, "eta": 1362.33519, "eta_hours": 0.37843, "loss": 0.04464224, "lr": 2.012e-05, "params": 282437, "time_iter": 0.09092, "accuracy": 0.98829, "f1": 0.98828, "auc": 0.99906}
{"epoch": 133, "time_epoch": 79.01511, "eta": 1282.06383, "eta_hours": 0.35613, "loss": 0.04506849, "lr": 1.797e-05, "params": 282437, "time_iter": 0.0903, "accuracy": 0.98743, "f1": 0.98742, "auc": 0.99908}
{"epoch": 134, "time_epoch": 80.93125, "eta": 1202.02398, "eta_hours": 0.3339, "loss": 0.0446574, "lr": 1.594e-05, "params": 282437, "time_iter": 0.09249, "accuracy": 0.988, "f1": 0.98799, "auc": 0.99913}
{"epoch": 135, "time_epoch": 80.19153, "eta": 1121.89487, "eta_hours": 0.31164, "loss": 0.04397226, "lr": 1.403e-05, "params": 282437, "time_iter": 0.09165, "accuracy": 0.988, "f1": 0.98799, "auc": 0.99926}
{"epoch": 136, "time_epoch": 80.22016, "eta": 1041.76757, "eta_hours": 0.28938, "loss": 0.04335438, "lr": 1.224e-05, "params": 282437, "time_iter": 0.09168, "accuracy": 0.98771, "f1": 0.98771, "auc": 0.9991}
{"epoch": 137, "time_epoch": 80.07026, "eta": 961.62589, "eta_hours": 0.26712, "loss": 0.04536493, "lr": 1.056e-05, "params": 282437, "time_iter": 0.09151, "accuracy": 0.98771, "f1": 0.9877, "auc": 0.99903}
{"epoch": 138, "time_epoch": 80.46859, "eta": 881.51676, "eta_hours": 0.24487, "loss": 0.04222051, "lr": 9.01e-06, "params": 282437, "time_iter": 0.09196, "accuracy": 0.98886, "f1": 0.98885, "auc": 0.99916}
{"epoch": 139, "time_epoch": 80.66405, "eta": 801.41646, "eta_hours": 0.22262, "loss": 0.04378122, "lr": 7.58e-06, "params": 282437, "time_iter": 0.09219, "accuracy": 0.98771, "f1": 0.9877, "auc": 0.99923}
{"epoch": 140, "time_epoch": 79.8775, "eta": 721.25795, "eta_hours": 0.20035, "loss": 0.0460968, "lr": 6.27e-06, "params": 282437, "time_iter": 0.09129, "accuracy": 0.98714, "f1": 0.98713, "auc": 0.99919}
{"epoch": 141, "time_epoch": 79.68436, "eta": 641.09252, "eta_hours": 0.17808, "loss": 0.04409991, "lr": 5.08e-06, "params": 282437, "time_iter": 0.09107, "accuracy": 0.98829, "f1": 0.98828, "auc": 0.99904}
{"epoch": 142, "time_epoch": 80.08355, "eta": 560.95336, "eta_hours": 0.15582, "loss": 0.04376154, "lr": 4.02e-06, "params": 282437, "time_iter": 0.09152, "accuracy": 0.988, "f1": 0.98799, "auc": 0.99902}
{"epoch": 143, "time_epoch": 80.33332, "eta": 480.82538, "eta_hours": 0.13356, "loss": 0.04344336, "lr": 3.08e-06, "params": 282437, "time_iter": 0.09181, "accuracy": 0.988, "f1": 0.98799, "auc": 0.99914}
{"epoch": 144, "time_epoch": 80.24773, "eta": 400.69162, "eta_hours": 0.1113, "loss": 0.04184385, "lr": 2.26e-06, "params": 282437, "time_iter": 0.09171, "accuracy": 0.98857, "f1": 0.98856, "auc": 0.9992}
{"epoch": 145, "time_epoch": 79.94224, "eta": 320.54792, "eta_hours": 0.08904, "loss": 0.04431853, "lr": 1.57e-06, "params": 282437, "time_iter": 0.09136, "accuracy": 0.98771, "f1": 0.9877, "auc": 0.99921}
{"epoch": 146, "time_epoch": 80.7387, "eta": 240.42322, "eta_hours": 0.06678, "loss": 0.04165466, "lr": 1.01e-06, "params": 282437, "time_iter": 0.09227, "accuracy": 0.98886, "f1": 0.98885, "auc": 0.99907}
{"epoch": 147, "time_epoch": 79.15589, "eta": 160.26883, "eta_hours": 0.04452, "loss": 0.04082958, "lr": 5.7e-07, "params": 282437, "time_iter": 0.09046, "accuracy": 0.98914, "f1": 0.98914, "auc": 0.99902}
{"epoch": 148, "time_epoch": 80.43985, "eta": 80.13647, "eta_hours": 0.02226, "loss": 0.04257264, "lr": 2.5e-07, "params": 282437, "time_iter": 0.09193, "accuracy": 0.98857, "f1": 0.98856, "auc": 0.99921}
{"epoch": 149, "time_epoch": 81.11214, "eta": 0.0, "eta_hours": 0.0, "loss": 0.04225244, "lr": 6e-08, "params": 282437, "time_iter": 0.0927, "accuracy": 0.98857, "f1": 0.98856, "auc": 0.99914}
