{"epoch": 0, "time_epoch": 182.25504, "eta": 36268.75261, "eta_hours": 10.07465, "loss": 3.61404792, "lr": 0.0, "params": 3434533, "time_iter": 0.07457, "accuracy": 0.0235, "f1": 0.00666, "auc": 0.50601}
{"epoch": 1, "time_epoch": 176.92491, "eta": 35558.81458, "eta_hours": 9.87745, "loss": 3.46069479, "lr": 3e-05, "params": 3434533, "time_iter": 0.07239, "accuracy": 0.10917, "f1": 0.01509, "auc": 0.54695}
{"epoch": 2, "time_epoch": 177.64746, "eta": 35251.66626, "eta_hours": 9.79213, "loss": 3.25417273, "lr": 6e-05, "params": 3434533, "time_iter": 0.07269, "accuracy": 0.14336, "f1": 0.02395, "auc": 0.65665}
{"epoch": 3, "time_epoch": 177.02814, "eta": 34978.92166, "eta_hours": 9.71637, "loss": 3.02263345, "lr": 9e-05, "params": 3434533, "time_iter": 0.07243, "accuracy": 0.20189, "f1": 0.05049, "auc": 0.76766}
{"epoch": 4, "time_epoch": 177.87158, "eta": 34777.35786, "eta_hours": 9.66038, "loss": 2.62227305, "lr": 0.00012, "params": 3434533, "time_iter": 0.07278, "accuracy": 0.3113, "f1": 0.10958, "auc": 0.86423}
{"epoch": 5, "time_epoch": 177.3605, "eta": 34567.16645, "eta_hours": 9.60199, "loss": 2.19115922, "lr": 0.00015, "params": 3434533, "time_iter": 0.07257, "accuracy": 0.40133, "f1": 0.16205, "auc": 0.91603}
{"epoch": 6, "time_epoch": 177.13947, "eta": 34360.26115, "eta_hours": 9.54452, "loss": 1.80787717, "lr": 0.00018, "params": 3434533, "time_iter": 0.07248, "accuracy": 0.47974, "f1": 0.23471, "auc": 0.94738}
{"epoch": 7, "time_epoch": 177.3787, "eta": 34166.53895, "eta_hours": 9.49071, "loss": 1.5144207, "lr": 0.00021, "params": 3434533, "time_iter": 0.07258, "accuracy": 0.55116, "f1": 0.32551, "auc": 0.96491}
{"epoch": 8, "time_epoch": 176.86403, "eta": 33965.52609, "eta_hours": 9.43487, "loss": 1.29476595, "lr": 0.00024, "params": 3434533, "time_iter": 0.07237, "accuracy": 0.60841, "f1": 0.40651, "auc": 0.97472}
{"epoch": 9, "time_epoch": 177.04528, "eta": 33772.78678, "eta_hours": 9.38133, "loss": 1.0941213, "lr": 0.00027, "params": 3434533, "time_iter": 0.07244, "accuracy": 0.66237, "f1": 0.49847, "auc": 0.98164}
{"epoch": 10, "time_epoch": 177.02287, "eta": 33582.51594, "eta_hours": 9.32848, "loss": 0.93523461, "lr": 0.0003, "params": 3434533, "time_iter": 0.07243, "accuracy": 0.71064, "f1": 0.58696, "auc": 0.98624}
{"epoch": 11, "time_epoch": 177.61957, "eta": 33403.80132, "eta_hours": 9.27883, "loss": 0.80368984, "lr": 0.00029998, "params": 3434533, "time_iter": 0.07268, "accuracy": 0.75425, "f1": 0.66598, "auc": 0.98957}
{"epoch": 12, "time_epoch": 177.27881, "eta": 33220.3535, "eta_hours": 9.22788, "loss": 0.68834824, "lr": 0.00029992, "params": 3434533, "time_iter": 0.07254, "accuracy": 0.79128, "f1": 0.73458, "auc": 0.99217}
{"epoch": 13, "time_epoch": 177.54199, "eta": 33041.28354, "eta_hours": 9.17813, "loss": 0.59887013, "lr": 0.00029982, "params": 3434533, "time_iter": 0.07264, "accuracy": 0.82205, "f1": 0.78847, "auc": 0.99383}
{"epoch": 14, "time_epoch": 177.34603, "eta": 32860.00049, "eta_hours": 9.12778, "loss": 0.51603325, "lr": 0.00029967, "params": 3434533, "time_iter": 0.07256, "accuracy": 0.84816, "f1": 0.82593, "auc": 0.99541}
{"epoch": 15, "time_epoch": 177.11676, "eta": 32676.57291, "eta_hours": 9.07683, "loss": 0.44789581, "lr": 0.00029949, "params": 3434533, "time_iter": 0.07247, "accuracy": 0.86831, "f1": 0.85386, "auc": 0.99645}
{"epoch": 16, "time_epoch": 177.20651, "eta": 32494.85397, "eta_hours": 9.02635, "loss": 0.39458652, "lr": 0.00029926, "params": 3434533, "time_iter": 0.07251, "accuracy": 0.88344, "f1": 0.87311, "auc": 0.99725}
{"epoch": 17, "time_epoch": 177.61628, "eta": 32317.77961, "eta_hours": 8.97716, "loss": 0.3495971, "lr": 0.000299, "params": 3434533, "time_iter": 0.07267, "accuracy": 0.8974, "f1": 0.89051, "auc": 0.99779}
{"epoch": 18, "time_epoch": 177.95385, "eta": 32143.86397, "eta_hours": 8.92885, "loss": 0.31425789, "lr": 0.00029869, "params": 3434533, "time_iter": 0.07281, "accuracy": 0.90807, "f1": 0.90196, "auc": 0.99817}
{"epoch": 19, "time_epoch": 177.40241, "eta": 31964.58161, "eta_hours": 8.87905, "loss": 0.28638983, "lr": 0.00029834, "params": 3434533, "time_iter": 0.07259, "accuracy": 0.91673, "f1": 0.91154, "auc": 0.99845}
{"epoch": 20, "time_epoch": 177.16252, "eta": 31783.43348, "eta_hours": 8.82873, "loss": 0.2595373, "lr": 0.00029795, "params": 3434533, "time_iter": 0.07249, "accuracy": 0.92325, "f1": 0.92044, "auc": 0.99872}
{"epoch": 21, "time_epoch": 177.64375, "eta": 31606.54128, "eta_hours": 8.77959, "loss": 0.24014112, "lr": 0.00029753, "params": 3434533, "time_iter": 0.07269, "accuracy": 0.92792, "f1": 0.92501, "auc": 0.99889}
{"epoch": 22, "time_epoch": 176.693, "eta": 31422.26706, "eta_hours": 8.72841, "loss": 0.21953203, "lr": 0.00029706, "params": 3434533, "time_iter": 0.0723, "accuracy": 0.93393, "f1": 0.93068, "auc": 0.99908}
{"epoch": 23, "time_epoch": 177.03708, "eta": 31241.1479, "eta_hours": 8.6781, "loss": 0.20847865, "lr": 0.00029655, "params": 3434533, "time_iter": 0.07244, "accuracy": 0.93769, "f1": 0.93545, "auc": 0.99915}
{"epoch": 24, "time_epoch": 177.04958, "eta": 31060.44277, "eta_hours": 8.6279, "loss": 0.19125912, "lr": 0.000296, "params": 3434533, "time_iter": 0.07244, "accuracy": 0.94321, "f1": 0.94124, "auc": 0.99927}
{"epoch": 25, "time_epoch": 177.36435, "eta": 30882.12541, "eta_hours": 8.57837, "loss": 0.18047444, "lr": 0.00029541, "params": 3434533, "time_iter": 0.07257, "accuracy": 0.94485, "f1": 0.94309, "auc": 0.99939}
{"epoch": 26, "time_epoch": 176.99502, "eta": 30701.51218, "eta_hours": 8.5282, "loss": 0.16389651, "lr": 0.00029478, "params": 3434533, "time_iter": 0.07242, "accuracy": 0.9502, "f1": 0.94816, "auc": 0.99949}
{"epoch": 27, "time_epoch": 177.43096, "eta": 30523.83528, "eta_hours": 8.47884, "loss": 0.15453525, "lr": 0.00029411, "params": 3434533, "time_iter": 0.0726, "accuracy": 0.95366, "f1": 0.9519, "auc": 0.99956}
{"epoch": 28, "time_epoch": 177.16034, "eta": 30344.57963, "eta_hours": 8.42905, "loss": 0.14346083, "lr": 0.00029341, "params": 3434533, "time_iter": 0.07249, "accuracy": 0.9567, "f1": 0.9549, "auc": 0.9996}
{"epoch": 29, "time_epoch": 177.36931, "eta": 30166.64784, "eta_hours": 8.37962, "loss": 0.13743373, "lr": 0.00029266, "params": 3434533, "time_iter": 0.07257, "accuracy": 0.95847, "f1": 0.95726, "auc": 0.99965}
{"epoch": 30, "time_epoch": 177.01162, "eta": 29986.80232, "eta_hours": 8.32967, "loss": 0.12800236, "lr": 0.00029187, "params": 3434533, "time_iter": 0.07243, "accuracy": 0.96137, "f1": 0.96017, "auc": 0.99968}
{"epoch": 31, "time_epoch": 177.52203, "eta": 29809.81359, "eta_hours": 8.2805, "loss": 0.12184347, "lr": 0.00029105, "params": 3434533, "time_iter": 0.07264, "accuracy": 0.96277, "f1": 0.96123, "auc": 0.99972}
{"epoch": 32, "time_epoch": 177.4932, "eta": 29632.64665, "eta_hours": 8.23129, "loss": 0.11671949, "lr": 0.00029018, "params": 3434533, "time_iter": 0.07262, "accuracy": 0.96409, "f1": 0.96361, "auc": 0.99975}
{"epoch": 33, "time_epoch": 177.30012, "eta": 29454.51783, "eta_hours": 8.18181, "loss": 0.11165451, "lr": 0.00028928, "params": 3434533, "time_iter": 0.07255, "accuracy": 0.96542, "f1": 0.96423, "auc": 0.99976}
{"epoch": 34, "time_epoch": 177.27124, "eta": 29276.3002, "eta_hours": 8.13231, "loss": 0.10352543, "lr": 0.00028834, "params": 3434533, "time_iter": 0.07253, "accuracy": 0.96827, "f1": 0.96794, "auc": 0.9998}
{"epoch": 35, "time_epoch": 177.14342, "eta": 29097.55289, "eta_hours": 8.08265, "loss": 0.09895293, "lr": 0.00028737, "params": 3434533, "time_iter": 0.07248, "accuracy": 0.97001, "f1": 0.96896, "auc": 0.99981}
{"epoch": 36, "time_epoch": 177.44467, "eta": 28920.21941, "eta_hours": 8.03339, "loss": 0.09430458, "lr": 0.00028635, "params": 3434533, "time_iter": 0.0726, "accuracy": 0.97125, "f1": 0.96992, "auc": 0.99983}
{"epoch": 37, "time_epoch": 177.74699, "eta": 28744.16889, "eta_hours": 7.98449, "loss": 0.09159874, "lr": 0.0002853, "params": 3434533, "time_iter": 0.07273, "accuracy": 0.9718, "f1": 0.97131, "auc": 0.99984}
{"epoch": 38, "time_epoch": 177.25694, "eta": 28566.00836, "eta_hours": 7.935, "loss": 0.08387998, "lr": 0.00028421, "params": 3434533, "time_iter": 0.07253, "accuracy": 0.97387, "f1": 0.97334, "auc": 0.99987}
{"epoch": 39, "time_epoch": 177.41219, "eta": 28388.51399, "eta_hours": 7.8857, "loss": 0.0831159, "lr": 0.00028308, "params": 3434533, "time_iter": 0.07259, "accuracy": 0.97434, "f1": 0.97362, "auc": 0.99987}
{"epoch": 40, "time_epoch": 176.9298, "eta": 28209.15292, "eta_hours": 7.83588, "loss": 0.0808389, "lr": 0.00028192, "params": 3434533, "time_iter": 0.07239, "accuracy": 0.97496, "f1": 0.97415, "auc": 0.99987}
{"epoch": 41, "time_epoch": 177.27225, "eta": 28031.1959, "eta_hours": 7.78644, "loss": 0.07689087, "lr": 0.00028072, "params": 3434533, "time_iter": 0.07253, "accuracy": 0.97662, "f1": 0.97589, "auc": 0.99989}
{"epoch": 42, "time_epoch": 177.59198, "eta": 27854.4381, "eta_hours": 7.73734, "loss": 0.07380861, "lr": 0.00027949, "params": 3434533, "time_iter": 0.07266, "accuracy": 0.97661, "f1": 0.97559, "auc": 0.9999}
{"epoch": 43, "time_epoch": 177.32778, "eta": 27676.70567, "eta_hours": 7.68797, "loss": 0.06929839, "lr": 0.00027822, "params": 3434533, "time_iter": 0.07256, "accuracy": 0.9788, "f1": 0.97875, "auc": 0.99991}
{"epoch": 44, "time_epoch": 178.0499, "eta": 27501.47854, "eta_hours": 7.6393, "loss": 0.06573264, "lr": 0.00027691, "params": 3434533, "time_iter": 0.07285, "accuracy": 0.97889, "f1": 0.97818, "auc": 0.99992}
{"epoch": 45, "time_epoch": 177.34366, "eta": 27323.76429, "eta_hours": 7.58993, "loss": 0.06460691, "lr": 0.00027557, "params": 3434533, "time_iter": 0.07256, "accuracy": 0.9799, "f1": 0.97984, "auc": 0.99992}
{"epoch": 46, "time_epoch": 177.49987, "eta": 27146.57433, "eta_hours": 7.54072, "loss": 0.06367363, "lr": 0.0002742, "params": 3434533, "time_iter": 0.07263, "accuracy": 0.98024, "f1": 0.97946, "auc": 0.99992}
{"epoch": 47, "time_epoch": 177.51692, "eta": 26969.42546, "eta_hours": 7.49151, "loss": 0.05707222, "lr": 0.00027279, "params": 3434533, "time_iter": 0.07263, "accuracy": 0.98238, "f1": 0.98198, "auc": 0.99994}
{"epoch": 48, "time_epoch": 177.40088, "eta": 26791.90397, "eta_hours": 7.4422, "loss": 0.0581239, "lr": 0.00027135, "params": 3434533, "time_iter": 0.07259, "accuracy": 0.98196, "f1": 0.98163, "auc": 0.99993}
{"epoch": 49, "time_epoch": 177.3687, "eta": 26614.29077, "eta_hours": 7.39286, "loss": 0.05457946, "lr": 0.00026988, "params": 3434533, "time_iter": 0.07257, "accuracy": 0.98269, "f1": 0.98255, "auc": 0.99994}
{"epoch": 50, "time_epoch": 177.4833, "eta": 26437.02196, "eta_hours": 7.34362, "loss": 0.05142797, "lr": 0.00026837, "params": 3434533, "time_iter": 0.07262, "accuracy": 0.98404, "f1": 0.98368, "auc": 0.99995}
{"epoch": 51, "time_epoch": 176.66472, "eta": 26257.41509, "eta_hours": 7.29373, "loss": 0.05174772, "lr": 0.00026683, "params": 3434533, "time_iter": 0.07229, "accuracy": 0.98394, "f1": 0.98362, "auc": 0.99994}
{"epoch": 52, "time_epoch": 177.44175, "eta": 26080.07439, "eta_hours": 7.24447, "loss": 0.05112203, "lr": 0.00026526, "params": 3434533, "time_iter": 0.0726, "accuracy": 0.98345, "f1": 0.98275, "auc": 0.99995}
{"epoch": 53, "time_epoch": 177.14858, "eta": 25901.93733, "eta_hours": 7.19498, "loss": 0.04623013, "lr": 0.00026366, "params": 3434533, "time_iter": 0.07248, "accuracy": 0.98554, "f1": 0.98531, "auc": 0.99996}
{"epoch": 54, "time_epoch": 177.21188, "eta": 25724.00309, "eta_hours": 7.14556, "loss": 0.04540492, "lr": 0.00026202, "params": 3434533, "time_iter": 0.07251, "accuracy": 0.98565, "f1": 0.9854, "auc": 0.99996}
{"epoch": 55, "time_epoch": 176.99103, "eta": 25545.52674, "eta_hours": 7.09598, "loss": 0.0444971, "lr": 0.00026036, "params": 3434533, "time_iter": 0.07242, "accuracy": 0.98582, "f1": 0.98576, "auc": 0.99996}
{"epoch": 56, "time_epoch": 177.45347, "eta": 25368.26268, "eta_hours": 7.04674, "loss": 0.04366232, "lr": 0.00025866, "params": 3434533, "time_iter": 0.07261, "accuracy": 0.98615, "f1": 0.98637, "auc": 0.99996}
{"epoch": 57, "time_epoch": 176.93054, "eta": 25189.71181, "eta_hours": 6.99714, "loss": 0.04248798, "lr": 0.00025694, "params": 3434533, "time_iter": 0.07239, "accuracy": 0.9868, "f1": 0.9867, "auc": 0.99996}
{"epoch": 58, "time_epoch": 177.3952, "eta": 25012.32631, "eta_hours": 6.94787, "loss": 0.04025078, "lr": 0.00025519, "params": 3434533, "time_iter": 0.07258, "accuracy": 0.98717, "f1": 0.98719, "auc": 0.99997}
{"epoch": 59, "time_epoch": 177.03238, "eta": 24834.0939, "eta_hours": 6.89836, "loss": 0.03735385, "lr": 0.0002534, "params": 3434533, "time_iter": 0.07244, "accuracy": 0.98847, "f1": 0.98794, "auc": 0.99997}
{"epoch": 60, "time_epoch": 177.18523, "eta": 24656.24915, "eta_hours": 6.84896, "loss": 0.03790426, "lr": 0.00025159, "params": 3434533, "time_iter": 0.0725, "accuracy": 0.98832, "f1": 0.98814, "auc": 0.99997}
{"epoch": 61, "time_epoch": 177.37917, "eta": 24478.85735, "eta_hours": 6.79968, "loss": 0.03662834, "lr": 0.00024975, "params": 3434533, "time_iter": 0.07258, "accuracy": 0.98861, "f1": 0.98855, "auc": 0.99997}
{"epoch": 62, "time_epoch": 177.4922, "eta": 24301.71174, "eta_hours": 6.75048, "loss": 0.03644815, "lr": 0.00024789, "params": 3434533, "time_iter": 0.07262, "accuracy": 0.98858, "f1": 0.98855, "auc": 0.99997}
{"epoch": 63, "time_epoch": 176.93931, "eta": 24123.3804, "eta_hours": 6.70094, "loss": 0.03287009, "lr": 0.000246, "params": 3434533, "time_iter": 0.0724, "accuracy": 0.98968, "f1": 0.98935, "auc": 0.99998}
{"epoch": 64, "time_epoch": 177.46539, "eta": 23946.18453, "eta_hours": 6.65172, "loss": 0.03274472, "lr": 0.00024408, "params": 3434533, "time_iter": 0.07261, "accuracy": 0.98982, "f1": 0.98966, "auc": 0.99998}
{"epoch": 65, "time_epoch": 176.9008, "eta": 23767.83421, "eta_hours": 6.60218, "loss": 0.03518765, "lr": 0.00024213, "params": 3434533, "time_iter": 0.07238, "accuracy": 0.98893, "f1": 0.98853, "auc": 0.99997}
{"epoch": 66, "time_epoch": 177.21415, "eta": 23590.14917, "eta_hours": 6.55282, "loss": 0.03208906, "lr": 0.00024016, "params": 3434533, "time_iter": 0.07251, "accuracy": 0.99052, "f1": 0.99049, "auc": 0.99997}
{"epoch": 67, "time_epoch": 177.17456, "eta": 23412.40112, "eta_hours": 6.50344, "loss": 0.03072158, "lr": 0.00023817, "params": 3434533, "time_iter": 0.07249, "accuracy": 0.99041, "f1": 0.99053, "auc": 0.99998}
{"epoch": 68, "time_epoch": 177.30689, "eta": 23234.92094, "eta_hours": 6.45414, "loss": 0.02962515, "lr": 0.00023615, "params": 3434533, "time_iter": 0.07255, "accuracy": 0.99042, "f1": 0.99034, "auc": 0.99998}
{"epoch": 69, "time_epoch": 177.77601, "eta": 23058.31693, "eta_hours": 6.40509, "loss": 0.02899605, "lr": 0.00023411, "params": 3434533, "time_iter": 0.07274, "accuracy": 0.99104, "f1": 0.99088, "auc": 0.99998}
{"epoch": 70, "time_epoch": 177.12291, "eta": 22880.49328, "eta_hours": 6.35569, "loss": 0.03085181, "lr": 0.00023204, "params": 3434533, "time_iter": 0.07247, "accuracy": 0.9904, "f1": 0.99032, "auc": 0.99998}
{"epoch": 71, "time_epoch": 177.66562, "eta": 22703.65393, "eta_hours": 6.30657, "loss": 0.0285755, "lr": 0.00022995, "params": 3434533, "time_iter": 0.07269, "accuracy": 0.99097, "f1": 0.9909, "auc": 0.99998}
{"epoch": 72, "time_epoch": 177.52364, "eta": 22526.54493, "eta_hours": 6.25737, "loss": 0.02570488, "lr": 0.00022785, "params": 3434533, "time_iter": 0.07264, "accuracy": 0.99184, "f1": 0.99197, "auc": 0.99999}
{"epoch": 73, "time_epoch": 177.23482, "eta": 22348.93295, "eta_hours": 6.20804, "loss": 0.02646936, "lr": 0.00022571, "params": 3434533, "time_iter": 0.07252, "accuracy": 0.9915, "f1": 0.99141, "auc": 0.99998}
{"epoch": 74, "time_epoch": 176.88213, "eta": 22170.74322, "eta_hours": 6.15854, "loss": 0.02538255, "lr": 0.00022356, "params": 3434533, "time_iter": 0.07237, "accuracy": 0.99212, "f1": 0.9922, "auc": 0.99999}
{"epoch": 75, "time_epoch": 176.93501, "eta": 21992.67416, "eta_hours": 6.10908, "loss": 0.02394606, "lr": 0.00022139, "params": 3434533, "time_iter": 0.0724, "accuracy": 0.99251, "f1": 0.99229, "auc": 0.99999}
{"epoch": 76, "time_epoch": 177.63235, "eta": 21815.7485, "eta_hours": 6.05993, "loss": 0.02365447, "lr": 0.0002192, "params": 3434533, "time_iter": 0.07268, "accuracy": 0.99285, "f1": 0.99284, "auc": 0.99999}
{"epoch": 77, "time_epoch": 177.1308, "eta": 21638.02024, "eta_hours": 6.01056, "loss": 0.02094872, "lr": 0.00021699, "params": 3434533, "time_iter": 0.07248, "accuracy": 0.99341, "f1": 0.99318, "auc": 0.99999}
{"epoch": 78, "time_epoch": 176.66262, "eta": 21459.59003, "eta_hours": 5.961, "loss": 0.0211639, "lr": 0.00021476, "params": 3434533, "time_iter": 0.07228, "accuracy": 0.99322, "f1": 0.993, "auc": 0.99999}
{"epoch": 79, "time_epoch": 177.22671, "eta": 21282.05013, "eta_hours": 5.91168, "loss": 0.019965, "lr": 0.00021252, "params": 3434533, "time_iter": 0.07252, "accuracy": 0.99405, "f1": 0.99389, "auc": 0.99999}
{"epoch": 80, "time_epoch": 177.35131, "eta": 21104.70102, "eta_hours": 5.86242, "loss": 0.02055669, "lr": 0.00021025, "params": 3434533, "time_iter": 0.07257, "accuracy": 0.9935, "f1": 0.99336, "auc": 0.99999}
{"epoch": 81, "time_epoch": 176.86623, "eta": 20926.65381, "eta_hours": 5.81296, "loss": 0.02007899, "lr": 0.00020797, "params": 3434533, "time_iter": 0.07237, "accuracy": 0.99377, "f1": 0.9937, "auc": 0.99999}
{"epoch": 82, "time_epoch": 177.14787, "eta": 20749.03207, "eta_hours": 5.76362, "loss": 0.02010441, "lr": 0.00020568, "params": 3434533, "time_iter": 0.07248, "accuracy": 0.99355, "f1": 0.99356, "auc": 0.99999}
{"epoch": 83, "time_epoch": 177.26607, "eta": 20571.58484, "eta_hours": 5.71433, "loss": 0.02033818, "lr": 0.00020337, "params": 3434533, "time_iter": 0.07253, "accuracy": 0.99381, "f1": 0.99386, "auc": 0.99999}
{"epoch": 84, "time_epoch": 176.95235, "eta": 20393.71744, "eta_hours": 5.66492, "loss": 0.01872025, "lr": 0.00020104, "params": 3434533, "time_iter": 0.0724, "accuracy": 0.99416, "f1": 0.99411, "auc": 0.99999}
{"epoch": 85, "time_epoch": 177.10727, "eta": 20216.07668, "eta_hours": 5.61558, "loss": 0.01973967, "lr": 0.0001987, "params": 3434533, "time_iter": 0.07247, "accuracy": 0.99387, "f1": 0.99387, "auc": 0.99999}
{"epoch": 86, "time_epoch": 177.19056, "eta": 20038.55636, "eta_hours": 5.56627, "loss": 0.0168075, "lr": 0.00019635, "params": 3434533, "time_iter": 0.0725, "accuracy": 0.99491, "f1": 0.99486, "auc": 0.99999}
{"epoch": 87, "time_epoch": 176.96758, "eta": 19860.75974, "eta_hours": 5.51688, "loss": 0.01482077, "lr": 0.00019399, "params": 3434533, "time_iter": 0.07241, "accuracy": 0.99543, "f1": 0.99513, "auc": 1.0}
{"epoch": 88, "time_epoch": 176.71317, "eta": 19682.66444, "eta_hours": 5.46741, "loss": 0.01635414, "lr": 0.00019161, "params": 3434533, "time_iter": 0.0723, "accuracy": 0.99486, "f1": 0.99474, "auc": 0.99999}
{"epoch": 89, "time_epoch": 177.13093, "eta": 19505.11046, "eta_hours": 5.41809, "loss": 0.01643997, "lr": 0.00018922, "params": 3434533, "time_iter": 0.07248, "accuracy": 0.99522, "f1": 0.99515, "auc": 0.99999}
{"epoch": 90, "time_epoch": 177.21353, "eta": 19327.66471, "eta_hours": 5.3688, "loss": 0.0162036, "lr": 0.00018682, "params": 3434533, "time_iter": 0.07251, "accuracy": 0.99473, "f1": 0.995, "auc": 0.99999}
{"epoch": 91, "time_epoch": 177.00953, "eta": 19149.98455, "eta_hours": 5.31944, "loss": 0.01499682, "lr": 0.00018441, "params": 3434533, "time_iter": 0.07243, "accuracy": 0.99546, "f1": 0.99519, "auc": 0.99999}
{"epoch": 92, "time_epoch": 177.1433, "eta": 18972.47271, "eta_hours": 5.27013, "loss": 0.01513278, "lr": 0.00018199, "params": 3434533, "time_iter": 0.07248, "accuracy": 0.99538, "f1": 0.9953, "auc": 0.99999}
{"epoch": 93, "time_epoch": 177.12544, "eta": 18794.94857, "eta_hours": 5.22082, "loss": 0.01571787, "lr": 0.00017957, "params": 3434533, "time_iter": 0.07247, "accuracy": 0.99526, "f1": 0.99507, "auc": 0.99999}
{"epoch": 94, "time_epoch": 182.73452, "eta": 18623.63233, "eta_hours": 5.17323, "loss": 0.01447825, "lr": 0.00017713, "params": 3434533, "time_iter": 0.07477, "accuracy": 0.99558, "f1": 0.99554, "auc": 1.0}
{"epoch": 95, "time_epoch": 179.68714, "eta": 18448.77688, "eta_hours": 5.12466, "loss": 0.01351139, "lr": 0.00017469, "params": 3434533, "time_iter": 0.07352, "accuracy": 0.99592, "f1": 0.99584, "auc": 1.0}
{"epoch": 96, "time_epoch": 177.09542, "eta": 18271.06978, "eta_hours": 5.0753, "loss": 0.01323902, "lr": 0.00017224, "params": 3434533, "time_iter": 0.07246, "accuracy": 0.99575, "f1": 0.99562, "auc": 1.0}
{"epoch": 97, "time_epoch": 177.91645, "eta": 18094.2297, "eta_hours": 5.02617, "loss": 0.01301906, "lr": 0.00016978, "params": 3434533, "time_iter": 0.0728, "accuracy": 0.99604, "f1": 0.99602, "auc": 1.0}
{"epoch": 98, "time_epoch": 177.66614, "eta": 17917.11251, "eta_hours": 4.97698, "loss": 0.01257282, "lr": 0.00016732, "params": 3434533, "time_iter": 0.07269, "accuracy": 0.99605, "f1": 0.99607, "auc": 1.0}
{"epoch": 99, "time_epoch": 179.03817, "eta": 17741.35638, "eta_hours": 4.92815, "loss": 0.01301853, "lr": 0.00016486, "params": 3434533, "time_iter": 0.07326, "accuracy": 0.99611, "f1": 0.99613, "auc": 1.0}
{"epoch": 100, "time_epoch": 178.91217, "eta": 17565.41175, "eta_hours": 4.87928, "loss": 0.01210515, "lr": 0.00016239, "params": 3434533, "time_iter": 0.0732, "accuracy": 0.99637, "f1": 0.9964, "auc": 1.0}
{"epoch": 101, "time_epoch": 178.86817, "eta": 17389.36666, "eta_hours": 4.83038, "loss": 0.01136172, "lr": 0.00015991, "params": 3434533, "time_iter": 0.07319, "accuracy": 0.99645, "f1": 0.99649, "auc": 1.0}
{"epoch": 102, "time_epoch": 179.5225, "eta": 17213.88296, "eta_hours": 4.78163, "loss": 0.01053709, "lr": 0.00015744, "params": 3434533, "time_iter": 0.07345, "accuracy": 0.99692, "f1": 0.99687, "auc": 1.0}
{"epoch": 103, "time_epoch": 179.5201, "eta": 17038.31938, "eta_hours": 4.73287, "loss": 0.01036363, "lr": 0.00015496, "params": 3434533, "time_iter": 0.07345, "accuracy": 0.99689, "f1": 0.99699, "auc": 1.0}
{"epoch": 104, "time_epoch": 178.71696, "eta": 16861.95378, "eta_hours": 4.68388, "loss": 0.0109198, "lr": 0.00015248, "params": 3434533, "time_iter": 0.07312, "accuracy": 0.99666, "f1": 0.99665, "auc": 1.0}
{"epoch": 105, "time_epoch": 178.18495, "eta": 16685.07204, "eta_hours": 4.63474, "loss": 0.01027524, "lr": 0.00015, "params": 3434533, "time_iter": 0.07291, "accuracy": 0.99698, "f1": 0.99691, "auc": 1.0}
{"epoch": 106, "time_epoch": 179.57368, "eta": 16509.37296, "eta_hours": 4.58594, "loss": 0.0093602, "lr": 0.00014752, "params": 3434533, "time_iter": 0.07348, "accuracy": 0.99716, "f1": 0.99733, "auc": 1.0}
{"epoch": 107, "time_epoch": 179.51327, "eta": 16333.55067, "eta_hours": 4.5371, "loss": 0.00930153, "lr": 0.00014504, "params": 3434533, "time_iter": 0.07345, "accuracy": 0.99691, "f1": 0.99694, "auc": 1.0}
{"epoch": 108, "time_epoch": 179.30203, "eta": 16157.48431, "eta_hours": 4.48819, "loss": 0.00949241, "lr": 0.00014256, "params": 3434533, "time_iter": 0.07336, "accuracy": 0.99733, "f1": 0.99741, "auc": 1.0}
{"epoch": 109, "time_epoch": 177.71945, "eta": 15980.06427, "eta_hours": 4.43891, "loss": 0.00882538, "lr": 0.00014009, "params": 3434533, "time_iter": 0.07272, "accuracy": 0.99717, "f1": 0.99735, "auc": 1.0}
{"epoch": 110, "time_epoch": 179.66435, "eta": 15804.19826, "eta_hours": 4.39006, "loss": 0.00882908, "lr": 0.00013761, "params": 3434533, "time_iter": 0.07351, "accuracy": 0.99716, "f1": 0.9972, "auc": 1.0}
{"epoch": 111, "time_epoch": 178.2526, "eta": 15627.1552, "eta_hours": 4.34088, "loss": 0.00948844, "lr": 0.00013514, "params": 3434533, "time_iter": 0.07293, "accuracy": 0.9972, "f1": 0.99742, "auc": 1.0}
{"epoch": 112, "time_epoch": 179.01191, "eta": 15450.67533, "eta_hours": 4.29185, "loss": 0.00758644, "lr": 0.00013268, "params": 3434533, "time_iter": 0.07325, "accuracy": 0.99774, "f1": 0.99784, "auc": 1.0}
{"epoch": 113, "time_epoch": 181.54302, "eta": 15276.06046, "eta_hours": 4.24335, "loss": 0.0076431, "lr": 0.00013022, "params": 3434533, "time_iter": 0.07428, "accuracy": 0.99765, "f1": 0.99757, "auc": 1.0}
{"epoch": 114, "time_epoch": 181.59062, "eta": 15101.36029, "eta_hours": 4.19482, "loss": 0.00843097, "lr": 0.00012776, "params": 3434533, "time_iter": 0.0743, "accuracy": 0.99756, "f1": 0.99736, "auc": 1.0}
{"epoch": 115, "time_epoch": 178.55421, "eta": 14924.34254, "eta_hours": 4.14565, "loss": 0.00716294, "lr": 0.00012531, "params": 3434533, "time_iter": 0.07306, "accuracy": 0.99786, "f1": 0.99784, "auc": 1.0}
{"epoch": 116, "time_epoch": 178.15195, "eta": 14747.01316, "eta_hours": 4.09639, "loss": 0.0078103, "lr": 0.00012287, "params": 3434533, "time_iter": 0.07289, "accuracy": 0.99765, "f1": 0.9976, "auc": 1.0}
{"epoch": 117, "time_epoch": 179.39453, "eta": 14570.53333, "eta_hours": 4.04737, "loss": 0.00769499, "lr": 0.00012043, "params": 3434533, "time_iter": 0.0734, "accuracy": 0.99766, "f1": 0.99759, "auc": 1.0}
{"epoch": 118, "time_epoch": 178.67303, "eta": 14393.51341, "eta_hours": 3.9982, "loss": 0.0076422, "lr": 0.00011801, "params": 3434533, "time_iter": 0.07311, "accuracy": 0.99776, "f1": 0.99772, "auc": 1.0}
{"epoch": 119, "time_epoch": 178.15816, "eta": 14216.12269, "eta_hours": 3.94892, "loss": 0.00692166, "lr": 0.00011559, "params": 3434533, "time_iter": 0.0729, "accuracy": 0.99795, "f1": 0.9979, "auc": 1.0}
{"epoch": 120, "time_epoch": 179.03854, "eta": 14039.29408, "eta_hours": 3.8998, "loss": 0.00685421, "lr": 0.00011318, "params": 3434533, "time_iter": 0.07326, "accuracy": 0.99789, "f1": 0.99799, "auc": 1.0}
{"epoch": 121, "time_epoch": 177.48637, "eta": 13861.43686, "eta_hours": 3.8504, "loss": 0.00662362, "lr": 0.00011078, "params": 3434533, "time_iter": 0.07262, "accuracy": 0.99799, "f1": 0.99787, "auc": 1.0}
{"epoch": 122, "time_epoch": 178.62791, "eta": 13684.3003, "eta_hours": 3.80119, "loss": 0.00567077, "lr": 0.00010839, "params": 3434533, "time_iter": 0.07309, "accuracy": 0.99831, "f1": 0.9981, "auc": 1.0}
{"epoch": 123, "time_epoch": 176.56536, "eta": 13505.87555, "eta_hours": 3.75163, "loss": 0.00623001, "lr": 0.00010601, "params": 3434533, "time_iter": 0.07224, "accuracy": 0.99816, "f1": 0.99829, "auc": 1.0}
{"epoch": 124, "time_epoch": 178.15467, "eta": 13328.43413, "eta_hours": 3.70234, "loss": 0.00522311, "lr": 0.00010365, "params": 3434533, "time_iter": 0.07289, "accuracy": 0.99853, "f1": 0.99856, "auc": 1.0}
{"epoch": 125, "time_epoch": 177.62681, "eta": 13150.67137, "eta_hours": 3.65296, "loss": 0.00642376, "lr": 0.0001013, "params": 3434533, "time_iter": 0.07268, "accuracy": 0.99802, "f1": 0.99805, "auc": 1.0}
{"epoch": 126, "time_epoch": 181.75681, "eta": 12975.28469, "eta_hours": 3.60425, "loss": 0.00503102, "lr": 9.896e-05, "params": 3434533, "time_iter": 0.07437, "accuracy": 0.99852, "f1": 0.99855, "auc": 1.0}
{"epoch": 127, "time_epoch": 182.49752, "eta": 12800.21514, "eta_hours": 3.55562, "loss": 0.00566446, "lr": 9.663e-05, "params": 3434533, "time_iter": 0.07467, "accuracy": 0.9982, "f1": 0.99822, "auc": 1.0}
{"epoch": 128, "time_epoch": 179.31666, "eta": 12623.27971, "eta_hours": 3.50647, "loss": 0.00507045, "lr": 9.432e-05, "params": 3434533, "time_iter": 0.07337, "accuracy": 0.99845, "f1": 0.99854, "auc": 1.0}
{"epoch": 129, "time_epoch": 177.73121, "eta": 12445.45394, "eta_hours": 3.45707, "loss": 0.00512801, "lr": 9.203e-05, "params": 3434533, "time_iter": 0.07272, "accuracy": 0.99848, "f1": 0.99843, "auc": 1.0}
{"epoch": 130, "time_epoch": 178.75051, "eta": 12268.1665, "eta_hours": 3.40782, "loss": 0.00453035, "lr": 8.975e-05, "params": 3434533, "time_iter": 0.07314, "accuracy": 0.99882, "f1": 0.99881, "auc": 1.0}
{"epoch": 131, "time_epoch": 178.05181, "eta": 12090.49696, "eta_hours": 3.35847, "loss": 0.00467449, "lr": 8.748e-05, "params": 3434533, "time_iter": 0.07285, "accuracy": 0.99861, "f1": 0.99856, "auc": 1.0}
{"epoch": 132, "time_epoch": 177.75499, "eta": 11912.67214, "eta_hours": 3.30908, "loss": 0.00456412, "lr": 8.524e-05, "params": 3434533, "time_iter": 0.07273, "accuracy": 0.99868, "f1": 0.99865, "auc": 1.0}
{"epoch": 133, "time_epoch": 179.24728, "eta": 11735.58337, "eta_hours": 3.25988, "loss": 0.00432801, "lr": 8.301e-05, "params": 3434533, "time_iter": 0.07334, "accuracy": 0.99855, "f1": 0.9986, "auc": 1.0}
{"epoch": 134, "time_epoch": 177.5944, "eta": 11557.66679, "eta_hours": 3.21046, "loss": 0.00381801, "lr": 8.08e-05, "params": 3434533, "time_iter": 0.07267, "accuracy": 0.99909, "f1": 0.9992, "auc": 1.0}
{"epoch": 135, "time_epoch": 178.94653, "eta": 11380.39125, "eta_hours": 3.16122, "loss": 0.00439875, "lr": 7.861e-05, "params": 3434533, "time_iter": 0.07322, "accuracy": 0.99867, "f1": 0.9986, "auc": 1.0}
{"epoch": 136, "time_epoch": 178.29143, "eta": 11202.79006, "eta_hours": 3.11189, "loss": 0.00370383, "lr": 7.644e-05, "params": 3434533, "time_iter": 0.07295, "accuracy": 0.99893, "f1": 0.999, "auc": 1.0}
{"epoch": 137, "time_epoch": 181.26994, "eta": 11026.51705, "eta_hours": 3.06292, "loss": 0.00346632, "lr": 7.429e-05, "params": 3434533, "time_iter": 0.07417, "accuracy": 0.9989, "f1": 0.99884, "auc": 1.0}
{"epoch": 138, "time_epoch": 178.15428, "eta": 10848.80483, "eta_hours": 3.01356, "loss": 0.00321765, "lr": 7.215e-05, "params": 3434533, "time_iter": 0.07289, "accuracy": 0.9991, "f1": 0.99911, "auc": 1.0}
{"epoch": 139, "time_epoch": 179.30284, "eta": 10671.57853, "eta_hours": 2.96433, "loss": 0.00350221, "lr": 7.005e-05, "params": 3434533, "time_iter": 0.07336, "accuracy": 0.999, "f1": 0.99903, "auc": 1.0}
{"epoch": 140, "time_epoch": 178.60826, "eta": 10494.03214, "eta_hours": 2.91501, "loss": 0.00311444, "lr": 6.796e-05, "params": 3434533, "time_iter": 0.07308, "accuracy": 0.99923, "f1": 0.99909, "auc": 1.0}
{"epoch": 141, "time_epoch": 177.97237, "eta": 10316.21106, "eta_hours": 2.86561, "loss": 0.00370011, "lr": 6.589e-05, "params": 3434533, "time_iter": 0.07282, "accuracy": 0.9988, "f1": 0.9988, "auc": 1.0}
{"epoch": 142, "time_epoch": 179.67481, "eta": 10139.06647, "eta_hours": 2.81641, "loss": 0.00281111, "lr": 6.385e-05, "params": 3434533, "time_iter": 0.07352, "accuracy": 0.99934, "f1": 0.9993, "auc": 1.0}
{"epoch": 143, "time_epoch": 178.21869, "eta": 9961.32046, "eta_hours": 2.76703, "loss": 0.0028319, "lr": 6.183e-05, "params": 3434533, "time_iter": 0.07292, "accuracy": 0.99918, "f1": 0.9992, "auc": 1.0}
{"epoch": 144, "time_epoch": 178.2383, "eta": 9783.57537, "eta_hours": 2.71766, "loss": 0.00257639, "lr": 5.984e-05, "params": 3434533, "time_iter": 0.07293, "accuracy": 0.99932, "f1": 0.99934, "auc": 1.0}
{"epoch": 145, "time_epoch": 178.03868, "eta": 9605.74969, "eta_hours": 2.66826, "loss": 0.00298377, "lr": 5.787e-05, "params": 3434533, "time_iter": 0.07285, "accuracy": 0.99921, "f1": 0.99922, "auc": 1.0}
{"epoch": 146, "time_epoch": 183.32913, "eta": 9429.82855, "eta_hours": 2.6194, "loss": 0.00240837, "lr": 5.592e-05, "params": 3434533, "time_iter": 0.07501, "accuracy": 0.99934, "f1": 0.99943, "auc": 1.0}
{"epoch": 147, "time_epoch": 179.00801, "eta": 9252.28908, "eta_hours": 2.57008, "loss": 0.00273531, "lr": 5.4e-05, "params": 3434533, "time_iter": 0.07324, "accuracy": 0.99934, "f1": 0.99941, "auc": 1.0}
{"epoch": 148, "time_epoch": 177.8819, "eta": 9074.34445, "eta_hours": 2.52065, "loss": 0.00240497, "lr": 5.211e-05, "params": 3434533, "time_iter": 0.07278, "accuracy": 0.99935, "f1": 0.99937, "auc": 1.0}
{"epoch": 149, "time_epoch": 177.29995, "eta": 8896.20667, "eta_hours": 2.47117, "loss": 0.00240747, "lr": 5.025e-05, "params": 3434533, "time_iter": 0.07254, "accuracy": 0.99936, "f1": 0.9994, "auc": 1.0}
{"epoch": 150, "time_epoch": 178.84525, "eta": 8718.58144, "eta_hours": 2.42183, "loss": 0.00234338, "lr": 4.841e-05, "params": 3434533, "time_iter": 0.07318, "accuracy": 0.99946, "f1": 0.99951, "auc": 1.0}
{"epoch": 151, "time_epoch": 177.40301, "eta": 8540.48472, "eta_hours": 2.37236, "loss": 0.00207165, "lr": 4.66e-05, "params": 3434533, "time_iter": 0.07259, "accuracy": 0.99939, "f1": 0.99938, "auc": 1.0}
{"epoch": 152, "time_epoch": 178.17555, "eta": 8362.63437, "eta_hours": 2.32295, "loss": 0.00196113, "lr": 4.481e-05, "params": 3434533, "time_iter": 0.0729, "accuracy": 0.99945, "f1": 0.99942, "auc": 1.0}
{"epoch": 153, "time_epoch": 178.03325, "eta": 8184.7373, "eta_hours": 2.27354, "loss": 0.0021971, "lr": 4.306e-05, "params": 3434533, "time_iter": 0.07285, "accuracy": 0.99944, "f1": 0.99947, "auc": 1.0}
{"epoch": 154, "time_epoch": 181.0918, "eta": 8007.72644, "eta_hours": 2.22437, "loss": 0.00217184, "lr": 4.134e-05, "params": 3434533, "time_iter": 0.0741, "accuracy": 0.99944, "f1": 0.99939, "auc": 1.0}
{"epoch": 155, "time_epoch": 179.64479, "eta": 7830.25513, "eta_hours": 2.17507, "loss": 0.00182469, "lr": 3.964e-05, "params": 3434533, "time_iter": 0.0735, "accuracy": 0.99954, "f1": 0.99955, "auc": 1.0}
{"epoch": 156, "time_epoch": 178.9797, "eta": 7652.57398, "eta_hours": 2.12571, "loss": 0.00154353, "lr": 3.798e-05, "params": 3434533, "time_iter": 0.07323, "accuracy": 0.99964, "f1": 0.99961, "auc": 1.0}
{"epoch": 157, "time_epoch": 178.20074, "eta": 7474.66932, "eta_hours": 2.0763, "loss": 0.00183516, "lr": 3.634e-05, "params": 3434533, "time_iter": 0.07291, "accuracy": 0.99953, "f1": 0.99955, "auc": 1.0}
{"epoch": 158, "time_epoch": 178.36525, "eta": 7296.80335, "eta_hours": 2.02689, "loss": 0.00173903, "lr": 3.474e-05, "params": 3434533, "time_iter": 0.07298, "accuracy": 0.99951, "f1": 0.99946, "auc": 1.0}
{"epoch": 159, "time_epoch": 179.80272, "eta": 7119.29051, "eta_hours": 1.97758, "loss": 0.00181147, "lr": 3.317e-05, "params": 3434533, "time_iter": 0.07357, "accuracy": 0.99946, "f1": 0.99944, "auc": 1.0}
{"epoch": 160, "time_epoch": 180.03422, "eta": 6941.80531, "eta_hours": 1.92828, "loss": 0.00199416, "lr": 3.163e-05, "params": 3434533, "time_iter": 0.07366, "accuracy": 0.99941, "f1": 0.99946, "auc": 1.0}
{"epoch": 161, "time_epoch": 178.96011, "eta": 6764.03668, "eta_hours": 1.8789, "loss": 0.00164742, "lr": 3.012e-05, "params": 3434533, "time_iter": 0.07322, "accuracy": 0.99959, "f1": 0.99966, "auc": 1.0}
{"epoch": 162, "time_epoch": 180.38906, "eta": 6586.5778, "eta_hours": 1.8296, "loss": 0.00135665, "lr": 2.865e-05, "params": 3434533, "time_iter": 0.07381, "accuracy": 0.99962, "f1": 0.99957, "auc": 1.0}
{"epoch": 163, "time_epoch": 179.38087, "eta": 6408.86187, "eta_hours": 1.78024, "loss": 0.00161733, "lr": 2.721e-05, "params": 3434533, "time_iter": 0.0734, "accuracy": 0.9996, "f1": 0.9996, "auc": 1.0}
{"epoch": 164, "time_epoch": 183.7355, "eta": 6232.04947, "eta_hours": 1.73112, "loss": 0.00129852, "lr": 2.58e-05, "params": 3434533, "time_iter": 0.07518, "accuracy": 0.99968, "f1": 0.99974, "auc": 1.0}
{"epoch": 165, "time_epoch": 177.37642, "eta": 6053.8512, "eta_hours": 1.68163, "loss": 0.0011671, "lr": 2.443e-05, "params": 3434533, "time_iter": 0.07258, "accuracy": 0.99973, "f1": 0.99978, "auc": 1.0}
{"epoch": 166, "time_epoch": 179.71735, "eta": 5876.12535, "eta_hours": 1.63226, "loss": 0.00133587, "lr": 2.309e-05, "params": 3434533, "time_iter": 0.07353, "accuracy": 0.99968, "f1": 0.99971, "auc": 1.0}
{"epoch": 167, "time_epoch": 177.33973, "eta": 5697.92292, "eta_hours": 1.58276, "loss": 0.00125979, "lr": 2.178e-05, "params": 3434533, "time_iter": 0.07256, "accuracy": 0.99974, "f1": 0.99976, "auc": 1.0}
{"epoch": 168, "time_epoch": 179.36249, "eta": 5520.10173, "eta_hours": 1.53336, "loss": 0.00139797, "lr": 2.051e-05, "params": 3434533, "time_iter": 0.07339, "accuracy": 0.99965, "f1": 0.99963, "auc": 1.0}
{"epoch": 169, "time_epoch": 178.24097, "eta": 5342.06449, "eta_hours": 1.48391, "loss": 0.00116187, "lr": 1.928e-05, "params": 3434533, "time_iter": 0.07293, "accuracy": 0.99968, "f1": 0.99966, "auc": 1.0}
{"epoch": 170, "time_epoch": 177.29027, "eta": 5163.86364, "eta_hours": 1.43441, "loss": 0.00136308, "lr": 1.808e-05, "params": 3434533, "time_iter": 0.07254, "accuracy": 0.99968, "f1": 0.99972, "auc": 1.0}
{"epoch": 171, "time_epoch": 178.40936, "eta": 4985.85555, "eta_hours": 1.38496, "loss": 0.00115775, "lr": 1.692e-05, "params": 3434533, "time_iter": 0.073, "accuracy": 0.99971, "f1": 0.99971, "auc": 1.0}
{"epoch": 172, "time_epoch": 177.88451, "eta": 4807.76092, "eta_hours": 1.33549, "loss": 0.00125491, "lr": 1.579e-05, "params": 3434533, "time_iter": 0.07278, "accuracy": 0.99965, "f1": 0.99969, "auc": 1.0}
{"epoch": 173, "time_epoch": 177.67684, "eta": 4629.63766, "eta_hours": 1.28601, "loss": 0.00104205, "lr": 1.47e-05, "params": 3434533, "time_iter": 0.0727, "accuracy": 0.99972, "f1": 0.99967, "auc": 1.0}
{"epoch": 174, "time_epoch": 178.16705, "eta": 4451.58954, "eta_hours": 1.23655, "loss": 0.00094836, "lr": 1.365e-05, "params": 3434533, "time_iter": 0.0729, "accuracy": 0.99983, "f1": 0.99988, "auc": 1.0}
{"epoch": 175, "time_epoch": 176.94589, "eta": 4273.37355, "eta_hours": 1.18705, "loss": 0.00095254, "lr": 1.263e-05, "params": 3434533, "time_iter": 0.0724, "accuracy": 0.99982, "f1": 0.99986, "auc": 1.0}
{"epoch": 176, "time_epoch": 177.81214, "eta": 4095.28447, "eta_hours": 1.13758, "loss": 0.0011779, "lr": 1.166e-05, "params": 3434533, "time_iter": 0.07275, "accuracy": 0.99968, "f1": 0.99976, "auc": 1.0}
{"epoch": 177, "time_epoch": 176.8455, "eta": 3917.07903, "eta_hours": 1.08808, "loss": 0.00089557, "lr": 1.072e-05, "params": 3434533, "time_iter": 0.07236, "accuracy": 0.99985, "f1": 0.99985, "auc": 1.0}
{"epoch": 178, "time_epoch": 178.80191, "eta": 3739.11831, "eta_hours": 1.03864, "loss": 0.0010868, "lr": 9.82e-06, "params": 3434533, "time_iter": 0.07316, "accuracy": 0.99977, "f1": 0.99981, "auc": 1.0}
{"epoch": 179, "time_epoch": 177.21259, "eta": 3560.97165, "eta_hours": 0.98916, "loss": 0.00100322, "lr": 8.95e-06, "params": 3434533, "time_iter": 0.07251, "accuracy": 0.99977, "f1": 0.99978, "auc": 1.0}
{"epoch": 180, "time_epoch": 181.11317, "eta": 3383.24476, "eta_hours": 0.93979, "loss": 0.00102846, "lr": 8.13e-06, "params": 3434533, "time_iter": 0.07411, "accuracy": 0.99977, "f1": 0.9998, "auc": 1.0}
{"epoch": 181, "time_epoch": 179.92369, "eta": 3205.36302, "eta_hours": 0.89038, "loss": 0.00096073, "lr": 7.34e-06, "params": 3434533, "time_iter": 0.07362, "accuracy": 0.99976, "f1": 0.99975, "auc": 1.0}
{"epoch": 182, "time_epoch": 179.1969, "eta": 3027.39145, "eta_hours": 0.84094, "loss": 0.0010006, "lr": 6.59e-06, "params": 3434533, "time_iter": 0.07332, "accuracy": 0.99976, "f1": 0.99976, "auc": 1.0}
{"epoch": 183, "time_epoch": 177.06562, "eta": 2849.22124, "eta_hours": 0.79145, "loss": 0.00078648, "lr": 5.89e-06, "params": 3434533, "time_iter": 0.07245, "accuracy": 0.99983, "f1": 0.99985, "auc": 1.0}
{"epoch": 184, "time_epoch": 177.3386, "eta": 2671.08509, "eta_hours": 0.74197, "loss": 0.00088958, "lr": 5.22e-06, "params": 3434533, "time_iter": 0.07256, "accuracy": 0.99983, "f1": 0.9998, "auc": 1.0}
{"epoch": 185, "time_epoch": 177.7517, "eta": 2492.98862, "eta_hours": 0.6925, "loss": 0.00073471, "lr": 4.59e-06, "params": 3434533, "time_iter": 0.07273, "accuracy": 0.99985, "f1": 0.99985, "auc": 1.0}
{"epoch": 186, "time_epoch": 177.23499, "eta": 2314.85991, "eta_hours": 0.64302, "loss": 0.00095824, "lr": 4e-06, "params": 3434533, "time_iter": 0.07252, "accuracy": 0.99977, "f1": 0.99978, "auc": 1.0}
{"epoch": 187, "time_epoch": 178.87292, "eta": 2136.84526, "eta_hours": 0.59357, "loss": 0.00095184, "lr": 3.45e-06, "params": 3434533, "time_iter": 0.07319, "accuracy": 0.99973, "f1": 0.99976, "auc": 1.0}
{"epoch": 188, "time_epoch": 179.0838, "eta": 1958.8338, "eta_hours": 0.54412, "loss": 0.00087725, "lr": 2.94e-06, "params": 3434533, "time_iter": 0.07327, "accuracy": 0.99982, "f1": 0.99986, "auc": 1.0}
{"epoch": 189, "time_epoch": 178.81417, "eta": 1780.79686, "eta_hours": 0.49467, "loss": 0.0009405, "lr": 2.47e-06, "params": 3434533, "time_iter": 0.07316, "accuracy": 0.99976, "f1": 0.99976, "auc": 1.0}
{"epoch": 190, "time_epoch": 178.64959, "eta": 1602.74403, "eta_hours": 0.44521, "loss": 0.00075082, "lr": 2.05e-06, "params": 3434533, "time_iter": 0.0731, "accuracy": 0.99985, "f1": 0.99989, "auc": 1.0}
{"epoch": 191, "time_epoch": 176.94376, "eta": 1424.61391, "eta_hours": 0.39573, "loss": 0.00078323, "lr": 1.66e-06, "params": 3434533, "time_iter": 0.0724, "accuracy": 0.99981, "f1": 0.9998, "auc": 1.0}
{"epoch": 192, "time_epoch": 177.90744, "eta": 1246.53103, "eta_hours": 0.34626, "loss": 0.00073675, "lr": 1.31e-06, "params": 3434533, "time_iter": 0.07279, "accuracy": 0.99985, "f1": 0.99983, "auc": 1.0}
{"epoch": 193, "time_epoch": 176.94286, "eta": 1068.42013, "eta_hours": 0.29678, "loss": 0.0007202, "lr": 1e-06, "params": 3434533, "time_iter": 0.0724, "accuracy": 0.99986, "f1": 0.99987, "auc": 1.0}
{"epoch": 194, "time_epoch": 177.92925, "eta": 890.34649, "eta_hours": 0.24732, "loss": 0.00098229, "lr": 7.4e-07, "params": 3434533, "time_iter": 0.0728, "accuracy": 0.9998, "f1": 0.99983, "auc": 1.0}
{"epoch": 195, "time_epoch": 177.77233, "eta": 712.27114, "eta_hours": 0.19785, "loss": 0.0006874, "lr": 5.1e-07, "params": 3434533, "time_iter": 0.07274, "accuracy": 0.99986, "f1": 0.99987, "auc": 1.0}
{"epoch": 196, "time_epoch": 179.79837, "eta": 534.22971, "eta_hours": 0.1484, "loss": 0.00087184, "lr": 3.3e-07, "params": 3434533, "time_iter": 0.07357, "accuracy": 0.99978, "f1": 0.99979, "auc": 1.0}
{"epoch": 197, "time_epoch": 177.5673, "eta": 356.14799, "eta_hours": 0.09893, "loss": 0.00072674, "lr": 1.8e-07, "params": 3434533, "time_iter": 0.07265, "accuracy": 0.99988, "f1": 0.99991, "auc": 1.0}
{"epoch": 198, "time_epoch": 180.16661, "eta": 178.08451, "eta_hours": 0.04947, "loss": 0.00080794, "lr": 8e-08, "params": 3434533, "time_iter": 0.07372, "accuracy": 0.99981, "f1": 0.99977, "auc": 1.0}
{"epoch": 199, "time_epoch": 178.50202, "eta": 0.0, "eta_hours": 0.0, "loss": 0.00083657, "lr": 2e-08, "params": 3434533, "time_iter": 0.07304, "accuracy": 0.9998, "f1": 0.99983, "auc": 1.0}
