{"epoch": 0, "time_epoch": 86.74785, "eta": 8588.03764, "eta_hours": 2.38557, "loss": 1.80459942, "lr": 0.0, "params": 502054, "time_iter": 0.1388, "accuracy": 0.16678, "f1": 0.04765, "auc": 0.50033}
{"epoch": 1, "time_epoch": 83.85779, "eta": 8359.6765, "eta_hours": 2.32213, "loss": 1.66821426, "lr": 0.0002, "params": 502054, "time_iter": 0.13417, "accuracy": 0.34234, "f1": 0.3345, "auc": 0.68787}
{"epoch": 2, "time_epoch": 83.85508, "eta": 8227.56337, "eta_hours": 2.28543, "loss": 1.29842703, "lr": 0.0004, "params": 502054, "time_iter": 0.13417, "accuracy": 0.56607, "f1": 0.56573, "auc": 0.83845}
{"epoch": 3, "time_epoch": 84.13167, "eta": 8126.21748, "eta_hours": 2.25728, "loss": 1.05795434, "lr": 0.0006, "params": 502054, "time_iter": 0.13461, "accuracy": 0.6426, "f1": 0.6426, "auc": 0.89082}
{"epoch": 4, "time_epoch": 83.72174, "eta": 8023.96865, "eta_hours": 2.22888, "loss": 0.95175133, "lr": 0.0008, "params": 502054, "time_iter": 0.13395, "accuracy": 0.67102, "f1": 0.67102, "auc": 0.91099}
{"epoch": 5, "time_epoch": 83.29687, "eta": 7921.23916, "eta_hours": 2.20034, "loss": 0.87278869, "lr": 0.001, "params": 502054, "time_iter": 0.13327, "accuracy": 0.69452, "f1": 0.69452, "auc": 0.92474}
{"epoch": 6, "time_epoch": 83.67235, "eta": 7829.05033, "eta_hours": 2.17474, "loss": 0.81253989, "lr": 0.00099973, "params": 502054, "time_iter": 0.13388, "accuracy": 0.71273, "f1": 0.71273, "auc": 0.93452}
{"epoch": 7, "time_epoch": 86.45852, "eta": 7771.03158, "eta_hours": 2.15862, "loss": 0.78379982, "lr": 0.00099891, "params": 502054, "time_iter": 0.13833, "accuracy": 0.72187, "f1": 0.72187, "auc": 0.9389}
{"epoch": 8, "time_epoch": 86.75939, "eta": 7709.73502, "eta_hours": 2.14159, "loss": 0.76423568, "lr": 0.00099754, "params": 502054, "time_iter": 0.13882, "accuracy": 0.72886, "f1": 0.72886, "auc": 0.9417}
{"epoch": 9, "time_epoch": 82.49336, "eta": 7604.95164, "eta_hours": 2.11249, "loss": 0.74840322, "lr": 0.00099563, "params": 502054, "time_iter": 0.13199, "accuracy": 0.73456, "f1": 0.73456, "auc": 0.94398}
{"epoch": 10, "time_epoch": 82.57294, "eta": 7504.86485, "eta_hours": 2.08468, "loss": 0.74238616, "lr": 0.00099318, "params": 502054, "time_iter": 0.13212, "accuracy": 0.73474, "f1": 0.73474, "auc": 0.94491}
{"epoch": 11, "time_epoch": 82.13861, "eta": 7404.51198, "eta_hours": 2.05681, "loss": 0.73044805, "lr": 0.00099019, "params": 502054, "time_iter": 0.13142, "accuracy": 0.73926, "f1": 0.73926, "auc": 0.94661}
{"epoch": 12, "time_epoch": 82.09755, "eta": 7306.6865, "eta_hours": 2.02964, "loss": 0.72242559, "lr": 0.00098666, "params": 502054, "time_iter": 0.13136, "accuracy": 0.7412, "f1": 0.7412, "auc": 0.94775}
{"epoch": 13, "time_epoch": 81.89244, "eta": 7209.84787, "eta_hours": 2.00274, "loss": 0.71366801, "lr": 0.0009826, "params": 502054, "time_iter": 0.13103, "accuracy": 0.74486, "f1": 0.74486, "auc": 0.94902}
{"epoch": 14, "time_epoch": 82.35229, "eta": 7117.6079, "eta_hours": 1.97711, "loss": 0.70795965, "lr": 0.00097802, "params": 502054, "time_iter": 0.13176, "accuracy": 0.74725, "f1": 0.74725, "auc": 0.94975}
{"epoch": 15, "time_epoch": 81.63132, "eta": 7022.81879, "eta_hours": 1.95078, "loss": 0.70494346, "lr": 0.00097291, "params": 502054, "time_iter": 0.13061, "accuracy": 0.74842, "f1": 0.74843, "auc": 0.95019}
{"epoch": 16, "time_epoch": 81.65512, "eta": 6929.69389, "eta_hours": 1.92491, "loss": 0.69969555, "lr": 0.00096728, "params": 502054, "time_iter": 0.13065, "accuracy": 0.74962, "f1": 0.74962, "auc": 0.95094}
{"epoch": 17, "time_epoch": 81.10781, "eta": 6835.35007, "eta_hours": 1.89871, "loss": 0.69595634, "lr": 0.00096114, "params": 502054, "time_iter": 0.12977, "accuracy": 0.75142, "f1": 0.75142, "auc": 0.95146}
{"epoch": 18, "time_epoch": 82.54149, "eta": 6748.51152, "eta_hours": 1.87459, "loss": 0.6908653, "lr": 0.0009545, "params": 502054, "time_iter": 0.13207, "accuracy": 0.75342, "f1": 0.75342, "auc": 0.95215}
{"epoch": 19, "time_epoch": 81.95687, "eta": 6659.7642, "eta_hours": 1.84993, "loss": 0.68572039, "lr": 0.00094736, "params": 502054, "time_iter": 0.13113, "accuracy": 0.75485, "f1": 0.75485, "auc": 0.95283}
{"epoch": 20, "time_epoch": 82.29544, "eta": 6572.93729, "eta_hours": 1.82582, "loss": 0.68197339, "lr": 0.00093974, "params": 502054, "time_iter": 0.13167, "accuracy": 0.75525, "f1": 0.75525, "auc": 0.95339}
{"epoch": 21, "time_epoch": 81.78022, "eta": 6484.69564, "eta_hours": 1.8013, "loss": 0.68266018, "lr": 0.00093163, "params": 502054, "time_iter": 0.13085, "accuracy": 0.75533, "f1": 0.75533, "auc": 0.95329}
{"epoch": 22, "time_epoch": 81.40726, "eta": 6395.76722, "eta_hours": 1.7766, "loss": 0.67455494, "lr": 0.00092305, "params": 502054, "time_iter": 0.13025, "accuracy": 0.75823, "f1": 0.75822, "auc": 0.95442}
{"epoch": 23, "time_epoch": 82.39485, "eta": 6310.59293, "eta_hours": 1.75294, "loss": 0.67253226, "lr": 0.000914, "params": 502054, "time_iter": 0.13183, "accuracy": 0.75889, "f1": 0.75889, "auc": 0.95464}
{"epoch": 24, "time_epoch": 82.34433, "eta": 6225.48945, "eta_hours": 1.7293, "loss": 0.66689238, "lr": 0.00090451, "params": 502054, "time_iter": 0.13175, "accuracy": 0.76124, "f1": 0.76124, "auc": 0.9554}
{"epoch": 25, "time_epoch": 82.06753, "eta": 6139.81039, "eta_hours": 1.7055, "loss": 0.667468, "lr": 0.00089457, "params": 502054, "time_iter": 0.13131, "accuracy": 0.76034, "f1": 0.76034, "auc": 0.95534}
{"epoch": 26, "time_epoch": 81.83848, "eta": 6053.77956, "eta_hours": 1.68161, "loss": 0.66095778, "lr": 0.0008842, "params": 502054, "time_iter": 0.13094, "accuracy": 0.76249, "f1": 0.76249, "auc": 0.95622}
{"epoch": 27, "time_epoch": 81.62768, "eta": 5967.50615, "eta_hours": 1.65764, "loss": 0.65725474, "lr": 0.00087341, "params": 502054, "time_iter": 0.1306, "accuracy": 0.76375, "f1": 0.76375, "auc": 0.9567}
{"epoch": 28, "time_epoch": 83.16411, "eta": 5885.31473, "eta_hours": 1.63481, "loss": 0.65927793, "lr": 0.00086221, "params": 502054, "time_iter": 0.13306, "accuracy": 0.76301, "f1": 0.76301, "auc": 0.95644}
{"epoch": 29, "time_epoch": 82.06721, "eta": 5800.49903, "eta_hours": 1.61125, "loss": 0.65354368, "lr": 0.00085062, "params": 502054, "time_iter": 0.13131, "accuracy": 0.76445, "f1": 0.76445, "auc": 0.95722}
{"epoch": 30, "time_epoch": 82.0375, "eta": 5715.79452, "eta_hours": 1.58772, "loss": 0.65003635, "lr": 0.00083864, "params": 502054, "time_iter": 0.13126, "accuracy": 0.76633, "f1": 0.76633, "auc": 0.95765}
{"epoch": 31, "time_epoch": 82.12346, "eta": 5631.43937, "eta_hours": 1.56429, "loss": 0.65039561, "lr": 0.00082629, "params": 502054, "time_iter": 0.1314, "accuracy": 0.76573, "f1": 0.76573, "auc": 0.9576}
{"epoch": 32, "time_epoch": 81.82871, "eta": 5546.62103, "eta_hours": 1.54073, "loss": 0.64728419, "lr": 0.00081359, "params": 502054, "time_iter": 0.13093, "accuracy": 0.76711, "f1": 0.76711, "auc": 0.95803}
{"epoch": 33, "time_epoch": 80.23851, "eta": 5458.8917, "eta_hours": 1.51636, "loss": 0.64368416, "lr": 0.00080054, "params": 502054, "time_iter": 0.12838, "accuracy": 0.76816, "f1": 0.76816, "auc": 0.95849}
{"epoch": 34, "time_epoch": 80.80342, "eta": 5372.63953, "eta_hours": 1.4924, "loss": 0.64107617, "lr": 0.00078716, "params": 502054, "time_iter": 0.12929, "accuracy": 0.76915, "f1": 0.76914, "auc": 0.95882}
{"epoch": 35, "time_epoch": 82.26357, "eta": 5289.2859, "eta_hours": 1.46925, "loss": 0.63603054, "lr": 0.00077347, "params": 502054, "time_iter": 0.13162, "accuracy": 0.77082, "f1": 0.77082, "auc": 0.95948}
{"epoch": 36, "time_epoch": 80.66763, "eta": 5203.27378, "eta_hours": 1.44535, "loss": 0.63472397, "lr": 0.00075948, "params": 502054, "time_iter": 0.12907, "accuracy": 0.77119, "f1": 0.77118, "auc": 0.95965}
{"epoch": 37, "time_epoch": 81.17054, "eta": 5118.36347, "eta_hours": 1.42177, "loss": 0.6313494, "lr": 0.00074521, "params": 502054, "time_iter": 0.12987, "accuracy": 0.77194, "f1": 0.77194, "auc": 0.96009}
{"epoch": 38, "time_epoch": 82.40959, "eta": 5035.58297, "eta_hours": 1.39877, "loss": 0.63019593, "lr": 0.00073067, "params": 502054, "time_iter": 0.13186, "accuracy": 0.77271, "f1": 0.7727, "auc": 0.96023}
{"epoch": 39, "time_epoch": 80.82404, "eta": 4950.44267, "eta_hours": 1.37512, "loss": 0.62512022, "lr": 0.00071588, "params": 502054, "time_iter": 0.12932, "accuracy": 0.77453, "f1": 0.77453, "auc": 0.96085}
{"epoch": 40, "time_epoch": 80.78537, "eta": 4865.45727, "eta_hours": 1.35152, "loss": 0.62576937, "lr": 0.00070085, "params": 502054, "time_iter": 0.12926, "accuracy": 0.7743, "f1": 0.7743, "auc": 0.96076}
{"epoch": 41, "time_epoch": 80.5164, "eta": 4780.30045, "eta_hours": 1.32786, "loss": 0.62068093, "lr": 0.0006856, "params": 502054, "time_iter": 0.12883, "accuracy": 0.77627, "f1": 0.77627, "auc": 0.96139}
{"epoch": 42, "time_epoch": 80.94825, "eta": 4695.93191, "eta_hours": 1.30443, "loss": 0.61927139, "lr": 0.00067015, "params": 502054, "time_iter": 0.12952, "accuracy": 0.77667, "f1": 0.77667, "auc": 0.96159}
{"epoch": 43, "time_epoch": 81.64864, "eta": 4612.61024, "eta_hours": 1.28128, "loss": 0.61488181, "lr": 0.00065451, "params": 502054, "time_iter": 0.13064, "accuracy": 0.7781, "f1": 0.7781, "auc": 0.96213}
{"epoch": 44, "time_epoch": 81.56627, "eta": 4529.26226, "eta_hours": 1.25813, "loss": 0.61313164, "lr": 0.0006387, "params": 502054, "time_iter": 0.13051, "accuracy": 0.77901, "f1": 0.77901, "auc": 0.96233}
{"epoch": 45, "time_epoch": 81.66003, "eta": 4446.10181, "eta_hours": 1.23503, "loss": 0.60979963, "lr": 0.00062274, "params": 502054, "time_iter": 0.13066, "accuracy": 0.78008, "f1": 0.78008, "auc": 0.96274}
{"epoch": 46, "time_epoch": 81.39545, "eta": 4362.70686, "eta_hours": 1.21186, "loss": 0.60839938, "lr": 0.00060665, "params": 502054, "time_iter": 0.13023, "accuracy": 0.78013, "f1": 0.78013, "auc": 0.96294}
{"epoch": 47, "time_epoch": 80.48279, "eta": 4278.40649, "eta_hours": 1.18845, "loss": 0.60676492, "lr": 0.00059044, "params": 502054, "time_iter": 0.12877, "accuracy": 0.78118, "f1": 0.78118, "auc": 0.96313}
{"epoch": 48, "time_epoch": 81.22669, "eta": 4195.03621, "eta_hours": 1.16529, "loss": 0.60312999, "lr": 0.00057413, "params": 502054, "time_iter": 0.12996, "accuracy": 0.78234, "f1": 0.78234, "auc": 0.96357}
{"epoch": 49, "time_epoch": 80.48734, "eta": 4111.01233, "eta_hours": 1.14195, "loss": 0.60080696, "lr": 0.00055774, "params": 502054, "time_iter": 0.12878, "accuracy": 0.78261, "f1": 0.7826, "auc": 0.96386}
{"epoch": 50, "time_epoch": 81.01464, "eta": 4027.63376, "eta_hours": 1.11879, "loss": 0.59839535, "lr": 0.00054129, "params": 502054, "time_iter": 0.12962, "accuracy": 0.78387, "f1": 0.78387, "auc": 0.96414}
{"epoch": 51, "time_epoch": 80.34747, "eta": 3943.73026, "eta_hours": 1.09548, "loss": 0.59516572, "lr": 0.00052479, "params": 502054, "time_iter": 0.12856, "accuracy": 0.78484, "f1": 0.78484, "auc": 0.96454}
{"epoch": 52, "time_epoch": 81.54743, "eta": 3861.02506, "eta_hours": 1.07251, "loss": 0.59337504, "lr": 0.00050827, "params": 502054, "time_iter": 0.13048, "accuracy": 0.78562, "f1": 0.78562, "auc": 0.96474}
{"epoch": 53, "time_epoch": 80.86047, "eta": 3777.77755, "eta_hours": 1.04938, "loss": 0.58965633, "lr": 0.00049173, "params": 502054, "time_iter": 0.12938, "accuracy": 0.78672, "f1": 0.78672, "auc": 0.96519}
{"epoch": 54, "time_epoch": 81.14466, "eta": 3694.84936, "eta_hours": 1.02635, "loss": 0.58879451, "lr": 0.00047521, "params": 502054, "time_iter": 0.12983, "accuracy": 0.78674, "f1": 0.78673, "auc": 0.96527}
{"epoch": 55, "time_epoch": 80.20444, "eta": 3611.24613, "eta_hours": 1.00312, "loss": 0.58611601, "lr": 0.00045871, "params": 502054, "time_iter": 0.12833, "accuracy": 0.78803, "f1": 0.78803, "auc": 0.9656}
{"epoch": 56, "time_epoch": 80.73021, "eta": 3528.15879, "eta_hours": 0.98004, "loss": 0.58455586, "lr": 0.00044226, "params": 502054, "time_iter": 0.12917, "accuracy": 0.78896, "f1": 0.78896, "auc": 0.96578}
{"epoch": 57, "time_epoch": 80.0556, "eta": 3444.66421, "eta_hours": 0.95685, "loss": 0.57986448, "lr": 0.00042587, "params": 502054, "time_iter": 0.12809, "accuracy": 0.78997, "f1": 0.78997, "auc": 0.96635}
{"epoch": 58, "time_epoch": 79.8194, "eta": 3361.12208, "eta_hours": 0.93365, "loss": 0.57722211, "lr": 0.00040956, "params": 502054, "time_iter": 0.12771, "accuracy": 0.79113, "f1": 0.79113, "auc": 0.96665}
{"epoch": 59, "time_epoch": 79.55938, "eta": 3277.53068, "eta_hours": 0.91043, "loss": 0.57640631, "lr": 0.00039335, "params": 502054, "time_iter": 0.1273, "accuracy": 0.79128, "f1": 0.79128, "auc": 0.96674}
{"epoch": 60, "time_epoch": 79.89491, "eta": 3194.28601, "eta_hours": 0.8873, "loss": 0.57196404, "lr": 0.00037726, "params": 502054, "time_iter": 0.12783, "accuracy": 0.79301, "f1": 0.79301, "auc": 0.96725}
{"epoch": 61, "time_epoch": 79.24995, "eta": 3110.75409, "eta_hours": 0.8641, "loss": 0.57134122, "lr": 0.0003613, "params": 502054, "time_iter": 0.1268, "accuracy": 0.7932, "f1": 0.7932, "auc": 0.96732}
{"epoch": 62, "time_epoch": 79.21801, "eta": 3027.33935, "eta_hours": 0.84093, "loss": 0.56939566, "lr": 0.00034549, "params": 502054, "time_iter": 0.12675, "accuracy": 0.79427, "f1": 0.79427, "auc": 0.96754}
{"epoch": 63, "time_epoch": 79.86967, "eta": 2944.42232, "eta_hours": 0.8179, "loss": 0.56569048, "lr": 0.00032985, "params": 502054, "time_iter": 0.12779, "accuracy": 0.79546, "f1": 0.79546, "auc": 0.96797}
{"epoch": 64, "time_epoch": 79.66972, "eta": 2861.49139, "eta_hours": 0.79486, "loss": 0.56317614, "lr": 0.0003144, "params": 502054, "time_iter": 0.12747, "accuracy": 0.79587, "f1": 0.79587, "auc": 0.96826}
{"epoch": 65, "time_epoch": 79.65712, "eta": 2778.65278, "eta_hours": 0.77185, "loss": 0.56212631, "lr": 0.00029915, "params": 502054, "time_iter": 0.12745, "accuracy": 0.79647, "f1": 0.79647, "auc": 0.96838}
{"epoch": 66, "time_epoch": 80.52896, "eta": 2696.33857, "eta_hours": 0.74898, "loss": 0.55821512, "lr": 0.00028412, "params": 502054, "time_iter": 0.12885, "accuracy": 0.79779, "f1": 0.79779, "auc": 0.96881}
{"epoch": 67, "time_epoch": 84.95139, "eta": 2616.158, "eta_hours": 0.72671, "loss": 0.55848191, "lr": 0.00026933, "params": 502054, "time_iter": 0.13592, "accuracy": 0.79766, "f1": 0.79766, "auc": 0.96878}
{"epoch": 68, "time_epoch": 85.43335, "eta": 2536.05568, "eta_hours": 0.70446, "loss": 0.55539484, "lr": 0.00025479, "params": 502054, "time_iter": 0.13669, "accuracy": 0.79869, "f1": 0.79869, "auc": 0.96912}
{"epoch": 69, "time_epoch": 80.50749, "eta": 2453.68997, "eta_hours": 0.68158, "loss": 0.55623683, "lr": 0.00024052, "params": 502054, "time_iter": 0.12881, "accuracy": 0.79886, "f1": 0.79886, "auc": 0.96902}
{"epoch": 70, "time_epoch": 80.12499, "eta": 2371.22037, "eta_hours": 0.65867, "loss": 0.55147296, "lr": 0.00022653, "params": 502054, "time_iter": 0.1282, "accuracy": 0.80007, "f1": 0.80007, "auc": 0.96957}
{"epoch": 71, "time_epoch": 80.41376, "eta": 2288.92819, "eta_hours": 0.63581, "loss": 0.55057762, "lr": 0.00021284, "params": 502054, "time_iter": 0.12866, "accuracy": 0.80053, "f1": 0.80053, "auc": 0.96965}
{"epoch": 72, "time_epoch": 80.31213, "eta": 2206.64989, "eta_hours": 0.61296, "loss": 0.54915839, "lr": 0.00019946, "params": 502054, "time_iter": 0.1285, "accuracy": 0.8011, "f1": 0.8011, "auc": 0.96982}
{"epoch": 73, "time_epoch": 80.79655, "eta": 2124.59493, "eta_hours": 0.59017, "loss": 0.54791122, "lr": 0.00018641, "params": 502054, "time_iter": 0.12927, "accuracy": 0.80132, "f1": 0.80132, "auc": 0.96995}
{"epoch": 74, "time_epoch": 80.32737, "eta": 2042.41713, "eta_hours": 0.56734, "loss": 0.54335021, "lr": 0.00017371, "params": 502054, "time_iter": 0.12852, "accuracy": 0.80306, "f1": 0.80306, "auc": 0.97045}
{"epoch": 75, "time_epoch": 80.09212, "eta": 1960.21374, "eta_hours": 0.5445, "loss": 0.54290018, "lr": 0.00016136, "params": 502054, "time_iter": 0.12815, "accuracy": 0.80367, "f1": 0.80367, "auc": 0.9705}
{"epoch": 76, "time_epoch": 80.67164, "eta": 1878.23829, "eta_hours": 0.52173, "loss": 0.54249195, "lr": 0.00014938, "params": 502054, "time_iter": 0.12907, "accuracy": 0.80331, "f1": 0.80331, "auc": 0.97056}
{"epoch": 77, "time_epoch": 80.5042, "eta": 1796.24905, "eta_hours": 0.49896, "loss": 0.54177881, "lr": 0.00013779, "params": 502054, "time_iter": 0.12881, "accuracy": 0.80359, "f1": 0.80359, "auc": 0.97064}
{"epoch": 78, "time_epoch": 80.34152, "eta": 1714.25415, "eta_hours": 0.47618, "loss": 0.5392185, "lr": 0.00012659, "params": 502054, "time_iter": 0.12855, "accuracy": 0.80471, "f1": 0.80471, "auc": 0.9709}
{"epoch": 79, "time_epoch": 80.38017, "eta": 1632.31026, "eta_hours": 0.45342, "loss": 0.537686, "lr": 0.0001158, "params": 502054, "time_iter": 0.12861, "accuracy": 0.80499, "f1": 0.80498, "auc": 0.97107}
{"epoch": 80, "time_epoch": 79.94034, "eta": 1550.3018, "eta_hours": 0.43064, "loss": 0.53821531, "lr": 0.00010543, "params": 502054, "time_iter": 0.1279, "accuracy": 0.80497, "f1": 0.80497, "auc": 0.97101}
{"epoch": 81, "time_epoch": 80.69107, "eta": 1468.50859, "eta_hours": 0.40792, "loss": 0.53691601, "lr": 9.549e-05, "params": 502054, "time_iter": 0.12911, "accuracy": 0.80583, "f1": 0.80583, "auc": 0.97115}
{"epoch": 82, "time_epoch": 80.44426, "eta": 1386.69137, "eta_hours": 0.38519, "loss": 0.53280924, "lr": 8.6e-05, "params": 502054, "time_iter": 0.12871, "accuracy": 0.80673, "f1": 0.80673, "auc": 0.97159}
{"epoch": 83, "time_epoch": 81.75867, "eta": 1305.15721, "eta_hours": 0.36254, "loss": 0.53472472, "lr": 7.695e-05, "params": 502054, "time_iter": 0.13081, "accuracy": 0.80611, "f1": 0.80611, "auc": 0.97137}
{"epoch": 84, "time_epoch": 82.20565, "eta": 1223.69665, "eta_hours": 0.33992, "loss": 0.53283375, "lr": 6.837e-05, "params": 502054, "time_iter": 0.13153, "accuracy": 0.80673, "f1": 0.80673, "auc": 0.97159}
{"epoch": 85, "time_epoch": 80.50715, "eta": 1141.94226, "eta_hours": 0.31721, "loss": 0.5310523, "lr": 6.026e-05, "params": 502054, "time_iter": 0.12881, "accuracy": 0.80742, "f1": 0.80742, "auc": 0.97177}
{"epoch": 86, "time_epoch": 80.77893, "eta": 1060.25715, "eta_hours": 0.29452, "loss": 0.53001529, "lr": 5.264e-05, "params": 502054, "time_iter": 0.12925, "accuracy": 0.80819, "f1": 0.80819, "auc": 0.97189}
{"epoch": 87, "time_epoch": 81.27096, "eta": 978.65973, "eta_hours": 0.27185, "loss": 0.53145182, "lr": 4.55e-05, "params": 502054, "time_iter": 0.13003, "accuracy": 0.80727, "f1": 0.80727, "auc": 0.97174}
{"epoch": 88, "time_epoch": 81.00535, "eta": 897.03683, "eta_hours": 0.24918, "loss": 0.52836301, "lr": 3.886e-05, "params": 502054, "time_iter": 0.12961, "accuracy": 0.8085, "f1": 0.8085, "auc": 0.97206}
{"epoch": 89, "time_epoch": 80.91621, "eta": 815.41774, "eta_hours": 0.2265, "loss": 0.52939419, "lr": 3.272e-05, "params": 502054, "time_iter": 0.12947, "accuracy": 0.80796, "f1": 0.80796, "auc": 0.97195}
{"epoch": 90, "time_epoch": 79.95979, "eta": 733.7195, "eta_hours": 0.20381, "loss": 0.52853765, "lr": 2.709e-05, "params": 502054, "time_iter": 0.12794, "accuracy": 0.80861, "f1": 0.80861, "auc": 0.97204}
{"epoch": 91, "time_epoch": 79.92544, "eta": 652.05607, "eta_hours": 0.18113, "loss": 0.52794991, "lr": 2.198e-05, "params": 502054, "time_iter": 0.12788, "accuracy": 0.80854, "f1": 0.80854, "auc": 0.97211}
{"epoch": 92, "time_epoch": 79.91909, "eta": 570.42954, "eta_hours": 0.15845, "loss": 0.52788673, "lr": 1.74e-05, "params": 502054, "time_iter": 0.12787, "accuracy": 0.80907, "f1": 0.80907, "auc": 0.9721}
{"epoch": 93, "time_epoch": 80.33367, "eta": 488.8658, "eta_hours": 0.1358, "loss": 0.52653062, "lr": 1.334e-05, "params": 502054, "time_iter": 0.12853, "accuracy": 0.80907, "f1": 0.80907, "auc": 0.97225}
{"epoch": 94, "time_epoch": 80.75906, "eta": 407.35035, "eta_hours": 0.11315, "loss": 0.52703801, "lr": 9.81e-06, "params": 502054, "time_iter": 0.12921, "accuracy": 0.80889, "f1": 0.80889, "auc": 0.97221}
{"epoch": 95, "time_epoch": 81.88491, "eta": 325.89757, "eta_hours": 0.09053, "loss": 0.5264978, "lr": 6.82e-06, "params": 502054, "time_iter": 0.13102, "accuracy": 0.80956, "f1": 0.80956, "auc": 0.97226}
{"epoch": 96, "time_epoch": 82.93226, "eta": 244.46826, "eta_hours": 0.06791, "loss": 0.5254818, "lr": 4.37e-06, "params": 502054, "time_iter": 0.13269, "accuracy": 0.80923, "f1": 0.80923, "auc": 0.97238}
{"epoch": 97, "time_epoch": 81.59251, "eta": 162.98095, "eta_hours": 0.04527, "loss": 0.52528381, "lr": 2.46e-06, "params": 502054, "time_iter": 0.13055, "accuracy": 0.80935, "f1": 0.80934, "auc": 0.9724}
{"epoch": 98, "time_epoch": 81.84715, "eta": 81.49408, "eta_hours": 0.02264, "loss": 0.52795604, "lr": 1.09e-06, "params": 502054, "time_iter": 0.13096, "accuracy": 0.80849, "f1": 0.80849, "auc": 0.9721}
{"epoch": 99, "time_epoch": 82.17847, "eta": 0.0, "eta_hours": 0.0, "loss": 0.52506126, "lr": 2.7e-07, "params": 502054, "time_iter": 0.13149, "accuracy": 0.80976, "f1": 0.80975, "auc": 0.97241}
