{"epoch": 82, "time_epoch": 26.90949, "time_epoch_std": 2.05095, "eta": 565.32161, "eta_std": 416.6436, "eta_hours": 0.15703, "eta_hours_std": 0.11574, "loss": 0.08725, "loss_std": 0.00108, "lr": 0.00016, "lr_std": 0.0002, "params": 337201.0, "params_std": 0.0, "time_iter": 0.08597, "time_iter_std": 0.00655, "accuracy": 0.86439, "accuracy_std": 0.00062, "precision": 0.57652, "precision_std": 0.00122, "recall": 0.87306, "recall_std": 0.00277, "f1": 0.69446, "f1_std": 0.00143, "auc": 0.94426, "auc_std": 0.00132}
