{"epoch": 0, "time_epoch": 30.99763, "time_epoch_std": 3.52991, "eta": 3068.76533, "eta_std": 349.46117, "eta_hours": 0.85243, "eta_hours_std": 0.09707, "loss": 0.20175, "loss_std": 0.00045, "lr": 0.0, "lr_std": 0.0, "params": 337201.0, "params_std": 0.0, "time_iter": 0.09903, "time_iter_std": 0.01128, "accuracy": 0.40994, "accuracy_std": 0.22748, "precision": 0.17397, "precision_std": 0.0035, "recall": 0.63197, "recall_std": 0.35586, "f1": 0.24559, "f1_std": 0.07061, "auc": 0.49619, "auc_std": 0.00751}
{"epoch": 1, "time_epoch": 27.26767, "time_epoch_std": 1.84677, "eta": 2854.99959, "eta_std": 204.86448, "eta_hours": 0.79306, "eta_hours_std": 0.05691, "loss": 0.16271, "loss_std": 0.003, "lr": 0.0002, "lr_std": 0.0, "params": 337201.0, "params_std": 0.0, "time_iter": 0.08712, "time_iter_std": 0.0059, "accuracy": 0.76487, "accuracy_std": 0.01573, "precision": 0.41316, "precision_std": 0.02048, "recall": 0.78092, "recall_std": 0.02212, "f1": 0.54011, "f1_std": 0.01958, "auc": 0.84011, "auc_std": 0.01028}
{"epoch": 2, "time_epoch": 27.2451, "time_epoch_std": 1.47242, "eta": 2764.83627, "eta_std": 179.21139, "eta_hours": 0.76801, "eta_hours_std": 0.04978, "loss": 0.12972, "loss_std": 0.00178, "lr": 0.0004, "lr_std": 0.0, "params": 337201.0, "params_std": 0.0, "time_iter": 0.08704, "time_iter_std": 0.0047, "accuracy": 0.83713, "accuracy_std": 0.00297, "precision": 0.52443, "precision_std": 0.00548, "recall": 0.83126, "recall_std": 0.00293, "f1": 0.64311, "f1_std": 0.00482, "auc": 0.89542, "auc_std": 0.00294}
{"epoch": 3, "time_epoch": 27.49252, "time_epoch_std": 1.86754, "eta": 2712.0701, "eta_std": 175.64941, "eta_hours": 0.75335, "eta_hours_std": 0.04879, "loss": 0.11522, "loss_std": 0.00085, "lr": 0.0006, "lr_std": 0.0, "params": 337201.0, "params_std": 0.0, "time_iter": 0.08784, "time_iter_std": 0.00597, "accuracy": 0.84281, "accuracy_std": 0.00154, "precision": 0.53511, "precision_std": 0.00299, "recall": 0.83492, "recall_std": 0.00215, "f1": 0.6522, "f1_std": 0.00232, "auc": 0.91112, "auc_std": 0.00123}
{"epoch": 4, "time_epoch": 27.07967, "time_epoch_std": 1.83948, "eta": 2661.5693, "eta_std": 160.56074, "eta_hours": 0.73932, "eta_hours_std": 0.0446, "loss": 0.10821, "loss_std": 0.00096, "lr": 0.0008, "lr_std": 0.0, "params": 337201.0, "params_std": 0.0, "time_iter": 0.08651, "time_iter_std": 0.00588, "accuracy": 0.84474, "accuracy_std": 0.00132, "precision": 0.53871, "precision_std": 0.00254, "recall": 0.83818, "recall_std": 0.00246, "f1": 0.65588, "f1_std": 0.0023, "auc": 0.91835, "auc_std": 0.0014}
{"epoch": 5, "time_epoch": 27.56912, "time_epoch_std": 1.60627, "eta": 2626.54349, "eta_std": 155.10056, "eta_hours": 0.7296, "eta_hours_std": 0.04308, "loss": 0.10349, "loss_std": 0.00039, "lr": 0.001, "lr_std": 0.0, "params": 337201.0, "params_std": 0.0, "time_iter": 0.08808, "time_iter_std": 0.00513, "accuracy": 0.84773, "accuracy_std": 0.00091, "precision": 0.5443, "precision_std": 0.00177, "recall": 0.84382, "recall_std": 0.00137, "f1": 0.66175, "f1_std": 0.00158, "auc": 0.92377, "auc_std": 0.00072}
{"epoch": 6, "time_epoch": 27.63973, "time_epoch_std": 1.90346, "eta": 2594.58638, "eta_std": 155.14675, "eta_hours": 0.72072, "eta_hours_std": 0.0431, "loss": 0.10065, "loss_std": 0.00056, "lr": 0.001, "lr_std": 0.0, "params": 337201.0, "params_std": 0.0, "time_iter": 0.08831, "time_iter_std": 0.00608, "accuracy": 0.85036, "accuracy_std": 0.00095, "precision": 0.54936, "precision_std": 0.00185, "recall": 0.84732, "recall_std": 0.00185, "f1": 0.66655, "f1_std": 0.00176, "auc": 0.92724, "auc_std": 0.00092}
{"epoch": 7, "time_epoch": 28.15794, "time_epoch_std": 3.30751, "eta": 2569.66798, "eta_std": 165.36272, "eta_hours": 0.7138, "eta_hours_std": 0.04593, "loss": 0.09918, "loss_std": 0.00029, "lr": 0.001, "lr_std": 0.0, "params": 337201.0, "params_std": 0.0, "time_iter": 0.08996, "time_iter_std": 0.01057, "accuracy": 0.85176, "accuracy_std": 0.00079, "precision": 0.55209, "precision_std": 0.00165, "recall": 0.84907, "recall_std": 0.00121, "f1": 0.6691, "f1_std": 0.00112, "auc": 0.92899, "auc_std": 0.00044}
{"epoch": 8, "time_epoch": 26.89754, "time_epoch_std": 0.95053, "eta": 2531.28566, "eta_std": 148.49012, "eta_hours": 0.70313, "eta_hours_std": 0.04125, "loss": 0.09819, "loss_std": 0.00029, "lr": 0.001, "lr_std": 0.0, "params": 337201.0, "params_std": 0.0, "time_iter": 0.08594, "time_iter_std": 0.00304, "accuracy": 0.85258, "accuracy_std": 0.00081, "precision": 0.55368, "precision_std": 0.00171, "recall": 0.85037, "recall_std": 0.00127, "f1": 0.67067, "f1_std": 0.00111, "auc": 0.93012, "auc_std": 0.00044}
{"epoch": 9, "time_epoch": 26.91331, "time_epoch_std": 1.43493, "eta": 2495.34221, "eta_std": 141.38136, "eta_hours": 0.69315, "eta_hours_std": 0.03927, "loss": 0.09765, "loss_std": 0.0002, "lr": 0.001, "lr_std": 0.0, "params": 337201.0, "params_std": 0.0, "time_iter": 0.08598, "time_iter_std": 0.00459, "accuracy": 0.85309, "accuracy_std": 0.00065, "precision": 0.55468, "precision_std": 0.00139, "recall": 0.85065, "recall_std": 0.00102, "f1": 0.6715, "f1_std": 0.00087, "auc": 0.93069, "auc_std": 0.00027}
{"epoch": 10, "time_epoch": 27.04494, "time_epoch_std": 1.56181, "eta": 2462.10562, "eta_std": 138.52411, "eta_hours": 0.68392, "eta_hours_std": 0.03848, "loss": 0.09725, "loss_std": 0.00017, "lr": 0.00099, "lr_std": 0.0, "params": 337201.0, "params_std": 0.0, "time_iter": 0.0864, "time_iter_std": 0.00499, "accuracy": 0.85389, "accuracy_std": 0.00066, "precision": 0.55633, "precision_std": 0.00139, "recall": 0.85052, "recall_std": 0.00072, "f1": 0.67266, "f1_std": 0.00088, "auc": 0.93115, "auc_std": 0.00024}
{"epoch": 11, "time_epoch": 26.82366, "time_epoch_std": 1.95438, "eta": 2428.27823, "eta_std": 137.20337, "eta_hours": 0.67452, "eta_hours_std": 0.03811, "loss": 0.09692, "loss_std": 0.00014, "lr": 0.00099, "lr_std": 0.0, "params": 337201.0, "params_std": 0.0, "time_iter": 0.0857, "time_iter_std": 0.00624, "accuracy": 0.85402, "accuracy_std": 0.00031, "precision": 0.55655, "precision_std": 0.00068, "recall": 0.85141, "recall_std": 0.00071, "f1": 0.6731, "f1_std": 0.0003, "auc": 0.93154, "auc_std": 0.00019}
{"epoch": 12, "time_epoch": 27.17314, "time_epoch_std": 2.58128, "eta": 2397.86718, "eta_std": 140.52027, "eta_hours": 0.66608, "eta_hours_std": 0.03903, "loss": 0.09668, "loss_std": 0.00018, "lr": 0.00099, "lr_std": 0.0, "params": 337201.0, "params_std": 0.0, "time_iter": 0.08681, "time_iter_std": 0.00825, "accuracy": 0.85418, "accuracy_std": 0.00057, "precision": 0.55684, "precision_std": 0.0012, "recall": 0.85188, "recall_std": 0.0008, "f1": 0.67346, "f1_std": 0.0008, "auc": 0.9318, "auc_std": 0.00027}
{"epoch": 13, "time_epoch": 26.62988, "time_epoch_std": 1.63803, "eta": 2364.58149, "eta_std": 137.63865, "eta_hours": 0.65683, "eta_hours_std": 0.03823, "loss": 0.09644, "loss_std": 0.00017, "lr": 0.00098, "lr_std": 0.0, "params": 337201.0, "params_std": 0.0, "time_iter": 0.08508, "time_iter_std": 0.00523, "accuracy": 0.85452, "accuracy_std": 0.00044, "precision": 0.55753, "precision_std": 0.00094, "recall": 0.85206, "recall_std": 0.00082, "f1": 0.67402, "f1_std": 0.00059, "auc": 0.93209, "auc_std": 0.00025}
{"epoch": 14, "time_epoch": 26.67847, "time_epoch_std": 1.56078, "eta": 2332.45858, "eta_std": 134.62839, "eta_hours": 0.64791, "eta_hours_std": 0.0374, "loss": 0.0962, "loss_std": 0.00018, "lr": 0.00098, "lr_std": 0.0, "params": 337201.0, "params_std": 0.0, "time_iter": 0.08524, "time_iter_std": 0.00499, "accuracy": 0.8548, "accuracy_std": 0.00054, "precision": 0.55809, "precision_std": 0.00116, "recall": 0.85229, "recall_std": 0.00086, "f1": 0.6745, "f1_std": 0.00069, "auc": 0.93238, "auc_std": 0.00026}
{"epoch": 15, "time_epoch": 26.66394, "time_epoch_std": 2.18146, "eta": 2300.93996, "eta_std": 133.56315, "eta_hours": 0.63915, "eta_hours_std": 0.0371, "loss": 0.09599, "loss_std": 0.00019, "lr": 0.00097, "lr_std": 0.0, "params": 337201.0, "params_std": 0.0, "time_iter": 0.08519, "time_iter_std": 0.00697, "accuracy": 0.85512, "accuracy_std": 0.00051, "precision": 0.55871, "precision_std": 0.00107, "recall": 0.85282, "recall_std": 0.00066, "f1": 0.67513, "f1_std": 0.00077, "auc": 0.93267, "auc_std": 0.00028}
{"epoch": 16, "time_epoch": 26.88247, "time_epoch_std": 2.21188, "eta": 2271.05942, "eta_std": 132.85149, "eta_hours": 0.63085, "eta_hours_std": 0.0369, "loss": 0.09583, "loss_std": 0.00019, "lr": 0.00097, "lr_std": 0.0, "params": 337201.0, "params_std": 0.0, "time_iter": 0.08589, "time_iter_std": 0.00707, "accuracy": 0.85553, "accuracy_std": 0.00056, "precision": 0.55959, "precision_std": 0.00121, "recall": 0.85264, "recall_std": 0.00103, "f1": 0.67571, "f1_std": 0.00076, "auc": 0.93284, "auc_std": 0.00027}
{"epoch": 17, "time_epoch": 26.46415, "time_epoch_std": 1.89724, "eta": 2239.60632, "eta_std": 128.44247, "eta_hours": 0.62211, "eta_hours_std": 0.03568, "loss": 0.09559, "loss_std": 0.00027, "lr": 0.00096, "lr_std": 0.0, "params": 337201.0, "params_std": 0.0, "time_iter": 0.08455, "time_iter_std": 0.00606, "accuracy": 0.8556, "accuracy_std": 0.00044, "precision": 0.55966, "precision_std": 0.00091, "recall": 0.85336, "recall_std": 0.00103, "f1": 0.67599, "f1_std": 0.00079, "auc": 0.93318, "auc_std": 0.00039}
{"epoch": 18, "time_epoch": 26.6536, "time_epoch_std": 1.60992, "eta": 2209.48602, "eta_std": 126.26925, "eta_hours": 0.61375, "eta_hours_std": 0.03508, "loss": 0.09535, "loss_std": 0.00035, "lr": 0.00095, "lr_std": 0.0, "params": 337201.0, "params_std": 0.0, "time_iter": 0.08515, "time_iter_std": 0.00514, "accuracy": 0.85536, "accuracy_std": 0.00046, "precision": 0.55904, "precision_std": 0.00094, "recall": 0.85488, "recall_std": 0.00135, "f1": 0.67601, "f1_std": 0.00085, "auc": 0.9335, "auc_std": 0.0005}
{"epoch": 19, "time_epoch": 26.19594, "time_epoch_std": 1.7677, "eta": 2177.88175, "eta_std": 123.03115, "eta_hours": 0.60497, "eta_hours_std": 0.03418, "loss": 0.0951, "loss_std": 0.00047, "lr": 0.00095, "lr_std": 0.0, "params": 337201.0, "params_std": 0.0, "time_iter": 0.08369, "time_iter_std": 0.00565, "accuracy": 0.85604, "accuracy_std": 0.00076, "precision": 0.56046, "precision_std": 0.00155, "recall": 0.85497, "recall_std": 0.00156, "f1": 0.67708, "f1_std": 0.00131, "auc": 0.93386, "auc_std": 0.00067}
{"epoch": 20, "time_epoch": 26.58755, "time_epoch_std": 1.39709, "eta": 2148.26577, "eta_std": 120.1724, "eta_hours": 0.59674, "eta_hours_std": 0.03338, "loss": 0.09477, "loss_std": 0.00064, "lr": 0.00094, "lr_std": 0.0, "params": 337201.0, "params_std": 0.0, "time_iter": 0.08494, "time_iter_std": 0.00446, "accuracy": 0.85649, "accuracy_std": 0.00126, "precision": 0.56136, "precision_std": 0.00254, "recall": 0.85557, "recall_std": 0.00168, "f1": 0.67792, "f1_std": 0.00221, "auc": 0.93434, "auc_std": 0.00093}
{"epoch": 21, "time_epoch": 28.00316, "time_epoch_std": 3.91716, "eta": 2123.94408, "eta_std": 123.58804, "eta_hours": 0.58998, "eta_hours_std": 0.03433, "loss": 0.09444, "loss_std": 0.0008, "lr": 0.00093, "lr_std": 0.0, "params": 337201.0, "params_std": 0.0, "time_iter": 0.08947, "time_iter_std": 0.01251, "accuracy": 0.85704, "accuracy_std": 0.00119, "precision": 0.56245, "precision_std": 0.00236, "recall": 0.85629, "recall_std": 0.00214, "f1": 0.67894, "f1_std": 0.00226, "auc": 0.93478, "auc_std": 0.00115}
{"epoch": 22, "time_epoch": 26.813, "time_epoch_std": 1.98573, "eta": 2095.3178, "eta_std": 123.05454, "eta_hours": 0.58203, "eta_hours_std": 0.03418, "loss": 0.09405, "loss_std": 0.00112, "lr": 0.00092, "lr_std": 0.0, "params": 337201.0, "params_std": 0.0, "time_iter": 0.08567, "time_iter_std": 0.00634, "accuracy": 0.85741, "accuracy_std": 0.00174, "precision": 0.5631, "precision_std": 0.00347, "recall": 0.85764, "recall_std": 0.00264, "f1": 0.67983, "f1_std": 0.00327, "auc": 0.93532, "auc_std": 0.00159}
{"epoch": 23, "time_epoch": 26.58341, "time_epoch_std": 2.27356, "eta": 2066.1156, "eta_std": 122.3203, "eta_hours": 0.57392, "eta_hours_std": 0.03398, "loss": 0.0938, "loss_std": 0.00109, "lr": 0.00091, "lr_std": 0.0, "params": 337201.0, "params_std": 0.0, "time_iter": 0.08493, "time_iter_std": 0.00726, "accuracy": 0.85754, "accuracy_std": 0.00164, "precision": 0.56333, "precision_std": 0.00324, "recall": 0.85818, "recall_std": 0.00296, "f1": 0.68017, "f1_std": 0.0032, "auc": 0.93565, "auc_std": 0.00155}
{"epoch": 24, "time_epoch": 26.35195, "time_epoch_std": 1.85617, "eta": 2036.42854, "eta_std": 119.80511, "eta_hours": 0.56567, "eta_hours_std": 0.03328, "loss": 0.09351, "loss_std": 0.00109, "lr": 0.0009, "lr_std": 0.0, "params": 337201.0, "params_std": 0.0, "time_iter": 0.08419, "time_iter_std": 0.00593, "accuracy": 0.8578, "accuracy_std": 0.00171, "precision": 0.56381, "precision_std": 0.00343, "recall": 0.85906, "recall_std": 0.00292, "f1": 0.68079, "f1_std": 0.00316, "auc": 0.93605, "auc_std": 0.00154}
{"epoch": 25, "time_epoch": 27.01611, "time_epoch_std": 2.73495, "eta": 2008.88831, "eta_std": 120.87732, "eta_hours": 0.55803, "eta_hours_std": 0.03358, "loss": 0.09326, "loss_std": 0.00098, "lr": 0.00089, "lr_std": 0.0, "params": 337201.0, "params_std": 0.0, "time_iter": 0.08632, "time_iter_std": 0.00874, "accuracy": 0.85854, "accuracy_std": 0.00158, "precision": 0.56539, "precision_std": 0.0032, "recall": 0.85889, "recall_std": 0.00232, "f1": 0.68189, "f1_std": 0.00284, "auc": 0.93642, "auc_std": 0.00138}
{"epoch": 26, "time_epoch": 27.321, "time_epoch_std": 3.4279, "eta": 1982.21124, "eta_std": 123.69935, "eta_hours": 0.55062, "eta_hours_std": 0.03436, "loss": 0.09298, "loss_std": 0.00105, "lr": 0.00088, "lr_std": 0.0, "params": 337201.0, "params_std": 0.0, "time_iter": 0.08729, "time_iter_std": 0.01095, "accuracy": 0.85886, "accuracy_std": 0.00165, "precision": 0.56597, "precision_std": 0.00333, "recall": 0.8599, "recall_std": 0.00242, "f1": 0.68264, "f1_std": 0.00305, "auc": 0.9368, "auc_std": 0.00149}
{"epoch": 27, "time_epoch": 27.18997, "time_epoch_std": 3.27097, "eta": 1955.15124, "eta_std": 125.19603, "eta_hours": 0.5431, "eta_hours_std": 0.03478, "loss": 0.09276, "loss_std": 0.00083, "lr": 0.00087, "lr_std": 0.0, "params": 337201.0, "params_std": 0.0, "time_iter": 0.08687, "time_iter_std": 0.01045, "accuracy": 0.85944, "accuracy_std": 0.00145, "precision": 0.56719, "precision_std": 0.00295, "recall": 0.86005, "recall_std": 0.00166, "f1": 0.68357, "f1_std": 0.00258, "auc": 0.9371, "auc_std": 0.00116}
{"epoch": 28, "time_epoch": 27.13168, "time_epoch_std": 2.55472, "eta": 1927.93956, "eta_std": 124.60488, "eta_hours": 0.53554, "eta_hours_std": 0.03461, "loss": 0.0925, "loss_std": 0.00084, "lr": 0.00086, "lr_std": 0.0, "params": 337201.0, "params_std": 0.0, "time_iter": 0.08668, "time_iter_std": 0.00816, "accuracy": 0.85959, "accuracy_std": 0.00182, "precision": 0.56745, "precision_std": 0.00378, "recall": 0.86076, "recall_std": 0.00173, "f1": 0.68398, "f1_std": 0.00309, "auc": 0.93746, "auc_std": 0.00116}
{"epoch": 29, "time_epoch": 26.79485, "time_epoch_std": 2.39765, "eta": 1899.94729, "eta_std": 123.06499, "eta_hours": 0.52776, "eta_hours_std": 0.03418, "loss": 0.09237, "loss_std": 0.00071, "lr": 0.00085, "lr_std": 0.0, "params": 337201.0, "params_std": 0.0, "time_iter": 0.08561, "time_iter_std": 0.00766, "accuracy": 0.85984, "accuracy_std": 0.00135, "precision": 0.56793, "precision_std": 0.00275, "recall": 0.86108, "recall_std": 0.00143, "f1": 0.68444, "f1_std": 0.00238, "auc": 0.93764, "auc_std": 0.001}
{"epoch": 30, "time_epoch": 26.47622, "time_epoch_std": 1.25444, "eta": 1871.32306, "eta_std": 120.09023, "eta_hours": 0.51981, "eta_hours_std": 0.03336, "loss": 0.09208, "loss_std": 0.00069, "lr": 0.00084, "lr_std": 0.0, "params": 337201.0, "params_std": 0.0, "time_iter": 0.08459, "time_iter_std": 0.00401, "accuracy": 0.86056, "accuracy_std": 0.00112, "precision": 0.56942, "precision_std": 0.00227, "recall": 0.8614, "recall_std": 0.00155, "f1": 0.68562, "f1_std": 0.00209, "auc": 0.93803, "auc_std": 0.00096}
{"epoch": 31, "time_epoch": 27.5017, "time_epoch_std": 4.01709, "eta": 1845.01223, "eta_std": 120.74655, "eta_hours": 0.5125, "eta_hours_std": 0.03354, "loss": 0.09196, "loss_std": 0.00062, "lr": 0.00083, "lr_std": 0.0, "params": 337201.0, "params_std": 0.0, "time_iter": 0.08786, "time_iter_std": 0.01283, "accuracy": 0.86052, "accuracy_std": 0.00094, "precision": 0.56931, "precision_std": 0.00189, "recall": 0.86192, "recall_std": 0.00136, "f1": 0.6857, "f1_std": 0.00174, "auc": 0.93822, "auc_std": 0.00085}
{"epoch": 32, "time_epoch": 27.20945, "time_epoch_std": 4.35539, "eta": 1818.03586, "eta_std": 122.30982, "eta_hours": 0.50501, "eta_hours_std": 0.03397, "loss": 0.0917, "loss_std": 0.0006, "lr": 0.00081, "lr_std": 0.0, "params": 337201.0, "params_std": 0.0, "time_iter": 0.08693, "time_iter_std": 0.01392, "accuracy": 0.86071, "accuracy_std": 0.00107, "precision": 0.56964, "precision_std": 0.00223, "recall": 0.86257, "recall_std": 0.00162, "f1": 0.68614, "f1_std": 0.00186, "auc": 0.93855, "auc_std": 0.00083}
{"epoch": 33, "time_epoch": 26.76736, "time_epoch_std": 2.82155, "eta": 1790.1876, "eta_std": 121.15978, "eta_hours": 0.49727, "eta_hours_std": 0.03365, "loss": 0.09163, "loss_std": 0.00058, "lr": 0.0008, "lr_std": 0.0, "params": 337201.0, "params_std": 0.0, "time_iter": 0.08552, "time_iter_std": 0.00902, "accuracy": 0.86092, "accuracy_std": 0.00157, "precision": 0.57013, "precision_std": 0.00335, "recall": 0.8624, "recall_std": 0.00102, "f1": 0.68645, "f1_std": 0.0025, "auc": 0.93864, "auc_std": 0.00079}
{"epoch": 34, "time_epoch": 26.35697, "time_epoch_std": 1.72309, "eta": 1761.63897, "eta_std": 118.447, "eta_hours": 0.48934, "eta_hours_std": 0.0329, "loss": 0.09147, "loss_std": 0.00055, "lr": 0.00079, "lr_std": 0.0, "params": 337201.0, "params_std": 0.0, "time_iter": 0.08421, "time_iter_std": 0.0055, "accuracy": 0.86097, "accuracy_std": 0.00114, "precision": 0.57018, "precision_std": 0.00242, "recall": 0.86288, "recall_std": 0.00114, "f1": 0.68664, "f1_std": 0.00184, "auc": 0.93885, "auc_std": 0.00076}
{"epoch": 35, "time_epoch": 26.70852, "time_epoch_std": 2.05377, "eta": 1733.83706, "eta_std": 116.33355, "eta_hours": 0.48162, "eta_hours_std": 0.03232, "loss": 0.09137, "loss_std": 0.00048, "lr": 0.00077, "lr_std": 0.0, "params": 337201.0, "params_std": 0.0, "time_iter": 0.08533, "time_iter_std": 0.00656, "accuracy": 0.86123, "accuracy_std": 0.00112, "precision": 0.5707, "precision_std": 0.00236, "recall": 0.86322, "recall_std": 0.00109, "f1": 0.68712, "f1_std": 0.00185, "auc": 0.939, "auc_std": 0.00067}
{"epoch": 36, "time_epoch": 27.07493, "time_epoch_std": 3.1944, "eta": 1706.71815, "eta_std": 115.92416, "eta_hours": 0.47409, "eta_hours_std": 0.0322, "loss": 0.09123, "loss_std": 0.00046, "lr": 0.00076, "lr_std": 0.0, "params": 337201.0, "params_std": 0.0, "time_iter": 0.0865, "time_iter_std": 0.01021, "accuracy": 0.86136, "accuracy_std": 0.00079, "precision": 0.57096, "precision_std": 0.00162, "recall": 0.86335, "recall_std": 0.00129, "f1": 0.68735, "f1_std": 0.00142, "auc": 0.93918, "auc_std": 0.00062}
{"epoch": 37, "time_epoch": 26.37494, "time_epoch_std": 1.56056, "eta": 1678.45947, "eta_std": 113.05211, "eta_hours": 0.46624, "eta_hours_std": 0.0314, "loss": 0.09109, "loss_std": 0.00043, "lr": 0.00075, "lr_std": 0.0, "params": 337201.0, "params_std": 0.0, "time_iter": 0.08426, "time_iter_std": 0.00499, "accuracy": 0.86173, "accuracy_std": 0.00098, "precision": 0.57173, "precision_std": 0.00209, "recall": 0.86372, "recall_std": 0.00106, "f1": 0.68803, "f1_std": 0.00157, "auc": 0.93938, "auc_std": 0.00057}
{"epoch": 38, "time_epoch": 26.93436, "time_epoch_std": 2.61328, "eta": 1651.17237, "eta_std": 111.66523, "eta_hours": 0.45866, "eta_hours_std": 0.03102, "loss": 0.09102, "loss_std": 0.00038, "lr": 0.00073, "lr_std": 0.0, "params": 337201.0, "params_std": 0.0, "time_iter": 0.08605, "time_iter_std": 0.00835, "accuracy": 0.86142, "accuracy_std": 0.00078, "precision": 0.57101, "precision_std": 0.00164, "recall": 0.86412, "recall_std": 0.00135, "f1": 0.68763, "f1_std": 0.00133, "auc": 0.93947, "auc_std": 0.00053}
{"epoch": 39, "time_epoch": 27.26372, "time_epoch_std": 2.69967, "eta": 1624.39695, "eta_std": 110.44751, "eta_hours": 0.45122, "eta_hours_std": 0.03068, "loss": 0.0909, "loss_std": 0.00043, "lr": 0.00072, "lr_std": 0.0, "params": 337201.0, "params_std": 0.0, "time_iter": 0.0871, "time_iter_std": 0.00863, "accuracy": 0.86185, "accuracy_std": 0.00054, "precision": 0.5719, "precision_std": 0.00111, "recall": 0.86447, "recall_std": 0.00168, "f1": 0.68839, "f1_std": 0.00106, "auc": 0.93964, "auc_std": 0.00058}
{"epoch": 40, "time_epoch": 26.87286, "time_epoch_std": 2.60143, "eta": 1597.03525, "eta_std": 109.11686, "eta_hours": 0.44362, "eta_hours_std": 0.03031, "loss": 0.09081, "loss_std": 0.0004, "lr": 0.0007, "lr_std": 0.0, "params": 337201.0, "params_std": 0.0, "time_iter": 0.08586, "time_iter_std": 0.00831, "accuracy": 0.86192, "accuracy_std": 0.00085, "precision": 0.57207, "precision_std": 0.0018, "recall": 0.86434, "recall_std": 0.00125, "f1": 0.68847, "f1_std": 0.00145, "auc": 0.93974, "auc_std": 0.00055}
{"epoch": 41, "time_epoch": 26.44012, "time_epoch_std": 1.65386, "eta": 1569.09924, "eta_std": 106.54646, "eta_hours": 0.43586, "eta_hours_std": 0.0296, "loss": 0.09068, "loss_std": 0.00045, "lr": 0.00069, "lr_std": 0.0, "params": 337201.0, "params_std": 0.0, "time_iter": 0.08447, "time_iter_std": 0.00528, "accuracy": 0.86206, "accuracy_std": 0.00085, "precision": 0.57231, "precision_std": 0.00178, "recall": 0.86489, "recall_std": 0.0013, "f1": 0.68882, "f1_std": 0.00149, "auc": 0.93992, "auc_std": 0.00061}
{"epoch": 42, "time_epoch": 27.11355, "time_epoch_std": 2.80369, "eta": 1542.1255, "eta_std": 105.51396, "eta_hours": 0.42837, "eta_hours_std": 0.02931, "loss": 0.09057, "loss_std": 0.00042, "lr": 0.00067, "lr_std": 0.0, "params": 337201.0, "params_std": 0.0, "time_iter": 0.08663, "time_iter_std": 0.00896, "accuracy": 0.86173, "accuracy_std": 0.00077, "precision": 0.57154, "precision_std": 0.00164, "recall": 0.86568, "recall_std": 0.00148, "f1": 0.68851, "f1_std": 0.00131, "auc": 0.94008, "auc_std": 0.00057}
{"epoch": 43, "time_epoch": 26.97477, "time_epoch_std": 2.97621, "eta": 1514.96877, "eta_std": 104.81565, "eta_hours": 0.42082, "eta_hours_std": 0.02911, "loss": 0.09053, "loss_std": 0.00041, "lr": 0.00065, "lr_std": 0.0, "params": 337201.0, "params_std": 0.0, "time_iter": 0.08618, "time_iter_std": 0.00951, "accuracy": 0.86212, "accuracy_std": 0.00085, "precision": 0.57243, "precision_std": 0.00181, "recall": 0.86495, "recall_std": 0.00128, "f1": 0.68892, "f1_std": 0.00138, "auc": 0.94011, "auc_std": 0.00057}
{"epoch": 44, "time_epoch": 26.30958, "time_epoch_std": 1.17676, "eta": 1487.00712, "eta_std": 101.80532, "eta_hours": 0.41306, "eta_hours_std": 0.02828, "loss": 0.0904, "loss_std": 0.00037, "lr": 0.00064, "lr_std": 0.0, "params": 337201.0, "params_std": 0.0, "time_iter": 0.08406, "time_iter_std": 0.00376, "accuracy": 0.8623, "accuracy_std": 0.00047, "precision": 0.57278, "precision_std": 0.00102, "recall": 0.86531, "recall_std": 0.00142, "f1": 0.68929, "f1_std": 0.00082, "auc": 0.94029, "auc_std": 0.00051}
{"epoch": 45, "time_epoch": 27.63138, "time_epoch_std": 2.68049, "eta": 1460.66896, "eta_std": 100.81712, "eta_hours": 0.40574, "eta_hours_std": 0.028, "loss": 0.09035, "loss_std": 0.00035, "lr": 0.00062, "lr_std": 0.0, "params": 337201.0, "params_std": 0.0, "time_iter": 0.08828, "time_iter_std": 0.00856, "accuracy": 0.86217, "accuracy_std": 0.00071, "precision": 0.57245, "precision_std": 0.0015, "recall": 0.86584, "recall_std": 0.00123, "f1": 0.68922, "f1_std": 0.00119, "auc": 0.94037, "auc_std": 0.00048}
{"epoch": 46, "time_epoch": 27.019, "time_epoch_std": 2.43019, "eta": 1433.58523, "eta_std": 99.28392, "eta_hours": 0.39822, "eta_hours_std": 0.02758, "loss": 0.09022, "loss_std": 0.0004, "lr": 0.00061, "lr_std": 0.0, "params": 337201.0, "params_std": 0.0, "time_iter": 0.08632, "time_iter_std": 0.00776, "accuracy": 0.86255, "accuracy_std": 0.00063, "precision": 0.57327, "precision_std": 0.00136, "recall": 0.86586, "recall_std": 0.00151, "f1": 0.68982, "f1_std": 0.00106, "auc": 0.94053, "auc_std": 0.00053}
{"epoch": 47, "time_epoch": 27.51223, "time_epoch_std": 3.73036, "eta": 1407.03852, "eta_std": 99.08736, "eta_hours": 0.39084, "eta_hours_std": 0.02752, "loss": 0.09012, "loss_std": 0.0004, "lr": 0.00059, "lr_std": 0.0, "params": 337201.0, "params_std": 0.0, "time_iter": 0.0879, "time_iter_std": 0.01192, "accuracy": 0.86258, "accuracy_std": 0.00063, "precision": 0.57331, "precision_std": 0.00129, "recall": 0.866, "recall_std": 0.00115, "f1": 0.6899, "f1_std": 0.0012, "auc": 0.94067, "auc_std": 0.00054}
{"epoch": 48, "time_epoch": 26.99519, "time_epoch_std": 2.58591, "eta": 1379.91426, "eta_std": 97.58819, "eta_hours": 0.38331, "eta_hours_std": 0.02711, "loss": 0.09003, "loss_std": 0.00036, "lr": 0.00057, "lr_std": 0.0, "params": 337201.0, "params_std": 0.0, "time_iter": 0.08625, "time_iter_std": 0.00826, "accuracy": 0.86284, "accuracy_std": 0.00086, "precision": 0.57386, "precision_std": 0.00188, "recall": 0.86615, "recall_std": 0.00098, "f1": 0.69034, "f1_std": 0.00134, "auc": 0.94079, "auc_std": 0.00048}
{"epoch": 49, "time_epoch": 27.42034, "time_epoch_std": 2.18709, "eta": 1353.22032, "eta_std": 95.78148, "eta_hours": 0.37589, "eta_hours_std": 0.02661, "loss": 0.08991, "loss_std": 0.00035, "lr": 0.00056, "lr_std": 0.0, "params": 337201.0, "params_std": 0.0, "time_iter": 0.0876, "time_iter_std": 0.00699, "accuracy": 0.86297, "accuracy_std": 0.00093, "precision": 0.57412, "precision_std": 0.00201, "recall": 0.86645, "recall_std": 0.00095, "f1": 0.69062, "f1_std": 0.00147, "auc": 0.94095, "auc_std": 0.00048}
{"epoch": 50, "time_epoch": 27.09096, "time_epoch_std": 2.773, "eta": 1326.18142, "eta_std": 94.39305, "eta_hours": 0.36838, "eta_hours_std": 0.02622, "loss": 0.0898, "loss_std": 0.00036, "lr": 0.00054, "lr_std": 0.0, "params": 337201.0, "params_std": 0.0, "time_iter": 0.08655, "time_iter_std": 0.00886, "accuracy": 0.86284, "accuracy_std": 0.00049, "precision": 0.57379, "precision_std": 0.00097, "recall": 0.86695, "recall_std": 0.00118, "f1": 0.69055, "f1_std": 0.00098, "auc": 0.94108, "auc_std": 0.00049}
{"epoch": 51, "time_epoch": 27.36138, "time_epoch_std": 3.91766, "eta": 1299.39014, "eta_std": 94.13633, "eta_hours": 0.36094, "eta_hours_std": 0.02615, "loss": 0.08976, "loss_std": 0.00038, "lr": 0.00052, "lr_std": 0.0, "params": 337201.0, "params_std": 0.0, "time_iter": 0.08742, "time_iter_std": 0.01252, "accuracy": 0.86275, "accuracy_std": 0.00058, "precision": 0.57357, "precision_std": 0.0012, "recall": 0.86733, "recall_std": 0.00112, "f1": 0.6905, "f1_std": 0.00106, "auc": 0.94114, "auc_std": 0.0005}
{"epoch": 52, "time_epoch": 27.67212, "time_epoch_std": 3.82379, "eta": 1272.85291, "eta_std": 93.80491, "eta_hours": 0.35357, "eta_hours_std": 0.02606, "loss": 0.08967, "loss_std": 0.00038, "lr": 0.00051, "lr_std": 0.0, "params": 337201.0, "params_std": 0.0, "time_iter": 0.08841, "time_iter_std": 0.01222, "accuracy": 0.86291, "accuracy_std": 0.0007, "precision": 0.57387, "precision_std": 0.00145, "recall": 0.86756, "recall_std": 0.00098, "f1": 0.6908, "f1_std": 0.00127, "auc": 0.94126, "auc_std": 0.00051}
{"epoch": 53, "time_epoch": 27.86175, "time_epoch_std": 4.10137, "eta": 1246.43519, "eta_std": 93.56338, "eta_hours": 0.34623, "eta_hours_std": 0.02599, "loss": 0.08958, "loss_std": 0.00035, "lr": 0.00049, "lr_std": 0.0, "params": 337201.0, "params_std": 0.0, "time_iter": 0.08901, "time_iter_std": 0.0131, "accuracy": 0.86325, "accuracy_std": 0.00077, "precision": 0.57466, "precision_std": 0.00162, "recall": 0.86715, "recall_std": 0.00082, "f1": 0.69124, "f1_std": 0.00134, "auc": 0.94137, "auc_std": 0.00048}
{"epoch": 54, "time_epoch": 26.78073, "time_epoch_std": 2.89027, "eta": 1219.08048, "eta_std": 92.06311, "eta_hours": 0.33863, "eta_hours_std": 0.02557, "loss": 0.0895, "loss_std": 0.00039, "lr": 0.00048, "lr_std": 0.0, "params": 337201.0, "params_std": 0.0, "time_iter": 0.08556, "time_iter_std": 0.00923, "accuracy": 0.86336, "accuracy_std": 0.0007, "precision": 0.57486, "precision_std": 0.00145, "recall": 0.86746, "recall_std": 0.00098, "f1": 0.69148, "f1_std": 0.00129, "auc": 0.94149, "auc_std": 0.00053}
{"epoch": 55, "time_epoch": 27.41174, "time_epoch_std": 2.89567, "eta": 1192.24207, "eta_std": 90.67026, "eta_hours": 0.33118, "eta_hours_std": 0.02519, "loss": 0.08936, "loss_std": 0.00038, "lr": 0.00046, "lr_std": 0.0, "params": 337201.0, "params_std": 0.0, "time_iter": 0.08758, "time_iter_std": 0.00925, "accuracy": 0.86361, "accuracy_std": 0.00073, "precision": 0.57539, "precision_std": 0.00155, "recall": 0.86756, "recall_std": 0.00103, "f1": 0.69189, "f1_std": 0.00127, "auc": 0.94168, "auc_std": 0.00052}
{"epoch": 56, "time_epoch": 27.10477, "time_epoch_std": 1.4525, "eta": 1165.15196, "eta_std": 87.97008, "eta_hours": 0.32365, "eta_hours_std": 0.02443, "loss": 0.08929, "loss_std": 0.00038, "lr": 0.00044, "lr_std": 0.0, "params": 337201.0, "params_std": 0.0, "time_iter": 0.0866, "time_iter_std": 0.00464, "accuracy": 0.86364, "accuracy_std": 0.00087, "precision": 0.57544, "precision_std": 0.00186, "recall": 0.86773, "recall_std": 0.00075, "f1": 0.69198, "f1_std": 0.00146, "auc": 0.94175, "auc_std": 0.0005}
{"epoch": 57, "time_epoch": 26.49404, "time_epoch_std": 1.26296, "eta": 1137.6191, "eta_std": 85.23186, "eta_hours": 0.316, "eta_hours_std": 0.02368, "loss": 0.0892, "loss_std": 0.00034, "lr": 0.00043, "lr_std": 0.0, "params": 337201.0, "params_std": 0.0, "time_iter": 0.08464, "time_iter_std": 0.00404, "accuracy": 0.86366, "accuracy_std": 0.00078, "precision": 0.57545, "precision_std": 0.00167, "recall": 0.86794, "recall_std": 0.00087, "f1": 0.69206, "f1_std": 0.00127, "auc": 0.94188, "auc_std": 0.00045}
{"epoch": 58, "time_epoch": 26.99471, "time_epoch_std": 2.45196, "eta": 1110.46938, "eta_std": 83.39965, "eta_hours": 0.30846, "eta_hours_std": 0.02317, "loss": 0.08908, "loss_std": 0.00032, "lr": 0.00041, "lr_std": 0.0, "params": 337201.0, "params_std": 0.0, "time_iter": 0.08624, "time_iter_std": 0.00784, "accuracy": 0.86345, "accuracy_std": 0.00055, "precision": 0.57492, "precision_std": 0.00112, "recall": 0.86879, "recall_std": 0.00087, "f1": 0.69194, "f1_std": 0.00104, "auc": 0.94202, "auc_std": 0.00043}
{"epoch": 59, "time_epoch": 26.7598, "time_epoch_std": 2.46317, "eta": 1083.16821, "eta_std": 81.56463, "eta_hours": 0.30088, "eta_hours_std": 0.02266, "loss": 0.08901, "loss_std": 0.00036, "lr": 0.00039, "lr_std": 0.0, "params": 337201.0, "params_std": 0.0, "time_iter": 0.0855, "time_iter_std": 0.00787, "accuracy": 0.86351, "accuracy_std": 0.00085, "precision": 0.57507, "precision_std": 0.00179, "recall": 0.8686, "recall_std": 0.00073, "f1": 0.692, "f1_std": 0.00142, "auc": 0.9421, "auc_std": 0.00049}
{"epoch": 60, "time_epoch": 26.41418, "time_epoch_std": 1.25626, "eta": 1055.66383, "eta_std": 78.63951, "eta_hours": 0.29324, "eta_hours_std": 0.02184, "loss": 0.08889, "loss_std": 0.00032, "lr": 0.00038, "lr_std": 0.0, "params": 337201.0, "params_std": 0.0, "time_iter": 0.08439, "time_iter_std": 0.00401, "accuracy": 0.86351, "accuracy_std": 0.00065, "precision": 0.57501, "precision_std": 0.00136, "recall": 0.86908, "recall_std": 0.00098, "f1": 0.6921, "f1_std": 0.00114, "auc": 0.94226, "auc_std": 0.00042}
{"epoch": 61, "time_epoch": 26.35124, "time_epoch_std": 1.32376, "eta": 1028.15604, "eta_std": 76.13388, "eta_hours": 0.2856, "eta_hours_std": 0.02115, "loss": 0.08878, "loss_std": 0.00034, "lr": 0.00036, "lr_std": 0.0, "params": 337201.0, "params_std": 0.0, "time_iter": 0.08419, "time_iter_std": 0.00423, "accuracy": 0.86378, "accuracy_std": 0.00079, "precision": 0.5756, "precision_std": 0.00168, "recall": 0.86915, "recall_std": 0.00087, "f1": 0.69255, "f1_std": 0.00131, "auc": 0.94241, "auc_std": 0.00045}
{"epoch": 62, "time_epoch": 26.68544, "time_epoch_std": 2.08193, "eta": 1000.88124, "eta_std": 74.13885, "eta_hours": 0.27802, "eta_hours_std": 0.02059, "loss": 0.08868, "loss_std": 0.00032, "lr": 0.00035, "lr_std": 0.0, "params": 337201.0, "params_std": 0.0, "time_iter": 0.08526, "time_iter_std": 0.00665, "accuracy": 0.86395, "accuracy_std": 0.00073, "precision": 0.57593, "precision_std": 0.00156, "recall": 0.86938, "recall_std": 0.0008, "f1": 0.69286, "f1_std": 0.00122, "auc": 0.94254, "auc_std": 0.00042}
{"epoch": 63, "time_epoch": 26.80265, "time_epoch_std": 2.47167, "eta": 973.69078, "eta_std": 72.35188, "eta_hours": 0.27047, "eta_hours_std": 0.0201, "loss": 0.08859, "loss_std": 0.00032, "lr": 0.00033, "lr_std": 0.0, "params": 337201.0, "params_std": 0.0, "time_iter": 0.08563, "time_iter_std": 0.0079, "accuracy": 0.86383, "accuracy_std": 0.00062, "precision": 0.57567, "precision_std": 0.00131, "recall": 0.86956, "recall_std": 0.00086, "f1": 0.69273, "f1_std": 0.00108, "auc": 0.94263, "auc_std": 0.00044}
{"epoch": 64, "time_epoch": 26.55354, "time_epoch_std": 0.84689, "eta": 946.37812, "eta_std": 69.65237, "eta_hours": 0.26288, "eta_hours_std": 0.01935, "loss": 0.08846, "loss_std": 0.00032, "lr": 0.00031, "lr_std": 0.0, "params": 337201.0, "params_std": 0.0, "time_iter": 0.08484, "time_iter_std": 0.00271, "accuracy": 0.86378, "accuracy_std": 0.00054, "precision": 0.57549, "precision_std": 0.00116, "recall": 0.87011, "recall_std": 0.00099, "f1": 0.69278, "f1_std": 0.00087, "auc": 0.9428, "auc_std": 0.00042}
{"epoch": 65, "time_epoch": 27.18005, "time_epoch_std": 3.67424, "eta": 919.41121, "eta_std": 68.39926, "eta_hours": 0.25539, "eta_hours_std": 0.019, "loss": 0.0884, "loss_std": 0.00033, "lr": 0.0003, "lr_std": 0.0, "params": 337201.0, "params_std": 0.0, "time_iter": 0.08684, "time_iter_std": 0.01174, "accuracy": 0.86415, "accuracy_std": 0.00055, "precision": 0.5763, "precision_std": 0.00115, "recall": 0.87006, "recall_std": 0.00107, "f1": 0.69335, "f1_std": 0.00099, "auc": 0.94289, "auc_std": 0.00044}
{"epoch": 66, "time_epoch": 27.36537, "time_epoch_std": 2.11811, "eta": 892.52922, "eta_std": 66.25196, "eta_hours": 0.24792, "eta_hours_std": 0.0184, "loss": 0.08828, "loss_std": 0.00031, "lr": 0.00028, "lr_std": 0.0, "params": 337201.0, "params_std": 0.0, "time_iter": 0.08743, "time_iter_std": 0.00677, "accuracy": 0.86405, "accuracy_std": 0.00067, "precision": 0.57606, "precision_std": 0.00147, "recall": 0.87042, "recall_std": 0.00096, "f1": 0.69328, "f1_std": 0.00108, "auc": 0.94302, "auc_std": 0.0004}
{"epoch": 67, "time_epoch": 27.56283, "time_epoch_std": 3.36436, "eta": 865.72594, "eta_std": 64.80898, "eta_hours": 0.24048, "eta_hours_std": 0.018, "loss": 0.08816, "loss_std": 0.00031, "lr": 0.00027, "lr_std": 0.0, "params": 337201.0, "params_std": 0.0, "time_iter": 0.08806, "time_iter_std": 0.01075, "accuracy": 0.86403, "accuracy_std": 0.00059, "precision": 0.57596, "precision_std": 0.00128, "recall": 0.87087, "recall_std": 0.0006, "f1": 0.69336, "f1_std": 0.00096, "auc": 0.94317, "auc_std": 0.0004}
{"epoch": 68, "time_epoch": 26.77813, "time_epoch_std": 1.27753, "eta": 838.54809, "eta_std": 62.36872, "eta_hours": 0.23293, "eta_hours_std": 0.01733, "loss": 0.08808, "loss_std": 0.00032, "lr": 0.00025, "lr_std": 0.0, "params": 337201.0, "params_std": 0.0, "time_iter": 0.08555, "time_iter_std": 0.00408, "accuracy": 0.86412, "accuracy_std": 0.00065, "precision": 0.57615, "precision_std": 0.00136, "recall": 0.87084, "recall_std": 0.00071, "f1": 0.69349, "f1_std": 0.00112, "auc": 0.94328, "auc_std": 0.00042}
{"epoch": 69, "time_epoch": 26.99052, "time_epoch_std": 2.20249, "eta": 811.47269, "eta_std": 60.40609, "eta_hours": 0.22541, "eta_hours_std": 0.01678, "loss": 0.08794, "loss_std": 0.00034, "lr": 0.00024, "lr_std": 0.0, "params": 337201.0, "params_std": 0.0, "time_iter": 0.08623, "time_iter_std": 0.00704, "accuracy": 0.86431, "accuracy_std": 0.00055, "precision": 0.57651, "precision_std": 0.00115, "recall": 0.87139, "recall_std": 0.0009, "f1": 0.69392, "f1_std": 0.001, "auc": 0.94345, "auc_std": 0.00043}
{"epoch": 70, "time_epoch": 27.54121, "time_epoch_std": 3.27366, "eta": 784.6246, "eta_std": 58.88151, "eta_hours": 0.21795, "eta_hours_std": 0.01636, "loss": 0.08789, "loss_std": 0.0003, "lr": 0.00023, "lr_std": 0.0, "params": 337201.0, "params_std": 0.0, "time_iter": 0.08799, "time_iter_std": 0.01046, "accuracy": 0.86415, "accuracy_std": 0.00048, "precision": 0.57613, "precision_std": 0.00098, "recall": 0.87167, "recall_std": 0.00083, "f1": 0.69374, "f1_std": 0.00087, "auc": 0.94351, "auc_std": 0.00038}
{"epoch": 71, "time_epoch": 26.2386, "time_epoch_std": 1.19844, "eta": 757.25069, "eta_std": 56.44783, "eta_hours": 0.21035, "eta_hours_std": 0.01568, "loss": 0.08773, "loss_std": 0.00033, "lr": 0.00021, "lr_std": 0.0, "params": 337201.0, "params_std": 0.0, "time_iter": 0.08383, "time_iter_std": 0.00383, "accuracy": 0.86428, "accuracy_std": 0.00074, "precision": 0.57638, "precision_std": 0.00158, "recall": 0.87202, "recall_std": 0.0008, "f1": 0.69402, "f1_std": 0.00122, "auc": 0.94372, "auc_std": 0.00042}
{"epoch": 72, "time_epoch": 26.91087, "time_epoch_std": 2.88804, "eta": 730.15654, "eta_std": 54.71365, "eta_hours": 0.20282, "eta_hours_std": 0.0152, "loss": 0.08767, "loss_std": 0.0003, "lr": 0.0002, "lr_std": 0.0, "params": 337201.0, "params_std": 0.0, "time_iter": 0.08598, "time_iter_std": 0.00923, "accuracy": 0.86423, "accuracy_std": 0.0007, "precision": 0.57628, "precision_std": 0.00152, "recall": 0.872, "recall_std": 0.001, "f1": 0.69395, "f1_std": 0.00112, "auc": 0.94378, "auc_std": 0.00039}
{"epoch": 73, "time_epoch": 26.66622, "time_epoch_std": 1.45167, "eta": 702.98138, "eta_std": 52.31302, "eta_hours": 0.19527, "eta_hours_std": 0.01453, "loss": 0.08756, "loss_std": 0.00033, "lr": 0.00019, "lr_std": 0.0, "params": 337201.0, "params_std": 0.0, "time_iter": 0.0852, "time_iter_std": 0.00464, "accuracy": 0.86438, "accuracy_std": 0.00058, "precision": 0.57658, "precision_std": 0.00122, "recall": 0.87226, "recall_std": 0.0009, "f1": 0.69425, "f1_std": 0.00103, "auc": 0.94392, "auc_std": 0.00041}
{"epoch": 74, "time_epoch": 26.60121, "time_epoch_std": 1.18528, "eta": 675.79812, "eta_std": 49.95477, "eta_hours": 0.18772, "eta_hours_std": 0.01388, "loss": 0.08745, "loss_std": 0.00034, "lr": 0.00017, "lr_std": 0.0, "params": 337201.0, "params_std": 0.0, "time_iter": 0.08499, "time_iter_std": 0.00379, "accuracy": 0.86449, "accuracy_std": 0.00064, "precision": 0.57678, "precision_std": 0.00138, "recall": 0.87259, "recall_std": 0.00092, "f1": 0.69449, "f1_std": 0.00099, "auc": 0.94404, "auc_std": 0.00043}
{"epoch": 75, "time_epoch": 26.83909, "time_epoch_std": 1.41238, "eta": 648.7053, "eta_std": 47.70895, "eta_hours": 0.1802, "eta_hours_std": 0.01325, "loss": 0.08738, "loss_std": 0.00035, "lr": 0.00016, "lr_std": 0.0, "params": 337201.0, "params_std": 0.0, "time_iter": 0.08575, "time_iter_std": 0.00451, "accuracy": 0.86451, "accuracy_std": 0.0007, "precision": 0.57685, "precision_std": 0.00154, "recall": 0.87245, "recall_std": 0.00119, "f1": 0.6945, "f1_std": 0.00107, "auc": 0.94413, "auc_std": 0.00044}
{"epoch": 76, "time_epoch": 27.75236, "time_epoch_std": 3.61934, "eta": 621.89187, "eta_std": 46.16103, "eta_hours": 0.17275, "eta_hours_std": 0.01282, "loss": 0.08729, "loss_std": 0.00034, "lr": 0.00015, "lr_std": 0.0, "params": 337201.0, "params_std": 0.0, "time_iter": 0.08867, "time_iter_std": 0.01156, "accuracy": 0.86457, "accuracy_std": 0.00074, "precision": 0.57694, "precision_std": 0.00162, "recall": 0.87285, "recall_std": 0.0012, "f1": 0.69469, "f1_std": 0.00119, "auc": 0.94425, "auc_std": 0.00044}
{"epoch": 77, "time_epoch": 28.19902, "time_epoch_std": 3.51431, "eta": 595.18034, "eta_std": 44.5432, "eta_hours": 0.16533, "eta_hours_std": 0.01237, "loss": 0.0872, "loss_std": 0.00034, "lr": 0.00014, "lr_std": 0.0, "params": 337201.0, "params_std": 0.0, "time_iter": 0.09009, "time_iter_std": 0.01123, "accuracy": 0.86459, "accuracy_std": 0.00084, "precision": 0.57698, "precision_std": 0.00187, "recall": 0.87284, "recall_std": 0.00108, "f1": 0.69472, "f1_std": 0.00123, "auc": 0.94434, "auc_std": 0.00043}
{"epoch": 78, "time_epoch": 27.18632, "time_epoch_std": 2.23942, "eta": 568.16196, "eta_std": 42.50692, "eta_hours": 0.15782, "eta_hours_std": 0.01181, "loss": 0.08708, "loss_std": 0.00033, "lr": 0.00013, "lr_std": 0.0, "params": 337201.0, "params_std": 0.0, "time_iter": 0.08686, "time_iter_std": 0.00715, "accuracy": 0.86442, "accuracy_std": 0.00054, "precision": 0.5765, "precision_std": 0.00115, "recall": 0.87383, "recall_std": 0.00106, "f1": 0.69469, "f1_std": 0.00089, "auc": 0.94451, "auc_std": 0.0004}
{"epoch": 79, "time_epoch": 27.48703, "time_epoch_std": 2.99777, "eta": 541.21455, "eta_std": 40.69401, "eta_hours": 0.15034, "eta_hours_std": 0.0113, "loss": 0.08703, "loss_std": 0.00038, "lr": 0.00012, "lr_std": 0.0, "params": 337201.0, "params_std": 0.0, "time_iter": 0.08782, "time_iter_std": 0.00958, "accuracy": 0.86455, "accuracy_std": 0.00067, "precision": 0.57681, "precision_std": 0.00144, "recall": 0.87356, "recall_std": 0.00114, "f1": 0.69483, "f1_std": 0.0011, "auc": 0.94454, "auc_std": 0.00046}
{"epoch": 80, "time_epoch": 28.42047, "time_epoch_std": 4.34713, "eta": 514.47277, "eta_std": 39.13216, "eta_hours": 0.14291, "eta_hours_std": 0.01087, "loss": 0.08693, "loss_std": 0.00038, "lr": 0.00011, "lr_std": 0.0, "params": 337201.0, "params_std": 0.0, "time_iter": 0.0908, "time_iter_std": 0.01389, "accuracy": 0.86461, "accuracy_std": 0.00072, "precision": 0.57692, "precision_std": 0.00159, "recall": 0.8739, "recall_std": 0.00122, "f1": 0.69501, "f1_std": 0.00113, "auc": 0.94466, "auc_std": 0.00048}
{"epoch": 81, "time_epoch": 27.84858, "time_epoch_std": 4.01284, "eta": 487.56452, "eta_std": 37.47016, "eta_hours": 0.13543, "eta_hours_std": 0.01041, "loss": 0.08684, "loss_std": 0.00035, "lr": 0.0001, "lr_std": 0.0, "params": 337201.0, "params_std": 0.0, "time_iter": 0.08897, "time_iter_std": 0.01282, "accuracy": 0.86461, "accuracy_std": 0.00073, "precision": 0.57687, "precision_std": 0.00159, "recall": 0.87433, "recall_std": 0.00121, "f1": 0.69511, "f1_std": 0.00116, "auc": 0.94479, "auc_std": 0.00043}
{"epoch": 82, "time_epoch": 27.33332, "time_epoch_std": 2.91867, "eta": 460.52807, "eta_std": 35.29741, "eta_hours": 0.12793, "eta_hours_std": 0.00981, "loss": 0.08679, "loss_std": 0.00034, "lr": 9e-05, "lr_std": 0.0, "params": 337201.0, "params_std": 0.0, "time_iter": 0.08733, "time_iter_std": 0.00932, "accuracy": 0.8647, "accuracy_std": 0.00081, "precision": 0.57708, "precision_std": 0.00182, "recall": 0.87408, "recall_std": 0.00142, "f1": 0.69519, "f1_std": 0.00114, "auc": 0.94483, "auc_std": 0.00042}
{"epoch": 83, "time_epoch": 27.20714, "time_epoch_std": 2.42721, "eta": 433.46052, "eta_std": 33.21289, "eta_hours": 0.12041, "eta_hours_std": 0.00923, "loss": 0.08673, "loss_std": 0.00037, "lr": 8e-05, "lr_std": 0.0, "params": 337201.0, "params_std": 0.0, "time_iter": 0.08692, "time_iter_std": 0.00775, "accuracy": 0.86468, "accuracy_std": 0.00071, "precision": 0.57703, "precision_std": 0.00158, "recall": 0.87424, "recall_std": 0.00113, "f1": 0.69519, "f1_std": 0.00107, "auc": 0.94491, "auc_std": 0.00046}
{"epoch": 84, "time_epoch": 27.72258, "time_epoch_std": 3.17197, "eta": 406.48064, "eta_std": 30.99405, "eta_hours": 0.11291, "eta_hours_std": 0.00861, "loss": 0.08664, "loss_std": 0.00039, "lr": 7e-05, "lr_std": 0.0, "params": 337201.0, "params_std": 0.0, "time_iter": 0.08857, "time_iter_std": 0.01013, "accuracy": 0.86463, "accuracy_std": 0.00069, "precision": 0.5769, "precision_std": 0.00153, "recall": 0.87445, "recall_std": 0.00136, "f1": 0.69517, "f1_std": 0.00103, "auc": 0.94502, "auc_std": 0.00048}
{"epoch": 85, "time_epoch": 27.19076, "time_epoch_std": 2.09278, "eta": 379.39691, "eta_std": 28.8548, "eta_hours": 0.10539, "eta_hours_std": 0.00802, "loss": 0.08661, "loss_std": 0.00037, "lr": 6e-05, "lr_std": 0.0, "params": 337201.0, "params_std": 0.0, "time_iter": 0.08687, "time_iter_std": 0.00669, "accuracy": 0.86472, "accuracy_std": 0.00062, "precision": 0.57709, "precision_std": 0.00138, "recall": 0.87448, "recall_std": 0.00128, "f1": 0.69532, "f1_std": 0.00095, "auc": 0.94503, "auc_std": 0.00046}
{"epoch": 86, "time_epoch": 27.2424, "time_epoch_std": 2.50483, "eta": 352.31844, "eta_std": 26.84139, "eta_hours": 0.09787, "eta_hours_std": 0.00746, "loss": 0.08656, "loss_std": 0.0004, "lr": 5e-05, "lr_std": 0.0, "params": 337201.0, "params_std": 0.0, "time_iter": 0.08704, "time_iter_std": 0.008, "accuracy": 0.86474, "accuracy_std": 0.00074, "precision": 0.57712, "precision_std": 0.00163, "recall": 0.87465, "recall_std": 0.00127, "f1": 0.69539, "f1_std": 0.00116, "auc": 0.9451, "auc_std": 0.00049}
{"epoch": 87, "time_epoch": 27.53079, "time_epoch_std": 3.67465, "eta": 325.27558, "eta_std": 24.99129, "eta_hours": 0.09035, "eta_hours_std": 0.00694, "loss": 0.0865, "loss_std": 0.00036, "lr": 5e-05, "lr_std": 0.0, "params": 337201.0, "params_std": 0.0, "time_iter": 0.08796, "time_iter_std": 0.01174, "accuracy": 0.86476, "accuracy_std": 0.00073, "precision": 0.57712, "precision_std": 0.0016, "recall": 0.8749, "recall_std": 0.00123, "f1": 0.69548, "f1_std": 0.00113, "auc": 0.94519, "auc_std": 0.00043}
{"epoch": 88, "time_epoch": 28.60454, "time_epoch_std": 5.22959, "eta": 298.35446, "eta_std": 23.28558, "eta_hours": 0.08288, "eta_hours_std": 0.00647, "loss": 0.08645, "loss_std": 0.00037, "lr": 4e-05, "lr_std": 0.0, "params": 337201.0, "params_std": 0.0, "time_iter": 0.09139, "time_iter_std": 0.01671, "accuracy": 0.86484, "accuracy_std": 0.00074, "precision": 0.57729, "precision_std": 0.00164, "recall": 0.87499, "recall_std": 0.00118, "f1": 0.69563, "f1_std": 0.00112, "auc": 0.94524, "auc_std": 0.00044}
{"epoch": 89, "time_epoch": 26.84613, "time_epoch_std": 2.27919, "eta": 271.20055, "eta_std": 21.18208, "eta_hours": 0.07533, "eta_hours_std": 0.00588, "loss": 0.08638, "loss_std": 0.00038, "lr": 3e-05, "lr_std": 0.0, "params": 337201.0, "params_std": 0.0, "time_iter": 0.08577, "time_iter_std": 0.00728, "accuracy": 0.86488, "accuracy_std": 0.00074, "precision": 0.57736, "precision_std": 0.00163, "recall": 0.87516, "recall_std": 0.00134, "f1": 0.69573, "f1_std": 0.00114, "auc": 0.94533, "auc_std": 0.00044}
{"epoch": 90, "time_epoch": 26.71925, "time_epoch_std": 2.13404, "eta": 244.04085, "eta_std": 19.061, "eta_hours": 0.06779, "eta_hours_std": 0.00529, "loss": 0.08633, "loss_std": 0.00034, "lr": 3e-05, "lr_std": 0.0, "params": 337201.0, "params_std": 0.0, "time_iter": 0.08536, "time_iter_std": 0.00682, "accuracy": 0.86484, "accuracy_std": 0.0007, "precision": 0.57725, "precision_std": 0.00155, "recall": 0.87544, "recall_std": 0.00099, "f1": 0.69574, "f1_std": 0.00102, "auc": 0.9454, "auc_std": 0.00041}
{"epoch": 91, "time_epoch": 26.91804, "time_epoch_std": 2.44367, "eta": 216.90802, "eta_std": 16.96691, "eta_hours": 0.06025, "eta_hours_std": 0.00471, "loss": 0.08632, "loss_std": 0.00038, "lr": 2e-05, "lr_std": 0.0, "params": 337201.0, "params_std": 0.0, "time_iter": 0.086, "time_iter_std": 0.00781, "accuracy": 0.86464, "accuracy_std": 0.0006, "precision": 0.57679, "precision_std": 0.00133, "recall": 0.87569, "recall_std": 0.00114, "f1": 0.69548, "f1_std": 0.00088, "auc": 0.9454, "auc_std": 0.00045}
{"epoch": 92, "time_epoch": 27.71064, "time_epoch_std": 4.57715, "eta": 189.83946, "eta_std": 15.01633, "eta_hours": 0.05273, "eta_hours_std": 0.00417, "loss": 0.08628, "loss_std": 0.00038, "lr": 2e-05, "lr_std": 0.0, "params": 337201.0, "params_std": 0.0, "time_iter": 0.08853, "time_iter_std": 0.01462, "accuracy": 0.86481, "accuracy_std": 0.00075, "precision": 0.57718, "precision_std": 0.00165, "recall": 0.87545, "recall_std": 0.00103, "f1": 0.69569, "f1_std": 0.00112, "auc": 0.94545, "auc_std": 0.00047}
{"epoch": 93, "time_epoch": 27.0683, "time_epoch_std": 3.03409, "eta": 162.71624, "eta_std": 12.92363, "eta_hours": 0.0452, "eta_hours_std": 0.00359, "loss": 0.08628, "loss_std": 0.00037, "lr": 1e-05, "lr_std": 0.0, "params": 337201.0, "params_std": 0.0, "time_iter": 0.08648, "time_iter_std": 0.00969, "accuracy": 0.86483, "accuracy_std": 0.00067, "precision": 0.57722, "precision_std": 0.00151, "recall": 0.87537, "recall_std": 0.00144, "f1": 0.6957, "f1_std": 0.00094, "auc": 0.94545, "auc_std": 0.00045}
{"epoch": 94, "time_epoch": 28.15853, "time_epoch_std": 4.13484, "eta": 135.65156, "eta_std": 10.86627, "eta_hours": 0.03768, "eta_hours_std": 0.00302, "loss": 0.08625, "loss_std": 0.0004, "lr": 1e-05, "lr_std": 0.0, "params": 337201.0, "params_std": 0.0, "time_iter": 0.08996, "time_iter_std": 0.01321, "accuracy": 0.86491, "accuracy_std": 0.00076, "precision": 0.57742, "precision_std": 0.00165, "recall": 0.87536, "recall_std": 0.00124, "f1": 0.69584, "f1_std": 0.00122, "auc": 0.94547, "auc_std": 0.00048}
{"epoch": 95, "time_epoch": 27.72674, "time_epoch_std": 2.98168, "eta": 108.5461, "eta_std": 8.71996, "eta_hours": 0.03015, "eta_hours_std": 0.00242, "loss": 0.08625, "loss_std": 0.0004, "lr": 1e-05, "lr_std": 0.0, "params": 337201.0, "params_std": 0.0, "time_iter": 0.08858, "time_iter_std": 0.00953, "accuracy": 0.86477, "accuracy_std": 0.00066, "precision": 0.57711, "precision_std": 0.00144, "recall": 0.87547, "recall_std": 0.00119, "f1": 0.69564, "f1_std": 0.00104, "auc": 0.94546, "auc_std": 0.00049}
{"epoch": 96, "time_epoch": 26.56813, "time_epoch_std": 1.35261, "eta": 81.392, "eta_std": 6.51043, "eta_hours": 0.02261, "eta_hours_std": 0.00181, "loss": 0.08619, "loss_std": 0.00037, "lr": 0.0, "lr_std": 0.0, "params": 337201.0, "params_std": 0.0, "time_iter": 0.08488, "time_iter_std": 0.00432, "accuracy": 0.86476, "accuracy_std": 0.00077, "precision": 0.57705, "precision_std": 0.00169, "recall": 0.87577, "recall_std": 0.00115, "f1": 0.69569, "f1_std": 0.00118, "auc": 0.94555, "auc_std": 0.00044}
{"epoch": 97, "time_epoch": 27.39691, "time_epoch_std": 2.88386, "eta": 54.26676, "eta_std": 4.34884, "eta_hours": 0.01508, "eta_hours_std": 0.00121, "loss": 0.08622, "loss_std": 0.00037, "lr": 0.0, "lr_std": 0.0, "params": 337201.0, "params_std": 0.0, "time_iter": 0.08753, "time_iter_std": 0.00921, "accuracy": 0.86476, "accuracy_std": 0.00066, "precision": 0.57706, "precision_std": 0.00143, "recall": 0.87562, "recall_std": 0.00126, "f1": 0.69566, "f1_std": 0.00105, "auc": 0.9455, "auc_std": 0.00044}
{"epoch": 98, "time_epoch": 27.61544, "time_epoch_std": 3.78242, "eta": 27.13825, "eta_std": 2.18945, "eta_hours": 0.00754, "eta_hours_std": 0.00061, "loss": 0.08621, "loss_std": 0.00039, "lr": 0.0, "lr_std": 0.0, "params": 337201.0, "params_std": 0.0, "time_iter": 0.08823, "time_iter_std": 0.01209, "accuracy": 0.86481, "accuracy_std": 0.00075, "precision": 0.57716, "precision_std": 0.00162, "recall": 0.8757, "recall_std": 0.00122, "f1": 0.69575, "f1_std": 0.00116, "auc": 0.94553, "auc_std": 0.00047}
{"epoch": 99, "time_epoch": 28.39104, "time_epoch_std": 4.44249, "eta": 0.0, "eta_std": 0.0, "eta_hours": 0.0, "eta_hours_std": 0.0, "loss": 0.08621, "loss_std": 0.00037, "lr": 0.0, "lr_std": 0.0, "params": 337201.0, "params_std": 0.0, "time_iter": 0.0907, "time_iter_std": 0.01419, "accuracy": 0.86481, "accuracy_std": 0.00064, "precision": 0.57718, "precision_std": 0.0014, "recall": 0.87552, "recall_std": 0.00113, "f1": 0.69571, "f1_std": 0.001, "auc": 0.94553, "auc_std": 0.00044}
