{"epoch": 0, "time_epoch": 1354.71971, "time_epoch_std": 0.0, "eta": 201853.23713, "eta_std": 0.0, "eta_hours": 56.07034, "eta_hours_std": 0.0, "loss": 5.54129, "loss_std": 0.0, "lr": 0.0, "lr_std": 0.0, "params": 19414641.0, "params_std": 0.0, "time_iter": 0.10742, "time_iter_std": 0.0, "mae": 5.54129, "mae_std": 0.0, "r2": -22.73847, "r2_std": 0.0, "spearmanr": -0.15194, "spearmanr_std": 0.0, "mse": 32.06654, "mse_std": 0.0, "rmse": 5.66273, "rmse_std": 0.0}
{"epoch": 1, "time_epoch": 1130.7011, "time_epoch_std": 0.0, "eta": 183921.1401, "eta_std": 0.0, "eta_hours": 51.08921, "eta_hours_std": 0.0, "loss": 0.29039, "loss_std": 0.0, "lr": 2e-05, "lr_std": 0.0, "params": 19414641.0, "params_std": 0.0, "time_iter": 0.08965, "time_iter_std": 0.0, "mae": 0.29039, "mae_std": 0.0, "r2": 0.76815, "r2_std": 0.0, "spearmanr": 0.92847, "spearmanr_std": 0.0, "mse": 0.31319, "mse_std": 0.0, "rmse": 0.55963, "rmse_std": 0.0}
{"epoch": 2, "time_epoch": 1133.74684, "time_epoch_std": 0.0, "eta": 177339.21493, "eta_std": 0.0, "eta_hours": 49.26089, "eta_hours_std": 0.0, "loss": 0.18172, "loss_std": 0.0, "lr": 4e-05, "lr_std": 0.0, "params": 19414641.0, "params_std": 0.0, "time_iter": 0.08989, "time_iter_std": 0.0, "mae": 0.18172, "mae_std": 0.0, "r2": 0.94971, "r2_std": 0.0, "spearmanr": 0.97462, "spearmanr_std": 0.0, "mse": 0.06794, "mse_std": 0.0, "rmse": 0.26065, "rmse_std": 0.0}
{"epoch": 3, "time_epoch": 1116.68837, "time_epoch_std": 0.0, "eta": 172858.74489, "eta_std": 0.0, "eta_hours": 48.01632, "eta_hours_std": 0.0, "loss": 0.16147, "loss_std": 0.0, "lr": 6e-05, "lr_std": 0.0, "params": 19414641.0, "params_std": 0.0, "time_iter": 0.08854, "time_iter_std": 0.0, "mae": 0.16147, "mae_std": 0.0, "r2": 0.95941, "r2_std": 0.0, "spearmanr": 0.97975, "spearmanr_std": 0.0, "mse": 0.05483, "mse_std": 0.0, "rmse": 0.23417, "rmse_std": 0.0}
{"epoch": 4, "time_epoch": 1152.09295, "time_epoch_std": 0.0, "eta": 170750.52023, "eta_std": 0.0, "eta_hours": 47.4307, "eta_hours_std": 0.0, "loss": 0.15111, "loss_std": 0.0, "lr": 8e-05, "lr_std": 0.0, "params": 19414641.0, "params_std": 0.0, "time_iter": 0.09135, "time_iter_std": 0.0, "mae": 0.15111, "mae_std": 0.0, "r2": 0.96381, "r2_std": 0.0, "spearmanr": 0.98196, "spearmanr_std": 0.0, "mse": 0.04888, "mse_std": 0.0, "rmse": 0.22109, "rmse_std": 0.0}
{"epoch": 5, "time_epoch": 1133.09798, "time_epoch_std": 0.0, "eta": 168505.12698, "eta_std": 0.0, "eta_hours": 46.80698, "eta_hours_std": 0.0, "loss": 0.14417, "loss_std": 0.0, "lr": 0.0001, "lr_std": 0.0, "params": 19414641.0, "params_std": 0.0, "time_iter": 0.08984, "time_iter_std": 0.0, "mae": 0.14417, "mae_std": 0.0, "r2": 0.96653, "r2_std": 0.0, "spearmanr": 0.9833, "spearmanr_std": 0.0, "mse": 0.04521, "mse_std": 0.0, "rmse": 0.21262, "rmse_std": 0.0}
{"epoch": 6, "time_epoch": 1129.35248, "time_epoch_std": 0.0, "eta": 166501.01712, "eta_std": 0.0, "eta_hours": 46.25028, "eta_hours_std": 0.0, "loss": 0.13932, "loss_std": 0.0, "lr": 0.00012, "lr_std": 0.0, "params": 19414641.0, "params_std": 0.0, "time_iter": 0.08955, "time_iter_std": 0.0, "mae": 0.13932, "mae_std": 0.0, "r2": 0.96827, "r2_std": 0.0, "spearmanr": 0.9842, "spearmanr_std": 0.0, "mse": 0.04286, "mse_std": 0.0, "rmse": 0.20703, "rmse_std": 0.0}
{"epoch": 7, "time_epoch": 1104.46433, "time_epoch_std": 0.0, "eta": 164273.83187, "eta_std": 0.0, "eta_hours": 45.63162, "eta_hours_std": 0.0, "loss": 0.13561, "loss_std": 0.0, "lr": 0.00014, "lr_std": 0.0, "params": 19414641.0, "params_std": 0.0, "time_iter": 0.08757, "time_iter_std": 0.0, "mae": 0.13561, "mae_std": 0.0, "r2": 0.96964, "r2_std": 0.0, "spearmanr": 0.98483, "spearmanr_std": 0.0, "mse": 0.04102, "mse_std": 0.0, "rmse": 0.20253, "rmse_std": 0.0}
{"epoch": 8, "time_epoch": 1190.48831, "time_epoch_std": 0.0, "eta": 163643.84926, "eta_std": 0.0, "eta_hours": 45.45662, "eta_hours_std": 0.0, "loss": 0.13259, "loss_std": 0.0, "lr": 0.00016, "lr_std": 0.0, "params": 19414641.0, "params_std": 0.0, "time_iter": 0.09439, "time_iter_std": 0.0, "mae": 0.13259, "mae_std": 0.0, "r2": 0.97062, "r2_std": 0.0, "spearmanr": 0.98537, "spearmanr_std": 0.0, "mse": 0.03969, "mse_std": 0.0, "rmse": 0.19923, "rmse_std": 0.0}
{"epoch": 9, "time_epoch": 1115.86691, "time_epoch_std": 0.0, "eta": 161857.06579, "eta_std": 0.0, "eta_hours": 44.9603, "eta_hours_std": 0.0, "loss": 0.13014, "loss_std": 0.0, "lr": 0.00018, "lr_std": 0.0, "params": 19414641.0, "params_std": 0.0, "time_iter": 0.08848, "time_iter_std": 0.0, "mae": 0.13014, "mae_std": 0.0, "r2": 0.97121, "r2_std": 0.0, "spearmanr": 0.98567, "spearmanr_std": 0.0, "mse": 0.03889, "mse_std": 0.0, "rmse": 0.19721, "rmse_std": 0.0}
{"epoch": 10, "time_epoch": 1110.67917, "time_epoch_std": 0.0, "eta": 160126.71309, "eta_std": 0.0, "eta_hours": 44.47964, "eta_hours_std": 0.0, "loss": 0.12835, "loss_std": 0.0, "lr": 0.0002, "lr_std": 0.0, "params": 19414641.0, "params_std": 0.0, "time_iter": 0.08807, "time_iter_std": 0.0, "mae": 0.12835, "mae_std": 0.0, "r2": 0.97184, "r2_std": 0.0, "spearmanr": 0.98597, "spearmanr_std": 0.0, "mse": 0.03804, "mse_std": 0.0, "rmse": 0.19505, "rmse_std": 0.0}
{"epoch": 11, "time_epoch": 1145.77394, "time_epoch_std": 0.0, "eta": 158903.22912, "eta_std": 0.0, "eta_hours": 44.13979, "eta_hours_std": 0.0, "loss": 0.124, "loss_std": 0.0, "lr": 0.0002, "lr_std": 0.0, "params": 19414641.0, "params_std": 0.0, "time_iter": 0.09085, "time_iter_std": 0.0, "mae": 0.124, "mae_std": 0.0, "r2": 0.97335, "r2_std": 0.0, "spearmanr": 0.98667, "spearmanr_std": 0.0, "mse": 0.036, "mse_std": 0.0, "rmse": 0.18973, "rmse_std": 0.0}
{"epoch": 12, "time_epoch": 1156.72988, "time_epoch_std": 0.0, "eta": 157807.15933, "eta_std": 0.0, "eta_hours": 43.83532, "eta_hours_std": 0.0, "loss": 0.12084, "loss_std": 0.0, "lr": 0.0002, "lr_std": 0.0, "params": 19414641.0, "params_std": 0.0, "time_iter": 0.09172, "time_iter_std": 0.0, "mae": 0.12084, "mae_std": 0.0, "r2": 0.97411, "r2_std": 0.0, "spearmanr": 0.98711, "spearmanr_std": 0.0, "mse": 0.03498, "mse_std": 0.0, "rmse": 0.18702, "rmse_std": 0.0}
{"epoch": 13, "time_epoch": 1122.11553, "time_epoch_std": 0.0, "eta": 156366.17012, "eta_std": 0.0, "eta_hours": 43.43505, "eta_hours_std": 0.0, "loss": 0.11816, "loss_std": 0.0, "lr": 0.0002, "lr_std": 0.0, "params": 19414641.0, "params_std": 0.0, "time_iter": 0.08897, "time_iter_std": 0.0, "mae": 0.11816, "mae_std": 0.0, "r2": 0.97493, "r2_std": 0.0, "spearmanr": 0.98749, "spearmanr_std": 0.0, "mse": 0.03386, "mse_std": 0.0, "rmse": 0.18401, "rmse_std": 0.0}
{"epoch": 14, "time_epoch": 1140.95115, "time_epoch_std": 0.0, "eta": 155137.21795, "eta_std": 0.0, "eta_hours": 43.09367, "eta_hours_std": 0.0, "loss": 0.11562, "loss_std": 0.0, "lr": 0.0002, "lr_std": 0.0, "params": 19414641.0, "params_std": 0.0, "time_iter": 0.09047, "time_iter_std": 0.0, "mae": 0.11562, "mae_std": 0.0, "r2": 0.97585, "r2_std": 0.0, "spearmanr": 0.98791, "spearmanr_std": 0.0, "mse": 0.03263, "mse_std": 0.0, "rmse": 0.18063, "rmse_std": 0.0}
{"epoch": 15, "time_epoch": 1102.87668, "time_epoch_std": 0.0, "eta": 153600.39225, "eta_std": 0.0, "eta_hours": 42.66678, "eta_hours_std": 0.0, "loss": 0.11348, "loss_std": 0.0, "lr": 0.0002, "lr_std": 0.0, "params": 19414641.0, "params_std": 0.0, "time_iter": 0.08745, "time_iter_std": 0.0, "mae": 0.11348, "mae_std": 0.0, "r2": 0.97642, "r2_std": 0.0, "spearmanr": 0.98823, "spearmanr_std": 0.0, "mse": 0.03186, "mse_std": 0.0, "rmse": 0.17848, "rmse_std": 0.0}
{"epoch": 16, "time_epoch": 1121.11599, "time_epoch_std": 0.0, "eta": 152257.31515, "eta_std": 0.0, "eta_hours": 42.2937, "eta_hours_std": 0.0, "loss": 0.11132, "loss_std": 0.0, "lr": 0.0002, "lr_std": 0.0, "params": 19414641.0, "params_std": 0.0, "time_iter": 0.08889, "time_iter_std": 0.0, "mae": 0.11132, "mae_std": 0.0, "r2": 0.97695, "r2_std": 0.0, "spearmanr": 0.98848, "spearmanr_std": 0.0, "mse": 0.03114, "mse_std": 0.0, "rmse": 0.17646, "rmse_std": 0.0}
{"epoch": 17, "time_epoch": 1089.5356, "time_epoch_std": 0.0, "eta": 150707.31086, "eta_std": 0.0, "eta_hours": 41.86314, "eta_hours_std": 0.0, "loss": 0.10996, "loss_std": 0.0, "lr": 0.0002, "lr_std": 0.0, "params": 19414641.0, "params_std": 0.0, "time_iter": 0.08639, "time_iter_std": 0.0, "mae": 0.10996, "mae_std": 0.0, "r2": 0.97738, "r2_std": 0.0, "spearmanr": 0.98866, "spearmanr_std": 0.0, "mse": 0.03055, "mse_std": 0.0, "rmse": 0.17479, "rmse_std": 0.0}
{"epoch": 18, "time_epoch": 1117.84953, "time_epoch_std": 0.0, "eta": 149400.99405, "eta_std": 0.0, "eta_hours": 41.50028, "eta_hours_std": 0.0, "loss": 0.10866, "loss_std": 0.0, "lr": 0.0002, "lr_std": 0.0, "params": 19414641.0, "params_std": 0.0, "time_iter": 0.08863, "time_iter_std": 0.0, "mae": 0.10866, "mae_std": 0.0, "r2": 0.97776, "r2_std": 0.0, "spearmanr": 0.98883, "spearmanr_std": 0.0, "mse": 0.03004, "mse_std": 0.0, "rmse": 0.17331, "rmse_std": 0.0}
{"epoch": 19, "time_epoch": 1109.35452, "time_epoch_std": 0.0, "eta": 148058.30641, "eta_std": 0.0, "eta_hours": 41.12731, "eta_hours_std": 0.0, "loss": 0.10777, "loss_std": 0.0, "lr": 0.0002, "lr_std": 0.0, "params": 19414641.0, "params_std": 0.0, "time_iter": 0.08796, "time_iter_std": 0.0, "mae": 0.10777, "mae_std": 0.0, "r2": 0.97808, "r2_std": 0.0, "spearmanr": 0.98901, "spearmanr_std": 0.0, "mse": 0.02962, "mse_std": 0.0, "rmse": 0.17209, "rmse_std": 0.0}
{"epoch": 20, "time_epoch": 1114.07281, "time_epoch_std": 0.0, "eta": 146766.82476, "eta_std": 0.0, "eta_hours": 40.76856, "eta_hours_std": 0.0, "loss": 0.10652, "loss_std": 0.0, "lr": 0.0002, "lr_std": 0.0, "params": 19414641.0, "params_std": 0.0, "time_iter": 0.08833, "time_iter_std": 0.0, "mae": 0.10652, "mae_std": 0.0, "r2": 0.97834, "r2_std": 0.0, "spearmanr": 0.98915, "spearmanr_std": 0.0, "mse": 0.02926, "mse_std": 0.0, "rmse": 0.17107, "rmse_std": 0.0}
{"epoch": 21, "time_epoch": 1156.18862, "time_epoch_std": 0.0, "eta": 145736.50859, "eta_std": 0.0, "eta_hours": 40.48236, "eta_hours_std": 0.0, "loss": 0.10549, "loss_std": 0.0, "lr": 0.0002, "lr_std": 0.0, "params": 19414641.0, "params_std": 0.0, "time_iter": 0.09167, "time_iter_std": 0.0, "mae": 0.10549, "mae_std": 0.0, "r2": 0.97871, "r2_std": 0.0, "spearmanr": 0.98931, "spearmanr_std": 0.0, "mse": 0.02876, "mse_std": 0.0, "rmse": 0.16958, "rmse_std": 0.0}
{"epoch": 22, "time_epoch": 1151.31194, "time_epoch_std": 0.0, "eta": 144668.31927, "eta_std": 0.0, "eta_hours": 40.18564, "eta_hours_std": 0.0, "loss": 0.10469, "loss_std": 0.0, "lr": 0.0002, "lr_std": 0.0, "params": 19414641.0, "params_std": 0.0, "time_iter": 0.09129, "time_iter_std": 0.0, "mae": 0.10469, "mae_std": 0.0, "r2": 0.97901, "r2_std": 0.0, "spearmanr": 0.98942, "spearmanr_std": 0.0, "mse": 0.02835, "mse_std": 0.0, "rmse": 0.16838, "rmse_std": 0.0}
{"epoch": 23, "time_epoch": 1090.34324, "time_epoch_std": 0.0, "eta": 143273.11738, "eta_std": 0.0, "eta_hours": 39.79809, "eta_hours_std": 0.0, "loss": 0.10392, "loss_std": 0.0, "lr": 0.0002, "lr_std": 0.0, "params": 19414641.0, "params_std": 0.0, "time_iter": 0.08645, "time_iter_std": 0.0, "mae": 0.10392, "mae_std": 0.0, "r2": 0.97922, "r2_std": 0.0, "spearmanr": 0.98955, "spearmanr_std": 0.0, "mse": 0.02807, "mse_std": 0.0, "rmse": 0.16754, "rmse_std": 0.0}
{"epoch": 24, "time_epoch": 1104.59451, "time_epoch_std": 0.0, "eta": 141973.56055, "eta_std": 0.0, "eta_hours": 39.4371, "eta_hours_std": 0.0, "loss": 0.10326, "loss_std": 0.0, "lr": 0.0002, "lr_std": 0.0, "params": 19414641.0, "params_std": 0.0, "time_iter": 0.08758, "time_iter_std": 0.0, "mae": 0.10326, "mae_std": 0.0, "r2": 0.97944, "r2_std": 0.0, "spearmanr": 0.9896, "spearmanr_std": 0.0, "mse": 0.02778, "mse_std": 0.0, "rmse": 0.16666, "rmse_std": 0.0}
{"epoch": 25, "time_epoch": 1098.05146, "time_epoch_std": 0.0, "eta": 140657.79548, "eta_std": 0.0, "eta_hours": 39.07161, "eta_hours_std": 0.0, "loss": 0.10228, "loss_std": 0.0, "lr": 0.00019, "lr_std": 0.0, "params": 19414641.0, "params_std": 0.0, "time_iter": 0.08706, "time_iter_std": 0.0, "mae": 0.10228, "mae_std": 0.0, "r2": 0.97963, "r2_std": 0.0, "spearmanr": 0.98975, "spearmanr_std": 0.0, "mse": 0.02751, "mse_std": 0.0, "rmse": 0.16587, "rmse_std": 0.0}
{"epoch": 26, "time_epoch": 1093.46274, "time_epoch_std": 0.0, "eta": 139337.25317, "eta_std": 0.0, "eta_hours": 38.70479, "eta_hours_std": 0.0, "loss": 0.10155, "loss_std": 0.0, "lr": 0.00019, "lr_std": 0.0, "params": 19414641.0, "params_std": 0.0, "time_iter": 0.0867, "time_iter_std": 0.0, "mae": 0.10155, "mae_std": 0.0, "r2": 0.97986, "r2_std": 0.0, "spearmanr": 0.98984, "spearmanr_std": 0.0, "mse": 0.02721, "mse_std": 0.0, "rmse": 0.16494, "rmse_std": 0.0}
{"epoch": 27, "time_epoch": 1094.46946, "time_epoch_std": 0.0, "eta": 138037.31726, "eta_std": 0.0, "eta_hours": 38.3437, "eta_hours_std": 0.0, "loss": 0.10112, "loss_std": 0.0, "lr": 0.00019, "lr_std": 0.0, "params": 19414641.0, "params_std": 0.0, "time_iter": 0.08678, "time_iter_std": 0.0, "mae": 0.10112, "mae_std": 0.0, "r2": 0.97994, "r2_std": 0.0, "spearmanr": 0.98989, "spearmanr_std": 0.0, "mse": 0.0271, "mse_std": 0.0, "rmse": 0.16462, "rmse_std": 0.0}
{"epoch": 28, "time_epoch": 1117.19155, "time_epoch_std": 0.0, "eta": 136846.35741, "eta_std": 0.0, "eta_hours": 38.01288, "eta_hours_std": 0.0, "loss": 0.10041, "loss_std": 0.0, "lr": 0.00019, "lr_std": 0.0, "params": 19414641.0, "params_std": 0.0, "time_iter": 0.08858, "time_iter_std": 0.0, "mae": 0.10041, "mae_std": 0.0, "r2": 0.98022, "r2_std": 0.0, "spearmanr": 0.98999, "spearmanr_std": 0.0, "mse": 0.02672, "mse_std": 0.0, "rmse": 0.16347, "rmse_std": 0.0}
{"epoch": 29, "time_epoch": 1097.18974, "time_epoch_std": 0.0, "eta": 135580.30821, "eta_std": 0.0, "eta_hours": 37.6612, "eta_hours_std": 0.0, "loss": 0.09993, "loss_std": 0.0, "lr": 0.00019, "lr_std": 0.0, "params": 19414641.0, "params_std": 0.0, "time_iter": 0.087, "time_iter_std": 0.0, "mae": 0.09993, "mae_std": 0.0, "r2": 0.98018, "r2_std": 0.0, "spearmanr": 0.99005, "spearmanr_std": 0.0, "mse": 0.02677, "mse_std": 0.0, "rmse": 0.16361, "rmse_std": 0.0}
{"epoch": 30, "time_epoch": 1122.05753, "time_epoch_std": 0.0, "eta": 134420.61338, "eta_std": 0.0, "eta_hours": 37.33906, "eta_hours_std": 0.0, "loss": 0.09947, "loss_std": 0.0, "lr": 0.00019, "lr_std": 0.0, "params": 19414641.0, "params_std": 0.0, "time_iter": 0.08897, "time_iter_std": 0.0, "mae": 0.09947, "mae_std": 0.0, "r2": 0.98034, "r2_std": 0.0, "spearmanr": 0.99009, "spearmanr_std": 0.0, "mse": 0.02655, "mse_std": 0.0, "rmse": 0.16295, "rmse_std": 0.0}
{"epoch": 31, "time_epoch": 1113.41379, "time_epoch_std": 0.0, "eta": 133231.39712, "eta_std": 0.0, "eta_hours": 37.00872, "eta_hours_std": 0.0, "loss": 0.09897, "loss_std": 0.0, "lr": 0.00019, "lr_std": 0.0, "params": 19414641.0, "params_std": 0.0, "time_iter": 0.08828, "time_iter_std": 0.0, "mae": 0.09897, "mae_std": 0.0, "r2": 0.98057, "r2_std": 0.0, "spearmanr": 0.99019, "spearmanr_std": 0.0, "mse": 0.02624, "mse_std": 0.0, "rmse": 0.16199, "rmse_std": 0.0}
{"epoch": 32, "time_epoch": 1093.73302, "time_epoch_std": 0.0, "eta": 131976.99768, "eta_std": 0.0, "eta_hours": 36.66028, "eta_hours_std": 0.0, "loss": 0.09853, "loss_std": 0.0, "lr": 0.00019, "lr_std": 0.0, "params": 19414641.0, "params_std": 0.0, "time_iter": 0.08672, "time_iter_std": 0.0, "mae": 0.09853, "mae_std": 0.0, "r2": 0.9807, "r2_std": 0.0, "spearmanr": 0.99023, "spearmanr_std": 0.0, "mse": 0.02606, "mse_std": 0.0, "rmse": 0.16144, "rmse_std": 0.0}
{"epoch": 33, "time_epoch": 1079.89807, "time_epoch_std": 0.0, "eta": 130684.84761, "eta_std": 0.0, "eta_hours": 36.30135, "eta_hours_std": 0.0, "loss": 0.09795, "loss_std": 0.0, "lr": 0.00019, "lr_std": 0.0, "params": 19414641.0, "params_std": 0.0, "time_iter": 0.08562, "time_iter_std": 0.0, "mae": 0.09795, "mae_std": 0.0, "r2": 0.98096, "r2_std": 0.0, "spearmanr": 0.99034, "spearmanr_std": 0.0, "mse": 0.02572, "mse_std": 0.0, "rmse": 0.16039, "rmse_std": 0.0}
{"epoch": 34, "time_epoch": 1101.26171, "time_epoch_std": 0.0, "eta": 129475.02101, "eta_std": 0.0, "eta_hours": 35.96528, "eta_hours_std": 0.0, "loss": 0.09765, "loss_std": 0.0, "lr": 0.00019, "lr_std": 0.0, "params": 19414641.0, "params_std": 0.0, "time_iter": 0.08732, "time_iter_std": 0.0, "mae": 0.09765, "mae_std": 0.0, "r2": 0.98092, "r2_std": 0.0, "spearmanr": 0.99032, "spearmanr_std": 0.0, "mse": 0.02577, "mse_std": 0.0, "rmse": 0.16054, "rmse_std": 0.0}
{"epoch": 35, "time_epoch": 1085.03522, "time_epoch_std": 0.0, "eta": 128219.84192, "eta_std": 0.0, "eta_hours": 35.61662, "eta_hours_std": 0.0, "loss": 0.09698, "loss_std": 0.0, "lr": 0.00018, "lr_std": 0.0, "params": 19414641.0, "params_std": 0.0, "time_iter": 0.08603, "time_iter_std": 0.0, "mae": 0.09698, "mae_std": 0.0, "r2": 0.98106, "r2_std": 0.0, "spearmanr": 0.99041, "spearmanr_std": 0.0, "mse": 0.02558, "mse_std": 0.0, "rmse": 0.15995, "rmse_std": 0.0}
{"epoch": 36, "time_epoch": 1139.80654, "time_epoch_std": 0.0, "eta": 127141.13435, "eta_std": 0.0, "eta_hours": 35.31698, "eta_hours_std": 0.0, "loss": 0.0966, "loss_std": 0.0, "lr": 0.00018, "lr_std": 0.0, "params": 19414641.0, "params_std": 0.0, "time_iter": 0.09037, "time_iter_std": 0.0, "mae": 0.0966, "mae_std": 0.0, "r2": 0.98129, "r2_std": 0.0, "spearmanr": 0.99048, "spearmanr_std": 0.0, "mse": 0.02528, "mse_std": 0.0, "rmse": 0.15899, "rmse_std": 0.0}
{"epoch": 37, "time_epoch": 1103.75398, "time_epoch_std": 0.0, "eta": 125952.95088, "eta_std": 0.0, "eta_hours": 34.98693, "eta_hours_std": 0.0, "loss": 0.09618, "loss_std": 0.0, "lr": 0.00018, "lr_std": 0.0, "params": 19414641.0, "params_std": 0.0, "time_iter": 0.08752, "time_iter_std": 0.0, "mae": 0.09618, "mae_std": 0.0, "r2": 0.98142, "r2_std": 0.0, "spearmanr": 0.99055, "spearmanr_std": 0.0, "mse": 0.0251, "mse_std": 0.0, "rmse": 0.15844, "rmse_std": 0.0}
{"epoch": 38, "time_epoch": 1077.26489, "time_epoch_std": 0.0, "eta": 124693.70512, "eta_std": 0.0, "eta_hours": 34.63714, "eta_hours_std": 0.0, "loss": 0.09583, "loss_std": 0.0, "lr": 0.00018, "lr_std": 0.0, "params": 19414641.0, "params_std": 0.0, "time_iter": 0.08542, "time_iter_std": 0.0, "mae": 0.09583, "mae_std": 0.0, "r2": 0.98142, "r2_std": 0.0, "spearmanr": 0.99056, "spearmanr_std": 0.0, "mse": 0.0251, "mse_std": 0.0, "rmse": 0.15843, "rmse_std": 0.0}
{"epoch": 39, "time_epoch": 1083.17762, "time_epoch_std": 0.0, "eta": 123459.81841, "eta_std": 0.0, "eta_hours": 34.29439, "eta_hours_std": 0.0, "loss": 0.09543, "loss_std": 0.0, "lr": 0.00018, "lr_std": 0.0, "params": 19414641.0, "params_std": 0.0, "time_iter": 0.08588, "time_iter_std": 0.0, "mae": 0.09543, "mae_std": 0.0, "r2": 0.9816, "r2_std": 0.0, "spearmanr": 0.99064, "spearmanr_std": 0.0, "mse": 0.02486, "mse_std": 0.0, "rmse": 0.15766, "rmse_std": 0.0}
{"epoch": 40, "time_epoch": 1104.06854, "time_epoch_std": 0.0, "eta": 122288.82264, "eta_std": 0.0, "eta_hours": 33.96912, "eta_hours_std": 0.0, "loss": 0.09489, "loss_std": 0.0, "lr": 0.00018, "lr_std": 0.0, "params": 19414641.0, "params_std": 0.0, "time_iter": 0.08754, "time_iter_std": 0.0, "mae": 0.09489, "mae_std": 0.0, "r2": 0.98167, "r2_std": 0.0, "spearmanr": 0.9907, "spearmanr_std": 0.0, "mse": 0.02475, "mse_std": 0.0, "rmse": 0.15734, "rmse_std": 0.0}
{"epoch": 41, "time_epoch": 1099.69884, "time_epoch_std": 0.0, "eta": 121109.7775, "eta_std": 0.0, "eta_hours": 33.6416, "eta_hours_std": 0.0, "loss": 0.0945, "loss_std": 0.0, "lr": 0.00018, "lr_std": 0.0, "params": 19414641.0, "params_std": 0.0, "time_iter": 0.08719, "time_iter_std": 0.0, "mae": 0.0945, "mae_std": 0.0, "r2": 0.98184, "r2_std": 0.0, "spearmanr": 0.99071, "spearmanr_std": 0.0, "mse": 0.02452, "mse_std": 0.0, "rmse": 0.1566, "rmse_std": 0.0}
{"epoch": 42, "time_epoch": 1060.70434, "time_epoch_std": 0.0, "eta": 119837.39005, "eta_std": 0.0, "eta_hours": 33.28816, "eta_hours_std": 0.0, "loss": 0.09415, "loss_std": 0.0, "lr": 0.00018, "lr_std": 0.0, "params": 19414641.0, "params_std": 0.0, "time_iter": 0.0841, "time_iter_std": 0.0, "mae": 0.09415, "mae_std": 0.0, "r2": 0.98191, "r2_std": 0.0, "spearmanr": 0.99078, "spearmanr_std": 0.0, "mse": 0.02443, "mse_std": 0.0, "rmse": 0.15631, "rmse_std": 0.0}
{"epoch": 43, "time_epoch": 1116.77823, "time_epoch_std": 0.0, "eta": 118709.71167, "eta_std": 0.0, "eta_hours": 32.97492, "eta_hours_std": 0.0, "loss": 0.09371, "loss_std": 0.0, "lr": 0.00017, "lr_std": 0.0, "params": 19414641.0, "params_std": 0.0, "time_iter": 0.08855, "time_iter_std": 0.0, "mae": 0.09371, "mae_std": 0.0, "r2": 0.98202, "r2_std": 0.0, "spearmanr": 0.99085, "spearmanr_std": 0.0, "mse": 0.02429, "mse_std": 0.0, "rmse": 0.15584, "rmse_std": 0.0}
{"epoch": 44, "time_epoch": 1088.60453, "time_epoch_std": 0.0, "eta": 117516.7791, "eta_std": 0.0, "eta_hours": 32.64355, "eta_hours_std": 0.0, "loss": 0.09327, "loss_std": 0.0, "lr": 0.00017, "lr_std": 0.0, "params": 19414641.0, "params_std": 0.0, "time_iter": 0.08631, "time_iter_std": 0.0, "mae": 0.09327, "mae_std": 0.0, "r2": 0.98217, "r2_std": 0.0, "spearmanr": 0.99091, "spearmanr_std": 0.0, "mse": 0.02409, "mse_std": 0.0, "rmse": 0.15521, "rmse_std": 0.0}
{"epoch": 45, "time_epoch": 1113.4023, "time_epoch_std": 0.0, "eta": 116384.44707, "eta_std": 0.0, "eta_hours": 32.32901, "eta_hours_std": 0.0, "loss": 0.09287, "loss_std": 0.0, "lr": 0.00017, "lr_std": 0.0, "params": 19414641.0, "params_std": 0.0, "time_iter": 0.08828, "time_iter_std": 0.0, "mae": 0.09287, "mae_std": 0.0, "r2": 0.98231, "r2_std": 0.0, "spearmanr": 0.99097, "spearmanr_std": 0.0, "mse": 0.02389, "mse_std": 0.0, "rmse": 0.15458, "rmse_std": 0.0}
{"epoch": 46, "time_epoch": 1090.9066, "time_epoch_std": 0.0, "eta": 115203.62146, "eta_std": 0.0, "eta_hours": 32.00101, "eta_hours_std": 0.0, "loss": 0.09252, "loss_std": 0.0, "lr": 0.00017, "lr_std": 0.0, "params": 19414641.0, "params_std": 0.0, "time_iter": 0.0865, "time_iter_std": 0.0, "mae": 0.09253, "mae_std": 0.0, "r2": 0.98241, "r2_std": 0.0, "spearmanr": 0.99101, "spearmanr_std": 0.0, "mse": 0.02376, "mse_std": 0.0, "rmse": 0.15415, "rmse_std": 0.0}
{"epoch": 47, "time_epoch": 1110.31995, "time_epoch_std": 0.0, "eta": 114067.79585, "eta_std": 0.0, "eta_hours": 31.6855, "eta_hours_std": 0.0, "loss": 0.09208, "loss_std": 0.0, "lr": 0.00017, "lr_std": 0.0, "params": 19414641.0, "params_std": 0.0, "time_iter": 0.08804, "time_iter_std": 0.0, "mae": 0.09208, "mae_std": 0.0, "r2": 0.9825, "r2_std": 0.0, "spearmanr": 0.99105, "spearmanr_std": 0.0, "mse": 0.02364, "mse_std": 0.0, "rmse": 0.15375, "rmse_std": 0.0}
{"epoch": 48, "time_epoch": 1081.10239, "time_epoch_std": 0.0, "eta": 112872.78734, "eta_std": 0.0, "eta_hours": 31.35355, "eta_hours_std": 0.0, "loss": 0.09183, "loss_std": 0.0, "lr": 0.00017, "lr_std": 0.0, "params": 19414641.0, "params_std": 0.0, "time_iter": 0.08572, "time_iter_std": 0.0, "mae": 0.09183, "mae_std": 0.0, "r2": 0.98259, "r2_std": 0.0, "spearmanr": 0.99109, "spearmanr_std": 0.0, "mse": 0.02351, "mse_std": 0.0, "rmse": 0.15334, "rmse_std": 0.0}
{"epoch": 49, "time_epoch": 1107.82443, "time_epoch_std": 0.0, "eta": 111735.77914, "eta_std": 0.0, "eta_hours": 31.03772, "eta_hours_std": 0.0, "loss": 0.0915, "loss_std": 0.0, "lr": 0.00016, "lr_std": 0.0, "params": 19414641.0, "params_std": 0.0, "time_iter": 0.08784, "time_iter_std": 0.0, "mae": 0.0915, "mae_std": 0.0, "r2": 0.98269, "r2_std": 0.0, "spearmanr": 0.99114, "spearmanr_std": 0.0, "mse": 0.02338, "mse_std": 0.0, "rmse": 0.15291, "rmse_std": 0.0}
{"epoch": 50, "time_epoch": 1074.90041, "time_epoch_std": 0.0, "eta": 110536.00409, "eta_std": 0.0, "eta_hours": 30.70445, "eta_hours_std": 0.0, "loss": 0.09108, "loss_std": 0.0, "lr": 0.00016, "lr_std": 0.0, "params": 19414641.0, "params_std": 0.0, "time_iter": 0.08523, "time_iter_std": 0.0, "mae": 0.09108, "mae_std": 0.0, "r2": 0.98281, "r2_std": 0.0, "spearmanr": 0.99117, "spearmanr_std": 0.0, "mse": 0.02322, "mse_std": 0.0, "rmse": 0.15238, "rmse_std": 0.0}
{"epoch": 51, "time_epoch": 1075.9121, "time_epoch_std": 0.0, "eta": 109342.93855, "eta_std": 0.0, "eta_hours": 30.37304, "eta_hours_std": 0.0, "loss": 0.09081, "loss_std": 0.0, "lr": 0.00016, "lr_std": 0.0, "params": 19414641.0, "params_std": 0.0, "time_iter": 0.08531, "time_iter_std": 0.0, "mae": 0.09082, "mae_std": 0.0, "r2": 0.98297, "r2_std": 0.0, "spearmanr": 0.99123, "spearmanr_std": 0.0, "mse": 0.02301, "mse_std": 0.0, "rmse": 0.15169, "rmse_std": 0.0}
{"epoch": 52, "time_epoch": 1074.49696, "time_epoch_std": 0.0, "eta": 108151.70392, "eta_std": 0.0, "eta_hours": 30.04214, "eta_hours_std": 0.0, "loss": 0.09048, "loss_std": 0.0, "lr": 0.00016, "lr_std": 0.0, "params": 19414641.0, "params_std": 0.0, "time_iter": 0.0852, "time_iter_std": 0.0, "mae": 0.09048, "mae_std": 0.0, "r2": 0.98289, "r2_std": 0.0, "spearmanr": 0.99123, "spearmanr_std": 0.0, "mse": 0.02311, "mse_std": 0.0, "rmse": 0.15202, "rmse_std": 0.0}
{"epoch": 53, "time_epoch": 1078.62684, "time_epoch_std": 0.0, "eta": 106972.13492, "eta_std": 0.0, "eta_hours": 29.71448, "eta_hours_std": 0.0, "loss": 0.09006, "loss_std": 0.0, "lr": 0.00016, "lr_std": 0.0, "params": 19414641.0, "params_std": 0.0, "time_iter": 0.08552, "time_iter_std": 0.0, "mae": 0.09006, "mae_std": 0.0, "r2": 0.9831, "r2_std": 0.0, "spearmanr": 0.99129, "spearmanr_std": 0.0, "mse": 0.02283, "mse_std": 0.0, "rmse": 0.1511, "rmse_std": 0.0}
{"epoch": 54, "time_epoch": 1071.72335, "time_epoch_std": 0.0, "eta": 105784.31234, "eta_std": 0.0, "eta_hours": 29.38453, "eta_hours_std": 0.0, "loss": 0.08981, "loss_std": 0.0, "lr": 0.00016, "lr_std": 0.0, "params": 19414641.0, "params_std": 0.0, "time_iter": 0.08498, "time_iter_std": 0.0, "mae": 0.08981, "mae_std": 0.0, "r2": 0.98317, "r2_std": 0.0, "spearmanr": 0.99135, "spearmanr_std": 0.0, "mse": 0.02273, "mse_std": 0.0, "rmse": 0.15076, "rmse_std": 0.0}
{"epoch": 55, "time_epoch": 1076.85968, "time_epoch_std": 0.0, "eta": 104609.25784, "eta_std": 0.0, "eta_hours": 29.05813, "eta_hours_std": 0.0, "loss": 0.0895, "loss_std": 0.0, "lr": 0.00015, "lr_std": 0.0, "params": 19414641.0, "params_std": 0.0, "time_iter": 0.08538, "time_iter_std": 0.0, "mae": 0.0895, "mae_std": 0.0, "r2": 0.98324, "r2_std": 0.0, "spearmanr": 0.99137, "spearmanr_std": 0.0, "mse": 0.02264, "mse_std": 0.0, "rmse": 0.15047, "rmse_std": 0.0}
{"epoch": 56, "time_epoch": 1086.35643, "time_epoch_std": 0.0, "eta": 103453.14348, "eta_std": 0.0, "eta_hours": 28.73698, "eta_hours_std": 0.0, "loss": 0.08921, "loss_std": 0.0, "lr": 0.00015, "lr_std": 0.0, "params": 19414641.0, "params_std": 0.0, "time_iter": 0.08614, "time_iter_std": 0.0, "mae": 0.08921, "mae_std": 0.0, "r2": 0.98332, "r2_std": 0.0, "spearmanr": 0.99142, "spearmanr_std": 0.0, "mse": 0.02253, "mse_std": 0.0, "rmse": 0.1501, "rmse_std": 0.0}
{"epoch": 57, "time_epoch": 1069.48525, "time_epoch_std": 0.0, "eta": 102272.67337, "eta_std": 0.0, "eta_hours": 28.40908, "eta_hours_std": 0.0, "loss": 0.08891, "loss_std": 0.0, "lr": 0.00015, "lr_std": 0.0, "params": 19414641.0, "params_std": 0.0, "time_iter": 0.0848, "time_iter_std": 0.0, "mae": 0.08891, "mae_std": 0.0, "r2": 0.98355, "r2_std": 0.0, "spearmanr": 0.99147, "spearmanr_std": 0.0, "mse": 0.02222, "mse_std": 0.0, "rmse": 0.14905, "rmse_std": 0.0}
{"epoch": 58, "time_epoch": 1077.11748, "time_epoch_std": 0.0, "eta": 101107.73722, "eta_std": 0.0, "eta_hours": 28.08548, "eta_hours_std": 0.0, "loss": 0.0886, "loss_std": 0.0, "lr": 0.00015, "lr_std": 0.0, "params": 19414641.0, "params_std": 0.0, "time_iter": 0.0854, "time_iter_std": 0.0, "mae": 0.0886, "mae_std": 0.0, "r2": 0.9834, "r2_std": 0.0, "spearmanr": 0.9915, "spearmanr_std": 0.0, "mse": 0.02242, "mse_std": 0.0, "rmse": 0.14973, "rmse_std": 0.0}
{"epoch": 59, "time_epoch": 1069.04749, "time_epoch_std": 0.0, "eta": 99933.62338, "eta_std": 0.0, "eta_hours": 27.75934, "eta_hours_std": 0.0, "loss": 0.0883, "loss_std": 0.0, "lr": 0.00015, "lr_std": 0.0, "params": 19414641.0, "params_std": 0.0, "time_iter": 0.08476, "time_iter_std": 0.0, "mae": 0.0883, "mae_std": 0.0, "r2": 0.98368, "r2_std": 0.0, "spearmanr": 0.99155, "spearmanr_std": 0.0, "mse": 0.02205, "mse_std": 0.0, "rmse": 0.14849, "rmse_std": 0.0}
{"epoch": 60, "time_epoch": 1081.31826, "time_epoch_std": 0.0, "eta": 98780.85757, "eta_std": 0.0, "eta_hours": 27.43913, "eta_hours_std": 0.0, "loss": 0.08789, "loss_std": 0.0, "lr": 0.00014, "lr_std": 0.0, "params": 19414641.0, "params_std": 0.0, "time_iter": 0.08574, "time_iter_std": 0.0, "mae": 0.08789, "mae_std": 0.0, "r2": 0.98378, "r2_std": 0.0, "spearmanr": 0.99157, "spearmanr_std": 0.0, "mse": 0.02191, "mse_std": 0.0, "rmse": 0.14802, "rmse_std": 0.0}
{"epoch": 61, "time_epoch": 1078.46771, "time_epoch_std": 0.0, "eta": 97626.35059, "eta_std": 0.0, "eta_hours": 27.11843, "eta_hours_std": 0.0, "loss": 0.08758, "loss_std": 0.0, "lr": 0.00014, "lr_std": 0.0, "params": 19414641.0, "params_std": 0.0, "time_iter": 0.08551, "time_iter_std": 0.0, "mae": 0.08758, "mae_std": 0.0, "r2": 0.9838, "r2_std": 0.0, "spearmanr": 0.99161, "spearmanr_std": 0.0, "mse": 0.02188, "mse_std": 0.0, "rmse": 0.14793, "rmse_std": 0.0}
{"epoch": 62, "time_epoch": 1075.07702, "time_epoch_std": 0.0, "eta": 96469.57517, "eta_std": 0.0, "eta_hours": 26.7971, "eta_hours_std": 0.0, "loss": 0.08729, "loss_std": 0.0, "lr": 0.00014, "lr_std": 0.0, "params": 19414641.0, "params_std": 0.0, "time_iter": 0.08524, "time_iter_std": 0.0, "mae": 0.08729, "mae_std": 0.0, "r2": 0.98395, "r2_std": 0.0, "spearmanr": 0.99166, "spearmanr_std": 0.0, "mse": 0.02169, "mse_std": 0.0, "rmse": 0.14726, "rmse_std": 0.0}
{"epoch": 63, "time_epoch": 1083.20411, "time_epoch_std": 0.0, "eta": 95326.2736, "eta_std": 0.0, "eta_hours": 26.47952, "eta_hours_std": 0.0, "loss": 0.08716, "loss_std": 0.0, "lr": 0.00014, "lr_std": 0.0, "params": 19414641.0, "params_std": 0.0, "time_iter": 0.08589, "time_iter_std": 0.0, "mae": 0.08716, "mae_std": 0.0, "r2": 0.98394, "r2_std": 0.0, "spearmanr": 0.99167, "spearmanr_std": 0.0, "mse": 0.02169, "mse_std": 0.0, "rmse": 0.14727, "rmse_std": 0.0}
{"epoch": 64, "time_epoch": 1071.50628, "time_epoch_std": 0.0, "eta": 94169.52403, "eta_std": 0.0, "eta_hours": 26.1582, "eta_hours_std": 0.0, "loss": 0.08683, "loss_std": 0.0, "lr": 0.00014, "lr_std": 0.0, "params": 19414641.0, "params_std": 0.0, "time_iter": 0.08496, "time_iter_std": 0.0, "mae": 0.08683, "mae_std": 0.0, "r2": 0.98397, "r2_std": 0.0, "spearmanr": 0.99172, "spearmanr_std": 0.0, "mse": 0.02166, "mse_std": 0.0, "rmse": 0.14717, "rmse_std": 0.0}
{"epoch": 65, "time_epoch": 1083.39534, "time_epoch_std": 0.0, "eta": 93030.48912, "eta_std": 0.0, "eta_hours": 25.8418, "eta_hours_std": 0.0, "loss": 0.08644, "loss_std": 0.0, "lr": 0.00013, "lr_std": 0.0, "params": 19414641.0, "params_std": 0.0, "time_iter": 0.0859, "time_iter_std": 0.0, "mae": 0.08644, "mae_std": 0.0, "r2": 0.98414, "r2_std": 0.0, "spearmanr": 0.99178, "spearmanr_std": 0.0, "mse": 0.02142, "mse_std": 0.0, "rmse": 0.14636, "rmse_std": 0.0}
{"epoch": 66, "time_epoch": 1067.02291, "time_epoch_std": 0.0, "eta": 91872.83282, "eta_std": 0.0, "eta_hours": 25.52023, "eta_hours_std": 0.0, "loss": 0.08611, "loss_std": 0.0, "lr": 0.00013, "lr_std": 0.0, "params": 19414641.0, "params_std": 0.0, "time_iter": 0.0846, "time_iter_std": 0.0, "mae": 0.08611, "mae_std": 0.0, "r2": 0.98424, "r2_std": 0.0, "spearmanr": 0.99181, "spearmanr_std": 0.0, "mse": 0.02129, "mse_std": 0.0, "rmse": 0.1459, "rmse_std": 0.0}
{"epoch": 67, "time_epoch": 1081.12026, "time_epoch_std": 0.0, "eta": 90734.84196, "eta_std": 0.0, "eta_hours": 25.20412, "eta_hours_std": 0.0, "loss": 0.0858, "loss_std": 0.0, "lr": 0.00013, "lr_std": 0.0, "params": 19414641.0, "params_std": 0.0, "time_iter": 0.08572, "time_iter_std": 0.0, "mae": 0.0858, "mae_std": 0.0, "r2": 0.98426, "r2_std": 0.0, "spearmanr": 0.99184, "spearmanr_std": 0.0, "mse": 0.02126, "mse_std": 0.0, "rmse": 0.14581, "rmse_std": 0.0}
{"epoch": 68, "time_epoch": 1074.3402, "time_epoch_std": 0.0, "eta": 89590.54032, "eta_std": 0.0, "eta_hours": 24.88626, "eta_hours_std": 0.0, "loss": 0.08552, "loss_std": 0.0, "lr": 0.00013, "lr_std": 0.0, "params": 19414641.0, "params_std": 0.0, "time_iter": 0.08518, "time_iter_std": 0.0, "mae": 0.08552, "mae_std": 0.0, "r2": 0.98428, "r2_std": 0.0, "spearmanr": 0.99188, "spearmanr_std": 0.0, "mse": 0.02123, "mse_std": 0.0, "rmse": 0.14572, "rmse_std": 0.0}
{"epoch": 69, "time_epoch": 1070.4352, "time_epoch_std": 0.0, "eta": 88443.77471, "eta_std": 0.0, "eta_hours": 24.56772, "eta_hours_std": 0.0, "loss": 0.08525, "loss_std": 0.0, "lr": 0.00012, "lr_std": 0.0, "params": 19414641.0, "params_std": 0.0, "time_iter": 0.08487, "time_iter_std": 0.0, "mae": 0.08525, "mae_std": 0.0, "r2": 0.98453, "r2_std": 0.0, "spearmanr": 0.99193, "spearmanr_std": 0.0, "mse": 0.02089, "mse_std": 0.0, "rmse": 0.14454, "rmse_std": 0.0}
{"epoch": 70, "time_epoch": 1079.52492, "time_epoch_std": 0.0, "eta": 87309.27318, "eta_std": 0.0, "eta_hours": 24.25258, "eta_hours_std": 0.0, "loss": 0.08501, "loss_std": 0.0, "lr": 0.00012, "lr_std": 0.0, "params": 19414641.0, "params_std": 0.0, "time_iter": 0.0856, "time_iter_std": 0.0, "mae": 0.08501, "mae_std": 0.0, "r2": 0.98456, "r2_std": 0.0, "spearmanr": 0.99196, "spearmanr_std": 0.0, "mse": 0.02086, "mse_std": 0.0, "rmse": 0.14442, "rmse_std": 0.0}
{"epoch": 71, "time_epoch": 1072.87247, "time_epoch_std": 0.0, "eta": 86169.09195, "eta_std": 0.0, "eta_hours": 23.93586, "eta_hours_std": 0.0, "loss": 0.08474, "loss_std": 0.0, "lr": 0.00012, "lr_std": 0.0, "params": 19414641.0, "params_std": 0.0, "time_iter": 0.08507, "time_iter_std": 0.0, "mae": 0.08474, "mae_std": 0.0, "r2": 0.98464, "r2_std": 0.0, "spearmanr": 0.99198, "spearmanr_std": 0.0, "mse": 0.02075, "mse_std": 0.0, "rmse": 0.14406, "rmse_std": 0.0}
{"epoch": 72, "time_epoch": 1071.18291, "time_epoch_std": 0.0, "eta": 85028.97266, "eta_std": 0.0, "eta_hours": 23.61916, "eta_hours_std": 0.0, "loss": 0.08437, "loss_std": 0.0, "lr": 0.00012, "lr_std": 0.0, "params": 19414641.0, "params_std": 0.0, "time_iter": 0.08493, "time_iter_std": 0.0, "mae": 0.08437, "mae_std": 0.0, "r2": 0.98481, "r2_std": 0.0, "spearmanr": 0.99203, "spearmanr_std": 0.0, "mse": 0.02052, "mse_std": 0.0, "rmse": 0.14326, "rmse_std": 0.0}
{"epoch": 73, "time_epoch": 1072.51919, "time_epoch_std": 0.0, "eta": 83892.08891, "eta_std": 0.0, "eta_hours": 23.30336, "eta_hours_std": 0.0, "loss": 0.08414, "loss_std": 0.0, "lr": 0.00012, "lr_std": 0.0, "params": 19414641.0, "params_std": 0.0, "time_iter": 0.08504, "time_iter_std": 0.0, "mae": 0.08414, "mae_std": 0.0, "r2": 0.98482, "r2_std": 0.0, "spearmanr": 0.99204, "spearmanr_std": 0.0, "mse": 0.02051, "mse_std": 0.0, "rmse": 0.1432, "rmse_std": 0.0}
{"epoch": 74, "time_epoch": 1079.69292, "time_epoch_std": 0.0, "eta": 82764.09527, "eta_std": 0.0, "eta_hours": 22.99003, "eta_hours_std": 0.0, "loss": 0.08382, "loss_std": 0.0, "lr": 0.00011, "lr_std": 0.0, "params": 19414641.0, "params_std": 0.0, "time_iter": 0.08561, "time_iter_std": 0.0, "mae": 0.08382, "mae_std": 0.0, "r2": 0.98495, "r2_std": 0.0, "spearmanr": 0.99211, "spearmanr_std": 0.0, "mse": 0.02033, "mse_std": 0.0, "rmse": 0.14257, "rmse_std": 0.0}
{"epoch": 75, "time_epoch": 1072.80993, "time_epoch_std": 0.0, "eta": 81630.67086, "eta_std": 0.0, "eta_hours": 22.67519, "eta_hours_std": 0.0, "loss": 0.08357, "loss_std": 0.0, "lr": 0.00011, "lr_std": 0.0, "params": 19414641.0, "params_std": 0.0, "time_iter": 0.08506, "time_iter_std": 0.0, "mae": 0.08357, "mae_std": 0.0, "r2": 0.985, "r2_std": 0.0, "spearmanr": 0.99213, "spearmanr_std": 0.0, "mse": 0.02026, "mse_std": 0.0, "rmse": 0.14234, "rmse_std": 0.0}
{"epoch": 76, "time_epoch": 1076.81007, "time_epoch_std": 0.0, "eta": 80502.61319, "eta_std": 0.0, "eta_hours": 22.36184, "eta_hours_std": 0.0, "loss": 0.08328, "loss_std": 0.0, "lr": 0.00011, "lr_std": 0.0, "params": 19414641.0, "params_std": 0.0, "time_iter": 0.08538, "time_iter_std": 0.0, "mae": 0.08328, "mae_std": 0.0, "r2": 0.98509, "r2_std": 0.0, "spearmanr": 0.99215, "spearmanr_std": 0.0, "mse": 0.02015, "mse_std": 0.0, "rmse": 0.14194, "rmse_std": 0.0}
{"epoch": 77, "time_epoch": 1079.85088, "time_epoch_std": 0.0, "eta": 79378.67646, "eta_std": 0.0, "eta_hours": 22.04963, "eta_hours_std": 0.0, "loss": 0.08299, "loss_std": 0.0, "lr": 0.00011, "lr_std": 0.0, "params": 19414641.0, "params_std": 0.0, "time_iter": 0.08562, "time_iter_std": 0.0, "mae": 0.08299, "mae_std": 0.0, "r2": 0.98514, "r2_std": 0.0, "spearmanr": 0.99221, "spearmanr_std": 0.0, "mse": 0.02007, "mse_std": 0.0, "rmse": 0.14168, "rmse_std": 0.0}
{"epoch": 78, "time_epoch": 1108.84737, "time_epoch_std": 0.0, "eta": 78281.91596, "eta_std": 0.0, "eta_hours": 21.74498, "eta_hours_std": 0.0, "loss": 0.08274, "loss_std": 0.0, "lr": 0.0001, "lr_std": 0.0, "params": 19414641.0, "params_std": 0.0, "time_iter": 0.08792, "time_iter_std": 0.0, "mae": 0.08274, "mae_std": 0.0, "r2": 0.98521, "r2_std": 0.0, "spearmanr": 0.99223, "spearmanr_std": 0.0, "mse": 0.01997, "mse_std": 0.0, "rmse": 0.14133, "rmse_std": 0.0}
{"epoch": 79, "time_epoch": 1130.21951, "time_epoch_std": 0.0, "eta": 77203.55392, "eta_std": 0.0, "eta_hours": 21.44543, "eta_hours_std": 0.0, "loss": 0.08243, "loss_std": 0.0, "lr": 0.0001, "lr_std": 0.0, "params": 19414641.0, "params_std": 0.0, "time_iter": 0.08961, "time_iter_std": 0.0, "mae": 0.08243, "mae_std": 0.0, "r2": 0.98531, "r2_std": 0.0, "spearmanr": 0.99228, "spearmanr_std": 0.0, "mse": 0.01985, "mse_std": 0.0, "rmse": 0.14088, "rmse_std": 0.0}
{"epoch": 80, "time_epoch": 1139.89663, "time_epoch_std": 0.0, "eta": 76132.15491, "eta_std": 0.0, "eta_hours": 21.14782, "eta_hours_std": 0.0, "loss": 0.08217, "loss_std": 0.0, "lr": 0.0001, "lr_std": 0.0, "params": 19414641.0, "params_std": 0.0, "time_iter": 0.09038, "time_iter_std": 0.0, "mae": 0.08217, "mae_std": 0.0, "r2": 0.9854, "r2_std": 0.0, "spearmanr": 0.99231, "spearmanr_std": 0.0, "mse": 0.01972, "mse_std": 0.0, "rmse": 0.14042, "rmse_std": 0.0}
{"epoch": 81, "time_epoch": 1112.28342, "time_epoch_std": 0.0, "eta": 75036.18647, "eta_std": 0.0, "eta_hours": 20.84339, "eta_hours_std": 0.0, "loss": 0.08183, "loss_std": 0.0, "lr": 0.0001, "lr_std": 0.0, "params": 19414641.0, "params_std": 0.0, "time_iter": 0.08819, "time_iter_std": 0.0, "mae": 0.08183, "mae_std": 0.0, "r2": 0.98539, "r2_std": 0.0, "spearmanr": 0.99234, "spearmanr_std": 0.0, "mse": 0.01973, "mse_std": 0.0, "rmse": 0.14047, "rmse_std": 0.0}
{"epoch": 82, "time_epoch": 1104.53494, "time_epoch_std": 0.0, "eta": 73933.5701, "eta_std": 0.0, "eta_hours": 20.5371, "eta_hours_std": 0.0, "loss": 0.08161, "loss_std": 0.0, "lr": 0.0001, "lr_std": 0.0, "params": 19414641.0, "params_std": 0.0, "time_iter": 0.08758, "time_iter_std": 0.0, "mae": 0.08161, "mae_std": 0.0, "r2": 0.98556, "r2_std": 0.0, "spearmanr": 0.99236, "spearmanr_std": 0.0, "mse": 0.01951, "mse_std": 0.0, "rmse": 0.13966, "rmse_std": 0.0}
{"epoch": 83, "time_epoch": 1119.54163, "time_epoch_std": 0.0, "eta": 72842.69902, "eta_std": 0.0, "eta_hours": 20.23408, "eta_hours_std": 0.0, "loss": 0.08137, "loss_std": 0.0, "lr": 9e-05, "lr_std": 0.0, "params": 19414641.0, "params_std": 0.0, "time_iter": 0.08877, "time_iter_std": 0.0, "mae": 0.08137, "mae_std": 0.0, "r2": 0.9856, "r2_std": 0.0, "spearmanr": 0.99239, "spearmanr_std": 0.0, "mse": 0.01945, "mse_std": 0.0, "rmse": 0.13945, "rmse_std": 0.0}
{"epoch": 84, "time_epoch": 1099.74275, "time_epoch_std": 0.0, "eta": 71736.01302, "eta_std": 0.0, "eta_hours": 19.92667, "eta_hours_std": 0.0, "loss": 0.08109, "loss_std": 0.0, "lr": 9e-05, "lr_std": 0.0, "params": 19414641.0, "params_std": 0.0, "time_iter": 0.0872, "time_iter_std": 0.0, "mae": 0.08109, "mae_std": 0.0, "r2": 0.9857, "r2_std": 0.0, "spearmanr": 0.99244, "spearmanr_std": 0.0, "mse": 0.01931, "mse_std": 0.0, "rmse": 0.13896, "rmse_std": 0.0}
{"epoch": 85, "time_epoch": 1115.59628, "time_epoch_std": 0.0, "eta": 70641.28647, "eta_std": 0.0, "eta_hours": 19.62258, "eta_hours_std": 0.0, "loss": 0.08088, "loss_std": 0.0, "lr": 9e-05, "lr_std": 0.0, "params": 19414641.0, "params_std": 0.0, "time_iter": 0.08846, "time_iter_std": 0.0, "mae": 0.08088, "mae_std": 0.0, "r2": 0.98579, "r2_std": 0.0, "spearmanr": 0.99247, "spearmanr_std": 0.0, "mse": 0.01919, "mse_std": 0.0, "rmse": 0.13853, "rmse_std": 0.0}
{"epoch": 86, "time_epoch": 1091.51923, "time_epoch_std": 0.0, "eta": 69528.64505, "eta_std": 0.0, "eta_hours": 19.31351, "eta_hours_std": 0.0, "loss": 0.08061, "loss_std": 0.0, "lr": 9e-05, "lr_std": 0.0, "params": 19414641.0, "params_std": 0.0, "time_iter": 0.08655, "time_iter_std": 0.0, "mae": 0.08061, "mae_std": 0.0, "r2": 0.98573, "r2_std": 0.0, "spearmanr": 0.99249, "spearmanr_std": 0.0, "mse": 0.01928, "mse_std": 0.0, "rmse": 0.13886, "rmse_std": 0.0}
{"epoch": 87, "time_epoch": 1079.2842, "time_epoch_std": 0.0, "eta": 68407.86354, "eta_std": 0.0, "eta_hours": 19.00218, "eta_hours_std": 0.0, "loss": 0.08035, "loss_std": 0.0, "lr": 8e-05, "lr_std": 0.0, "params": 19414641.0, "params_std": 0.0, "time_iter": 0.08558, "time_iter_std": 0.0, "mae": 0.08035, "mae_std": 0.0, "r2": 0.98592, "r2_std": 0.0, "spearmanr": 0.99253, "spearmanr_std": 0.0, "mse": 0.01902, "mse_std": 0.0, "rmse": 0.13792, "rmse_std": 0.0}
{"epoch": 88, "time_epoch": 1089.27066, "time_epoch_std": 0.0, "eta": 67294.85922, "eta_std": 0.0, "eta_hours": 18.69302, "eta_hours_std": 0.0, "loss": 0.08011, "loss_std": 0.0, "lr": 8e-05, "lr_std": 0.0, "params": 19414641.0, "params_std": 0.0, "time_iter": 0.08637, "time_iter_std": 0.0, "mae": 0.08011, "mae_std": 0.0, "r2": 0.98599, "r2_std": 0.0, "spearmanr": 0.99256, "spearmanr_std": 0.0, "mse": 0.01893, "mse_std": 0.0, "rmse": 0.13758, "rmse_std": 0.0}
{"epoch": 89, "time_epoch": 1076.56865, "time_epoch_std": 0.0, "eta": 66173.91429, "eta_std": 0.0, "eta_hours": 18.38164, "eta_hours_std": 0.0, "loss": 0.07988, "loss_std": 0.0, "lr": 8e-05, "lr_std": 0.0, "params": 19414641.0, "params_std": 0.0, "time_iter": 0.08536, "time_iter_std": 0.0, "mae": 0.07988, "mae_std": 0.0, "r2": 0.986, "r2_std": 0.0, "spearmanr": 0.99258, "spearmanr_std": 0.0, "mse": 0.01891, "mse_std": 0.0, "rmse": 0.1375, "rmse_std": 0.0}
{"epoch": 90, "time_epoch": 1146.74228, "time_epoch_std": 0.0, "eta": 65099.44186, "eta_std": 0.0, "eta_hours": 18.08318, "eta_hours_std": 0.0, "loss": 0.07963, "loss_std": 0.0, "lr": 8e-05, "lr_std": 0.0, "params": 19414641.0, "params_std": 0.0, "time_iter": 0.09092, "time_iter_std": 0.0, "mae": 0.07963, "mae_std": 0.0, "r2": 0.98609, "r2_std": 0.0, "spearmanr": 0.99263, "spearmanr_std": 0.0, "mse": 0.01879, "mse_std": 0.0, "rmse": 0.13708, "rmse_std": 0.0}
{"epoch": 91, "time_epoch": 1123.1554, "time_epoch_std": 0.0, "eta": 64008.52836, "eta_std": 0.0, "eta_hours": 17.78015, "eta_hours_std": 0.0, "loss": 0.07937, "loss_std": 0.0, "lr": 8e-05, "lr_std": 0.0, "params": 19414641.0, "params_std": 0.0, "time_iter": 0.08905, "time_iter_std": 0.0, "mae": 0.07937, "mae_std": 0.0, "r2": 0.9861, "r2_std": 0.0, "spearmanr": 0.99266, "spearmanr_std": 0.0, "mse": 0.01878, "mse_std": 0.0, "rmse": 0.13703, "rmse_std": 0.0}
{"epoch": 92, "time_epoch": 1100.04309, "time_epoch_std": 0.0, "eta": 62902.75587, "eta_std": 0.0, "eta_hours": 17.47299, "eta_hours_std": 0.0, "loss": 0.07919, "loss_std": 0.0, "lr": 7e-05, "lr_std": 0.0, "params": 19414641.0, "params_std": 0.0, "time_iter": 0.08722, "time_iter_std": 0.0, "mae": 0.07919, "mae_std": 0.0, "r2": 0.98621, "r2_std": 0.0, "spearmanr": 0.99265, "spearmanr_std": 0.0, "mse": 0.01863, "mse_std": 0.0, "rmse": 0.13648, "rmse_std": 0.0}
{"epoch": 93, "time_epoch": 1092.326, "time_epoch_std": 0.0, "eta": 61792.50787, "eta_std": 0.0, "eta_hours": 17.16459, "eta_hours_std": 0.0, "loss": 0.0789, "loss_std": 0.0, "lr": 7e-05, "lr_std": 0.0, "params": 19414641.0, "params_std": 0.0, "time_iter": 0.08661, "time_iter_std": 0.0, "mae": 0.0789, "mae_std": 0.0, "r2": 0.98631, "r2_std": 0.0, "spearmanr": 0.99271, "spearmanr_std": 0.0, "mse": 0.0185, "mse_std": 0.0, "rmse": 0.13601, "rmse_std": 0.0}
{"epoch": 94, "time_epoch": 1089.46368, "time_epoch_std": 0.0, "eta": 60680.98004, "eta_std": 0.0, "eta_hours": 16.85583, "eta_hours_std": 0.0, "loss": 0.07868, "loss_std": 0.0, "lr": 7e-05, "lr_std": 0.0, "params": 19414641.0, "params_std": 0.0, "time_iter": 0.08638, "time_iter_std": 0.0, "mae": 0.07868, "mae_std": 0.0, "r2": 0.98638, "r2_std": 0.0, "spearmanr": 0.99274, "spearmanr_std": 0.0, "mse": 0.01839, "mse_std": 0.0, "rmse": 0.13562, "rmse_std": 0.0}
{"epoch": 95, "time_epoch": 1076.63759, "time_epoch_std": 0.0, "eta": 59562.6972, "eta_std": 0.0, "eta_hours": 16.54519, "eta_hours_std": 0.0, "loss": 0.07846, "loss_std": 0.0, "lr": 7e-05, "lr_std": 0.0, "params": 19414641.0, "params_std": 0.0, "time_iter": 0.08537, "time_iter_std": 0.0, "mae": 0.07846, "mae_std": 0.0, "r2": 0.98642, "r2_std": 0.0, "spearmanr": 0.99276, "spearmanr_std": 0.0, "mse": 0.01834, "mse_std": 0.0, "rmse": 0.13542, "rmse_std": 0.0}
{"epoch": 96, "time_epoch": 1107.86153, "time_epoch_std": 0.0, "eta": 58462.33354, "eta_std": 0.0, "eta_hours": 16.23954, "eta_hours_std": 0.0, "loss": 0.07826, "loss_std": 0.0, "lr": 6e-05, "lr_std": 0.0, "params": 19414641.0, "params_std": 0.0, "time_iter": 0.08784, "time_iter_std": 0.0, "mae": 0.07826, "mae_std": 0.0, "r2": 0.98647, "r2_std": 0.0, "spearmanr": 0.99279, "spearmanr_std": 0.0, "mse": 0.01828, "mse_std": 0.0, "rmse": 0.13519, "rmse_std": 0.0}
{"epoch": 97, "time_epoch": 1110.50899, "time_epoch_std": 0.0, "eta": 57363.22163, "eta_std": 0.0, "eta_hours": 15.93423, "eta_hours_std": 0.0, "loss": 0.07803, "loss_std": 0.0, "lr": 6e-05, "lr_std": 0.0, "params": 19414641.0, "params_std": 0.0, "time_iter": 0.08805, "time_iter_std": 0.0, "mae": 0.07803, "mae_std": 0.0, "r2": 0.98653, "r2_std": 0.0, "spearmanr": 0.99282, "spearmanr_std": 0.0, "mse": 0.01819, "mse_std": 0.0, "rmse": 0.13488, "rmse_std": 0.0}
{"epoch": 98, "time_epoch": 1069.68321, "time_epoch_std": 0.0, "eta": 56242.84801, "eta_std": 0.0, "eta_hours": 15.62301, "eta_hours_std": 0.0, "loss": 0.0778, "loss_std": 0.0, "lr": 6e-05, "lr_std": 0.0, "params": 19414641.0, "params_std": 0.0, "time_iter": 0.08481, "time_iter_std": 0.0, "mae": 0.0778, "mae_std": 0.0, "r2": 0.98658, "r2_std": 0.0, "spearmanr": 0.99285, "spearmanr_std": 0.0, "mse": 0.01813, "mse_std": 0.0, "rmse": 0.13465, "rmse_std": 0.0}
{"epoch": 99, "time_epoch": 1075.13584, "time_epoch_std": 0.0, "eta": 55126.21452, "eta_std": 0.0, "eta_hours": 15.31284, "eta_hours_std": 0.0, "loss": 0.07763, "loss_std": 0.0, "lr": 6e-05, "lr_std": 0.0, "params": 19414641.0, "params_std": 0.0, "time_iter": 0.08525, "time_iter_std": 0.0, "mae": 0.07763, "mae_std": 0.0, "r2": 0.98661, "r2_std": 0.0, "spearmanr": 0.99286, "spearmanr_std": 0.0, "mse": 0.01808, "mse_std": 0.0, "rmse": 0.13447, "rmse_std": 0.0}
{"epoch": 100, "time_epoch": 1069.43078, "time_epoch_std": 0.0, "eta": 54007.63496, "eta_std": 0.0, "eta_hours": 15.00212, "eta_hours_std": 0.0, "loss": 0.0774, "loss_std": 0.0, "lr": 6e-05, "lr_std": 0.0, "params": 19414641.0, "params_std": 0.0, "time_iter": 0.08479, "time_iter_std": 0.0, "mae": 0.0774, "mae_std": 0.0, "r2": 0.98669, "r2_std": 0.0, "spearmanr": 0.9929, "spearmanr_std": 0.0, "mse": 0.01798, "mse_std": 0.0, "rmse": 0.13409, "rmse_std": 0.0}
{"epoch": 101, "time_epoch": 1092.16781, "time_epoch_std": 0.0, "eta": 52900.71888, "eta_std": 0.0, "eta_hours": 14.69464, "eta_hours_std": 0.0, "loss": 0.07719, "loss_std": 0.0, "lr": 5e-05, "lr_std": 0.0, "params": 19414641.0, "params_std": 0.0, "time_iter": 0.0866, "time_iter_std": 0.0, "mae": 0.07719, "mae_std": 0.0, "r2": 0.9867, "r2_std": 0.0, "spearmanr": 0.99292, "spearmanr_std": 0.0, "mse": 0.01797, "mse_std": 0.0, "rmse": 0.13404, "rmse_std": 0.0}
{"epoch": 102, "time_epoch": 1096.47536, "time_epoch_std": 0.0, "eta": 51796.05476, "eta_std": 0.0, "eta_hours": 14.38779, "eta_hours_std": 0.0, "loss": 0.07697, "loss_std": 0.0, "lr": 5e-05, "lr_std": 0.0, "params": 19414641.0, "params_std": 0.0, "time_iter": 0.08694, "time_iter_std": 0.0, "mae": 0.07697, "mae_std": 0.0, "r2": 0.98681, "r2_std": 0.0, "spearmanr": 0.99294, "spearmanr_std": 0.0, "mse": 0.01782, "mse_std": 0.0, "rmse": 0.13349, "rmse_std": 0.0}
{"epoch": 103, "time_epoch": 1084.76466, "time_epoch_std": 0.0, "eta": 50686.36838, "eta_std": 0.0, "eta_hours": 14.07955, "eta_hours_std": 0.0, "loss": 0.0768, "loss_std": 0.0, "lr": 5e-05, "lr_std": 0.0, "params": 19414641.0, "params_std": 0.0, "time_iter": 0.08601, "time_iter_std": 0.0, "mae": 0.0768, "mae_std": 0.0, "r2": 0.98685, "r2_std": 0.0, "spearmanr": 0.99296, "spearmanr_std": 0.0, "mse": 0.01777, "mse_std": 0.0, "rmse": 0.1333, "rmse_std": 0.0}
{"epoch": 104, "time_epoch": 1107.48968, "time_epoch_std": 0.0, "eta": 49586.896, "eta_std": 0.0, "eta_hours": 13.77414, "eta_hours_std": 0.0, "loss": 0.07657, "loss_std": 0.0, "lr": 5e-05, "lr_std": 0.0, "params": 19414641.0, "params_std": 0.0, "time_iter": 0.08781, "time_iter_std": 0.0, "mae": 0.07657, "mae_std": 0.0, "r2": 0.98689, "r2_std": 0.0, "spearmanr": 0.99298, "spearmanr_std": 0.0, "mse": 0.01772, "mse_std": 0.0, "rmse": 0.1331, "rmse_std": 0.0}
{"epoch": 105, "time_epoch": 1081.85962, "time_epoch_std": 0.0, "eta": 48476.63345, "eta_std": 0.0, "eta_hours": 13.46573, "eta_hours_std": 0.0, "loss": 0.07639, "loss_std": 0.0, "lr": 5e-05, "lr_std": 0.0, "params": 19414641.0, "params_std": 0.0, "time_iter": 0.08578, "time_iter_std": 0.0, "mae": 0.07639, "mae_std": 0.0, "r2": 0.98697, "r2_std": 0.0, "spearmanr": 0.99302, "spearmanr_std": 0.0, "mse": 0.0176, "mse_std": 0.0, "rmse": 0.13267, "rmse_std": 0.0}
{"epoch": 106, "time_epoch": 1075.55154, "time_epoch_std": 0.0, "eta": 47364.36678, "eta_std": 0.0, "eta_hours": 13.15677, "eta_hours_std": 0.0, "loss": 0.07621, "loss_std": 0.0, "lr": 4e-05, "lr_std": 0.0, "params": 19414641.0, "params_std": 0.0, "time_iter": 0.08528, "time_iter_std": 0.0, "mae": 0.07621, "mae_std": 0.0, "r2": 0.98699, "r2_std": 0.0, "spearmanr": 0.99305, "spearmanr_std": 0.0, "mse": 0.01757, "mse_std": 0.0, "rmse": 0.13257, "rmse_std": 0.0}
{"epoch": 107, "time_epoch": 1096.46243, "time_epoch_std": 0.0, "eta": 46260.91202, "eta_std": 0.0, "eta_hours": 12.85025, "eta_hours_std": 0.0, "loss": 0.07599, "loss_std": 0.0, "lr": 4e-05, "lr_std": 0.0, "params": 19414641.0, "params_std": 0.0, "time_iter": 0.08694, "time_iter_std": 0.0, "mae": 0.07599, "mae_std": 0.0, "r2": 0.98706, "r2_std": 0.0, "spearmanr": 0.99306, "spearmanr_std": 0.0, "mse": 0.01748, "mse_std": 0.0, "rmse": 0.13223, "rmse_std": 0.0}
{"epoch": 108, "time_epoch": 1120.63675, "time_epoch_std": 0.0, "eta": 45166.67866, "eta_std": 0.0, "eta_hours": 12.5463, "eta_hours_std": 0.0, "loss": 0.07586, "loss_std": 0.0, "lr": 4e-05, "lr_std": 0.0, "params": 19414641.0, "params_std": 0.0, "time_iter": 0.08885, "time_iter_std": 0.0, "mae": 0.07586, "mae_std": 0.0, "r2": 0.98709, "r2_std": 0.0, "spearmanr": 0.99308, "spearmanr_std": 0.0, "mse": 0.01744, "mse_std": 0.0, "rmse": 0.13205, "rmse_std": 0.0}
{"epoch": 109, "time_epoch": 1087.21177, "time_epoch_std": 0.0, "eta": 44059.8107, "eta_std": 0.0, "eta_hours": 12.23884, "eta_hours_std": 0.0, "loss": 0.07571, "loss_std": 0.0, "lr": 4e-05, "lr_std": 0.0, "params": 19414641.0, "params_std": 0.0, "time_iter": 0.0862, "time_iter_std": 0.0, "mae": 0.07571, "mae_std": 0.0, "r2": 0.98711, "r2_std": 0.0, "spearmanr": 0.99309, "spearmanr_std": 0.0, "mse": 0.01741, "mse_std": 0.0, "rmse": 0.13193, "rmse_std": 0.0}
{"epoch": 110, "time_epoch": 1086.9836, "time_epoch_std": 0.0, "eta": 42953.21674, "eta_std": 0.0, "eta_hours": 11.93145, "eta_hours_std": 0.0, "loss": 0.07553, "loss_std": 0.0, "lr": 4e-05, "lr_std": 0.0, "params": 19414641.0, "params_std": 0.0, "time_iter": 0.08619, "time_iter_std": 0.0, "mae": 0.07553, "mae_std": 0.0, "r2": 0.98715, "r2_std": 0.0, "spearmanr": 0.99312, "spearmanr_std": 0.0, "mse": 0.01735, "mse_std": 0.0, "rmse": 0.13173, "rmse_std": 0.0}
{"epoch": 111, "time_epoch": 1066.67244, "time_epoch_std": 0.0, "eta": 41840.08168, "eta_std": 0.0, "eta_hours": 11.62224, "eta_hours_std": 0.0, "loss": 0.0754, "loss_std": 0.0, "lr": 4e-05, "lr_std": 0.0, "params": 19414641.0, "params_std": 0.0, "time_iter": 0.08458, "time_iter_std": 0.0, "mae": 0.0754, "mae_std": 0.0, "r2": 0.98715, "r2_std": 0.0, "spearmanr": 0.99313, "spearmanr_std": 0.0, "mse": 0.01735, "mse_std": 0.0, "rmse": 0.13173, "rmse_std": 0.0}
{"epoch": 112, "time_epoch": 1081.91003, "time_epoch_std": 0.0, "eta": 40732.75826, "eta_std": 0.0, "eta_hours": 11.31466, "eta_hours_std": 0.0, "loss": 0.07518, "loss_std": 0.0, "lr": 3e-05, "lr_std": 0.0, "params": 19414641.0, "params_std": 0.0, "time_iter": 0.08578, "time_iter_std": 0.0, "mae": 0.07518, "mae_std": 0.0, "r2": 0.98727, "r2_std": 0.0, "spearmanr": 0.99317, "spearmanr_std": 0.0, "mse": 0.0172, "mse_std": 0.0, "rmse": 0.13114, "rmse_std": 0.0}
{"epoch": 113, "time_epoch": 1091.13312, "time_epoch_std": 0.0, "eta": 39628.79325, "eta_std": 0.0, "eta_hours": 11.008, "eta_hours_std": 0.0, "loss": 0.07506, "loss_std": 0.0, "lr": 3e-05, "lr_std": 0.0, "params": 19414641.0, "params_std": 0.0, "time_iter": 0.08652, "time_iter_std": 0.0, "mae": 0.07506, "mae_std": 0.0, "r2": 0.98725, "r2_std": 0.0, "spearmanr": 0.99318, "spearmanr_std": 0.0, "mse": 0.01723, "mse_std": 0.0, "rmse": 0.13126, "rmse_std": 0.0}
{"epoch": 114, "time_epoch": 1100.50406, "time_epoch_std": 0.0, "eta": 38527.90343, "eta_std": 0.0, "eta_hours": 10.7022, "eta_hours_std": 0.0, "loss": 0.07491, "loss_std": 0.0, "lr": 3e-05, "lr_std": 0.0, "params": 19414641.0, "params_std": 0.0, "time_iter": 0.08726, "time_iter_std": 0.0, "mae": 0.07491, "mae_std": 0.0, "r2": 0.98733, "r2_std": 0.0, "spearmanr": 0.9932, "spearmanr_std": 0.0, "mse": 0.01712, "mse_std": 0.0, "rmse": 0.13083, "rmse_std": 0.0}
{"epoch": 115, "time_epoch": 1084.07218, "time_epoch_std": 0.0, "eta": 37422.20401, "eta_std": 0.0, "eta_hours": 10.39506, "eta_hours_std": 0.0, "loss": 0.07475, "loss_std": 0.0, "lr": 3e-05, "lr_std": 0.0, "params": 19414641.0, "params_std": 0.0, "time_iter": 0.08596, "time_iter_std": 0.0, "mae": 0.07475, "mae_std": 0.0, "r2": 0.98734, "r2_std": 0.0, "spearmanr": 0.99321, "spearmanr_std": 0.0, "mse": 0.0171, "mse_std": 0.0, "rmse": 0.13078, "rmse_std": 0.0}
{"epoch": 116, "time_epoch": 1075.85646, "time_epoch_std": 0.0, "eta": 36314.55704, "eta_std": 0.0, "eta_hours": 10.08738, "eta_hours_std": 0.0, "loss": 0.07459, "loss_std": 0.0, "lr": 3e-05, "lr_std": 0.0, "params": 19414641.0, "params_std": 0.0, "time_iter": 0.0853, "time_iter_std": 0.0, "mae": 0.07459, "mae_std": 0.0, "r2": 0.98736, "r2_std": 0.0, "spearmanr": 0.99323, "spearmanr_std": 0.0, "mse": 0.01707, "mse_std": 0.0, "rmse": 0.13066, "rmse_std": 0.0}
{"epoch": 117, "time_epoch": 1099.93087, "time_epoch_std": 0.0, "eta": 35213.97754, "eta_std": 0.0, "eta_hours": 9.78166, "eta_hours_std": 0.0, "loss": 0.07445, "loss_std": 0.0, "lr": 3e-05, "lr_std": 0.0, "params": 19414641.0, "params_std": 0.0, "time_iter": 0.08721, "time_iter_std": 0.0, "mae": 0.07445, "mae_std": 0.0, "r2": 0.98742, "r2_std": 0.0, "spearmanr": 0.99325, "spearmanr_std": 0.0, "mse": 0.01699, "mse_std": 0.0, "rmse": 0.13035, "rmse_std": 0.0}
{"epoch": 118, "time_epoch": 1125.57587, "time_epoch_std": 0.0, "eta": 34120.08958, "eta_std": 0.0, "eta_hours": 9.4778, "eta_hours_std": 0.0, "loss": 0.07437, "loss_std": 0.0, "lr": 2e-05, "lr_std": 0.0, "params": 19414641.0, "params_std": 0.0, "time_iter": 0.08925, "time_iter_std": 0.0, "mae": 0.07437, "mae_std": 0.0, "r2": 0.98744, "r2_std": 0.0, "spearmanr": 0.99325, "spearmanr_std": 0.0, "mse": 0.01696, "mse_std": 0.0, "rmse": 0.13025, "rmse_std": 0.0}
{"epoch": 119, "time_epoch": 1084.7964, "time_epoch_std": 0.0, "eta": 33015.47862, "eta_std": 0.0, "eta_hours": 9.17097, "eta_hours_std": 0.0, "loss": 0.07423, "loss_std": 0.0, "lr": 2e-05, "lr_std": 0.0, "params": 19414641.0, "params_std": 0.0, "time_iter": 0.08601, "time_iter_std": 0.0, "mae": 0.07423, "mae_std": 0.0, "r2": 0.98748, "r2_std": 0.0, "spearmanr": 0.99327, "spearmanr_std": 0.0, "mse": 0.01692, "mse_std": 0.0, "rmse": 0.13006, "rmse_std": 0.0}
{"epoch": 120, "time_epoch": 1107.30323, "time_epoch_std": 0.0, "eta": 31916.58937, "eta_std": 0.0, "eta_hours": 8.86572, "eta_hours_std": 0.0, "loss": 0.07408, "loss_std": 0.0, "lr": 2e-05, "lr_std": 0.0, "params": 19414641.0, "params_std": 0.0, "time_iter": 0.0878, "time_iter_std": 0.0, "mae": 0.07408, "mae_std": 0.0, "r2": 0.98752, "r2_std": 0.0, "spearmanr": 0.99329, "spearmanr_std": 0.0, "mse": 0.01686, "mse_std": 0.0, "rmse": 0.12985, "rmse_std": 0.0}
{"epoch": 121, "time_epoch": 1086.67884, "time_epoch_std": 0.0, "eta": 30812.82871, "eta_std": 0.0, "eta_hours": 8.55912, "eta_hours_std": 0.0, "loss": 0.07397, "loss_std": 0.0, "lr": 2e-05, "lr_std": 0.0, "params": 19414641.0, "params_std": 0.0, "time_iter": 0.08616, "time_iter_std": 0.0, "mae": 0.07397, "mae_std": 0.0, "r2": 0.98753, "r2_std": 0.0, "spearmanr": 0.9933, "spearmanr_std": 0.0, "mse": 0.01684, "mse_std": 0.0, "rmse": 0.12978, "rmse_std": 0.0}
{"epoch": 122, "time_epoch": 1089.24831, "time_epoch_std": 0.0, "eta": 29709.90984, "eta_std": 0.0, "eta_hours": 8.25275, "eta_hours_std": 0.0, "loss": 0.07386, "loss_std": 0.0, "lr": 2e-05, "lr_std": 0.0, "params": 19414641.0, "params_std": 0.0, "time_iter": 0.08637, "time_iter_std": 0.0, "mae": 0.07386, "mae_std": 0.0, "r2": 0.98757, "r2_std": 0.0, "spearmanr": 0.99331, "spearmanr_std": 0.0, "mse": 0.01679, "mse_std": 0.0, "rmse": 0.12957, "rmse_std": 0.0}
{"epoch": 123, "time_epoch": 1082.74114, "time_epoch_std": 0.0, "eta": 28605.84706, "eta_std": 0.0, "eta_hours": 7.94607, "eta_hours_std": 0.0, "loss": 0.07378, "loss_std": 0.0, "lr": 2e-05, "lr_std": 0.0, "params": 19414641.0, "params_std": 0.0, "time_iter": 0.08585, "time_iter_std": 0.0, "mae": 0.07378, "mae_std": 0.0, "r2": 0.98759, "r2_std": 0.0, "spearmanr": 0.99333, "spearmanr_std": 0.0, "mse": 0.01676, "mse_std": 0.0, "rmse": 0.12946, "rmse_std": 0.0}
{"epoch": 124, "time_epoch": 1087.26906, "time_epoch_std": 0.0, "eta": 27503.03101, "eta_std": 0.0, "eta_hours": 7.63973, "eta_hours_std": 0.0, "loss": 0.07363, "loss_std": 0.0, "lr": 2e-05, "lr_std": 0.0, "params": 19414641.0, "params_std": 0.0, "time_iter": 0.08621, "time_iter_std": 0.0, "mae": 0.07363, "mae_std": 0.0, "r2": 0.98763, "r2_std": 0.0, "spearmanr": 0.99334, "spearmanr_std": 0.0, "mse": 0.01671, "mse_std": 0.0, "rmse": 0.12925, "rmse_std": 0.0}
{"epoch": 125, "time_epoch": 1074.07183, "time_epoch_std": 0.0, "eta": 26397.94798, "eta_std": 0.0, "eta_hours": 7.33276, "eta_hours_std": 0.0, "loss": 0.07357, "loss_std": 0.0, "lr": 2e-05, "lr_std": 0.0, "params": 19414641.0, "params_std": 0.0, "time_iter": 0.08516, "time_iter_std": 0.0, "mae": 0.07357, "mae_std": 0.0, "r2": 0.98765, "r2_std": 0.0, "spearmanr": 0.99335, "spearmanr_std": 0.0, "mse": 0.01668, "mse_std": 0.0, "rmse": 0.12916, "rmse_std": 0.0}
{"epoch": 126, "time_epoch": 1109.10897, "time_epoch_std": 0.0, "eta": 25299.69862, "eta_std": 0.0, "eta_hours": 7.02769, "eta_hours_std": 0.0, "loss": 0.07341, "loss_std": 0.0, "lr": 1e-05, "lr_std": 0.0, "params": 19414641.0, "params_std": 0.0, "time_iter": 0.08794, "time_iter_std": 0.0, "mae": 0.07341, "mae_std": 0.0, "r2": 0.98765, "r2_std": 0.0, "spearmanr": 0.99338, "spearmanr_std": 0.0, "mse": 0.01668, "mse_std": 0.0, "rmse": 0.12914, "rmse_std": 0.0}
{"epoch": 127, "time_epoch": 1070.15585, "time_epoch_std": 0.0, "eta": 24194.58451, "eta_std": 0.0, "eta_hours": 6.72072, "eta_hours_std": 0.0, "loss": 0.07333, "loss_std": 0.0, "lr": 1e-05, "lr_std": 0.0, "params": 19414641.0, "params_std": 0.0, "time_iter": 0.08485, "time_iter_std": 0.0, "mae": 0.07333, "mae_std": 0.0, "r2": 0.98769, "r2_std": 0.0, "spearmanr": 0.99338, "spearmanr_std": 0.0, "mse": 0.01663, "mse_std": 0.0, "rmse": 0.12895, "rmse_std": 0.0}
{"epoch": 128, "time_epoch": 1078.28957, "time_epoch_std": 0.0, "eta": 23091.33649, "eta_std": 0.0, "eta_hours": 6.41426, "eta_hours_std": 0.0, "loss": 0.0733, "loss_std": 0.0, "lr": 1e-05, "lr_std": 0.0, "params": 19414641.0, "params_std": 0.0, "time_iter": 0.0855, "time_iter_std": 0.0, "mae": 0.0733, "mae_std": 0.0, "r2": 0.98769, "r2_std": 0.0, "spearmanr": 0.99338, "spearmanr_std": 0.0, "mse": 0.01662, "mse_std": 0.0, "rmse": 0.12893, "rmse_std": 0.0}
{"epoch": 129, "time_epoch": 1080.59332, "time_epoch_std": 0.0, "eta": 21988.82686, "eta_std": 0.0, "eta_hours": 6.10801, "eta_hours_std": 0.0, "loss": 0.07324, "loss_std": 0.0, "lr": 1e-05, "lr_std": 0.0, "params": 19414641.0, "params_std": 0.0, "time_iter": 0.08568, "time_iter_std": 0.0, "mae": 0.07324, "mae_std": 0.0, "r2": 0.98769, "r2_std": 0.0, "spearmanr": 0.99338, "spearmanr_std": 0.0, "mse": 0.01663, "mse_std": 0.0, "rmse": 0.12894, "rmse_std": 0.0}
{"epoch": 130, "time_epoch": 1094.83573, "time_epoch_std": 0.0, "eta": 20888.71753, "eta_std": 0.0, "eta_hours": 5.80242, "eta_hours_std": 0.0, "loss": 0.07311, "loss_std": 0.0, "lr": 1e-05, "lr_std": 0.0, "params": 19414641.0, "params_std": 0.0, "time_iter": 0.08681, "time_iter_std": 0.0, "mae": 0.07311, "mae_std": 0.0, "r2": 0.98775, "r2_std": 0.0, "spearmanr": 0.9934, "spearmanr_std": 0.0, "mse": 0.01655, "mse_std": 0.0, "rmse": 0.12866, "rmse_std": 0.0}
{"epoch": 131, "time_epoch": 1113.79881, "time_epoch_std": 0.0, "eta": 19791.27397, "eta_std": 0.0, "eta_hours": 5.49758, "eta_hours_std": 0.0, "loss": 0.07306, "loss_std": 0.0, "lr": 1e-05, "lr_std": 0.0, "params": 19414641.0, "params_std": 0.0, "time_iter": 0.08831, "time_iter_std": 0.0, "mae": 0.07306, "mae_std": 0.0, "r2": 0.98775, "r2_std": 0.0, "spearmanr": 0.99341, "spearmanr_std": 0.0, "mse": 0.01655, "mse_std": 0.0, "rmse": 0.12864, "rmse_std": 0.0}
{"epoch": 132, "time_epoch": 1108.59744, "time_epoch_std": 0.0, "eta": 18692.91964, "eta_std": 0.0, "eta_hours": 5.19248, "eta_hours_std": 0.0, "loss": 0.073, "loss_std": 0.0, "lr": 1e-05, "lr_std": 0.0, "params": 19414641.0, "params_std": 0.0, "time_iter": 0.0879, "time_iter_std": 0.0, "mae": 0.073, "mae_std": 0.0, "r2": 0.98777, "r2_std": 0.0, "spearmanr": 0.99342, "spearmanr_std": 0.0, "mse": 0.01652, "mse_std": 0.0, "rmse": 0.12852, "rmse_std": 0.0}
{"epoch": 133, "time_epoch": 1086.2197, "time_epoch_std": 0.0, "eta": 17591.74045, "eta_std": 0.0, "eta_hours": 4.88659, "eta_hours_std": 0.0, "loss": 0.07292, "loss_std": 0.0, "lr": 1e-05, "lr_std": 0.0, "params": 19414641.0, "params_std": 0.0, "time_iter": 0.08613, "time_iter_std": 0.0, "mae": 0.07292, "mae_std": 0.0, "r2": 0.98779, "r2_std": 0.0, "spearmanr": 0.99342, "spearmanr_std": 0.0, "mse": 0.01649, "mse_std": 0.0, "rmse": 0.12841, "rmse_std": 0.0}
{"epoch": 134, "time_epoch": 1105.4194, "time_epoch_std": 0.0, "eta": 16492.91619, "eta_std": 0.0, "eta_hours": 4.58137, "eta_hours_std": 0.0, "loss": 0.07286, "loss_std": 0.0, "lr": 1e-05, "lr_std": 0.0, "params": 19414641.0, "params_std": 0.0, "time_iter": 0.08765, "time_iter_std": 0.0, "mae": 0.07286, "mae_std": 0.0, "r2": 0.98782, "r2_std": 0.0, "spearmanr": 0.99344, "spearmanr_std": 0.0, "mse": 0.01646, "mse_std": 0.0, "rmse": 0.12828, "rmse_std": 0.0}
{"epoch": 135, "time_epoch": 1074.29491, "time_epoch_std": 0.0, "eta": 15390.79094, "eta_std": 0.0, "eta_hours": 4.27522, "eta_hours_std": 0.0, "loss": 0.07284, "loss_std": 0.0, "lr": 1e-05, "lr_std": 0.0, "params": 19414641.0, "params_std": 0.0, "time_iter": 0.08518, "time_iter_std": 0.0, "mae": 0.07284, "mae_std": 0.0, "r2": 0.98783, "r2_std": 0.0, "spearmanr": 0.99345, "spearmanr_std": 0.0, "mse": 0.01644, "mse_std": 0.0, "rmse": 0.1282, "rmse_std": 0.0}
{"epoch": 136, "time_epoch": 1080.0325, "time_epoch_std": 0.0, "eta": 14289.61642, "eta_std": 0.0, "eta_hours": 3.96934, "eta_hours_std": 0.0, "loss": 0.07276, "loss_std": 0.0, "lr": 0.0, "lr_std": 0.0, "params": 19414641.0, "params_std": 0.0, "time_iter": 0.08564, "time_iter_std": 0.0, "mae": 0.07276, "mae_std": 0.0, "r2": 0.98785, "r2_std": 0.0, "spearmanr": 0.99345, "spearmanr_std": 0.0, "mse": 0.01641, "mse_std": 0.0, "rmse": 0.12812, "rmse_std": 0.0}
{"epoch": 137, "time_epoch": 1082.17132, "time_epoch_std": 0.0, "eta": 13188.9343, "eta_std": 0.0, "eta_hours": 3.66359, "eta_hours_std": 0.0, "loss": 0.07275, "loss_std": 0.0, "lr": 0.0, "lr_std": 0.0, "params": 19414641.0, "params_std": 0.0, "time_iter": 0.0858, "time_iter_std": 0.0, "mae": 0.07275, "mae_std": 0.0, "r2": 0.98783, "r2_std": 0.0, "spearmanr": 0.99345, "spearmanr_std": 0.0, "mse": 0.01644, "mse_std": 0.0, "rmse": 0.12821, "rmse_std": 0.0}
{"epoch": 138, "time_epoch": 1102.03413, "time_epoch_std": 0.0, "eta": 12090.09039, "eta_std": 0.0, "eta_hours": 3.35836, "eta_hours_std": 0.0, "loss": 0.07271, "loss_std": 0.0, "lr": 0.0, "lr_std": 0.0, "params": 19414641.0, "params_std": 0.0, "time_iter": 0.08738, "time_iter_std": 0.0, "mae": 0.07271, "mae_std": 0.0, "r2": 0.98781, "r2_std": 0.0, "spearmanr": 0.99344, "spearmanr_std": 0.0, "mse": 0.01647, "mse_std": 0.0, "rmse": 0.12832, "rmse_std": 0.0}
{"epoch": 139, "time_epoch": 1125.42907, "time_epoch_std": 0.0, "eta": 10992.87197, "eta_std": 0.0, "eta_hours": 3.05358, "eta_hours_std": 0.0, "loss": 0.07264, "loss_std": 0.0, "lr": 0.0, "lr_std": 0.0, "params": 19414641.0, "params_std": 0.0, "time_iter": 0.08923, "time_iter_std": 0.0, "mae": 0.07264, "mae_std": 0.0, "r2": 0.98782, "r2_std": 0.0, "spearmanr": 0.99346, "spearmanr_std": 0.0, "mse": 0.01645, "mse_std": 0.0, "rmse": 0.12826, "rmse_std": 0.0}
{"epoch": 140, "time_epoch": 1118.9813, "time_epoch_std": 0.0, "eta": 9894.84185, "eta_std": 0.0, "eta_hours": 2.74857, "eta_hours_std": 0.0, "loss": 0.07261, "loss_std": 0.0, "lr": 0.0, "lr_std": 0.0, "params": 19414641.0, "params_std": 0.0, "time_iter": 0.08872, "time_iter_std": 0.0, "mae": 0.07261, "mae_std": 0.0, "r2": 0.98786, "r2_std": 0.0, "spearmanr": 0.99346, "spearmanr_std": 0.0, "mse": 0.0164, "mse_std": 0.0, "rmse": 0.12807, "rmse_std": 0.0}
{"epoch": 141, "time_epoch": 1130.5991, "time_epoch_std": 0.0, "eta": 8797.17116, "eta_std": 0.0, "eta_hours": 2.44366, "eta_hours_std": 0.0, "loss": 0.07265, "loss_std": 0.0, "lr": 0.0, "lr_std": 0.0, "params": 19414641.0, "params_std": 0.0, "time_iter": 0.08964, "time_iter_std": 0.0, "mae": 0.07265, "mae_std": 0.0, "r2": 0.98783, "r2_std": 0.0, "spearmanr": 0.99345, "spearmanr_std": 0.0, "mse": 0.01645, "mse_std": 0.0, "rmse": 0.12824, "rmse_std": 0.0}
{"epoch": 142, "time_epoch": 1093.58722, "time_epoch_std": 0.0, "eta": 7697.22816, "eta_std": 0.0, "eta_hours": 2.13812, "eta_hours_std": 0.0, "loss": 0.07261, "loss_std": 0.0, "lr": 0.0, "lr_std": 0.0, "params": 19414641.0, "params_std": 0.0, "time_iter": 0.08671, "time_iter_std": 0.0, "mae": 0.07261, "mae_std": 0.0, "r2": 0.98786, "r2_std": 0.0, "spearmanr": 0.99345, "spearmanr_std": 0.0, "mse": 0.0164, "mse_std": 0.0, "rmse": 0.12807, "rmse_std": 0.0}
{"epoch": 143, "time_epoch": 1072.41854, "time_epoch_std": 0.0, "eta": 6596.49141, "eta_std": 0.0, "eta_hours": 1.83236, "eta_hours_std": 0.0, "loss": 0.07259, "loss_std": 0.0, "lr": 0.0, "lr_std": 0.0, "params": 19414641.0, "params_std": 0.0, "time_iter": 0.08503, "time_iter_std": 0.0, "mae": 0.07259, "mae_std": 0.0, "r2": 0.98787, "r2_std": 0.0, "spearmanr": 0.99347, "spearmanr_std": 0.0, "mse": 0.01639, "mse_std": 0.0, "rmse": 0.12803, "rmse_std": 0.0}
{"epoch": 144, "time_epoch": 1082.0245, "time_epoch_std": 0.0, "eta": 5496.47649, "eta_std": 0.0, "eta_hours": 1.5268, "eta_hours_std": 0.0, "loss": 0.07258, "loss_std": 0.0, "lr": 0.0, "lr_std": 0.0, "params": 19414641.0, "params_std": 0.0, "time_iter": 0.08579, "time_iter_std": 0.0, "mae": 0.07258, "mae_std": 0.0, "r2": 0.98786, "r2_std": 0.0, "spearmanr": 0.99346, "spearmanr_std": 0.0, "mse": 0.0164, "mse_std": 0.0, "rmse": 0.12807, "rmse_std": 0.0}
{"epoch": 145, "time_epoch": 1096.95175, "time_epoch_std": 0.0, "eta": 4397.11699, "eta_std": 0.0, "eta_hours": 1.22142, "eta_hours_std": 0.0, "loss": 0.0725, "loss_std": 0.0, "lr": 0.0, "lr_std": 0.0, "params": 19414641.0, "params_std": 0.0, "time_iter": 0.08698, "time_iter_std": 0.0, "mae": 0.0725, "mae_std": 0.0, "r2": 0.98788, "r2_std": 0.0, "spearmanr": 0.99346, "spearmanr_std": 0.0, "mse": 0.01637, "mse_std": 0.0, "rmse": 0.12795, "rmse_std": 0.0}
{"epoch": 146, "time_epoch": 1086.2948, "time_epoch_std": 0.0, "eta": 3297.57275, "eta_std": 0.0, "eta_hours": 0.91599, "eta_hours_std": 0.0, "loss": 0.07249, "loss_std": 0.0, "lr": 0.0, "lr_std": 0.0, "params": 19414641.0, "params_std": 0.0, "time_iter": 0.08613, "time_iter_std": 0.0, "mae": 0.07249, "mae_std": 0.0, "r2": 0.98789, "r2_std": 0.0, "spearmanr": 0.99348, "spearmanr_std": 0.0, "mse": 0.01635, "mse_std": 0.0, "rmse": 0.12789, "rmse_std": 0.0}
{"epoch": 147, "time_epoch": 1093.5605, "time_epoch_std": 0.0, "eta": 2198.30575, "eta_std": 0.0, "eta_hours": 0.61064, "eta_hours_std": 0.0, "loss": 0.07255, "loss_std": 0.0, "lr": 0.0, "lr_std": 0.0, "params": 19414641.0, "params_std": 0.0, "time_iter": 0.08671, "time_iter_std": 0.0, "mae": 0.07255, "mae_std": 0.0, "r2": 0.98784, "r2_std": 0.0, "spearmanr": 0.99346, "spearmanr_std": 0.0, "mse": 0.01642, "mse_std": 0.0, "rmse": 0.12815, "rmse_std": 0.0}
{"epoch": 148, "time_epoch": 1089.26108, "time_epoch_std": 0.0, "eta": 1099.08649, "eta_std": 0.0, "eta_hours": 0.3053, "eta_hours_std": 0.0, "loss": 0.07255, "loss_std": 0.0, "lr": 0.0, "lr_std": 0.0, "params": 19414641.0, "params_std": 0.0, "time_iter": 0.08637, "time_iter_std": 0.0, "mae": 0.07255, "mae_std": 0.0, "r2": 0.98785, "r2_std": 0.0, "spearmanr": 0.99346, "spearmanr_std": 0.0, "mse": 0.01641, "mse_std": 0.0, "rmse": 0.1281, "rmse_std": 0.0}
{"epoch": 149, "time_epoch": 1062.49124, "time_epoch_std": 0.0, "eta": 0.0, "eta_std": 0.0, "eta_hours": 0.0, "eta_hours_std": 0.0, "loss": 0.07251, "loss_std": 0.0, "lr": 0.0, "lr_std": 0.0, "params": 19414641.0, "params_std": 0.0, "time_iter": 0.08424, "time_iter_std": 0.0, "mae": 0.07251, "mae_std": 0.0, "r2": 0.98787, "r2_std": 0.0, "spearmanr": 0.99347, "spearmanr_std": 0.0, "mse": 0.01638, "mse_std": 0.0, "rmse": 0.12799, "rmse_std": 0.0}
