{"epoch": 0, "time_epoch": 28.36932, "eta": 2808.56262, "eta_hours": 0.78016, "loss": 0.20277458, "lr": 0.0, "params": 337201, "time_iter": 0.09064, "accuracy": 0.17652, "precision": 0.17652, "recall": 1.0, "f1": 0.30007, "auc": 0.48746}
{"epoch": 1, "time_epoch": 26.45339, "eta": 2686.31276, "eta_hours": 0.7462, "loss": 0.16334598, "lr": 0.0002, "params": 337201, "time_iter": 0.08452, "accuracy": 0.75482, "precision": 0.40197, "recall": 0.79756, "f1": 0.53454, "auc": 0.84055}
{"epoch": 2, "time_epoch": 26.47169, "eta": 2628.51879, "eta_hours": 0.73014, "loss": 0.13038814, "lr": 0.0004, "params": 337201, "time_iter": 0.08457, "accuracy": 0.83851, "precision": 0.52693, "recall": 0.83276, "f1": 0.64545, "auc": 0.89544}
{"epoch": 3, "time_epoch": 26.19032, "eta": 2579.63311, "eta_hours": 0.71656, "loss": 0.11525348, "lr": 0.0006, "params": 337201, "time_iter": 0.08368, "accuracy": 0.84313, "precision": 0.53553, "recall": 0.83894, "f1": 0.65375, "auc": 0.91213}
{"epoch": 4, "time_epoch": 26.2708, "eta": 2541.35474, "eta_hours": 0.70593, "loss": 0.10757636, "lr": 0.0008, "params": 337201, "time_iter": 0.08393, "accuracy": 0.84517, "precision": 0.53928, "recall": 0.84342, "f1": 0.6579, "auc": 0.91975}
{"epoch": 5, "time_epoch": 26.38587, "eta": 2508.88169, "eta_hours": 0.69691, "loss": 0.10300484, "lr": 0.001, "params": 337201, "time_iter": 0.0843, "accuracy": 0.84941, "precision": 0.54758, "recall": 0.84522, "f1": 0.6646, "auc": 0.92496}
{"epoch": 6, "time_epoch": 25.78661, "eta": 2470.18615, "eta_hours": 0.68616, "loss": 0.10010367, "lr": 0.00099973, "params": 337201, "time_iter": 0.08239, "accuracy": 0.85188, "precision": 0.5523, "recall": 0.84934, "f1": 0.66935, "auc": 0.92841}
{"epoch": 7, "time_epoch": 26.30423, "eta": 2440.67054, "eta_hours": 0.67796, "loss": 0.09916691, "lr": 0.00099891, "params": 337201, "time_iter": 0.08404, "accuracy": 0.85266, "precision": 0.5539, "recall": 0.84927, "f1": 0.6705, "auc": 0.92922}
{"epoch": 8, "time_epoch": 26.37625, "eta": 2412.59672, "eta_hours": 0.67017, "loss": 0.09805139, "lr": 0.00099754, "params": 337201, "time_iter": 0.08427, "accuracy": 0.85378, "precision": 0.55616, "recall": 0.84977, "f1": 0.6723, "auc": 0.93053}
{"epoch": 9, "time_epoch": 26.2589, "eta": 2383.80634, "eta_hours": 0.66217, "loss": 0.09756959, "lr": 0.00099563, "params": 337201, "time_iter": 0.08389, "accuracy": 0.85475, "precision": 0.55824, "recall": 0.84901, "f1": 0.67359, "auc": 0.93096}
{"epoch": 10, "time_epoch": 25.85232, "eta": 2352.18655, "eta_hours": 0.65339, "loss": 0.0972071, "lr": 0.00099318, "params": 337201, "time_iter": 0.0826, "accuracy": 0.85461, "precision": 0.55784, "recall": 0.85028, "f1": 0.67369, "auc": 0.93134}
{"epoch": 11, "time_epoch": 26.1477, "eta": 2323.69415, "eta_hours": 0.64547, "loss": 0.09689791, "lr": 0.00099019, "params": 337201, "time_iter": 0.08354, "accuracy": 0.85404, "precision": 0.55659, "recall": 0.85131, "f1": 0.6731, "auc": 0.93165}
{"epoch": 12, "time_epoch": 25.94972, "eta": 2294.23754, "eta_hours": 0.63729, "loss": 0.09690827, "lr": 0.00098666, "params": 337201, "time_iter": 0.08291, "accuracy": 0.85405, "precision": 0.55659, "recall": 0.8516, "f1": 0.67319, "auc": 0.93152}
{"epoch": 13, "time_epoch": 26.05297, "eta": 2265.91619, "eta_hours": 0.62942, "loss": 0.09666512, "lr": 0.0009826, "params": 337201, "time_iter": 0.08324, "accuracy": 0.8541, "precision": 0.5567, "recall": 0.85153, "f1": 0.67325, "auc": 0.93179}
{"epoch": 14, "time_epoch": 26.25618, "eta": 2239.0488, "eta_hours": 0.62196, "loss": 0.09634598, "lr": 0.00097802, "params": 337201, "time_iter": 0.08389, "accuracy": 0.85531, "precision": 0.55924, "recall": 0.85112, "f1": 0.67498, "auc": 0.93219}
{"epoch": 15, "time_epoch": 26.06335, "eta": 2211.24546, "eta_hours": 0.61423, "loss": 0.09612641, "lr": 0.00097291, "params": 337201, "time_iter": 0.08327, "accuracy": 0.85505, "precision": 0.55856, "recall": 0.85282, "f1": 0.67502, "auc": 0.93252}
{"epoch": 16, "time_epoch": 26.02046, "eta": 2183.4374, "eta_hours": 0.60651, "loss": 0.0959747, "lr": 0.00096728, "params": 337201, "time_iter": 0.08313, "accuracy": 0.85576, "precision": 0.56016, "recall": 0.85142, "f1": 0.67574, "auc": 0.93268}
{"epoch": 17, "time_epoch": 25.87441, "eta": 2155.16262, "eta_hours": 0.59866, "loss": 0.09570297, "lr": 0.00096114, "params": 337201, "time_iter": 0.08267, "accuracy": 0.85572, "precision": 0.56, "recall": 0.85232, "f1": 0.67591, "auc": 0.93305}
{"epoch": 18, "time_epoch": 26.15733, "eta": 2128.34666, "eta_hours": 0.59121, "loss": 0.09566017, "lr": 0.0009545, "params": 337201, "time_iter": 0.08357, "accuracy": 0.85552, "precision": 0.55947, "recall": 0.85372, "f1": 0.67596, "auc": 0.93308}
{"epoch": 19, "time_epoch": 25.99558, "eta": 2100.94956, "eta_hours": 0.5836, "loss": 0.09556726, "lr": 0.00094736, "params": 337201, "time_iter": 0.08305, "accuracy": 0.85657, "precision": 0.56178, "recall": 0.85226, "f1": 0.67718, "auc": 0.93321}
{"epoch": 20, "time_epoch": 26.19855, "eta": 2074.4495, "eta_hours": 0.57624, "loss": 0.09525343, "lr": 0.00093974, "params": 337201, "time_iter": 0.0837, "accuracy": 0.85698, "precision": 0.5626, "recall": 0.85267, "f1": 0.67791, "auc": 0.93367}
{"epoch": 21, "time_epoch": 26.04743, "eta": 2047.44105, "eta_hours": 0.56873, "loss": 0.09520804, "lr": 0.00093163, "params": 337201, "time_iter": 0.08322, "accuracy": 0.8565, "precision": 0.56152, "recall": 0.85369, "f1": 0.67745, "auc": 0.93369}
{"epoch": 22, "time_epoch": 26.3426, "eta": 2021.50434, "eta_hours": 0.56153, "loss": 0.09482899, "lr": 0.00092305, "params": 337201, "time_iter": 0.08416, "accuracy": 0.8562, "precision": 0.5607, "recall": 0.8559, "f1": 0.67754, "auc": 0.93421}
{"epoch": 23, "time_epoch": 26.01013, "eta": 1994.48097, "eta_hours": 0.55402, "loss": 0.0946882, "lr": 0.000914, "params": 337201, "time_iter": 0.0831, "accuracy": 0.85625, "precision": 0.56076, "recall": 0.85655, "f1": 0.67779, "auc": 0.93438}
{"epoch": 24, "time_epoch": 26.16652, "eta": 1968.00786, "eta_hours": 0.54667, "loss": 0.0944259, "lr": 0.00090451, "params": 337201, "time_iter": 0.0836, "accuracy": 0.85665, "precision": 0.56161, "recall": 0.85633, "f1": 0.67834, "auc": 0.93478}
{"epoch": 25, "time_epoch": 25.90546, "eta": 1940.81531, "eta_hours": 0.53912, "loss": 0.09407751, "lr": 0.00089457, "params": 337201, "time_iter": 0.08277, "accuracy": 0.85745, "precision": 0.56326, "recall": 0.85661, "f1": 0.67963, "auc": 0.93528}
{"epoch": 26, "time_epoch": 26.01796, "eta": 1914.02225, "eta_hours": 0.53167, "loss": 0.09391646, "lr": 0.0008842, "params": 337201, "time_iter": 0.08312, "accuracy": 0.85656, "precision": 0.56117, "recall": 0.85961, "f1": 0.67905, "auc": 0.93551}
{"epoch": 27, "time_epoch": 26.52106, "eta": 1888.57825, "eta_hours": 0.52461, "loss": 0.0936523, "lr": 0.00087341, "params": 337201, "time_iter": 0.08473, "accuracy": 0.85748, "precision": 0.5631, "recall": 0.85952, "f1": 0.68043, "auc": 0.93587}
{"epoch": 28, "time_epoch": 26.37468, "eta": 1862.70159, "eta_hours": 0.51742, "loss": 0.09319708, "lr": 0.00086221, "params": 337201, "time_iter": 0.08426, "accuracy": 0.85776, "precision": 0.56353, "recall": 0.86121, "f1": 0.68127, "auc": 0.93655}
{"epoch": 29, "time_epoch": 26.0034, "eta": 1835.92542, "eta_hours": 0.50998, "loss": 0.09316606, "lr": 0.00085062, "params": 337201, "time_iter": 0.08308, "accuracy": 0.8584, "precision": 0.56495, "recall": 0.86025, "f1": 0.68201, "auc": 0.93649}
{"epoch": 30, "time_epoch": 25.89204, "eta": 1808.95122, "eta_hours": 0.50249, "loss": 0.09270153, "lr": 0.00083864, "params": 337201, "time_iter": 0.08272, "accuracy": 0.85905, "precision": 0.56626, "recall": 0.86101, "f1": 0.6832, "auc": 0.9372}
{"epoch": 31, "time_epoch": 26.2421, "eta": 1782.78854, "eta_hours": 0.49522, "loss": 0.09243542, "lr": 0.00082629, "params": 337201, "time_iter": 0.08384, "accuracy": 0.86007, "precision": 0.56848, "recall": 0.86036, "f1": 0.68461, "auc": 0.93756}
{"epoch": 32, "time_epoch": 25.84103, "eta": 1755.80675, "eta_hours": 0.48772, "loss": 0.09235045, "lr": 0.00081359, "params": 337201, "time_iter": 0.08256, "accuracy": 0.86027, "precision": 0.56886, "recall": 0.86077, "f1": 0.68501, "auc": 0.93764}
{"epoch": 33, "time_epoch": 26.46768, "eta": 1730.1085, "eta_hours": 0.48059, "loss": 0.09218386, "lr": 0.00080054, "params": 337201, "time_iter": 0.08456, "accuracy": 0.86116, "precision": 0.57082, "recall": 0.86026, "f1": 0.68627, "auc": 0.93791}
{"epoch": 34, "time_epoch": 25.88882, "eta": 1703.29126, "eta_hours": 0.47314, "loss": 0.09206107, "lr": 0.00078716, "params": 337201, "time_iter": 0.08271, "accuracy": 0.86063, "precision": 0.5696, "recall": 0.86107, "f1": 0.68565, "auc": 0.93809}
{"epoch": 35, "time_epoch": 26.11497, "eta": 1676.92766, "eta_hours": 0.46581, "loss": 0.09171797, "lr": 0.00077347, "params": 337201, "time_iter": 0.08343, "accuracy": 0.85939, "precision": 0.56671, "recall": 0.86405, "f1": 0.68448, "auc": 0.93853}
{"epoch": 36, "time_epoch": 26.12739, "eta": 1650.59863, "eta_hours": 0.4585, "loss": 0.09167782, "lr": 0.00075948, "params": 337201, "time_iter": 0.08347, "accuracy": 0.86058, "precision": 0.5694, "recall": 0.86216, "f1": 0.68584, "auc": 0.93857}
{"epoch": 37, "time_epoch": 25.88238, "eta": 1623.88047, "eta_hours": 0.45108, "loss": 0.09149971, "lr": 0.00074521, "params": 337201, "time_iter": 0.08269, "accuracy": 0.86078, "precision": 0.56969, "recall": 0.86362, "f1": 0.68652, "auc": 0.93886}
{"epoch": 38, "time_epoch": 25.84569, "eta": 1597.14778, "eta_hours": 0.44365, "loss": 0.09136698, "lr": 0.00073067, "params": 337201, "time_iter": 0.08257, "accuracy": 0.86109, "precision": 0.57045, "recall": 0.86266, "f1": 0.68676, "auc": 0.93899}
{"epoch": 39, "time_epoch": 26.29977, "eta": 1571.14056, "eta_hours": 0.43643, "loss": 0.09123448, "lr": 0.00071588, "params": 337201, "time_iter": 0.08402, "accuracy": 0.86162, "precision": 0.5715, "recall": 0.86338, "f1": 0.68775, "auc": 0.93922}
{"epoch": 40, "time_epoch": 26.05782, "eta": 1544.7709, "eta_hours": 0.4291, "loss": 0.0910917, "lr": 0.00070085, "params": 337201, "time_iter": 0.08325, "accuracy": 0.86187, "precision": 0.57204, "recall": 0.86331, "f1": 0.68812, "auc": 0.93937}
{"epoch": 41, "time_epoch": 25.98744, "eta": 1518.3189, "eta_hours": 0.42176, "loss": 0.0909791, "lr": 0.0006856, "params": 337201, "time_iter": 0.08303, "accuracy": 0.86178, "precision": 0.5718, "recall": 0.864, "f1": 0.68817, "auc": 0.93953}
{"epoch": 42, "time_epoch": 26.06652, "eta": 1491.99332, "eta_hours": 0.41444, "loss": 0.09087462, "lr": 0.00067015, "params": 337201, "time_iter": 0.08328, "accuracy": 0.86054, "precision": 0.56895, "recall": 0.8662, "f1": 0.68679, "auc": 0.93967}
{"epoch": 43, "time_epoch": 25.839, "eta": 1465.38996, "eta_hours": 0.40705, "loss": 0.09075821, "lr": 0.00065451, "params": 337201, "time_iter": 0.08255, "accuracy": 0.86119, "precision": 0.5704, "recall": 0.86539, "f1": 0.68759, "auc": 0.93981}
{"epoch": 44, "time_epoch": 26.19311, "eta": 1439.25337, "eta_hours": 0.39979, "loss": 0.09069997, "lr": 0.0006387, "params": 337201, "time_iter": 0.08368, "accuracy": 0.86164, "precision": 0.57141, "recall": 0.86481, "f1": 0.68814, "auc": 0.93988}
{"epoch": 45, "time_epoch": 26.54868, "eta": 1413.53173, "eta_hours": 0.39265, "loss": 0.09059652, "lr": 0.00062274, "params": 337201, "time_iter": 0.08482, "accuracy": 0.86125, "precision": 0.57045, "recall": 0.86633, "f1": 0.68793, "auc": 0.94004}
{"epoch": 46, "time_epoch": 26.27722, "eta": 1387.46877, "eta_hours": 0.38541, "loss": 0.09056897, "lr": 0.00060665, "params": 337201, "time_iter": 0.08395, "accuracy": 0.86139, "precision": 0.5708, "recall": 0.86576, "f1": 0.688, "auc": 0.94005}
{"epoch": 47, "time_epoch": 25.89175, "eta": 1360.9793, "eta_hours": 0.37805, "loss": 0.09042212, "lr": 0.00059044, "params": 337201, "time_iter": 0.08272, "accuracy": 0.86165, "precision": 0.57134, "recall": 0.86586, "f1": 0.68842, "auc": 0.94025}
{"epoch": 48, "time_epoch": 26.06711, "eta": 1334.69674, "eta_hours": 0.37075, "loss": 0.09020265, "lr": 0.00057413, "params": 337201, "time_iter": 0.08328, "accuracy": 0.8619, "precision": 0.57177, "recall": 0.86698, "f1": 0.68909, "auc": 0.94058}
{"epoch": 49, "time_epoch": 25.96787, "eta": 1308.32356, "eta_hours": 0.36342, "loss": 0.0901471, "lr": 0.00055774, "params": 337201, "time_iter": 0.08296, "accuracy": 0.86154, "precision": 0.57091, "recall": 0.86795, "f1": 0.68877, "auc": 0.94068}
{"epoch": 50, "time_epoch": 26.15412, "eta": 1282.14522, "eta_hours": 0.35615, "loss": 0.09009378, "lr": 0.00054129, "params": 337201, "time_iter": 0.08356, "accuracy": 0.86257, "precision": 0.57325, "recall": 0.86644, "f1": 0.68999, "auc": 0.94072}
{"epoch": 51, "time_epoch": 26.418, "eta": 1256.21139, "eta_hours": 0.34895, "loss": 0.0899651, "lr": 0.00052479, "params": 337201, "time_iter": 0.0844, "accuracy": 0.86232, "precision": 0.57268, "recall": 0.86689, "f1": 0.68972, "auc": 0.94088}
{"epoch": 52, "time_epoch": 26.25609, "eta": 1230.11572, "eta_hours": 0.3417, "loss": 0.0899171, "lr": 0.00050827, "params": 337201, "time_iter": 0.08389, "accuracy": 0.86267, "precision": 0.57348, "recall": 0.86645, "f1": 0.69016, "auc": 0.94094}
{"epoch": 53, "time_epoch": 26.05538, "eta": 1203.84313, "eta_hours": 0.3344, "loss": 0.08978636, "lr": 0.00049173, "params": 337201, "time_iter": 0.08324, "accuracy": 0.86229, "precision": 0.57263, "recall": 0.86678, "f1": 0.68965, "auc": 0.94108}
{"epoch": 54, "time_epoch": 26.21684, "eta": 1177.71054, "eta_hours": 0.32714, "loss": 0.08975917, "lr": 0.00047521, "params": 337201, "time_iter": 0.08376, "accuracy": 0.86309, "precision": 0.57428, "recall": 0.86729, "f1": 0.69101, "auc": 0.9411}
{"epoch": 55, "time_epoch": 26.28061, "eta": 1151.62505, "eta_hours": 0.3199, "loss": 0.08966966, "lr": 0.00045871, "params": 337201, "time_iter": 0.08396, "accuracy": 0.86298, "precision": 0.57404, "recall": 0.86742, "f1": 0.69088, "auc": 0.94128}
{"epoch": 56, "time_epoch": 26.19552, "eta": 1125.46851, "eta_hours": 0.31263, "loss": 0.08956239, "lr": 0.00044226, "params": 337201, "time_iter": 0.08369, "accuracy": 0.86349, "precision": 0.57511, "recall": 0.86772, "f1": 0.69174, "auc": 0.94144}
{"epoch": 57, "time_epoch": 26.49627, "eta": 1099.52842, "eta_hours": 0.30542, "loss": 0.08949848, "lr": 0.00042587, "params": 337201, "time_iter": 0.08465, "accuracy": 0.86328, "precision": 0.57468, "recall": 0.86746, "f1": 0.69135, "auc": 0.94147}
{"epoch": 58, "time_epoch": 26.25199, "eta": 1073.39973, "eta_hours": 0.29817, "loss": 0.08925792, "lr": 0.00040956, "params": 337201, "time_iter": 0.08387, "accuracy": 0.86292, "precision": 0.5738, "recall": 0.86863, "f1": 0.69109, "auc": 0.94176}
{"epoch": 59, "time_epoch": 25.99062, "eta": 1047.09267, "eta_hours": 0.29086, "loss": 0.08929568, "lr": 0.00039335, "params": 337201, "time_iter": 0.08304, "accuracy": 0.8631, "precision": 0.57417, "recall": 0.86864, "f1": 0.69136, "auc": 0.94176}
{"epoch": 60, "time_epoch": 26.11771, "eta": 1020.87724, "eta_hours": 0.28358, "loss": 0.0890379, "lr": 0.00037726, "params": 337201, "time_iter": 0.08344, "accuracy": 0.86345, "precision": 0.57486, "recall": 0.86936, "f1": 0.69209, "auc": 0.94208}
{"epoch": 61, "time_epoch": 26.07576, "eta": 994.63926, "eta_hours": 0.27629, "loss": 0.08912741, "lr": 0.0003613, "params": 337201, "time_iter": 0.08331, "accuracy": 0.86331, "precision": 0.57463, "recall": 0.8687, "f1": 0.69171, "auc": 0.94196}
{"epoch": 62, "time_epoch": 26.00641, "eta": 968.36569, "eta_hours": 0.26899, "loss": 0.08887616, "lr": 0.00034549, "params": 337201, "time_iter": 0.08309, "accuracy": 0.86339, "precision": 0.57471, "recall": 0.86944, "f1": 0.692, "auc": 0.9423}
{"epoch": 63, "time_epoch": 26.20466, "eta": 942.21199, "eta_hours": 0.26173, "loss": 0.08887119, "lr": 0.00032985, "params": 337201, "time_iter": 0.08372, "accuracy": 0.86316, "precision": 0.57422, "recall": 0.86949, "f1": 0.69166, "auc": 0.94227}
{"epoch": 64, "time_epoch": 26.20055, "eta": 916.05451, "eta_hours": 0.25446, "loss": 0.08880318, "lr": 0.0003144, "params": 337201, "time_iter": 0.08371, "accuracy": 0.86384, "precision": 0.57573, "recall": 0.86903, "f1": 0.69261, "auc": 0.94235}
{"epoch": 65, "time_epoch": 26.57505, "eta": 890.08865, "eta_hours": 0.24725, "loss": 0.08866725, "lr": 0.00029915, "params": 337201, "time_iter": 0.0849, "accuracy": 0.86371, "precision": 0.57543, "recall": 0.86924, "f1": 0.69246, "auc": 0.94253}
{"epoch": 66, "time_epoch": 26.2135, "eta": 863.92653, "eta_hours": 0.23998, "loss": 0.08854433, "lr": 0.00028412, "params": 337201, "time_iter": 0.08375, "accuracy": 0.86394, "precision": 0.57586, "recall": 0.8699, "f1": 0.69298, "auc": 0.94274}
{"epoch": 67, "time_epoch": 25.94837, "eta": 837.63812, "eta_hours": 0.23268, "loss": 0.0883812, "lr": 0.00026933, "params": 337201, "time_iter": 0.0829, "accuracy": 0.86401, "precision": 0.57594, "recall": 0.87055, "f1": 0.69324, "auc": 0.94288}
{"epoch": 68, "time_epoch": 26.26263, "eta": 811.50077, "eta_hours": 0.22542, "loss": 0.08828417, "lr": 0.00025479, "params": 337201, "time_iter": 0.08391, "accuracy": 0.8639, "precision": 0.57575, "recall": 0.87028, "f1": 0.69302, "auc": 0.94302}
{"epoch": 69, "time_epoch": 26.22272, "eta": 785.34273, "eta_hours": 0.21815, "loss": 0.08816514, "lr": 0.00024052, "params": 337201, "time_iter": 0.08378, "accuracy": 0.86455, "precision": 0.57713, "recall": 0.87056, "f1": 0.6941, "auc": 0.94318}
{"epoch": 70, "time_epoch": 26.52775, "eta": 759.30746, "eta_hours": 0.21092, "loss": 0.08814876, "lr": 0.00022653, "params": 337201, "time_iter": 0.08475, "accuracy": 0.86426, "precision": 0.57649, "recall": 0.87058, "f1": 0.69365, "auc": 0.94317}
{"epoch": 71, "time_epoch": 25.92532, "eta": 733.02422, "eta_hours": 0.20362, "loss": 0.08795558, "lr": 0.00021284, "params": 337201, "time_iter": 0.08283, "accuracy": 0.86435, "precision": 0.57656, "recall": 0.87166, "f1": 0.69404, "auc": 0.94348}
{"epoch": 72, "time_epoch": 26.30701, "eta": 706.89197, "eta_hours": 0.19636, "loss": 0.08785712, "lr": 0.00019946, "params": 337201, "time_iter": 0.08405, "accuracy": 0.86408, "precision": 0.57593, "recall": 0.87223, "f1": 0.69377, "auc": 0.94354}
{"epoch": 73, "time_epoch": 25.97363, "eta": 680.63786, "eta_hours": 0.18907, "loss": 0.0878394, "lr": 0.00018641, "params": 337201, "time_iter": 0.08298, "accuracy": 0.86441, "precision": 0.5767, "recall": 0.8716, "f1": 0.69413, "auc": 0.94355}
{"epoch": 74, "time_epoch": 26.17202, "eta": 654.45736, "eta_hours": 0.18179, "loss": 0.08767902, "lr": 0.00017371, "params": 337201, "time_iter": 0.08362, "accuracy": 0.86463, "precision": 0.57712, "recall": 0.87228, "f1": 0.69465, "auc": 0.94379}
{"epoch": 75, "time_epoch": 26.19145, "eta": 628.28322, "eta_hours": 0.17452, "loss": 0.08766613, "lr": 0.00016136, "params": 337201, "time_iter": 0.08368, "accuracy": 0.86478, "precision": 0.57755, "recall": 0.87128, "f1": 0.69464, "auc": 0.94375}
{"epoch": 76, "time_epoch": 26.35393, "eta": 602.15717, "eta_hours": 0.16727, "loss": 0.08751066, "lr": 0.00014938, "params": 337201, "time_iter": 0.0842, "accuracy": 0.86465, "precision": 0.57716, "recall": 0.87215, "f1": 0.69463, "auc": 0.94399}
{"epoch": 77, "time_epoch": 26.06012, "eta": 575.9424, "eta_hours": 0.15998, "loss": 0.08748702, "lr": 0.00013779, "params": 337201, "time_iter": 0.08326, "accuracy": 0.86462, "precision": 0.57708, "recall": 0.87234, "f1": 0.69464, "auc": 0.94403}
{"epoch": 78, "time_epoch": 25.9638, "eta": 549.70594, "eta_hours": 0.1527, "loss": 0.08728446, "lr": 0.00012659, "params": 337201, "time_iter": 0.08295, "accuracy": 0.86475, "precision": 0.57729, "recall": 0.87307, "f1": 0.69502, "auc": 0.94428}
{"epoch": 79, "time_epoch": 26.15194, "eta": 523.52333, "eta_hours": 0.14542, "loss": 0.08723537, "lr": 0.0001158, "params": 337201, "time_iter": 0.08355, "accuracy": 0.86482, "precision": 0.57748, "recall": 0.87266, "f1": 0.69503, "auc": 0.94427}
{"epoch": 80, "time_epoch": 26.13298, "eta": 497.33703, "eta_hours": 0.13815, "loss": 0.08716924, "lr": 0.00010543, "params": 337201, "time_iter": 0.08349, "accuracy": 0.86447, "precision": 0.57667, "recall": 0.8733, "f1": 0.69464, "auc": 0.94437}
{"epoch": 81, "time_epoch": 26.05195, "eta": 471.13425, "eta_hours": 0.13087, "loss": 0.08706338, "lr": 9.549e-05, "params": 337201, "time_iter": 0.08323, "accuracy": 0.86473, "precision": 0.57722, "recall": 0.87333, "f1": 0.69505, "auc": 0.94452}
{"epoch": 82, "time_epoch": 26.18113, "eta": 444.96156, "eta_hours": 0.1236, "loss": 0.08706933, "lr": 8.6e-05, "params": 337201, "time_iter": 0.08365, "accuracy": 0.86484, "precision": 0.57741, "recall": 0.87372, "f1": 0.69531, "auc": 0.94451}
{"epoch": 83, "time_epoch": 26.15299, "eta": 418.78331, "eta_hours": 0.11633, "loss": 0.08691455, "lr": 7.695e-05, "params": 337201, "time_iter": 0.08356, "accuracy": 0.86501, "precision": 0.57777, "recall": 0.87382, "f1": 0.6956, "auc": 0.94474}
{"epoch": 84, "time_epoch": 26.43601, "eta": 392.6556, "eta_hours": 0.10907, "loss": 0.08683677, "lr": 6.837e-05, "params": 337201, "time_iter": 0.08446, "accuracy": 0.86452, "precision": 0.57665, "recall": 0.87453, "f1": 0.69502, "auc": 0.94482}
{"epoch": 85, "time_epoch": 25.85756, "eta": 366.42655, "eta_hours": 0.10179, "loss": 0.0868321, "lr": 6.026e-05, "params": 337201, "time_iter": 0.08261, "accuracy": 0.86445, "precision": 0.57649, "recall": 0.87453, "f1": 0.6949, "auc": 0.94475}
{"epoch": 86, "time_epoch": 26.13588, "eta": 340.24763, "eta_hours": 0.09451, "loss": 0.08680599, "lr": 5.264e-05, "params": 337201, "time_iter": 0.0835, "accuracy": 0.86487, "precision": 0.57744, "recall": 0.87427, "f1": 0.69551, "auc": 0.94483}
{"epoch": 87, "time_epoch": 25.8559, "eta": 314.03151, "eta_hours": 0.08723, "loss": 0.08675306, "lr": 4.55e-05, "params": 337201, "time_iter": 0.08261, "accuracy": 0.86427, "precision": 0.57609, "recall": 0.87463, "f1": 0.69464, "auc": 0.94486}
{"epoch": 88, "time_epoch": 26.56802, "eta": 287.9115, "eta_hours": 0.07998, "loss": 0.08662912, "lr": 3.886e-05, "params": 337201, "time_iter": 0.08488, "accuracy": 0.86499, "precision": 0.57761, "recall": 0.875, "f1": 0.69586, "auc": 0.94505}
{"epoch": 89, "time_epoch": 26.05233, "eta": 261.72423, "eta_hours": 0.0727, "loss": 0.08660503, "lr": 3.272e-05, "params": 337201, "time_iter": 0.08323, "accuracy": 0.86518, "precision": 0.57803, "recall": 0.87499, "f1": 0.69616, "auc": 0.94509}
{"epoch": 90, "time_epoch": 26.15108, "eta": 235.5497, "eta_hours": 0.06543, "loss": 0.08650861, "lr": 2.709e-05, "params": 337201, "time_iter": 0.08355, "accuracy": 0.86479, "precision": 0.57717, "recall": 0.87521, "f1": 0.69561, "auc": 0.94519}
{"epoch": 91, "time_epoch": 26.04641, "eta": 209.36657, "eta_hours": 0.05816, "loss": 0.0865581, "lr": 2.198e-05, "params": 337201, "time_iter": 0.08322, "accuracy": 0.86479, "precision": 0.57716, "recall": 0.87528, "f1": 0.69562, "auc": 0.94512}
{"epoch": 92, "time_epoch": 26.31071, "eta": 183.20628, "eta_hours": 0.05089, "loss": 0.08647798, "lr": 1.74e-05, "params": 337201, "time_iter": 0.08406, "accuracy": 0.86463, "precision": 0.57678, "recall": 0.87553, "f1": 0.69543, "auc": 0.9452}
{"epoch": 93, "time_epoch": 25.71017, "eta": 157.00445, "eta_hours": 0.04361, "loss": 0.08643805, "lr": 1.334e-05, "params": 337201, "time_iter": 0.08214, "accuracy": 0.86483, "precision": 0.57721, "recall": 0.87546, "f1": 0.69572, "auc": 0.94527}
{"epoch": 94, "time_epoch": 26.68619, "eta": 130.86435, "eta_hours": 0.03635, "loss": 0.08647449, "lr": 9.81e-06, "params": 337201, "time_iter": 0.08526, "accuracy": 0.86516, "precision": 0.57803, "recall": 0.87462, "f1": 0.69605, "auc": 0.94524}
{"epoch": 95, "time_epoch": 26.00724, "eta": 104.68458, "eta_hours": 0.02908, "loss": 0.08652022, "lr": 6.82e-06, "params": 337201, "time_iter": 0.08309, "accuracy": 0.86456, "precision": 0.57668, "recall": 0.87499, "f1": 0.69518, "auc": 0.94517}
{"epoch": 96, "time_epoch": 26.34003, "eta": 78.51866, "eta_hours": 0.02181, "loss": 0.08641443, "lr": 4.37e-06, "params": 337201, "time_iter": 0.08415, "accuracy": 0.86454, "precision": 0.57663, "recall": 0.87524, "f1": 0.69522, "auc": 0.94528}
{"epoch": 97, "time_epoch": 25.99142, "eta": 52.34207, "eta_hours": 0.01454, "loss": 0.08646679, "lr": 2.46e-06, "params": 337201, "time_iter": 0.08304, "accuracy": 0.86479, "precision": 0.57714, "recall": 0.87536, "f1": 0.69564, "auc": 0.94523}
{"epoch": 98, "time_epoch": 26.15599, "eta": 26.17088, "eta_hours": 0.00727, "loss": 0.08653917, "lr": 1.09e-06, "params": 337201, "time_iter": 0.08357, "accuracy": 0.86466, "precision": 0.5769, "recall": 0.87512, "f1": 0.69538, "auc": 0.94513}
{"epoch": 99, "time_epoch": 26.07696, "eta": 0.0, "eta_hours": 0.0, "loss": 0.08646146, "lr": 2.7e-07, "params": 337201, "time_iter": 0.08331, "accuracy": 0.86468, "precision": 0.57695, "recall": 0.87495, "f1": 0.69536, "auc": 0.94522}
