{"epoch": 0, "time_epoch": 210.43783, "eta": 20833.34562, "eta_hours": 5.78704, "loss": 0.69774603, "lr": 0.0, "params": 9744496, "time_iter": 0.30721, "accuracy": 0.49962, "ap": 0.02139, "auc": 0.49657}
{"epoch": 1, "time_epoch": 172.69396, "eta": 18773.45802, "eta_hours": 5.21485, "loss": 0.3440372, "lr": 0.0001, "params": 9744496, "time_iter": 0.25211, "accuracy": 0.9196, "ap": 0.02985, "auc": 0.54416}
{"epoch": 2, "time_epoch": 172.21774, "eta": 17956.30164, "eta_hours": 4.98786, "loss": 0.06740224, "lr": 0.0002, "params": 9744496, "time_iter": 0.25141, "accuracy": 0.97967, "ap": 0.0435, "auc": 0.62687}
{"epoch": 3, "time_epoch": 171.88194, "eta": 17453.55552, "eta_hours": 4.84821, "loss": 0.04871569, "lr": 0.0003, "params": 9744496, "time_iter": 0.25092, "accuracy": 0.98111, "ap": 0.08145, "auc": 0.73733}
{"epoch": 4, "time_epoch": 173.45016, "eta": 17112.9511, "eta_hours": 4.7536, "loss": 0.04517148, "lr": 0.0004, "params": 9744496, "time_iter": 0.25321, "accuracy": 0.98201, "ap": 0.10806, "auc": 0.7954}
{"epoch": 5, "time_epoch": 171.16052, "eta": 16792.19382, "eta_hours": 4.6645, "loss": 0.04299449, "lr": 0.0005, "params": 9744496, "time_iter": 0.24987, "accuracy": 0.98269, "ap": 0.13381, "auc": 0.82421}
{"epoch": 6, "time_epoch": 172.23619, "eta": 16528.46947, "eta_hours": 4.59124, "loss": 0.04131461, "lr": 0.00049986, "params": 9744496, "time_iter": 0.25144, "accuracy": 0.98329, "ap": 0.15594, "auc": 0.84333}
{"epoch": 7, "time_epoch": 171.22858, "eta": 16276.02971, "eta_hours": 4.52112, "loss": 0.04006883, "lr": 0.00049945, "params": 9744496, "time_iter": 0.24997, "accuracy": 0.98367, "ap": 0.1768, "auc": 0.85632}
{"epoch": 8, "time_epoch": 170.0624, "eta": 16029.84548, "eta_hours": 4.45273, "loss": 0.03908742, "lr": 0.00049877, "params": 9744496, "time_iter": 0.24827, "accuracy": 0.98403, "ap": 0.19086, "auc": 0.86509}
{"epoch": 9, "time_epoch": 170.99576, "eta": 15807.28583, "eta_hours": 4.39091, "loss": 0.03827321, "lr": 0.00049782, "params": 9744496, "time_iter": 0.24963, "accuracy": 0.98426, "ap": 0.20731, "auc": 0.87115}
{"epoch": 10, "time_epoch": 170.33468, "eta": 15588.75273, "eta_hours": 4.33021, "loss": 0.03751751, "lr": 0.00049659, "params": 9744496, "time_iter": 0.24866, "accuracy": 0.98453, "ap": 0.22399, "auc": 0.87802}
{"epoch": 11, "time_epoch": 170.9666, "eta": 15382.88673, "eta_hours": 4.27302, "loss": 0.03683265, "lr": 0.00049509, "params": 9744496, "time_iter": 0.24959, "accuracy": 0.98481, "ap": 0.23685, "auc": 0.88284}
{"epoch": 12, "time_epoch": 175.68035, "eta": 15213.93574, "eta_hours": 4.22609, "loss": 0.0362033, "lr": 0.00049333, "params": 9744496, "time_iter": 0.25647, "accuracy": 0.98506, "ap": 0.2469, "auc": 0.88738}
{"epoch": 13, "time_epoch": 173.25759, "eta": 15029.14076, "eta_hours": 4.17476, "loss": 0.03556132, "lr": 0.0004913, "params": 9744496, "time_iter": 0.25293, "accuracy": 0.98535, "ap": 0.26451, "auc": 0.89235}
{"epoch": 14, "time_epoch": 174.65714, "eta": 14853.81488, "eta_hours": 4.12606, "loss": 0.03499759, "lr": 0.00048901, "params": 9744496, "time_iter": 0.25497, "accuracy": 0.98544, "ap": 0.27317, "auc": 0.8961}
{"epoch": 15, "time_epoch": 174.62641, "eta": 14678.41127, "eta_hours": 4.07734, "loss": 0.03442128, "lr": 0.00048645, "params": 9744496, "time_iter": 0.25493, "accuracy": 0.98567, "ap": 0.29089, "auc": 0.89979}
{"epoch": 16, "time_epoch": 173.73324, "eta": 14498.7383, "eta_hours": 4.02743, "loss": 0.03397228, "lr": 0.00048364, "params": 9744496, "time_iter": 0.25363, "accuracy": 0.98583, "ap": 0.30049, "auc": 0.90319}
{"epoch": 17, "time_epoch": 174.81268, "eta": 14324.64276, "eta_hours": 3.97907, "loss": 0.03347084, "lr": 0.00048057, "params": 9744496, "time_iter": 0.2552, "accuracy": 0.98597, "ap": 0.3108, "auc": 0.90674}
{"epoch": 18, "time_epoch": 174.12739, "eta": 14147.55023, "eta_hours": 3.92988, "loss": 0.03301647, "lr": 0.00047725, "params": 9744496, "time_iter": 0.2542, "accuracy": 0.98624, "ap": 0.32287, "auc": 0.90935}
{"epoch": 19, "time_epoch": 173.81908, "eta": 13969.52099, "eta_hours": 3.88042, "loss": 0.03266637, "lr": 0.00047368, "params": 9744496, "time_iter": 0.25375, "accuracy": 0.98629, "ap": 0.32905, "auc": 0.91174}
{"epoch": 20, "time_epoch": 171.40484, "eta": 13782.81058, "eta_hours": 3.82856, "loss": 0.03222935, "lr": 0.00046987, "params": 9744496, "time_iter": 0.25023, "accuracy": 0.98654, "ap": 0.34166, "auc": 0.91547}
{"epoch": 21, "time_epoch": 169.81188, "eta": 13591.84381, "eta_hours": 3.77551, "loss": 0.03186334, "lr": 0.00046581, "params": 9744496, "time_iter": 0.2479, "accuracy": 0.98669, "ap": 0.35428, "auc": 0.91732}
{"epoch": 22, "time_epoch": 171.09444, "eta": 13407.01036, "eta_hours": 3.72417, "loss": 0.03157718, "lr": 0.00046152, "params": 9744496, "time_iter": 0.24977, "accuracy": 0.98681, "ap": 0.36004, "auc": 0.91972}
{"epoch": 23, "time_epoch": 170.89987, "eta": 13222.70571, "eta_hours": 3.67297, "loss": 0.03183095, "lr": 0.000457, "params": 9744496, "time_iter": 0.24949, "accuracy": 0.98666, "ap": 0.35559, "auc": 0.91801}
{"epoch": 24, "time_epoch": 169.06621, "eta": 13033.97246, "eta_hours": 3.62055, "loss": 0.03366181, "lr": 0.00045225, "params": 9744496, "time_iter": 0.24681, "accuracy": 0.98563, "ap": 0.31573, "auc": 0.90746}
{"epoch": 25, "time_epoch": 170.76144, "eta": 12851.57694, "eta_hours": 3.56988, "loss": 0.03376242, "lr": 0.00044729, "params": 9744496, "time_iter": 0.24929, "accuracy": 0.98564, "ap": 0.31705, "auc": 0.90773}
{"epoch": 26, "time_epoch": 169.17463, "eta": 12665.75295, "eta_hours": 3.51826, "loss": 0.03265072, "lr": 0.0004421, "params": 9744496, "time_iter": 0.24697, "accuracy": 0.98611, "ap": 0.34208, "auc": 0.91437}
{"epoch": 27, "time_epoch": 170.11212, "eta": 12483.52888, "eta_hours": 3.46765, "loss": 0.0321191, "lr": 0.00043671, "params": 9744496, "time_iter": 0.24834, "accuracy": 0.98631, "ap": 0.3551, "auc": 0.91855}
{"epoch": 28, "time_epoch": 170.62405, "eta": 12303.39345, "eta_hours": 3.41761, "loss": 0.03197492, "lr": 0.00043111, "params": 9744496, "time_iter": 0.24909, "accuracy": 0.9864, "ap": 0.35686, "auc": 0.91861}
{"epoch": 29, "time_epoch": 170.44638, "eta": 12123.47757, "eta_hours": 3.36763, "loss": 0.03228881, "lr": 0.00042531, "params": 9744496, "time_iter": 0.24883, "accuracy": 0.98626, "ap": 0.35089, "auc": 0.918}
{"epoch": 30, "time_epoch": 170.46449, "eta": 11944.21294, "eta_hours": 3.31784, "loss": 0.03240974, "lr": 0.00041932, "params": 9744496, "time_iter": 0.24885, "accuracy": 0.98625, "ap": 0.34997, "auc": 0.91814}
{"epoch": 31, "time_epoch": 171.20183, "eta": 11767.06515, "eta_hours": 3.26863, "loss": 0.03201303, "lr": 0.00041315, "params": 9744496, "time_iter": 0.24993, "accuracy": 0.98636, "ap": 0.35974, "auc": 0.91989}
{"epoch": 32, "time_epoch": 169.95164, "eta": 11587.73946, "eta_hours": 3.21882, "loss": 0.03181022, "lr": 0.00040679, "params": 9744496, "time_iter": 0.2481, "accuracy": 0.98645, "ap": 0.36596, "auc": 0.92149}
{"epoch": 33, "time_epoch": 171.52657, "eta": 11412.0224, "eta_hours": 3.17001, "loss": 0.03169073, "lr": 0.00040027, "params": 9744496, "time_iter": 0.2504, "accuracy": 0.98642, "ap": 0.36741, "auc": 0.92193}
{"epoch": 34, "time_epoch": 170.82286, "eta": 11235.23791, "eta_hours": 3.1209, "loss": 0.0313013, "lr": 0.00039358, "params": 9744496, "time_iter": 0.24938, "accuracy": 0.9866, "ap": 0.37592, "auc": 0.92441}
{"epoch": 35, "time_epoch": 169.88935, "eta": 11057.12504, "eta_hours": 3.07142, "loss": 0.03120182, "lr": 0.00038674, "params": 9744496, "time_iter": 0.24801, "accuracy": 0.98671, "ap": 0.37841, "auc": 0.92531}
{"epoch": 36, "time_epoch": 171.93904, "eta": 10882.9467, "eta_hours": 3.02304, "loss": 0.03104423, "lr": 0.00037974, "params": 9744496, "time_iter": 0.25101, "accuracy": 0.98671, "ap": 0.38465, "auc": 0.9265}
{"epoch": 37, "time_epoch": 169.90201, "eta": 10705.56266, "eta_hours": 2.97377, "loss": 0.03112143, "lr": 0.00037261, "params": 9744496, "time_iter": 0.24803, "accuracy": 0.98679, "ap": 0.38252, "auc": 0.92622}
{"epoch": 38, "time_epoch": 171.88791, "eta": 10531.66845, "eta_hours": 2.92546, "loss": 0.03073294, "lr": 0.00036534, "params": 9744496, "time_iter": 0.25093, "accuracy": 0.98696, "ap": 0.39258, "auc": 0.92836}
{"epoch": 39, "time_epoch": 175.0044, "eta": 10362.54931, "eta_hours": 2.87849, "loss": 0.03038786, "lr": 0.00035794, "params": 9744496, "time_iter": 0.25548, "accuracy": 0.98709, "ap": 0.40096, "auc": 0.93101}
{"epoch": 40, "time_epoch": 174.17012, "eta": 10191.94252, "eta_hours": 2.8311, "loss": 0.03018985, "lr": 0.00035042, "params": 9744496, "time_iter": 0.25426, "accuracy": 0.98723, "ap": 0.40721, "auc": 0.93214}
{"epoch": 41, "time_epoch": 174.8478, "eta": 10022.10189, "eta_hours": 2.78392, "loss": 0.03018778, "lr": 0.0003428, "params": 9744496, "time_iter": 0.25525, "accuracy": 0.98723, "ap": 0.40709, "auc": 0.93141}
{"epoch": 42, "time_epoch": 175.37497, "eta": 9852.72717, "eta_hours": 2.73687, "loss": 0.02992552, "lr": 0.00033507, "params": 9744496, "time_iter": 0.25602, "accuracy": 0.98729, "ap": 0.41665, "auc": 0.93422}
{"epoch": 43, "time_epoch": 173.46004, "eta": 9680.64253, "eta_hours": 2.68907, "loss": 0.02963397, "lr": 0.00032725, "params": 9744496, "time_iter": 0.25323, "accuracy": 0.98744, "ap": 0.42326, "auc": 0.93551}
{"epoch": 44, "time_epoch": 175.0401, "eta": 9510.42795, "eta_hours": 2.64179, "loss": 0.02955184, "lr": 0.00031935, "params": 9744496, "time_iter": 0.25553, "accuracy": 0.98741, "ap": 0.42311, "auc": 0.93619}
{"epoch": 45, "time_epoch": 174.71737, "eta": 9339.62471, "eta_hours": 2.59434, "loss": 0.02927566, "lr": 0.00031137, "params": 9744496, "time_iter": 0.25506, "accuracy": 0.98758, "ap": 0.43127, "auc": 0.93781}
{"epoch": 46, "time_epoch": 172.78708, "eta": 9166.4782, "eta_hours": 2.54624, "loss": 0.02902486, "lr": 0.00030332, "params": 9744496, "time_iter": 0.25224, "accuracy": 0.98767, "ap": 0.43741, "auc": 0.93913}
{"epoch": 47, "time_epoch": 171.43251, "eta": 8991.87921, "eta_hours": 2.49774, "loss": 0.02902809, "lr": 0.00029522, "params": 9744496, "time_iter": 0.25027, "accuracy": 0.9877, "ap": 0.43868, "auc": 0.9389}
{"epoch": 48, "time_epoch": 170.37468, "eta": 8816.30846, "eta_hours": 2.44897, "loss": 0.02882459, "lr": 0.00028707, "params": 9744496, "time_iter": 0.24872, "accuracy": 0.98771, "ap": 0.44168, "auc": 0.94048}
{"epoch": 49, "time_epoch": 171.54321, "eta": 8642.11408, "eta_hours": 2.40059, "loss": 0.0285805, "lr": 0.00027887, "params": 9744496, "time_iter": 0.25043, "accuracy": 0.98791, "ap": 0.44835, "auc": 0.94207}
{"epoch": 50, "time_epoch": 171.12285, "eta": 8467.61979, "eta_hours": 2.35212, "loss": 0.02844174, "lr": 0.00027064, "params": 9744496, "time_iter": 0.24981, "accuracy": 0.98796, "ap": 0.45081, "auc": 0.94331}
{"epoch": 51, "time_epoch": 169.92062, "eta": 8292.14543, "eta_hours": 2.30337, "loss": 0.02845018, "lr": 0.0002624, "params": 9744496, "time_iter": 0.24806, "accuracy": 0.98788, "ap": 0.45195, "auc": 0.94313}
{"epoch": 52, "time_epoch": 171.55074, "eta": 8118.32621, "eta_hours": 2.25509, "loss": 0.02833233, "lr": 0.00025413, "params": 9744496, "time_iter": 0.25044, "accuracy": 0.98789, "ap": 0.45674, "auc": 0.94339}
{"epoch": 53, "time_epoch": 170.94164, "eta": 7944.07216, "eta_hours": 2.20669, "loss": 0.02811872, "lr": 0.00024587, "params": 9744496, "time_iter": 0.24955, "accuracy": 0.988, "ap": 0.45956, "auc": 0.94452}
{"epoch": 54, "time_epoch": 169.52428, "eta": 7768.7789, "eta_hours": 2.15799, "loss": 0.02795148, "lr": 0.0002376, "params": 9744496, "time_iter": 0.24748, "accuracy": 0.98806, "ap": 0.4679, "auc": 0.94594}
{"epoch": 55, "time_epoch": 171.77773, "eta": 7595.46223, "eta_hours": 2.10985, "loss": 0.0278839, "lr": 0.00022936, "params": 9744496, "time_iter": 0.25077, "accuracy": 0.98803, "ap": 0.46729, "auc": 0.94631}
{"epoch": 56, "time_epoch": 169.80061, "eta": 7420.70806, "eta_hours": 2.06131, "loss": 0.02779194, "lr": 0.00022113, "params": 9744496, "time_iter": 0.24788, "accuracy": 0.98816, "ap": 0.46991, "auc": 0.94633}
{"epoch": 57, "time_epoch": 171.86333, "eta": 7247.61839, "eta_hours": 2.01323, "loss": 0.02766511, "lr": 0.00021293, "params": 9744496, "time_iter": 0.2509, "accuracy": 0.98813, "ap": 0.47725, "auc": 0.94733}
{"epoch": 58, "time_epoch": 171.6558, "eta": 7074.42608, "eta_hours": 1.96512, "loss": 0.02754689, "lr": 0.00020478, "params": 9744496, "time_iter": 0.25059, "accuracy": 0.98819, "ap": 0.47487, "auc": 0.94786}
{"epoch": 59, "time_epoch": 170.40351, "eta": 6900.45012, "eta_hours": 1.91679, "loss": 0.02741757, "lr": 0.00019668, "params": 9744496, "time_iter": 0.24876, "accuracy": 0.98833, "ap": 0.48472, "auc": 0.94889}
{"epoch": 60, "time_epoch": 172.0107, "eta": 6727.61884, "eta_hours": 1.86878, "loss": 0.0273861, "lr": 0.00018863, "params": 9744496, "time_iter": 0.25111, "accuracy": 0.98836, "ap": 0.48299, "auc": 0.94863}
{"epoch": 61, "time_epoch": 169.50195, "eta": 6553.27641, "eta_hours": 1.82035, "loss": 0.02725451, "lr": 0.00018065, "params": 9744496, "time_iter": 0.24745, "accuracy": 0.98838, "ap": 0.48642, "auc": 0.94966}
{"epoch": 62, "time_epoch": 170.11098, "eta": 6379.44534, "eta_hours": 1.77207, "loss": 0.02706908, "lr": 0.00017275, "params": 9744496, "time_iter": 0.24834, "accuracy": 0.98842, "ap": 0.49083, "auc": 0.95115}
{"epoch": 63, "time_epoch": 171.62054, "eta": 6206.57964, "eta_hours": 1.72405, "loss": 0.02695148, "lr": 0.00016493, "params": 9744496, "time_iter": 0.25054, "accuracy": 0.98845, "ap": 0.49444, "auc": 0.95095}
{"epoch": 64, "time_epoch": 170.70936, "eta": 6033.26162, "eta_hours": 1.67591, "loss": 0.02683496, "lr": 0.0001572, "params": 9744496, "time_iter": 0.24921, "accuracy": 0.98855, "ap": 0.49639, "auc": 0.95232}
{"epoch": 65, "time_epoch": 171.22738, "eta": 5860.2895, "eta_hours": 1.62786, "loss": 0.02668001, "lr": 0.00014958, "params": 9744496, "time_iter": 0.24997, "accuracy": 0.98858, "ap": 0.50034, "auc": 0.95287}
{"epoch": 66, "time_epoch": 174.21676, "eta": 5688.84185, "eta_hours": 1.58023, "loss": 0.02655985, "lr": 0.00014206, "params": 9744496, "time_iter": 0.25433, "accuracy": 0.98868, "ap": 0.50419, "auc": 0.95309}
{"epoch": 67, "time_epoch": 173.62745, "eta": 5517.03543, "eta_hours": 1.53251, "loss": 0.02640562, "lr": 0.00013466, "params": 9744496, "time_iter": 0.25347, "accuracy": 0.98873, "ap": 0.50744, "auc": 0.95427}
{"epoch": 68, "time_epoch": 175.16038, "eta": 5345.86494, "eta_hours": 1.48496, "loss": 0.02626735, "lr": 0.00012739, "params": 9744496, "time_iter": 0.25571, "accuracy": 0.98882, "ap": 0.51172, "auc": 0.95554}
{"epoch": 69, "time_epoch": 173.64086, "eta": 5173.92923, "eta_hours": 1.4372, "loss": 0.02615645, "lr": 0.00012026, "params": 9744496, "time_iter": 0.25349, "accuracy": 0.98885, "ap": 0.51525, "auc": 0.95563}
{"epoch": 70, "time_epoch": 173.89142, "eta": 5002.04783, "eta_hours": 1.38946, "loss": 0.02606945, "lr": 0.00011326, "params": 9744496, "time_iter": 0.25386, "accuracy": 0.98887, "ap": 0.51864, "auc": 0.95606}
{"epoch": 71, "time_epoch": 174.87554, "eta": 4830.4933, "eta_hours": 1.3418, "loss": 0.02596755, "lr": 0.00010642, "params": 9744496, "time_iter": 0.25529, "accuracy": 0.98893, "ap": 0.51923, "auc": 0.95623}
{"epoch": 72, "time_epoch": 173.9246, "eta": 4658.49608, "eta_hours": 1.29403, "loss": 0.02586312, "lr": 9.973e-05, "params": 9744496, "time_iter": 0.2539, "accuracy": 0.98891, "ap": 0.5226, "auc": 0.95665}
{"epoch": 73, "time_epoch": 174.04128, "eta": 4486.48776, "eta_hours": 1.24625, "loss": 0.02576271, "lr": 9.321e-05, "params": 9744496, "time_iter": 0.25407, "accuracy": 0.989, "ap": 0.52424, "auc": 0.95766}
{"epoch": 74, "time_epoch": 173.61581, "eta": 4314.2834, "eta_hours": 1.19841, "loss": 0.02567758, "lr": 8.685e-05, "params": 9744496, "time_iter": 0.25345, "accuracy": 0.98906, "ap": 0.52781, "auc": 0.95797}
{"epoch": 75, "time_epoch": 170.1395, "eta": 4140.94411, "eta_hours": 1.15026, "loss": 0.0255353, "lr": 8.068e-05, "params": 9744496, "time_iter": 0.24838, "accuracy": 0.98918, "ap": 0.52907, "auc": 0.95857}
{"epoch": 76, "time_epoch": 171.33449, "eta": 3968.04489, "eta_hours": 1.10223, "loss": 0.02546985, "lr": 7.469e-05, "params": 9744496, "time_iter": 0.25012, "accuracy": 0.98915, "ap": 0.53212, "auc": 0.9586}
{"epoch": 77, "time_epoch": 171.46079, "eta": 3795.2214, "eta_hours": 1.05423, "loss": 0.02540024, "lr": 6.889e-05, "params": 9744496, "time_iter": 0.25031, "accuracy": 0.98913, "ap": 0.53342, "auc": 0.95884}
{"epoch": 78, "time_epoch": 170.21531, "eta": 3622.10134, "eta_hours": 1.00614, "loss": 0.02529217, "lr": 6.329e-05, "params": 9744496, "time_iter": 0.24849, "accuracy": 0.98919, "ap": 0.53792, "auc": 0.95936}
{"epoch": 79, "time_epoch": 171.55082, "eta": 3449.38778, "eta_hours": 0.95816, "loss": 0.02521604, "lr": 5.79e-05, "params": 9744496, "time_iter": 0.25044, "accuracy": 0.98923, "ap": 0.53847, "auc": 0.95984}
{"epoch": 80, "time_epoch": 170.52134, "eta": 3276.46144, "eta_hours": 0.91013, "loss": 0.02513974, "lr": 5.271e-05, "params": 9744496, "time_iter": 0.24894, "accuracy": 0.98923, "ap": 0.53961, "auc": 0.96071}
{"epoch": 81, "time_epoch": 170.92981, "eta": 3103.68342, "eta_hours": 0.86213, "loss": 0.02510496, "lr": 4.775e-05, "params": 9744496, "time_iter": 0.24953, "accuracy": 0.9893, "ap": 0.54259, "auc": 0.96031}
{"epoch": 82, "time_epoch": 171.96214, "eta": 2931.16138, "eta_hours": 0.81421, "loss": 0.02505178, "lr": 4.3e-05, "params": 9744496, "time_iter": 0.25104, "accuracy": 0.98931, "ap": 0.54114, "auc": 0.96077}
{"epoch": 83, "time_epoch": 170.54038, "eta": 2758.38186, "eta_hours": 0.76622, "loss": 0.02493881, "lr": 3.848e-05, "params": 9744496, "time_iter": 0.24896, "accuracy": 0.98939, "ap": 0.54716, "auc": 0.96125}
{"epoch": 84, "time_epoch": 171.53245, "eta": 2585.8301, "eta_hours": 0.71829, "loss": 0.02491018, "lr": 3.419e-05, "params": 9744496, "time_iter": 0.25041, "accuracy": 0.98941, "ap": 0.54757, "auc": 0.96152}
{"epoch": 85, "time_epoch": 171.30748, "eta": 2413.26542, "eta_hours": 0.67035, "loss": 0.0248519, "lr": 3.013e-05, "params": 9744496, "time_iter": 0.25008, "accuracy": 0.98939, "ap": 0.54894, "auc": 0.96185}
{"epoch": 86, "time_epoch": 170.59796, "eta": 2240.62362, "eta_hours": 0.6224, "loss": 0.0248345, "lr": 2.632e-05, "params": 9744496, "time_iter": 0.24905, "accuracy": 0.98939, "ap": 0.55045, "auc": 0.96118}
{"epoch": 87, "time_epoch": 172.12358, "eta": 2068.23631, "eta_hours": 0.57451, "loss": 0.02477432, "lr": 2.275e-05, "params": 9744496, "time_iter": 0.25128, "accuracy": 0.98944, "ap": 0.55271, "auc": 0.96218}
{"epoch": 88, "time_epoch": 170.67639, "eta": 1895.67606, "eta_hours": 0.52658, "loss": 0.02469426, "lr": 1.943e-05, "params": 9744496, "time_iter": 0.24916, "accuracy": 0.98948, "ap": 0.55308, "auc": 0.96229}
{"epoch": 89, "time_epoch": 170.30715, "eta": 1723.11664, "eta_hours": 0.47864, "loss": 0.02469359, "lr": 1.636e-05, "params": 9744496, "time_iter": 0.24862, "accuracy": 0.98946, "ap": 0.55216, "auc": 0.96239}
{"epoch": 90, "time_epoch": 171.75871, "eta": 1550.75029, "eta_hours": 0.43076, "loss": 0.0246516, "lr": 1.355e-05, "params": 9744496, "time_iter": 0.25074, "accuracy": 0.98944, "ap": 0.55645, "auc": 0.96265}
{"epoch": 91, "time_epoch": 170.22559, "eta": 1378.26383, "eta_hours": 0.38285, "loss": 0.02465211, "lr": 1.099e-05, "params": 9744496, "time_iter": 0.2485, "accuracy": 0.98948, "ap": 0.55523, "auc": 0.96234}
{"epoch": 92, "time_epoch": 171.60193, "eta": 1205.92959, "eta_hours": 0.33498, "loss": 0.02460396, "lr": 8.7e-06, "params": 9744496, "time_iter": 0.25051, "accuracy": 0.98949, "ap": 0.55417, "auc": 0.96251}
{"epoch": 93, "time_epoch": 172.92837, "eta": 1033.6956, "eta_hours": 0.28714, "loss": 0.02463454, "lr": 6.67e-06, "params": 9744496, "time_iter": 0.25245, "accuracy": 0.98957, "ap": 0.55626, "auc": 0.96258}
{"epoch": 94, "time_epoch": 174.1693, "eta": 861.5123, "eta_hours": 0.23931, "loss": 0.02461571, "lr": 4.91e-06, "params": 9744496, "time_iter": 0.25426, "accuracy": 0.98946, "ap": 0.55638, "auc": 0.96281}
{"epoch": 95, "time_epoch": 175.42819, "eta": 689.34008, "eta_hours": 0.19148, "loss": 0.02457772, "lr": 3.41e-06, "params": 9744496, "time_iter": 0.2561, "accuracy": 0.98953, "ap": 0.55676, "auc": 0.96262}
{"epoch": 96, "time_epoch": 174.14163, "eta": 517.06093, "eta_hours": 0.14363, "loss": 0.02457433, "lr": 2.18e-06, "params": 9744496, "time_iter": 0.25422, "accuracy": 0.98949, "ap": 0.55519, "auc": 0.96268}
{"epoch": 97, "time_epoch": 174.08269, "eta": 344.74258, "eta_hours": 0.09576, "loss": 0.0245327, "lr": 1.23e-06, "params": 9744496, "time_iter": 0.25414, "accuracy": 0.98954, "ap": 0.55619, "auc": 0.96304}
{"epoch": 98, "time_epoch": 175.90055, "eta": 172.40694, "eta_hours": 0.04789, "loss": 0.02456339, "lr": 5.5e-07, "params": 9744496, "time_iter": 0.25679, "accuracy": 0.98952, "ap": 0.55759, "auc": 0.96276}
{"epoch": 99, "time_epoch": 173.91765, "eta": 0.0, "eta_hours": 0.0, "loss": 0.02458703, "lr": 1.4e-07, "params": 9744496, "time_iter": 0.25389, "accuracy": 0.98945, "ap": 0.55514, "auc": 0.96256}
