{"epoch": 0, "time_epoch": 76.08842, "eta": 7532.75326, "eta_hours": 2.09243, "loss": 2.30749904, "lr": 0.0, "params": 115394, "time_iter": 0.02213, "accuracy": 0.09713, "f1": 0.03272, "auc": 0.47978}
{"epoch": 1, "time_epoch": 70.193, "eta": 7167.78947, "eta_hours": 1.99105, "loss": 1.67421216, "lr": 0.0002, "params": 115394, "time_iter": 0.02042, "accuracy": 0.61178, "f1": 0.59992, "auc": 0.9057}
{"epoch": 2, "time_epoch": 70.07225, "eta": 6995.43526, "eta_hours": 1.94318, "loss": 0.71008245, "lr": 0.0004, "params": 115394, "time_iter": 0.02038, "accuracy": 0.87775, "f1": 0.87612, "auc": 0.97972}
{"epoch": 3, "time_epoch": 70.06064, "eta": 6873.9433, "eta_hours": 1.90943, "loss": 0.33576758, "lr": 0.0006, "params": 115394, "time_iter": 0.02038, "accuracy": 0.91309, "f1": 0.91222, "auc": 0.99047}
{"epoch": 4, "time_epoch": 70.11908, "eta": 6774.13421, "eta_hours": 1.8817, "loss": 0.25907698, "lr": 0.0008, "params": 115394, "time_iter": 0.0204, "accuracy": 0.92493, "f1": 0.92426, "auc": 0.99459}
{"epoch": 5, "time_epoch": 70.1149, "eta": 6684.15633, "eta_hours": 1.85671, "loss": 0.2233315, "lr": 0.001, "params": 115394, "time_iter": 0.02039, "accuracy": 0.93391, "f1": 0.93335, "auc": 0.99605}
{"epoch": 6, "time_epoch": 70.1049, "eta": 6599.72082, "eta_hours": 1.83326, "loss": 0.19486078, "lr": 0.00099973, "params": 115394, "time_iter": 0.02039, "accuracy": 0.942, "f1": 0.94153, "auc": 0.997}
{"epoch": 7, "time_epoch": 70.08388, "eta": 6518.6262, "eta_hours": 1.81073, "loss": 0.16609028, "lr": 0.00099891, "params": 115394, "time_iter": 0.02039, "accuracy": 0.95018, "f1": 0.94983, "auc": 0.99774}
{"epoch": 8, "time_epoch": 70.14603, "eta": 6440.60676, "eta_hours": 1.78906, "loss": 0.15026214, "lr": 0.00099754, "params": 115394, "time_iter": 0.0204, "accuracy": 0.95525, "f1": 0.95492, "auc": 0.99809}
{"epoch": 9, "time_epoch": 70.12679, "eta": 6363.98891, "eta_hours": 1.76777, "loss": 0.13458766, "lr": 0.00099563, "params": 115394, "time_iter": 0.0204, "accuracy": 0.9588, "f1": 0.95848, "auc": 0.99854}
{"epoch": 10, "time_epoch": 70.05096, "eta": 6287.93767, "eta_hours": 1.74665, "loss": 0.12624823, "lr": 0.00099318, "params": 115394, "time_iter": 0.02038, "accuracy": 0.96145, "f1": 0.96117, "auc": 0.99868}
{"epoch": 11, "time_epoch": 70.0198, "eta": 6212.65802, "eta_hours": 1.72574, "loss": 0.11844549, "lr": 0.00099019, "params": 115394, "time_iter": 0.02037, "accuracy": 0.96438, "f1": 0.96412, "auc": 0.99885}
{"epoch": 12, "time_epoch": 70.0022, "eta": 6138.06976, "eta_hours": 1.70502, "loss": 0.11071975, "lr": 0.00098666, "params": 115394, "time_iter": 0.02036, "accuracy": 0.96722, "f1": 0.96695, "auc": 0.99894}
{"epoch": 13, "time_epoch": 70.0111, "eta": 6064.19131, "eta_hours": 1.6845, "loss": 0.10620184, "lr": 0.0009826, "params": 115394, "time_iter": 0.02036, "accuracy": 0.96795, "f1": 0.96772, "auc": 0.99901}
{"epoch": 14, "time_epoch": 70.09903, "eta": 5991.32677, "eta_hours": 1.66426, "loss": 0.09970268, "lr": 0.00097802, "params": 115394, "time_iter": 0.02039, "accuracy": 0.96873, "f1": 0.9685, "auc": 0.99921}
{"epoch": 15, "time_epoch": 70.13269, "eta": 5918.98465, "eta_hours": 1.64416, "loss": 0.09455901, "lr": 0.00097291, "params": 115394, "time_iter": 0.0204, "accuracy": 0.97142, "f1": 0.97123, "auc": 0.99923}
{"epoch": 16, "time_epoch": 70.01359, "eta": 5846.32097, "eta_hours": 1.62398, "loss": 0.0911411, "lr": 0.00096728, "params": 115394, "time_iter": 0.02036, "accuracy": 0.97265, "f1": 0.97245, "auc": 0.9993}
{"epoch": 17, "time_epoch": 69.98136, "eta": 5773.80493, "eta_hours": 1.60383, "loss": 0.08904227, "lr": 0.00096114, "params": 115394, "time_iter": 0.02036, "accuracy": 0.97256, "f1": 0.97236, "auc": 0.99934}
{"epoch": 18, "time_epoch": 70.11801, "eta": 5702.13825, "eta_hours": 1.58393, "loss": 0.08261998, "lr": 0.0009545, "params": 115394, "time_iter": 0.02039, "accuracy": 0.97487, "f1": 0.97468, "auc": 0.99941}
{"epoch": 19, "time_epoch": 70.09725, "eta": 5630.5434, "eta_hours": 1.56404, "loss": 0.07913449, "lr": 0.00094736, "params": 115394, "time_iter": 0.02039, "accuracy": 0.97589, "f1": 0.97572, "auc": 0.99943}
{"epoch": 20, "time_epoch": 70.11577, "eta": 5559.16087, "eta_hours": 1.54421, "loss": 0.07417172, "lr": 0.00093974, "params": 115394, "time_iter": 0.02039, "accuracy": 0.97735, "f1": 0.97718, "auc": 0.99954}
{"epoch": 21, "time_epoch": 70.05586, "eta": 5487.68107, "eta_hours": 1.52436, "loss": 0.07326532, "lr": 0.00093163, "params": 115394, "time_iter": 0.02038, "accuracy": 0.97745, "f1": 0.97731, "auc": 0.99952}
{"epoch": 22, "time_epoch": 70.05333, "eta": 5416.31661, "eta_hours": 1.50453, "loss": 0.07061787, "lr": 0.00092305, "params": 115394, "time_iter": 0.02038, "accuracy": 0.97849, "f1": 0.97835, "auc": 0.99955}
{"epoch": 23, "time_epoch": 70.03321, "eta": 5344.99773, "eta_hours": 1.48472, "loss": 0.06776359, "lr": 0.000914, "params": 115394, "time_iter": 0.02037, "accuracy": 0.97918, "f1": 0.97903, "auc": 0.9996}
{"epoch": 24, "time_epoch": 70.05105, "eta": 5273.83522, "eta_hours": 1.46495, "loss": 0.06749063, "lr": 0.00090451, "params": 115394, "time_iter": 0.02038, "accuracy": 0.97931, "f1": 0.97916, "auc": 0.9996}
{"epoch": 25, "time_epoch": 70.19163, "eta": 5203.15832, "eta_hours": 1.44532, "loss": 0.06025415, "lr": 0.00089457, "params": 115394, "time_iter": 0.02042, "accuracy": 0.98096, "f1": 0.98083, "auc": 0.99971}
{"epoch": 26, "time_epoch": 70.01822, "eta": 5132.04852, "eta_hours": 1.42557, "loss": 0.06151596, "lr": 0.0008842, "params": 115394, "time_iter": 0.02037, "accuracy": 0.98111, "f1": 0.98096, "auc": 0.99969}
{"epoch": 27, "time_epoch": 70.06562, "eta": 5061.13856, "eta_hours": 1.40587, "loss": 0.05692347, "lr": 0.00087341, "params": 115394, "time_iter": 0.02038, "accuracy": 0.98255, "f1": 0.98244, "auc": 0.99971}
{"epoch": 28, "time_epoch": 70.13968, "eta": 4990.46815, "eta_hours": 1.38624, "loss": 0.05439267, "lr": 0.00086221, "params": 115394, "time_iter": 0.0204, "accuracy": 0.98336, "f1": 0.98325, "auc": 0.99976}
{"epoch": 29, "time_epoch": 70.00406, "eta": 4919.51668, "eta_hours": 1.36653, "loss": 0.05467817, "lr": 0.00085062, "params": 115394, "time_iter": 0.02036, "accuracy": 0.98384, "f1": 0.98371, "auc": 0.99974}
{"epoch": 30, "time_epoch": 70.04587, "eta": 4848.7194, "eta_hours": 1.34687, "loss": 0.05206402, "lr": 0.00083864, "params": 115394, "time_iter": 0.02037, "accuracy": 0.98435, "f1": 0.98422, "auc": 0.99977}
{"epoch": 31, "time_epoch": 70.09333, "eta": 4778.06992, "eta_hours": 1.32724, "loss": 0.05136436, "lr": 0.00082629, "params": 115394, "time_iter": 0.02039, "accuracy": 0.98409, "f1": 0.98398, "auc": 0.99978}
{"epoch": 32, "time_epoch": 70.0067, "eta": 4707.27828, "eta_hours": 1.30758, "loss": 0.04901936, "lr": 0.00081359, "params": 115394, "time_iter": 0.02036, "accuracy": 0.98444, "f1": 0.98431, "auc": 0.99981}
{"epoch": 33, "time_epoch": 70.00276, "eta": 4636.52515, "eta_hours": 1.28792, "loss": 0.04788245, "lr": 0.00080054, "params": 115394, "time_iter": 0.02036, "accuracy": 0.98556, "f1": 0.98543, "auc": 0.9998}
{"epoch": 34, "time_epoch": 70.08397, "eta": 4565.96572, "eta_hours": 1.26832, "loss": 0.0456074, "lr": 0.00078716, "params": 115394, "time_iter": 0.02039, "accuracy": 0.98631, "f1": 0.98621, "auc": 0.99982}
{"epoch": 35, "time_epoch": 69.92404, "eta": 4495.14839, "eta_hours": 1.24865, "loss": 0.04207995, "lr": 0.00077347, "params": 115394, "time_iter": 0.02034, "accuracy": 0.98673, "f1": 0.98664, "auc": 0.99985}
{"epoch": 36, "time_epoch": 70.01822, "eta": 4424.53969, "eta_hours": 1.22904, "loss": 0.04164348, "lr": 0.00075948, "params": 115394, "time_iter": 0.02037, "accuracy": 0.98733, "f1": 0.98723, "auc": 0.99985}
{"epoch": 37, "time_epoch": 70.03627, "eta": 4353.99154, "eta_hours": 1.20944, "loss": 0.03743048, "lr": 0.00074521, "params": 115394, "time_iter": 0.02037, "accuracy": 0.98824, "f1": 0.98815, "auc": 0.99988}
{"epoch": 38, "time_epoch": 70.10981, "eta": 4283.58465, "eta_hours": 1.18988, "loss": 0.03992626, "lr": 0.00073067, "params": 115394, "time_iter": 0.02039, "accuracy": 0.98789, "f1": 0.98784, "auc": 0.99988}
{"epoch": 39, "time_epoch": 70.05047, "eta": 4213.10361, "eta_hours": 1.17031, "loss": 0.03568511, "lr": 0.00071588, "params": 115394, "time_iter": 0.02038, "accuracy": 0.98889, "f1": 0.9888, "auc": 0.99991}
{"epoch": 40, "time_epoch": 69.97705, "eta": 4142.53792, "eta_hours": 1.1507, "loss": 0.03321533, "lr": 0.00070085, "params": 115394, "time_iter": 0.02035, "accuracy": 0.98976, "f1": 0.9897, "auc": 0.9999}
{"epoch": 41, "time_epoch": 70.08448, "eta": 4072.14861, "eta_hours": 1.13115, "loss": 0.03113659, "lr": 0.0006856, "params": 115394, "time_iter": 0.02039, "accuracy": 0.99031, "f1": 0.99025, "auc": 0.99992}
{"epoch": 42, "time_epoch": 70.05462, "eta": 4001.73389, "eta_hours": 1.11159, "loss": 0.03166621, "lr": 0.00067015, "params": 115394, "time_iter": 0.02038, "accuracy": 0.98985, "f1": 0.98979, "auc": 0.99992}
{"epoch": 43, "time_epoch": 70.12293, "eta": 3931.4225, "eta_hours": 1.09206, "loss": 0.02878076, "lr": 0.00065451, "params": 115394, "time_iter": 0.0204, "accuracy": 0.99113, "f1": 0.99105, "auc": 0.99993}
{"epoch": 44, "time_epoch": 69.91695, "eta": 3860.86772, "eta_hours": 1.07246, "loss": 0.03042112, "lr": 0.0006387, "params": 115394, "time_iter": 0.02034, "accuracy": 0.99055, "f1": 0.9905, "auc": 0.99993}
{"epoch": 45, "time_epoch": 69.97641, "eta": 3790.41047, "eta_hours": 1.05289, "loss": 0.02687651, "lr": 0.00062274, "params": 115394, "time_iter": 0.02035, "accuracy": 0.99175, "f1": 0.99167, "auc": 0.99994}
{"epoch": 46, "time_epoch": 70.03245, "eta": 3720.03688, "eta_hours": 1.03334, "loss": 0.02529528, "lr": 0.00060665, "params": 115394, "time_iter": 0.02037, "accuracy": 0.99195, "f1": 0.99189, "auc": 0.99994}
{"epoch": 47, "time_epoch": 70.08431, "eta": 3649.73369, "eta_hours": 1.01381, "loss": 0.02528069, "lr": 0.00059044, "params": 115394, "time_iter": 0.02039, "accuracy": 0.99213, "f1": 0.99208, "auc": 0.99995}
{"epoch": 48, "time_epoch": 70.10259, "eta": 3579.45845, "eta_hours": 0.99429, "loss": 0.02304501, "lr": 0.00057413, "params": 115394, "time_iter": 0.02039, "accuracy": 0.99258, "f1": 0.99252, "auc": 0.99996}
{"epoch": 49, "time_epoch": 69.86072, "eta": 3508.94824, "eta_hours": 0.97471, "loss": 0.02067226, "lr": 0.00055774, "params": 115394, "time_iter": 0.02032, "accuracy": 0.9938, "f1": 0.99376, "auc": 0.99996}
{"epoch": 50, "time_epoch": 69.63551, "eta": 3438.24713, "eta_hours": 0.95507, "loss": 0.02169182, "lr": 0.00054129, "params": 115394, "time_iter": 0.02025, "accuracy": 0.99355, "f1": 0.9935, "auc": 0.99996}
{"epoch": 51, "time_epoch": 70.11154, "eta": 3368.02642, "eta_hours": 0.93556, "loss": 0.02088138, "lr": 0.00052479, "params": 115394, "time_iter": 0.02039, "accuracy": 0.99389, "f1": 0.99385, "auc": 0.99996}
{"epoch": 52, "time_epoch": 69.68736, "eta": 3297.43367, "eta_hours": 0.91595, "loss": 0.01839892, "lr": 0.00050827, "params": 115394, "time_iter": 0.02027, "accuracy": 0.99431, "f1": 0.99427, "auc": 0.99997}
{"epoch": 53, "time_epoch": 69.69299, "eta": 3226.87925, "eta_hours": 0.89636, "loss": 0.01721228, "lr": 0.00049173, "params": 115394, "time_iter": 0.02027, "accuracy": 0.9942, "f1": 0.99415, "auc": 0.99998}
{"epoch": 54, "time_epoch": 69.67369, "eta": 3156.34037, "eta_hours": 0.87676, "loss": 0.01641402, "lr": 0.00047521, "params": 115394, "time_iter": 0.02027, "accuracy": 0.99473, "f1": 0.99469, "auc": 0.99998}
{"epoch": 55, "time_epoch": 69.68561, "eta": 3085.84174, "eta_hours": 0.85718, "loss": 0.01529031, "lr": 0.00045871, "params": 115394, "time_iter": 0.02027, "accuracy": 0.99489, "f1": 0.99485, "auc": 0.99998}
{"epoch": 56, "time_epoch": 69.67577, "eta": 3015.36422, "eta_hours": 0.8376, "loss": 0.01619636, "lr": 0.00044226, "params": 115394, "time_iter": 0.02027, "accuracy": 0.99522, "f1": 0.99518, "auc": 0.99998}
{"epoch": 57, "time_epoch": 69.67553, "eta": 2944.91418, "eta_hours": 0.81803, "loss": 0.01276444, "lr": 0.00042587, "params": 115394, "time_iter": 0.02027, "accuracy": 0.99598, "f1": 0.99595, "auc": 0.99998}
{"epoch": 58, "time_epoch": 69.63598, "eta": 2874.4629, "eta_hours": 0.79846, "loss": 0.01175704, "lr": 0.00040956, "params": 115394, "time_iter": 0.02025, "accuracy": 0.99616, "f1": 0.99612, "auc": 0.99999}
{"epoch": 59, "time_epoch": 69.65806, "eta": 2804.05352, "eta_hours": 0.7789, "loss": 0.01190323, "lr": 0.00039335, "params": 115394, "time_iter": 0.02026, "accuracy": 0.99627, "f1": 0.99624, "auc": 0.99999}
{"epoch": 60, "time_epoch": 69.70502, "eta": 2733.6988, "eta_hours": 0.75936, "loss": 0.01136314, "lr": 0.00037726, "params": 115394, "time_iter": 0.02027, "accuracy": 0.99653, "f1": 0.9965, "auc": 0.99999}
{"epoch": 61, "time_epoch": 69.70064, "eta": 2663.36235, "eta_hours": 0.73982, "loss": 0.01107791, "lr": 0.0003613, "params": 115394, "time_iter": 0.02027, "accuracy": 0.99638, "f1": 0.99634, "auc": 0.99999}
{"epoch": 62, "time_epoch": 69.69273, "eta": 2593.04144, "eta_hours": 0.72029, "loss": 0.00982084, "lr": 0.00034549, "params": 115394, "time_iter": 0.02027, "accuracy": 0.99693, "f1": 0.9969, "auc": 0.99999}
{"epoch": 63, "time_epoch": 69.65852, "eta": 2522.72092, "eta_hours": 0.70076, "loss": 0.00994353, "lr": 0.00032985, "params": 115394, "time_iter": 0.02026, "accuracy": 0.99684, "f1": 0.99682, "auc": 0.99999}
{"epoch": 64, "time_epoch": 69.71126, "eta": 2452.44917, "eta_hours": 0.68124, "loss": 0.00926642, "lr": 0.0003144, "params": 115394, "time_iter": 0.02028, "accuracy": 0.99735, "f1": 0.99734, "auc": 0.99999}
{"epoch": 65, "time_epoch": 69.62297, "eta": 2382.14892, "eta_hours": 0.66171, "loss": 0.00915241, "lr": 0.00029915, "params": 115394, "time_iter": 0.02025, "accuracy": 0.99705, "f1": 0.99703, "auc": 0.99999}
{"epoch": 66, "time_epoch": 69.73586, "eta": 2311.92448, "eta_hours": 0.6422, "loss": 0.00921733, "lr": 0.00028412, "params": 115394, "time_iter": 0.02028, "accuracy": 0.9972, "f1": 0.99718, "auc": 0.99999}
{"epoch": 67, "time_epoch": 69.79448, "eta": 2241.74201, "eta_hours": 0.62271, "loss": 0.00771886, "lr": 0.00026933, "params": 115394, "time_iter": 0.0203, "accuracy": 0.99791, "f1": 0.99789, "auc": 0.99999}
{"epoch": 68, "time_epoch": 69.88251, "eta": 2171.61033, "eta_hours": 0.60323, "loss": 0.0063976, "lr": 0.00025479, "params": 115394, "time_iter": 0.02033, "accuracy": 0.99796, "f1": 0.99795, "auc": 1.0}
{"epoch": 69, "time_epoch": 69.69283, "eta": 2101.40448, "eta_hours": 0.58372, "loss": 0.0058, "lr": 0.00024052, "params": 115394, "time_iter": 0.02027, "accuracy": 0.99807, "f1": 0.99805, "auc": 1.0}
{"epoch": 70, "time_epoch": 69.63551, "eta": 2031.18966, "eta_hours": 0.56422, "loss": 0.00515482, "lr": 0.00022653, "params": 115394, "time_iter": 0.02025, "accuracy": 0.99849, "f1": 0.99848, "auc": 1.0}
{"epoch": 71, "time_epoch": 69.7109, "eta": 1961.02026, "eta_hours": 0.54473, "loss": 0.00565596, "lr": 0.00021284, "params": 115394, "time_iter": 0.02028, "accuracy": 0.99829, "f1": 0.99828, "auc": 0.99999}
{"epoch": 72, "time_epoch": 69.67371, "eta": 1890.84966, "eta_hours": 0.52524, "loss": 0.00456384, "lr": 0.00019946, "params": 115394, "time_iter": 0.02027, "accuracy": 0.99867, "f1": 0.99866, "auc": 1.0}
{"epoch": 73, "time_epoch": 69.61512, "eta": 1820.6719, "eta_hours": 0.50574, "loss": 0.00378119, "lr": 0.00018641, "params": 115394, "time_iter": 0.02025, "accuracy": 0.99876, "f1": 0.99876, "auc": 1.0}
{"epoch": 74, "time_epoch": 69.69818, "eta": 1750.53684, "eta_hours": 0.48626, "loss": 0.00399982, "lr": 0.00017371, "params": 115394, "time_iter": 0.02027, "accuracy": 0.99862, "f1": 0.99861, "auc": 1.0}
{"epoch": 75, "time_epoch": 69.57864, "eta": 1680.37552, "eta_hours": 0.46677, "loss": 0.00350294, "lr": 0.00016136, "params": 115394, "time_iter": 0.02024, "accuracy": 0.99902, "f1": 0.99901, "auc": 1.0}
{"epoch": 76, "time_epoch": 69.65815, "eta": 1610.25309, "eta_hours": 0.44729, "loss": 0.00351034, "lr": 0.00014938, "params": 115394, "time_iter": 0.02026, "accuracy": 0.999, "f1": 0.999, "auc": 1.0}
{"epoch": 77, "time_epoch": 69.67006, "eta": 1540.14593, "eta_hours": 0.42782, "loss": 0.00311013, "lr": 0.00013779, "params": 115394, "time_iter": 0.02026, "accuracy": 0.99916, "f1": 0.99916, "auc": 1.0}
{"epoch": 78, "time_epoch": 69.50777, "eta": 1470.00669, "eta_hours": 0.40834, "loss": 0.00252498, "lr": 0.00012659, "params": 115394, "time_iter": 0.02022, "accuracy": 0.99918, "f1": 0.99917, "auc": 1.0}
{"epoch": 79, "time_epoch": 69.55608, "eta": 1399.89531, "eta_hours": 0.38886, "loss": 0.00353435, "lr": 0.0001158, "params": 115394, "time_iter": 0.02023, "accuracy": 0.99896, "f1": 0.99895, "auc": 1.0}
{"epoch": 80, "time_epoch": 69.50918, "eta": 1329.78664, "eta_hours": 0.36939, "loss": 0.00235006, "lr": 0.00010543, "params": 115394, "time_iter": 0.02022, "accuracy": 0.99925, "f1": 0.99925, "auc": 1.0}
{"epoch": 81, "time_epoch": 69.58073, "eta": 1259.7083, "eta_hours": 0.34992, "loss": 0.00225401, "lr": 9.549e-05, "params": 115394, "time_iter": 0.02024, "accuracy": 0.99929, "f1": 0.99929, "auc": 1.0}
{"epoch": 82, "time_epoch": 69.56455, "eta": 1189.63864, "eta_hours": 0.33046, "loss": 0.00237339, "lr": 8.6e-05, "params": 115394, "time_iter": 0.02023, "accuracy": 0.99936, "f1": 0.99936, "auc": 1.0}
{"epoch": 83, "time_epoch": 69.58896, "eta": 1119.58565, "eta_hours": 0.311, "loss": 0.00230866, "lr": 7.695e-05, "params": 115394, "time_iter": 0.02024, "accuracy": 0.99936, "f1": 0.99936, "auc": 1.0}
{"epoch": 84, "time_epoch": 69.1001, "eta": 1049.45731, "eta_hours": 0.29152, "loss": 0.00222578, "lr": 6.837e-05, "params": 115394, "time_iter": 0.0201, "accuracy": 0.99933, "f1": 0.99932, "auc": 1.0}
{"epoch": 85, "time_epoch": 68.77537, "eta": 979.30002, "eta_hours": 0.27203, "loss": 0.00164587, "lr": 6.026e-05, "params": 115394, "time_iter": 0.02, "accuracy": 0.99945, "f1": 0.99945, "auc": 1.0}
{"epoch": 86, "time_epoch": 68.6575, "eta": 909.15689, "eta_hours": 0.25254, "loss": 0.00135446, "lr": 5.264e-05, "params": 115394, "time_iter": 0.01997, "accuracy": 0.99964, "f1": 0.99963, "auc": 1.0}
{"epoch": 87, "time_epoch": 68.65622, "eta": 839.04734, "eta_hours": 0.23307, "loss": 0.00151791, "lr": 4.55e-05, "params": 115394, "time_iter": 0.01997, "accuracy": 0.99945, "f1": 0.99945, "auc": 1.0}
{"epoch": 88, "time_epoch": 68.75709, "eta": 768.98292, "eta_hours": 0.21361, "loss": 0.00099179, "lr": 3.886e-05, "params": 115394, "time_iter": 0.02, "accuracy": 0.99973, "f1": 0.99973, "auc": 1.0}
{"epoch": 89, "time_epoch": 68.79772, "eta": 698.95207, "eta_hours": 0.19415, "loss": 0.00102423, "lr": 3.272e-05, "params": 115394, "time_iter": 0.02001, "accuracy": 0.99971, "f1": 0.9997, "auc": 1.0}
{"epoch": 90, "time_epoch": 68.76946, "eta": 628.94553, "eta_hours": 0.17471, "loss": 0.00126384, "lr": 2.709e-05, "params": 115394, "time_iter": 0.02, "accuracy": 0.99969, "f1": 0.99969, "auc": 1.0}
{"epoch": 91, "time_epoch": 68.78796, "eta": 558.96748, "eta_hours": 0.15527, "loss": 0.00095769, "lr": 2.198e-05, "params": 115394, "time_iter": 0.02001, "accuracy": 0.99964, "f1": 0.99963, "auc": 1.0}
{"epoch": 92, "time_epoch": 68.68819, "eta": 489.00753, "eta_hours": 0.13584, "loss": 0.00152605, "lr": 1.74e-05, "params": 115394, "time_iter": 0.01998, "accuracy": 0.99958, "f1": 0.99958, "auc": 1.0}
{"epoch": 93, "time_epoch": 68.77429, "eta": 419.08012, "eta_hours": 0.11641, "loss": 0.00101707, "lr": 1.334e-05, "params": 115394, "time_iter": 0.02, "accuracy": 0.99964, "f1": 0.99963, "auc": 1.0}
{"epoch": 94, "time_epoch": 68.73113, "eta": 349.17472, "eta_hours": 0.09699, "loss": 0.00081056, "lr": 9.81e-06, "params": 115394, "time_iter": 0.01999, "accuracy": 0.99975, "f1": 0.99974, "auc": 1.0}
{"epoch": 95, "time_epoch": 68.76373, "eta": 279.29514, "eta_hours": 0.07758, "loss": 0.00071184, "lr": 6.82e-06, "params": 115394, "time_iter": 0.02, "accuracy": 0.99975, "f1": 0.99975, "auc": 1.0}
{"epoch": 96, "time_epoch": 68.72631, "eta": 209.43741, "eta_hours": 0.05818, "loss": 0.00074006, "lr": 4.37e-06, "params": 115394, "time_iter": 0.01999, "accuracy": 0.99984, "f1": 0.99983, "auc": 1.0}
{"epoch": 97, "time_epoch": 68.52785, "eta": 139.59873, "eta_hours": 0.03878, "loss": 0.00107237, "lr": 2.46e-06, "params": 115394, "time_iter": 0.01993, "accuracy": 0.99975, "f1": 0.99974, "auc": 1.0}
{"epoch": 98, "time_epoch": 68.59535, "eta": 69.7872, "eta_hours": 0.01939, "loss": 0.0008689, "lr": 1.09e-06, "params": 115394, "time_iter": 0.01995, "accuracy": 0.99965, "f1": 0.99965, "auc": 1.0}
{"epoch": 99, "time_epoch": 68.50425, "eta": 0.0, "eta_hours": 0.0, "loss": 0.00057573, "lr": 2.7e-07, "params": 115394, "time_iter": 0.01993, "accuracy": 0.99982, "f1": 0.99982, "auc": 1.0}
