{"epoch": 0, "time_epoch": 92.27421, "eta": 9135.14641, "eta_hours": 2.53754, "loss": 1.8006107, "lr": 0.0, "params": 502054, "time_iter": 0.14764, "accuracy": 0.16612, "f1": 0.08526, "auc": 0.49961}
{"epoch": 1, "time_epoch": 103.40004, "eta": 9588.03789, "eta_hours": 2.66334, "loss": 1.69935487, "lr": 0.0002, "params": 502054, "time_iter": 0.16544, "accuracy": 0.31033, "f1": 0.29868, "auc": 0.66834}
{"epoch": 2, "time_epoch": 91.63662, "eta": 9289.71783, "eta_hours": 2.58048, "loss": 1.4094085, "lr": 0.0004, "params": 502054, "time_iter": 0.14662, "accuracy": 0.48317, "f1": 0.47803, "auc": 0.79984}
{"epoch": 3, "time_epoch": 94.50438, "eta": 9163.56579, "eta_hours": 2.54543, "loss": 1.17648223, "lr": 0.0006, "params": 502054, "time_iter": 0.15121, "accuracy": 0.57906, "f1": 0.57551, "auc": 0.85998}
{"epoch": 4, "time_epoch": 100.74336, "eta": 9168.6134, "eta_hours": 2.54684, "loss": 1.00127194, "lr": 0.0008, "params": 502054, "time_iter": 0.16119, "accuracy": 0.65064, "f1": 0.65038, "auc": 0.90024}
{"epoch": 5, "time_epoch": 99.48497, "eta": 9118.68266, "eta_hours": 2.53297, "loss": 0.8997329, "lr": 0.001, "params": 502054, "time_iter": 0.15918, "accuracy": 0.68461, "f1": 0.6846, "auc": 0.9197}
{"epoch": 6, "time_epoch": 96.9043, "eta": 9020.30745, "eta_hours": 2.50564, "loss": 0.8343568, "lr": 0.00099973, "params": 502054, "time_iter": 0.15505, "accuracy": 0.7066, "f1": 0.7066, "auc": 0.93077}
{"epoch": 7, "time_epoch": 98.29105, "eta": 8938.24756, "eta_hours": 2.48285, "loss": 0.79027694, "lr": 0.00099891, "params": 502054, "time_iter": 0.15727, "accuracy": 0.72068, "f1": 0.72068, "auc": 0.93783}
{"epoch": 8, "time_epoch": 97.97836, "eta": 8849.41917, "eta_hours": 2.45817, "loss": 0.76448312, "lr": 0.00099754, "params": 502054, "time_iter": 0.15677, "accuracy": 0.72859, "f1": 0.72859, "auc": 0.94167}
{"epoch": 9, "time_epoch": 103.59296, "eta": 8809.29217, "eta_hours": 2.44703, "loss": 0.74781506, "lr": 0.00099563, "params": 502054, "time_iter": 0.16575, "accuracy": 0.7339, "f1": 0.7339, "auc": 0.94411}
{"epoch": 10, "time_epoch": 93.04136, "eta": 8672.25388, "eta_hours": 2.40896, "loss": 0.7363512, "lr": 0.00099318, "params": 502054, "time_iter": 0.14887, "accuracy": 0.73756, "f1": 0.73756, "auc": 0.94577}
{"epoch": 11, "time_epoch": 97.45707, "eta": 8574.93029, "eta_hours": 2.38193, "loss": 0.72647611, "lr": 0.00099019, "params": 502054, "time_iter": 0.15593, "accuracy": 0.74059, "f1": 0.74059, "auc": 0.9472}
{"epoch": 12, "time_epoch": 101.27707, "eta": 8503.15074, "eta_hours": 2.36199, "loss": 0.71919523, "lr": 0.00098666, "params": 502054, "time_iter": 0.16204, "accuracy": 0.74305, "f1": 0.74305, "auc": 0.94823}
{"epoch": 13, "time_epoch": 98.89544, "eta": 8412.52726, "eta_hours": 2.33681, "loss": 0.71618662, "lr": 0.0009826, "params": 502054, "time_iter": 0.15823, "accuracy": 0.74404, "f1": 0.74404, "auc": 0.94862}
{"epoch": 14, "time_epoch": 103.74587, "eta": 8348.28661, "eta_hours": 2.31897, "loss": 0.7075104, "lr": 0.00097802, "params": 502054, "time_iter": 0.16599, "accuracy": 0.74727, "f1": 0.74727, "auc": 0.94987}
{"epoch": 15, "time_epoch": 102.5151, "eta": 8272.64631, "eta_hours": 2.29796, "loss": 0.70580774, "lr": 0.00097291, "params": 502054, "time_iter": 0.16402, "accuracy": 0.74786, "f1": 0.74787, "auc": 0.95007}
{"epoch": 16, "time_epoch": 99.14134, "eta": 8177.37233, "eta_hours": 2.27149, "loss": 0.7003855, "lr": 0.00096728, "params": 502054, "time_iter": 0.15863, "accuracy": 0.75008, "f1": 0.75008, "auc": 0.95083}
{"epoch": 17, "time_epoch": 100.89626, "eta": 8089.66329, "eta_hours": 2.24713, "loss": 0.69278561, "lr": 0.00096114, "params": 502054, "time_iter": 0.16143, "accuracy": 0.75187, "f1": 0.75187, "auc": 0.95192}
{"epoch": 18, "time_epoch": 100.9513, "eta": 8000.80079, "eta_hours": 2.22244, "loss": 0.68929829, "lr": 0.0009545, "params": 502054, "time_iter": 0.16152, "accuracy": 0.7527, "f1": 0.7527, "auc": 0.95242}
{"epoch": 19, "time_epoch": 102.14293, "eta": 7915.4959, "eta_hours": 2.19875, "loss": 0.68606971, "lr": 0.00094736, "params": 502054, "time_iter": 0.16343, "accuracy": 0.75401, "f1": 0.75401, "auc": 0.95283}
{"epoch": 20, "time_epoch": 107.46299, "eta": 7848.60098, "eta_hours": 2.18017, "loss": 0.68344061, "lr": 0.00093974, "params": 502054, "time_iter": 0.17194, "accuracy": 0.75493, "f1": 0.75493, "auc": 0.95317}
{"epoch": 21, "time_epoch": 106.78597, "eta": 7775.61769, "eta_hours": 2.15989, "loss": 0.67548628, "lr": 0.00093163, "params": 502054, "time_iter": 0.17086, "accuracy": 0.75841, "f1": 0.75841, "auc": 0.95425}
{"epoch": 22, "time_epoch": 102.6299, "eta": 7685.78124, "eta_hours": 2.13494, "loss": 0.67554385, "lr": 0.00092305, "params": 502054, "time_iter": 0.16421, "accuracy": 0.75744, "f1": 0.75744, "auc": 0.95429}
{"epoch": 23, "time_epoch": 103.07538, "eta": 7596.28936, "eta_hours": 2.11008, "loss": 0.67297306, "lr": 0.000914, "params": 502054, "time_iter": 0.16492, "accuracy": 0.759, "f1": 0.759, "auc": 0.95458}
{"epoch": 24, "time_epoch": 105.28124, "eta": 7512.32838, "eta_hours": 2.08676, "loss": 0.66913943, "lr": 0.00090451, "params": 502054, "time_iter": 0.16845, "accuracy": 0.76012, "f1": 0.76012, "auc": 0.95513}
{"epoch": 25, "time_epoch": 105.84819, "eta": 7428.34099, "eta_hours": 2.06343, "loss": 0.66417575, "lr": 0.00089457, "params": 502054, "time_iter": 0.16936, "accuracy": 0.76215, "f1": 0.76215, "auc": 0.95577}
{"epoch": 26, "time_epoch": 101.1906, "eta": 7330.14154, "eta_hours": 2.03615, "loss": 0.66019452, "lr": 0.0008842, "params": 502054, "time_iter": 0.1619, "accuracy": 0.76358, "f1": 0.76359, "auc": 0.9563}
{"epoch": 27, "time_epoch": 102.67264, "eta": 7235.53941, "eta_hours": 2.00987, "loss": 0.66070901, "lr": 0.00087341, "params": 502054, "time_iter": 0.16428, "accuracy": 0.76297, "f1": 0.76297, "auc": 0.95623}
{"epoch": 28, "time_epoch": 107.25923, "eta": 7151.60992, "eta_hours": 1.98656, "loss": 0.65695063, "lr": 0.00086221, "params": 502054, "time_iter": 0.17161, "accuracy": 0.76403, "f1": 0.76403, "auc": 0.95676}
{"epoch": 29, "time_epoch": 101.20837, "eta": 7052.00645, "eta_hours": 1.95889, "loss": 0.65548327, "lr": 0.00085062, "params": 502054, "time_iter": 0.16193, "accuracy": 0.76508, "f1": 0.76509, "auc": 0.95692}
{"epoch": 30, "time_epoch": 105.47442, "eta": 6961.79485, "eta_hours": 1.93383, "loss": 0.65156088, "lr": 0.00083864, "params": 502054, "time_iter": 0.16876, "accuracy": 0.76621, "f1": 0.76621, "auc": 0.95744}
{"epoch": 31, "time_epoch": 106.26153, "eta": 6872.30192, "eta_hours": 1.90897, "loss": 0.64643597, "lr": 0.00082629, "params": 502054, "time_iter": 0.17002, "accuracy": 0.76737, "f1": 0.76737, "auc": 0.95813}
{"epoch": 32, "time_epoch": 100.31309, "eta": 6769.71559, "eta_hours": 1.88048, "loss": 0.64495332, "lr": 0.00081359, "params": 502054, "time_iter": 0.1605, "accuracy": 0.76858, "f1": 0.76857, "auc": 0.95831}
{"epoch": 33, "time_epoch": 103.90015, "eta": 6674.22609, "eta_hours": 1.85395, "loss": 0.64562939, "lr": 0.00080054, "params": 502054, "time_iter": 0.16624, "accuracy": 0.76784, "f1": 0.76784, "auc": 0.95822}
{"epoch": 34, "time_epoch": 102.18822, "eta": 6575.07668, "eta_hours": 1.82641, "loss": 0.63931344, "lr": 0.00078716, "params": 502054, "time_iter": 0.1635, "accuracy": 0.77032, "f1": 0.77032, "auc": 0.95904}
{"epoch": 35, "time_epoch": 94.29666, "eta": 6461.72901, "eta_hours": 1.79492, "loss": 0.63561434, "lr": 0.00077347, "params": 502054, "time_iter": 0.15087, "accuracy": 0.7715, "f1": 0.7715, "auc": 0.95951}
{"epoch": 36, "time_epoch": 104.61282, "eta": 6366.97647, "eta_hours": 1.7686, "loss": 0.63367147, "lr": 0.00075948, "params": 502054, "time_iter": 0.16738, "accuracy": 0.77232, "f1": 0.77233, "auc": 0.95975}
{"epoch": 37, "time_epoch": 100.61085, "eta": 6265.17544, "eta_hours": 1.74033, "loss": 0.63204409, "lr": 0.00074521, "params": 502054, "time_iter": 0.16098, "accuracy": 0.77287, "f1": 0.77288, "auc": 0.95998}
{"epoch": 38, "time_epoch": 94.42727, "eta": 6153.76369, "eta_hours": 1.70938, "loss": 0.62711459, "lr": 0.00073067, "params": 502054, "time_iter": 0.15108, "accuracy": 0.77452, "f1": 0.77452, "auc": 0.96059}
{"epoch": 39, "time_epoch": 99.55028, "eta": 6050.88568, "eta_hours": 1.6808, "loss": 0.62685101, "lr": 0.00071588, "params": 502054, "time_iter": 0.15928, "accuracy": 0.77412, "f1": 0.77412, "auc": 0.96065}
{"epoch": 40, "time_epoch": 94.96123, "eta": 5941.56625, "eta_hours": 1.65044, "loss": 0.62494845, "lr": 0.00070085, "params": 502054, "time_iter": 0.15194, "accuracy": 0.77475, "f1": 0.77475, "auc": 0.96087}
{"epoch": 41, "time_epoch": 98.129, "eta": 5837.30507, "eta_hours": 1.62147, "loss": 0.61961713, "lr": 0.0006856, "params": 502054, "time_iter": 0.15701, "accuracy": 0.7771, "f1": 0.7771, "auc": 0.96153}
{"epoch": 42, "time_epoch": 101.85178, "eta": 5738.26397, "eta_hours": 1.59396, "loss": 0.61653105, "lr": 0.00067015, "params": 502054, "time_iter": 0.16296, "accuracy": 0.77834, "f1": 0.77834, "auc": 0.96191}
{"epoch": 43, "time_epoch": 104.38725, "eta": 5642.32206, "eta_hours": 1.56731, "loss": 0.61454224, "lr": 0.00065451, "params": 502054, "time_iter": 0.16702, "accuracy": 0.77854, "f1": 0.77854, "auc": 0.96218}
{"epoch": 44, "time_epoch": 105.09863, "eta": 5546.87427, "eta_hours": 1.5408, "loss": 0.61224785, "lr": 0.0006387, "params": 502054, "time_iter": 0.16816, "accuracy": 0.77983, "f1": 0.77983, "auc": 0.96243}
{"epoch": 45, "time_epoch": 100.62107, "eta": 5445.75062, "eta_hours": 1.51271, "loss": 0.61047957, "lr": 0.00062274, "params": 502054, "time_iter": 0.16099, "accuracy": 0.77992, "f1": 0.77992, "auc": 0.96266}
{"epoch": 46, "time_epoch": 104.50582, "eta": 5349.02902, "eta_hours": 1.48584, "loss": 0.60623294, "lr": 0.00060665, "params": 502054, "time_iter": 0.16721, "accuracy": 0.7814, "f1": 0.7814, "auc": 0.96319}
{"epoch": 47, "time_epoch": 102.46525, "eta": 5249.77247, "eta_hours": 1.45827, "loss": 0.60457114, "lr": 0.00059044, "params": 502054, "time_iter": 0.16394, "accuracy": 0.78286, "f1": 0.78286, "auc": 0.96337}
{"epoch": 48, "time_epoch": 96.39204, "eta": 5144.06385, "eta_hours": 1.42891, "loss": 0.59666651, "lr": 0.00057413, "params": 502054, "time_iter": 0.15423, "accuracy": 0.78498, "f1": 0.78498, "auc": 0.96433}
{"epoch": 49, "time_epoch": 102.19977, "eta": 5044.53563, "eta_hours": 1.40126, "loss": 0.59701331, "lr": 0.00055774, "params": 502054, "time_iter": 0.16352, "accuracy": 0.7848, "f1": 0.7848, "auc": 0.9643}
{"epoch": 50, "time_epoch": 103.56897, "eta": 4946.21814, "eta_hours": 1.37395, "loss": 0.59385163, "lr": 0.00054129, "params": 502054, "time_iter": 0.16571, "accuracy": 0.78588, "f1": 0.78588, "auc": 0.96467}
{"epoch": 51, "time_epoch": 106.10082, "eta": 4850.03577, "eta_hours": 1.34723, "loss": 0.59263576, "lr": 0.00052479, "params": 502054, "time_iter": 0.16976, "accuracy": 0.78639, "f1": 0.78639, "auc": 0.96482}
{"epoch": 52, "time_epoch": 103.27211, "eta": 4750.97064, "eta_hours": 1.31971, "loss": 0.59158608, "lr": 0.00050827, "params": 502054, "time_iter": 0.16524, "accuracy": 0.78676, "f1": 0.78676, "auc": 0.96497}
{"epoch": 53, "time_epoch": 100.53256, "eta": 4649.41599, "eta_hours": 1.2915, "loss": 0.58724752, "lr": 0.00049173, "params": 502054, "time_iter": 0.16085, "accuracy": 0.78801, "f1": 0.78801, "auc": 0.96547}
{"epoch": 54, "time_epoch": 103.92825, "eta": 4550.67681, "eta_hours": 1.26408, "loss": 0.58414308, "lr": 0.00047521, "params": 502054, "time_iter": 0.16629, "accuracy": 0.78911, "f1": 0.78911, "auc": 0.96584}
{"epoch": 55, "time_epoch": 98.05202, "eta": 4447.13527, "eta_hours": 1.23532, "loss": 0.5820409, "lr": 0.00045871, "params": 502054, "time_iter": 0.15688, "accuracy": 0.78964, "f1": 0.78964, "auc": 0.96607}
{"epoch": 56, "time_epoch": 100.12523, "eta": 4345.35035, "eta_hours": 1.20704, "loss": 0.58099569, "lr": 0.00044226, "params": 502054, "time_iter": 0.1602, "accuracy": 0.79043, "f1": 0.79043, "auc": 0.96619}
{"epoch": 57, "time_epoch": 102.81201, "eta": 4245.56825, "eta_hours": 1.17932, "loss": 0.5779484, "lr": 0.00042587, "params": 502054, "time_iter": 0.1645, "accuracy": 0.79143, "f1": 0.79143, "auc": 0.96654}
{"epoch": 58, "time_epoch": 110.35778, "eta": 4150.92711, "eta_hours": 1.15304, "loss": 0.5748521, "lr": 0.00040956, "params": 502054, "time_iter": 0.17657, "accuracy": 0.79279, "f1": 0.79279, "auc": 0.96691}
{"epoch": 59, "time_epoch": 101.49844, "eta": 4049.85586, "eta_hours": 1.12496, "loss": 0.57061721, "lr": 0.00039335, "params": 502054, "time_iter": 0.1624, "accuracy": 0.79431, "f1": 0.79431, "auc": 0.96739}
{"epoch": 60, "time_epoch": 104.69555, "eta": 3950.81466, "eta_hours": 1.09745, "loss": 0.56900578, "lr": 0.00037726, "params": 502054, "time_iter": 0.16751, "accuracy": 0.79471, "f1": 0.79471, "auc": 0.96759}
{"epoch": 61, "time_epoch": 110.41, "eta": 3855.09347, "eta_hours": 1.07086, "loss": 0.56577207, "lr": 0.0003613, "params": 502054, "time_iter": 0.17666, "accuracy": 0.7953, "f1": 0.7953, "auc": 0.96796}
{"epoch": 62, "time_epoch": 106.32028, "eta": 3756.50407, "eta_hours": 1.04347, "loss": 0.56673164, "lr": 0.00034549, "params": 502054, "time_iter": 0.17011, "accuracy": 0.79522, "f1": 0.79522, "auc": 0.96784}
{"epoch": 63, "time_epoch": 105.36242, "eta": 3657.13428, "eta_hours": 1.01587, "loss": 0.56322776, "lr": 0.00032985, "params": 502054, "time_iter": 0.16858, "accuracy": 0.79669, "f1": 0.79669, "auc": 0.96824}
{"epoch": 64, "time_epoch": 102.69447, "eta": 3556.14351, "eta_hours": 0.98782, "loss": 0.55918768, "lr": 0.0003144, "params": 502054, "time_iter": 0.16431, "accuracy": 0.79779, "f1": 0.79779, "auc": 0.9687}
{"epoch": 65, "time_epoch": 108.317, "eta": 3457.99757, "eta_hours": 0.96055, "loss": 0.5585449, "lr": 0.00029915, "params": 502054, "time_iter": 0.17331, "accuracy": 0.79829, "f1": 0.7983, "auc": 0.96877}
{"epoch": 66, "time_epoch": 99.78396, "eta": 3355.34517, "eta_hours": 0.93204, "loss": 0.55650722, "lr": 0.00028412, "params": 502054, "time_iter": 0.15965, "accuracy": 0.79874, "f1": 0.79874, "auc": 0.969}
{"epoch": 67, "time_epoch": 106.03223, "eta": 3255.71751, "eta_hours": 0.90437, "loss": 0.55390891, "lr": 0.00026933, "params": 502054, "time_iter": 0.16965, "accuracy": 0.79968, "f1": 0.79968, "auc": 0.96929}
{"epoch": 68, "time_epoch": 97.56182, "eta": 3152.09866, "eta_hours": 0.87558, "loss": 0.54930289, "lr": 0.00025479, "params": 502054, "time_iter": 0.1561, "accuracy": 0.80144, "f1": 0.80144, "auc": 0.96979}
{"epoch": 69, "time_epoch": 108.4065, "eta": 3053.30058, "eta_hours": 0.84814, "loss": 0.54885358, "lr": 0.00024052, "params": 502054, "time_iter": 0.17345, "accuracy": 0.80122, "f1": 0.80122, "auc": 0.96985}
{"epoch": 70, "time_epoch": 100.48444, "eta": 2950.99608, "eta_hours": 0.81972, "loss": 0.54711415, "lr": 0.00022653, "params": 502054, "time_iter": 0.16078, "accuracy": 0.80198, "f1": 0.80198, "auc": 0.97006}
{"epoch": 71, "time_epoch": 97.83282, "eta": 2847.71094, "eta_hours": 0.79103, "loss": 0.54445347, "lr": 0.00021284, "params": 502054, "time_iter": 0.15653, "accuracy": 0.80339, "f1": 0.8034, "auc": 0.97033}
{"epoch": 72, "time_epoch": 96.76366, "eta": 2744.17975, "eta_hours": 0.76227, "loss": 0.54480001, "lr": 0.00019946, "params": 502054, "time_iter": 0.15482, "accuracy": 0.80257, "f1": 0.80257, "auc": 0.97029}
{"epoch": 73, "time_epoch": 93.57479, "eta": 2639.71104, "eta_hours": 0.73325, "loss": 0.54240415, "lr": 0.00018641, "params": 502054, "time_iter": 0.14972, "accuracy": 0.80397, "f1": 0.80397, "auc": 0.97054}
{"epoch": 74, "time_epoch": 96.63567, "eta": 2536.55313, "eta_hours": 0.7046, "loss": 0.54021332, "lr": 0.00017371, "params": 502054, "time_iter": 0.15462, "accuracy": 0.80476, "f1": 0.80476, "auc": 0.9708}
{"epoch": 75, "time_epoch": 98.51877, "eta": 2434.16153, "eta_hours": 0.67616, "loss": 0.53810309, "lr": 0.00016136, "params": 502054, "time_iter": 0.15763, "accuracy": 0.80557, "f1": 0.80556, "auc": 0.971}
{"epoch": 76, "time_epoch": 97.43752, "eta": 2331.54755, "eta_hours": 0.64765, "loss": 0.53677488, "lr": 0.00014938, "params": 502054, "time_iter": 0.1559, "accuracy": 0.80623, "f1": 0.80623, "auc": 0.97116}
{"epoch": 77, "time_epoch": 94.59605, "eta": 2228.26485, "eta_hours": 0.61896, "loss": 0.5370367, "lr": 0.00013779, "params": 502054, "time_iter": 0.15135, "accuracy": 0.80586, "f1": 0.80586, "auc": 0.97112}
{"epoch": 78, "time_epoch": 99.7936, "eta": 2126.5837, "eta_hours": 0.59072, "loss": 0.53439152, "lr": 0.00012659, "params": 502054, "time_iter": 0.15967, "accuracy": 0.8069, "f1": 0.8069, "auc": 0.97142}
{"epoch": 79, "time_epoch": 100.80149, "eta": 2025.20171, "eta_hours": 0.56256, "loss": 0.53269659, "lr": 0.0001158, "params": 502054, "time_iter": 0.16128, "accuracy": 0.80743, "f1": 0.80743, "auc": 0.9716}
{"epoch": 80, "time_epoch": 96.28409, "eta": 1922.77442, "eta_hours": 0.5341, "loss": 0.5317781, "lr": 0.00010543, "params": 502054, "time_iter": 0.15405, "accuracy": 0.80751, "f1": 0.80751, "auc": 0.9717}
{"epoch": 81, "time_epoch": 93.79109, "eta": 1819.94971, "eta_hours": 0.50554, "loss": 0.53097096, "lr": 9.549e-05, "params": 502054, "time_iter": 0.15007, "accuracy": 0.80796, "f1": 0.80796, "auc": 0.97179}
{"epoch": 82, "time_epoch": 96.58486, "eta": 1717.9149, "eta_hours": 0.4772, "loss": 0.52794734, "lr": 8.6e-05, "params": 502054, "time_iter": 0.15454, "accuracy": 0.80938, "f1": 0.80938, "auc": 0.9721}
{"epoch": 83, "time_epoch": 99.03884, "eta": 1616.47728, "eta_hours": 0.44902, "loss": 0.52812841, "lr": 7.695e-05, "params": 502054, "time_iter": 0.15846, "accuracy": 0.80934, "f1": 0.80934, "auc": 0.97206}
{"epoch": 84, "time_epoch": 91.35153, "eta": 1513.73951, "eta_hours": 0.42048, "loss": 0.52683755, "lr": 6.837e-05, "params": 502054, "time_iter": 0.14616, "accuracy": 0.80941, "f1": 0.80941, "auc": 0.97221}
{"epoch": 85, "time_epoch": 102.08636, "eta": 1413.01408, "eta_hours": 0.3925, "loss": 0.5260092, "lr": 6.026e-05, "params": 502054, "time_iter": 0.16334, "accuracy": 0.8097, "f1": 0.8097, "auc": 0.9723}
{"epoch": 86, "time_epoch": 93.66663, "eta": 1310.99923, "eta_hours": 0.36417, "loss": 0.52564659, "lr": 5.264e-05, "params": 502054, "time_iter": 0.14987, "accuracy": 0.80972, "f1": 0.80972, "auc": 0.97235}
{"epoch": 87, "time_epoch": 94.85696, "eta": 1209.33644, "eta_hours": 0.33593, "loss": 0.52554662, "lr": 4.55e-05, "params": 502054, "time_iter": 0.15177, "accuracy": 0.80969, "f1": 0.80969, "auc": 0.97235}
{"epoch": 88, "time_epoch": 104.71469, "eta": 1109.04495, "eta_hours": 0.30807, "loss": 0.52466295, "lr": 3.886e-05, "params": 502054, "time_iter": 0.16754, "accuracy": 0.81041, "f1": 0.81041, "auc": 0.97245}
{"epoch": 89, "time_epoch": 104.34503, "eta": 1008.6141, "eta_hours": 0.28017, "loss": 0.52327713, "lr": 3.272e-05, "params": 502054, "time_iter": 0.16695, "accuracy": 0.81082, "f1": 0.81082, "auc": 0.97259}
{"epoch": 90, "time_epoch": 104.78879, "eta": 908.14111, "eta_hours": 0.25226, "loss": 0.52320723, "lr": 2.709e-05, "params": 502054, "time_iter": 0.16766, "accuracy": 0.81089, "f1": 0.81089, "auc": 0.9726}
{"epoch": 91, "time_epoch": 87.91233, "eta": 806.10678, "eta_hours": 0.22392, "loss": 0.52277694, "lr": 2.198e-05, "params": 502054, "time_iter": 0.14066, "accuracy": 0.81092, "f1": 0.81092, "auc": 0.97265}
{"epoch": 92, "time_epoch": 87.68658, "eta": 704.35916, "eta_hours": 0.19566, "loss": 0.52213713, "lr": 1.74e-05, "params": 502054, "time_iter": 0.1403, "accuracy": 0.81157, "f1": 0.81157, "auc": 0.97271}
{"epoch": 93, "time_epoch": 91.1483, "eta": 603.13167, "eta_hours": 0.16754, "loss": 0.522229, "lr": 1.334e-05, "params": 502054, "time_iter": 0.14584, "accuracy": 0.81119, "f1": 0.81119, "auc": 0.97271}
{"epoch": 94, "time_epoch": 89.76576, "eta": 502.04361, "eta_hours": 0.13946, "loss": 0.52137109, "lr": 9.81e-06, "params": 502054, "time_iter": 0.14363, "accuracy": 0.81146, "f1": 0.81146, "auc": 0.97279}
{"epoch": 95, "time_epoch": 88.06321, "eta": 401.12049, "eta_hours": 0.11142, "loss": 0.52230464, "lr": 6.82e-06, "params": 502054, "time_iter": 0.1409, "accuracy": 0.81097, "f1": 0.81097, "auc": 0.97269}
{"epoch": 96, "time_epoch": 85.70122, "eta": 300.38948, "eta_hours": 0.08344, "loss": 0.5212955, "lr": 4.37e-06, "params": 502054, "time_iter": 0.13712, "accuracy": 0.81142, "f1": 0.81142, "auc": 0.9728}
{"epoch": 97, "time_epoch": 90.20743, "eta": 200.05715, "eta_hours": 0.05557, "loss": 0.52072414, "lr": 2.46e-06, "params": 502054, "time_iter": 0.14433, "accuracy": 0.81163, "f1": 0.81163, "auc": 0.97286}
{"epoch": 98, "time_epoch": 88.82588, "eta": 99.91542, "eta_hours": 0.02775, "loss": 0.52083885, "lr": 1.09e-06, "params": 502054, "time_iter": 0.14212, "accuracy": 0.81187, "f1": 0.81187, "auc": 0.97284}
{"epoch": 99, "time_epoch": 87.65949, "eta": 0.0, "eta_hours": 0.0, "loss": 0.52079703, "lr": 2.7e-07, "params": 502054, "time_iter": 0.14026, "accuracy": 0.8115, "f1": 0.8115, "auc": 0.97286}
