{"epoch": 0, "time_epoch": 28.43067, "eta": 2814.63591, "eta_hours": 0.78184, "loss": 0.20138423, "lr": 0.0, "params": 337201, "time_iter": 0.09083, "accuracy": 0.74574, "precision": 0.17055, "recall": 0.114, "f1": 0.13665, "auc": 0.50017}
{"epoch": 1, "time_epoch": 26.51765, "eta": 2692.46733, "eta_hours": 0.74791, "loss": 0.16065354, "lr": 0.0002, "params": 337201, "time_iter": 0.08472, "accuracy": 0.78503, "precision": 0.43817, "recall": 0.7719, "f1": 0.55901, "auc": 0.84496}
{"epoch": 2, "time_epoch": 26.59072, "eta": 2636.42872, "eta_hours": 0.73234, "loss": 0.12856225, "lr": 0.0004, "params": 337201, "time_iter": 0.08495, "accuracy": 0.83728, "precision": 0.52468, "recall": 0.8308, "f1": 0.64317, "auc": 0.89648}
{"epoch": 3, "time_epoch": 26.40122, "eta": 2590.56601, "eta_hours": 0.7196, "loss": 0.11518161, "lr": 0.0006, "params": 337201, "time_iter": 0.08435, "accuracy": 0.84159, "precision": 0.53276, "recall": 0.83399, "f1": 0.65018, "auc": 0.91059}
{"epoch": 4, "time_epoch": 26.27362, "eta": 2550.06362, "eta_hours": 0.70835, "loss": 0.10884427, "lr": 0.0008, "params": 337201, "time_iter": 0.08394, "accuracy": 0.84396, "precision": 0.53728, "recall": 0.8361, "f1": 0.65418, "auc": 0.91728}
{"epoch": 5, "time_epoch": 26.23218, "eta": 2513.65485, "eta_hours": 0.69824, "loss": 0.10309041, "lr": 0.001, "params": 337201, "time_iter": 0.08381, "accuracy": 0.84894, "precision": 0.54668, "recall": 0.84439, "f1": 0.66368, "auc": 0.92444}
{"epoch": 6, "time_epoch": 25.8983, "eta": 2475.71786, "eta_hours": 0.6877, "loss": 0.10104336, "lr": 0.00099973, "params": 337201, "time_iter": 0.08274, "accuracy": 0.85037, "precision": 0.54952, "recall": 0.84504, "f1": 0.66597, "auc": 0.9266}
{"epoch": 7, "time_epoch": 26.18843, "eta": 2444.12701, "eta_hours": 0.67892, "loss": 0.09924731, "lr": 0.00099891, "params": 337201, "time_iter": 0.08367, "accuracy": 0.85112, "precision": 0.5507, "recall": 0.85019, "f1": 0.66843, "auc": 0.92889}
{"epoch": 8, "time_epoch": 26.30263, "eta": 2414.89137, "eta_hours": 0.6708, "loss": 0.09808738, "lr": 0.00099754, "params": 337201, "time_iter": 0.08403, "accuracy": 0.85241, "precision": 0.55328, "recall": 0.85095, "f1": 0.67057, "auc": 0.93027}
{"epoch": 9, "time_epoch": 25.98113, "eta": 2383.34886, "eta_hours": 0.66204, "loss": 0.09749884, "lr": 0.00099563, "params": 337201, "time_iter": 0.08301, "accuracy": 0.85317, "precision": 0.55482, "recall": 0.85101, "f1": 0.67172, "auc": 0.93089}
{"epoch": 10, "time_epoch": 25.94847, "eta": 2352.55329, "eta_hours": 0.65349, "loss": 0.09735181, "lr": 0.00099318, "params": 337201, "time_iter": 0.0829, "accuracy": 0.85332, "precision": 0.55515, "recall": 0.8508, "f1": 0.67189, "auc": 0.93098}
{"epoch": 11, "time_epoch": 25.90384, "eta": 2322.23828, "eta_hours": 0.64507, "loss": 0.09705056, "lr": 0.00099019, "params": 337201, "time_iter": 0.08276, "accuracy": 0.85427, "precision": 0.55715, "recall": 0.85028, "f1": 0.67319, "auc": 0.93138}
{"epoch": 12, "time_epoch": 25.93148, "eta": 2292.78687, "eta_hours": 0.63689, "loss": 0.09686606, "lr": 0.00098666, "params": 337201, "time_iter": 0.08285, "accuracy": 0.85437, "precision": 0.55729, "recall": 0.85106, "f1": 0.67353, "auc": 0.93153}
{"epoch": 13, "time_epoch": 25.93821, "eta": 2263.87965, "eta_hours": 0.62886, "loss": 0.0965035, "lr": 0.0009826, "params": 337201, "time_iter": 0.08287, "accuracy": 0.85519, "precision": 0.559, "recall": 0.85089, "f1": 0.67473, "auc": 0.932}
{"epoch": 14, "time_epoch": 26.12717, "eta": 2236.43907, "eta_hours": 0.62123, "loss": 0.09645867, "lr": 0.00097802, "params": 337201, "time_iter": 0.08347, "accuracy": 0.85456, "precision": 0.55762, "recall": 0.85191, "f1": 0.67404, "auc": 0.93205}
{"epoch": 15, "time_epoch": 26.04368, "eta": 2208.72435, "eta_hours": 0.61353, "loss": 0.09633207, "lr": 0.00097291, "params": 337201, "time_iter": 0.08321, "accuracy": 0.85439, "precision": 0.55725, "recall": 0.85212, "f1": 0.67384, "auc": 0.93215}
{"epoch": 16, "time_epoch": 25.9663, "eta": 2180.82841, "eta_hours": 0.60579, "loss": 0.09616467, "lr": 0.00096728, "params": 337201, "time_iter": 0.08296, "accuracy": 0.85545, "precision": 0.55956, "recall": 0.8508, "f1": 0.67511, "auc": 0.93236}
{"epoch": 17, "time_epoch": 25.99459, "eta": 2153.27574, "eta_hours": 0.59813, "loss": 0.09596993, "lr": 0.00096114, "params": 337201, "time_iter": 0.08305, "accuracy": 0.85544, "precision": 0.55945, "recall": 0.8518, "f1": 0.67534, "auc": 0.93262}
{"epoch": 18, "time_epoch": 26.1894, "eta": 2126.71762, "eta_hours": 0.59075, "loss": 0.09578655, "lr": 0.0009545, "params": 337201, "time_iter": 0.08367, "accuracy": 0.85486, "precision": 0.55818, "recall": 0.85279, "f1": 0.67473, "auc": 0.93285}
{"epoch": 19, "time_epoch": 26.0115, "eta": 2099.48476, "eta_hours": 0.58319, "loss": 0.09563046, "lr": 0.00094736, "params": 337201, "time_iter": 0.0831, "accuracy": 0.85452, "precision": 0.55733, "recall": 0.85471, "f1": 0.6747, "auc": 0.93309}
{"epoch": 20, "time_epoch": 26.14161, "eta": 2072.85768, "eta_hours": 0.57579, "loss": 0.09544598, "lr": 0.00093974, "params": 337201, "time_iter": 0.08352, "accuracy": 0.85511, "precision": 0.55856, "recall": 0.8544, "f1": 0.67551, "auc": 0.93335}
{"epoch": 21, "time_epoch": 26.07882, "eta": 2046.05209, "eta_hours": 0.56835, "loss": 0.09533928, "lr": 0.00093163, "params": 337201, "time_iter": 0.08332, "accuracy": 0.85637, "precision": 0.56125, "recall": 0.85347, "f1": 0.67718, "auc": 0.9335}
{"epoch": 22, "time_epoch": 26.23289, "eta": 2019.82552, "eta_hours": 0.56106, "loss": 0.09534536, "lr": 0.00092305, "params": 337201, "time_iter": 0.08381, "accuracy": 0.85628, "precision": 0.56105, "recall": 0.85366, "f1": 0.67709, "auc": 0.93346}
{"epoch": 23, "time_epoch": 26.12622, "eta": 1993.26064, "eta_hours": 0.55368, "loss": 0.09525044, "lr": 0.000914, "params": 337201, "time_iter": 0.08347, "accuracy": 0.85577, "precision": 0.56001, "recall": 0.85348, "f1": 0.67628, "auc": 0.93356}
{"epoch": 24, "time_epoch": 25.92961, "eta": 1966.14101, "eta_hours": 0.54615, "loss": 0.09496931, "lr": 0.00090451, "params": 337201, "time_iter": 0.08284, "accuracy": 0.85527, "precision": 0.55879, "recall": 0.85583, "f1": 0.67612, "auc": 0.93396}
{"epoch": 25, "time_epoch": 25.92989, "eta": 1939.11371, "eta_hours": 0.53864, "loss": 0.09470364, "lr": 0.00089457, "params": 337201, "time_iter": 0.08284, "accuracy": 0.85555, "precision": 0.55922, "recall": 0.85782, "f1": 0.67706, "auc": 0.9344}
{"epoch": 26, "time_epoch": 25.89087, "eta": 1912.06221, "eta_hours": 0.53113, "loss": 0.0943246, "lr": 0.0008842, "params": 337201, "time_iter": 0.08272, "accuracy": 0.85745, "precision": 0.56326, "recall": 0.8567, "f1": 0.67966, "auc": 0.93491}
{"epoch": 27, "time_epoch": 26.50016, "eta": 1886.66035, "eta_hours": 0.52407, "loss": 0.09393007, "lr": 0.00087341, "params": 337201, "time_iter": 0.08467, "accuracy": 0.85765, "precision": 0.56363, "recall": 0.8574, "f1": 0.68015, "auc": 0.93543}
{"epoch": 28, "time_epoch": 25.92731, "eta": 1859.78025, "eta_hours": 0.51661, "loss": 0.09368985, "lr": 0.00086221, "params": 337201, "time_iter": 0.08283, "accuracy": 0.85668, "precision": 0.56148, "recall": 0.85882, "f1": 0.67903, "auc": 0.9358}
{"epoch": 29, "time_epoch": 26.07183, "eta": 1833.30089, "eta_hours": 0.50925, "loss": 0.0934522, "lr": 0.00085062, "params": 337201, "time_iter": 0.0833, "accuracy": 0.85779, "precision": 0.56376, "recall": 0.85929, "f1": 0.68084, "auc": 0.93616}
{"epoch": 30, "time_epoch": 25.84566, "eta": 1806.34442, "eta_hours": 0.50176, "loss": 0.0930975, "lr": 0.00083864, "params": 337201, "time_iter": 0.08257, "accuracy": 0.85918, "precision": 0.56667, "recall": 0.8596, "f1": 0.68305, "auc": 0.93667}
{"epoch": 31, "time_epoch": 26.06902, "eta": 1779.93201, "eta_hours": 0.49443, "loss": 0.09291423, "lr": 0.00082629, "params": 337201, "time_iter": 0.08329, "accuracy": 0.85916, "precision": 0.56659, "recall": 0.85995, "f1": 0.68311, "auc": 0.93691}
{"epoch": 32, "time_epoch": 25.93014, "eta": 1753.25844, "eta_hours": 0.48702, "loss": 0.09248757, "lr": 0.00081359, "params": 337201, "time_iter": 0.08284, "accuracy": 0.85982, "precision": 0.56794, "recall": 0.86029, "f1": 0.68419, "auc": 0.93745}
{"epoch": 33, "time_epoch": 26.32611, "eta": 1727.39726, "eta_hours": 0.47983, "loss": 0.09238693, "lr": 0.00080054, "params": 337201, "time_iter": 0.08411, "accuracy": 0.85794, "precision": 0.56378, "recall": 0.86263, "f1": 0.6819, "auc": 0.9376}
{"epoch": 34, "time_epoch": 25.97557, "eta": 1700.85849, "eta_hours": 0.47246, "loss": 0.0919919, "lr": 0.00078716, "params": 337201, "time_iter": 0.08299, "accuracy": 0.8602, "precision": 0.56862, "recall": 0.86189, "f1": 0.6852, "auc": 0.93815}
{"epoch": 35, "time_epoch": 25.98213, "eta": 1674.36269, "eta_hours": 0.4651, "loss": 0.09208692, "lr": 0.00077347, "params": 337201, "time_iter": 0.08301, "accuracy": 0.86043, "precision": 0.56921, "recall": 0.86075, "f1": 0.68526, "auc": 0.93797}
{"epoch": 36, "time_epoch": 26.10764, "eta": 1648.10835, "eta_hours": 0.45781, "loss": 0.09176771, "lr": 0.00075948, "params": 337201, "time_iter": 0.08341, "accuracy": 0.86069, "precision": 0.5696, "recall": 0.86262, "f1": 0.68613, "auc": 0.93851}
{"epoch": 37, "time_epoch": 25.8693, "eta": 1621.47286, "eta_hours": 0.45041, "loss": 0.09168966, "lr": 0.00074521, "params": 337201, "time_iter": 0.08265, "accuracy": 0.86058, "precision": 0.56934, "recall": 0.86284, "f1": 0.68601, "auc": 0.93853}
{"epoch": 38, "time_epoch": 25.86495, "eta": 1594.86986, "eta_hours": 0.44302, "loss": 0.09153593, "lr": 0.00073067, "params": 337201, "time_iter": 0.08264, "accuracy": 0.86043, "precision": 0.569, "recall": 0.8629, "f1": 0.68579, "auc": 0.93878}
{"epoch": 39, "time_epoch": 26.36386, "eta": 1569.05213, "eta_hours": 0.43585, "loss": 0.09142245, "lr": 0.00071588, "params": 337201, "time_iter": 0.08423, "accuracy": 0.86165, "precision": 0.57164, "recall": 0.86261, "f1": 0.68761, "auc": 0.93895}
{"epoch": 40, "time_epoch": 26.21553, "eta": 1542.99432, "eta_hours": 0.42861, "loss": 0.09133466, "lr": 0.00070085, "params": 337201, "time_iter": 0.08376, "accuracy": 0.86144, "precision": 0.57121, "recall": 0.8624, "f1": 0.68723, "auc": 0.93904}
{"epoch": 41, "time_epoch": 25.91493, "eta": 1516.51387, "eta_hours": 0.42125, "loss": 0.09106426, "lr": 0.0006856, "params": 337201, "time_iter": 0.0828, "accuracy": 0.86169, "precision": 0.57167, "recall": 0.86324, "f1": 0.68783, "auc": 0.93939}
{"epoch": 42, "time_epoch": 26.08211, "eta": 1490.28135, "eta_hours": 0.41397, "loss": 0.09109815, "lr": 0.00067015, "params": 337201, "time_iter": 0.08333, "accuracy": 0.86171, "precision": 0.57167, "recall": 0.86367, "f1": 0.68797, "auc": 0.93934}
{"epoch": 43, "time_epoch": 25.89934, "eta": 1463.82304, "eta_hours": 0.40662, "loss": 0.09110115, "lr": 0.00065451, "params": 337201, "time_iter": 0.08275, "accuracy": 0.86128, "precision": 0.57076, "recall": 0.86359, "f1": 0.68729, "auc": 0.93932}
{"epoch": 44, "time_epoch": 26.14651, "eta": 1437.69167, "eta_hours": 0.39936, "loss": 0.09088187, "lr": 0.0006387, "params": 337201, "time_iter": 0.08354, "accuracy": 0.86184, "precision": 0.57189, "recall": 0.86428, "f1": 0.68832, "auc": 0.93964}
{"epoch": 45, "time_epoch": 26.51241, "eta": 1411.98918, "eta_hours": 0.39222, "loss": 0.09074372, "lr": 0.00062274, "params": 337201, "time_iter": 0.0847, "accuracy": 0.86191, "precision": 0.57203, "recall": 0.86445, "f1": 0.68848, "auc": 0.93981}
{"epoch": 46, "time_epoch": 26.18311, "eta": 1385.88088, "eta_hours": 0.38497, "loss": 0.09061785, "lr": 0.00060665, "params": 337201, "time_iter": 0.08365, "accuracy": 0.86222, "precision": 0.57261, "recall": 0.86535, "f1": 0.68918, "auc": 0.94001}
{"epoch": 47, "time_epoch": 26.02197, "eta": 1359.5949, "eta_hours": 0.37767, "loss": 0.09057428, "lr": 0.00059044, "params": 337201, "time_iter": 0.08314, "accuracy": 0.86239, "precision": 0.57309, "recall": 0.86416, "f1": 0.68915, "auc": 0.94006}
{"epoch": 48, "time_epoch": 26.0603, "eta": 1333.35958, "eta_hours": 0.37038, "loss": 0.09056832, "lr": 0.00057413, "params": 337201, "time_iter": 0.08326, "accuracy": 0.86163, "precision": 0.57133, "recall": 0.86545, "f1": 0.68828, "auc": 0.94007}
{"epoch": 49, "time_epoch": 26.0171, "eta": 1307.08808, "eta_hours": 0.36308, "loss": 0.09030484, "lr": 0.00055774, "params": 337201, "time_iter": 0.08312, "accuracy": 0.86175, "precision": 0.57151, "recall": 0.86634, "f1": 0.6887, "auc": 0.94044}
{"epoch": 50, "time_epoch": 26.08391, "eta": 1280.89073, "eta_hours": 0.3558, "loss": 0.09022572, "lr": 0.00054129, "params": 337201, "time_iter": 0.08334, "accuracy": 0.86217, "precision": 0.57241, "recall": 0.8663, "f1": 0.68934, "auc": 0.94053}
{"epoch": 51, "time_epoch": 26.29033, "eta": 1254.88829, "eta_hours": 0.34858, "loss": 0.09020674, "lr": 0.00052479, "params": 337201, "time_iter": 0.08399, "accuracy": 0.86223, "precision": 0.57246, "recall": 0.86706, "f1": 0.68961, "auc": 0.94055}
{"epoch": 52, "time_epoch": 26.18443, "eta": 1228.78108, "eta_hours": 0.34133, "loss": 0.09011628, "lr": 0.00050827, "params": 337201, "time_iter": 0.08366, "accuracy": 0.86201, "precision": 0.57199, "recall": 0.86702, "f1": 0.68926, "auc": 0.94064}
{"epoch": 53, "time_epoch": 26.12678, "eta": 1202.6219, "eta_hours": 0.33406, "loss": 0.09005392, "lr": 0.00049173, "params": 337201, "time_iter": 0.08347, "accuracy": 0.86266, "precision": 0.57351, "recall": 0.86575, "f1": 0.68996, "auc": 0.94069}
{"epoch": 54, "time_epoch": 26.20401, "eta": 1176.52708, "eta_hours": 0.32681, "loss": 0.0899845, "lr": 0.00047521, "params": 337201, "time_iter": 0.08372, "accuracy": 0.86276, "precision": 0.57371, "recall": 0.86589, "f1": 0.69015, "auc": 0.94081}
{"epoch": 55, "time_epoch": 26.25705, "eta": 1150.47004, "eta_hours": 0.31958, "loss": 0.08976274, "lr": 0.00045871, "params": 337201, "time_iter": 0.08389, "accuracy": 0.86356, "precision": 0.57545, "recall": 0.86593, "f1": 0.69142, "auc": 0.94114}
{"epoch": 56, "time_epoch": 25.94743, "eta": 1124.1724, "eta_hours": 0.31227, "loss": 0.0897008, "lr": 0.00044226, "params": 337201, "time_iter": 0.0829, "accuracy": 0.86276, "precision": 0.57363, "recall": 0.8668, "f1": 0.69038, "auc": 0.94118}
{"epoch": 57, "time_epoch": 26.41016, "eta": 1098.22192, "eta_hours": 0.30506, "loss": 0.08960043, "lr": 0.00042587, "params": 337201, "time_iter": 0.08438, "accuracy": 0.86301, "precision": 0.57413, "recall": 0.86704, "f1": 0.69082, "auc": 0.94133}
{"epoch": 58, "time_epoch": 26.09277, "eta": 1072.0353, "eta_hours": 0.29779, "loss": 0.08936353, "lr": 0.00040956, "params": 337201, "time_iter": 0.08336, "accuracy": 0.86318, "precision": 0.57443, "recall": 0.86788, "f1": 0.6913, "auc": 0.94164}
{"epoch": 59, "time_epoch": 25.85928, "eta": 1045.69615, "eta_hours": 0.29047, "loss": 0.08939345, "lr": 0.00039335, "params": 337201, "time_iter": 0.08262, "accuracy": 0.86322, "precision": 0.57449, "recall": 0.86804, "f1": 0.6914, "auc": 0.9416}
{"epoch": 60, "time_epoch": 26.23117, "eta": 1019.6105, "eta_hours": 0.28323, "loss": 0.08933969, "lr": 0.00037726, "params": 337201, "time_iter": 0.08381, "accuracy": 0.86305, "precision": 0.5742, "recall": 0.86735, "f1": 0.69097, "auc": 0.94166}
{"epoch": 61, "time_epoch": 25.93532, "eta": 993.33882, "eta_hours": 0.27593, "loss": 0.08909121, "lr": 0.0003613, "params": 337201, "time_iter": 0.08286, "accuracy": 0.86349, "precision": 0.57509, "recall": 0.86794, "f1": 0.6918, "auc": 0.942}
{"epoch": 62, "time_epoch": 26.08511, "eta": 967.1658, "eta_hours": 0.26866, "loss": 0.08907554, "lr": 0.00034549, "params": 337201, "time_iter": 0.08334, "accuracy": 0.86341, "precision": 0.57489, "recall": 0.86814, "f1": 0.69172, "auc": 0.942}
{"epoch": 63, "time_epoch": 26.05616, "eta": 940.97924, "eta_hours": 0.26138, "loss": 0.08892955, "lr": 0.00032985, "params": 337201, "time_iter": 0.08325, "accuracy": 0.86353, "precision": 0.57507, "recall": 0.86894, "f1": 0.6921, "auc": 0.94219}
{"epoch": 64, "time_epoch": 26.32773, "eta": 914.94293, "eta_hours": 0.25415, "loss": 0.08876323, "lr": 0.0003144, "params": 337201, "time_iter": 0.08411, "accuracy": 0.86377, "precision": 0.57562, "recall": 0.86874, "f1": 0.69244, "auc": 0.94242}
{"epoch": 65, "time_epoch": 26.15137, "eta": 888.80692, "eta_hours": 0.24689, "loss": 0.08870147, "lr": 0.00029915, "params": 337201, "time_iter": 0.08355, "accuracy": 0.86396, "precision": 0.57605, "recall": 0.86848, "f1": 0.69267, "auc": 0.94246}
{"epoch": 66, "time_epoch": 26.13904, "eta": 862.66439, "eta_hours": 0.23963, "loss": 0.08857823, "lr": 0.00028412, "params": 337201, "time_iter": 0.08351, "accuracy": 0.86388, "precision": 0.57581, "recall": 0.86908, "f1": 0.69268, "auc": 0.94262}
{"epoch": 67, "time_epoch": 25.94972, "eta": 836.43287, "eta_hours": 0.23234, "loss": 0.08841752, "lr": 0.00026933, "params": 337201, "time_iter": 0.08291, "accuracy": 0.86391, "precision": 0.5758, "recall": 0.86999, "f1": 0.69296, "auc": 0.94286}
{"epoch": 68, "time_epoch": 26.06128, "eta": 810.25964, "eta_hours": 0.22507, "loss": 0.08847657, "lr": 0.00025479, "params": 337201, "time_iter": 0.08326, "accuracy": 0.86343, "precision": 0.57479, "recall": 0.86972, "f1": 0.69215, "auc": 0.94273}
{"epoch": 69, "time_epoch": 26.0154, "eta": 784.06994, "eta_hours": 0.2178, "loss": 0.08833462, "lr": 0.00024052, "params": 337201, "time_iter": 0.08312, "accuracy": 0.86366, "precision": 0.57519, "recall": 0.87051, "f1": 0.69269, "auc": 0.94296}
{"epoch": 70, "time_epoch": 26.48552, "eta": 758.07717, "eta_hours": 0.21058, "loss": 0.0881563, "lr": 0.00022653, "params": 337201, "time_iter": 0.08462, "accuracy": 0.86353, "precision": 0.57488, "recall": 0.87088, "f1": 0.69258, "auc": 0.94316}
{"epoch": 71, "time_epoch": 25.82872, "eta": 731.8153, "eta_hours": 0.20328, "loss": 0.08808764, "lr": 0.00021284, "params": 337201, "time_iter": 0.08252, "accuracy": 0.86375, "precision": 0.57537, "recall": 0.87078, "f1": 0.6929, "auc": 0.94321}
{"epoch": 72, "time_epoch": 26.13723, "eta": 705.6794, "eta_hours": 0.19602, "loss": 0.08787899, "lr": 0.00019946, "params": 337201, "time_iter": 0.08351, "accuracy": 0.86388, "precision": 0.57559, "recall": 0.87137, "f1": 0.69325, "auc": 0.94352}
{"epoch": 73, "time_epoch": 26.34104, "eta": 679.61507, "eta_hours": 0.18878, "loss": 0.08776424, "lr": 0.00018641, "params": 337201, "time_iter": 0.08416, "accuracy": 0.86393, "precision": 0.57565, "recall": 0.87183, "f1": 0.69344, "auc": 0.94367}
{"epoch": 74, "time_epoch": 26.14616, "eta": 653.4784, "eta_hours": 0.18152, "loss": 0.0877082, "lr": 0.00017371, "params": 337201, "time_iter": 0.08353, "accuracy": 0.8637, "precision": 0.57511, "recall": 0.87218, "f1": 0.69316, "auc": 0.94368}
{"epoch": 75, "time_epoch": 26.23626, "eta": 627.36993, "eta_hours": 0.17427, "loss": 0.08762709, "lr": 0.00016136, "params": 337201, "time_iter": 0.08382, "accuracy": 0.86399, "precision": 0.57578, "recall": 0.87182, "f1": 0.69353, "auc": 0.94381}
{"epoch": 76, "time_epoch": 26.21616, "eta": 601.25215, "eta_hours": 0.16701, "loss": 0.0876296, "lr": 0.00014938, "params": 337201, "time_iter": 0.08376, "accuracy": 0.86392, "precision": 0.57566, "recall": 0.87159, "f1": 0.69337, "auc": 0.9438}
{"epoch": 77, "time_epoch": 26.07985, "eta": 575.09339, "eta_hours": 0.15975, "loss": 0.08755025, "lr": 0.00013779, "params": 337201, "time_iter": 0.08332, "accuracy": 0.86347, "precision": 0.57459, "recall": 0.87253, "f1": 0.69288, "auc": 0.94388}
{"epoch": 78, "time_epoch": 25.8571, "eta": 548.87742, "eta_hours": 0.15247, "loss": 0.08739859, "lr": 0.00012659, "params": 337201, "time_iter": 0.08261, "accuracy": 0.86404, "precision": 0.57577, "recall": 0.87298, "f1": 0.69389, "auc": 0.94409}
{"epoch": 79, "time_epoch": 26.01405, "eta": 522.70965, "eta_hours": 0.1452, "loss": 0.08739623, "lr": 0.0001158, "params": 337201, "time_iter": 0.08311, "accuracy": 0.86406, "precision": 0.57584, "recall": 0.87269, "f1": 0.69385, "auc": 0.94409}
{"epoch": 80, "time_epoch": 25.97532, "eta": 496.5366, "eta_hours": 0.13793, "loss": 0.08729402, "lr": 0.00010543, "params": 337201, "time_iter": 0.08299, "accuracy": 0.86381, "precision": 0.57526, "recall": 0.87321, "f1": 0.69359, "auc": 0.94418}
{"epoch": 81, "time_epoch": 25.7294, "eta": 470.31439, "eta_hours": 0.13064, "loss": 0.08718517, "lr": 9.549e-05, "params": 337201, "time_iter": 0.0822, "accuracy": 0.86409, "precision": 0.57586, "recall": 0.8732, "f1": 0.69403, "auc": 0.94433}
{"epoch": 82, "time_epoch": 26.28493, "eta": 444.21784, "eta_hours": 0.12339, "loss": 0.08707828, "lr": 8.6e-05, "params": 337201, "time_iter": 0.08398, "accuracy": 0.86407, "precision": 0.57579, "recall": 0.87343, "f1": 0.69405, "auc": 0.94447}
{"epoch": 83, "time_epoch": 25.94562, "eta": 418.05217, "eta_hours": 0.11613, "loss": 0.08701841, "lr": 7.695e-05, "params": 337201, "time_iter": 0.08289, "accuracy": 0.86421, "precision": 0.57613, "recall": 0.87316, "f1": 0.6942, "auc": 0.94452}
{"epoch": 84, "time_epoch": 26.38011, "eta": 391.96835, "eta_hours": 0.10888, "loss": 0.08697237, "lr": 6.837e-05, "params": 337201, "time_iter": 0.08428, "accuracy": 0.86416, "precision": 0.57607, "recall": 0.87263, "f1": 0.694, "auc": 0.94456}
{"epoch": 85, "time_epoch": 25.83949, "eta": 365.78964, "eta_hours": 0.10161, "loss": 0.08695199, "lr": 6.026e-05, "params": 337201, "time_iter": 0.08255, "accuracy": 0.86438, "precision": 0.57644, "recall": 0.87354, "f1": 0.69455, "auc": 0.94458}
{"epoch": 86, "time_epoch": 26.17155, "eta": 339.66834, "eta_hours": 0.09435, "loss": 0.08691895, "lr": 5.264e-05, "params": 337201, "time_iter": 0.08362, "accuracy": 0.86398, "precision": 0.57557, "recall": 0.87366, "f1": 0.69396, "auc": 0.94459}
{"epoch": 87, "time_epoch": 25.73982, "eta": 313.48702, "eta_hours": 0.08708, "loss": 0.08687208, "lr": 4.55e-05, "params": 337201, "time_iter": 0.08224, "accuracy": 0.86416, "precision": 0.57599, "recall": 0.87322, "f1": 0.69413, "auc": 0.94472}
{"epoch": 88, "time_epoch": 26.62308, "eta": 287.4248, "eta_hours": 0.07984, "loss": 0.08677517, "lr": 3.886e-05, "params": 337201, "time_iter": 0.08506, "accuracy": 0.86434, "precision": 0.57629, "recall": 0.87413, "f1": 0.69463, "auc": 0.94484}
{"epoch": 89, "time_epoch": 26.07978, "eta": 261.28974, "eta_hours": 0.07258, "loss": 0.08669688, "lr": 3.272e-05, "params": 337201, "time_iter": 0.08332, "accuracy": 0.86411, "precision": 0.57585, "recall": 0.87367, "f1": 0.69416, "auc": 0.94492}
{"epoch": 90, "time_epoch": 26.13967, "eta": 235.16183, "eta_hours": 0.06532, "loss": 0.08658082, "lr": 2.709e-05, "params": 337201, "time_iter": 0.08351, "accuracy": 0.86443, "precision": 0.5764, "recall": 0.875, "f1": 0.69498, "auc": 0.94505}
{"epoch": 91, "time_epoch": 26.08574, "eta": 209.02897, "eta_hours": 0.05806, "loss": 0.08662188, "lr": 2.198e-05, "params": 337201, "time_iter": 0.08334, "accuracy": 0.86416, "precision": 0.57584, "recall": 0.87485, "f1": 0.69453, "auc": 0.94501}
{"epoch": 92, "time_epoch": 26.18129, "eta": 182.90431, "eta_hours": 0.05081, "loss": 0.08660718, "lr": 1.74e-05, "params": 337201, "time_iter": 0.08365, "accuracy": 0.8644, "precision": 0.57644, "recall": 0.87408, "f1": 0.69472, "auc": 0.945}
{"epoch": 93, "time_epoch": 25.86169, "eta": 156.75805, "eta_hours": 0.04354, "loss": 0.08656346, "lr": 1.334e-05, "params": 337201, "time_iter": 0.08263, "accuracy": 0.86447, "precision": 0.57653, "recall": 0.87468, "f1": 0.69498, "auc": 0.94511}
{"epoch": 94, "time_epoch": 26.70563, "eta": 130.6622, "eta_hours": 0.0363, "loss": 0.08663199, "lr": 9.81e-06, "params": 337201, "time_iter": 0.08532, "accuracy": 0.86433, "precision": 0.57632, "recall": 0.87382, "f1": 0.69455, "auc": 0.94498}
{"epoch": 95, "time_epoch": 26.20318, "eta": 104.5327, "eta_hours": 0.02904, "loss": 0.08658343, "lr": 6.82e-06, "params": 337201, "time_iter": 0.08372, "accuracy": 0.86393, "precision": 0.57535, "recall": 0.87478, "f1": 0.69415, "auc": 0.94499}
{"epoch": 96, "time_epoch": 26.21158, "eta": 78.40195, "eta_hours": 0.02178, "loss": 0.0864795, "lr": 4.37e-06, "params": 337201, "time_iter": 0.08374, "accuracy": 0.86422, "precision": 0.57596, "recall": 0.87494, "f1": 0.69464, "auc": 0.94518}
{"epoch": 97, "time_epoch": 25.89895, "eta": 52.26317, "eta_hours": 0.01452, "loss": 0.08653827, "lr": 2.46e-06, "params": 337201, "time_iter": 0.08274, "accuracy": 0.86407, "precision": 0.57568, "recall": 0.87466, "f1": 0.69435, "auc": 0.94509}
{"epoch": 98, "time_epoch": 25.87884, "eta": 26.12903, "eta_hours": 0.00726, "loss": 0.08657808, "lr": 1.09e-06, "params": 337201, "time_iter": 0.08268, "accuracy": 0.86429, "precision": 0.57613, "recall": 0.8748, "f1": 0.69473, "auc": 0.94506}
{"epoch": 99, "time_epoch": 26.18889, "eta": 0.0, "eta_hours": 0.0, "loss": 0.08658479, "lr": 2.7e-07, "params": 337201, "time_iter": 0.08367, "accuracy": 0.86427, "precision": 0.57611, "recall": 0.87445, "f1": 0.6946, "auc": 0.94506}
