{"epoch": 0, "time_epoch": 61.45985, "eta": 6084.52478, "eta_hours": 1.69015, "loss": 2.30986418, "lr": 0.0, "params": 112726, "time_iter": 0.02185, "accuracy": 0.093, "f1": 0.04991, "auc": 0.49593}
{"epoch": 1, "time_epoch": 56.72233, "eta": 5790.92651, "eta_hours": 1.60859, "loss": 2.01796746, "lr": 0.0002, "params": 112726, "time_iter": 0.02016, "accuracy": 0.3186, "f1": 0.29605, "auc": 0.77812}
{"epoch": 2, "time_epoch": 56.6543, "eta": 5653.04612, "eta_hours": 1.57029, "loss": 1.69391931, "lr": 0.0004, "params": 112726, "time_iter": 0.02014, "accuracy": 0.42971, "f1": 0.42469, "auc": 0.84521}
{"epoch": 3, "time_epoch": 56.46243, "eta": 5551.17386, "eta_hours": 1.54199, "loss": 1.46785309, "lr": 0.0006, "params": 112726, "time_iter": 0.02007, "accuracy": 0.49224, "f1": 0.488, "auc": 0.87812}
{"epoch": 4, "time_epoch": 56.52159, "eta": 5468.5895, "eta_hours": 1.51905, "loss": 1.34491757, "lr": 0.0008, "params": 112726, "time_iter": 0.02009, "accuracy": 0.52687, "f1": 0.52454, "auc": 0.89489}
{"epoch": 5, "time_epoch": 56.51996, "eta": 5394.66714, "eta_hours": 1.49852, "loss": 1.26544652, "lr": 0.001, "params": 112726, "time_iter": 0.02009, "accuracy": 0.55376, "f1": 0.55232, "auc": 0.90649}
{"epoch": 6, "time_epoch": 56.46633, "eta": 5325.0044, "eta_hours": 1.47917, "loss": 1.19166236, "lr": 0.00099973, "params": 112726, "time_iter": 0.02007, "accuracy": 0.57984, "f1": 0.57851, "auc": 0.91665}
{"epoch": 7, "time_epoch": 56.4255, "eta": 5258.17127, "eta_hours": 1.4606, "loss": 1.12789166, "lr": 0.00099891, "params": 112726, "time_iter": 0.02006, "accuracy": 0.60404, "f1": 0.60337, "auc": 0.92521}
{"epoch": 8, "time_epoch": 57.75019, "eta": 5207.04497, "eta_hours": 1.4464, "loss": 1.0734266, "lr": 0.00099754, "params": 112726, "time_iter": 0.02053, "accuracy": 0.62331, "f1": 0.62235, "auc": 0.93221}
{"epoch": 9, "time_epoch": 57.39906, "eta": 5151.43378, "eta_hours": 1.43095, "loss": 1.0369867, "lr": 0.00099563, "params": 112726, "time_iter": 0.0204, "accuracy": 0.63747, "f1": 0.63656, "auc": 0.93636}
{"epoch": 10, "time_epoch": 57.64865, "eta": 5097.51691, "eta_hours": 1.41598, "loss": 0.99787752, "lr": 0.00099318, "params": 112726, "time_iter": 0.02049, "accuracy": 0.65176, "f1": 0.6509, "auc": 0.94081}
{"epoch": 11, "time_epoch": 57.0908, "eta": 5038.88716, "eta_hours": 1.39969, "loss": 0.96576992, "lr": 0.00099019, "params": 112726, "time_iter": 0.0203, "accuracy": 0.66273, "f1": 0.66199, "auc": 0.94459}
{"epoch": 12, "time_epoch": 56.71605, "eta": 4977.98624, "eta_hours": 1.38277, "loss": 0.94248939, "lr": 0.00098666, "params": 112726, "time_iter": 0.02016, "accuracy": 0.67024, "f1": 0.6696, "auc": 0.9473}
{"epoch": 13, "time_epoch": 56.67018, "eta": 4917.40138, "eta_hours": 1.36594, "loss": 0.91398817, "lr": 0.0009826, "params": 112726, "time_iter": 0.02015, "accuracy": 0.68238, "f1": 0.68187, "auc": 0.9501}
{"epoch": 14, "time_epoch": 56.51852, "eta": 4856.4791, "eta_hours": 1.34902, "loss": 0.89127186, "lr": 0.00097802, "params": 112726, "time_iter": 0.02009, "accuracy": 0.68856, "f1": 0.68792, "auc": 0.95267}
{"epoch": 15, "time_epoch": 56.52877, "eta": 4796.1611, "eta_hours": 1.33227, "loss": 0.87515555, "lr": 0.00097291, "params": 112726, "time_iter": 0.0201, "accuracy": 0.695, "f1": 0.69436, "auc": 0.95425}
{"epoch": 16, "time_epoch": 56.45988, "eta": 4735.95251, "eta_hours": 1.31554, "loss": 0.8520704, "lr": 0.00096728, "params": 112726, "time_iter": 0.02007, "accuracy": 0.70169, "f1": 0.70106, "auc": 0.95634}
{"epoch": 17, "time_epoch": 56.46045, "eta": 4676.16306, "eta_hours": 1.29893, "loss": 0.83780026, "lr": 0.00096114, "params": 112726, "time_iter": 0.02007, "accuracy": 0.7086, "f1": 0.70813, "auc": 0.95774}
{"epoch": 18, "time_epoch": 56.71363, "eta": 4617.8034, "eta_hours": 1.28272, "loss": 0.81021841, "lr": 0.0009545, "params": 112726, "time_iter": 0.02016, "accuracy": 0.71862, "f1": 0.71794, "auc": 0.96038}
{"epoch": 19, "time_epoch": 57.0412, "eta": 4560.91858, "eta_hours": 1.26692, "loss": 0.79748417, "lr": 0.00094736, "params": 112726, "time_iter": 0.02028, "accuracy": 0.72184, "f1": 0.72124, "auc": 0.96133}
{"epoch": 20, "time_epoch": 59.92158, "eta": 4514.85462, "eta_hours": 1.25413, "loss": 0.78000981, "lr": 0.00093974, "params": 112726, "time_iter": 0.0213, "accuracy": 0.7292, "f1": 0.72871, "auc": 0.96307}
{"epoch": 21, "time_epoch": 61.31426, "eta": 4472.46855, "eta_hours": 1.24235, "loss": 0.76471222, "lr": 0.00093163, "params": 112726, "time_iter": 0.0218, "accuracy": 0.73224, "f1": 0.73157, "auc": 0.96447}
{"epoch": 22, "time_epoch": 56.89209, "eta": 4413.6319, "eta_hours": 1.22601, "loss": 0.7566401, "lr": 0.00092305, "params": 112726, "time_iter": 0.02022, "accuracy": 0.73684, "f1": 0.73636, "auc": 0.96526}
{"epoch": 23, "time_epoch": 56.87042, "eta": 4354.88867, "eta_hours": 1.20969, "loss": 0.73587626, "lr": 0.000914, "params": 112726, "time_iter": 0.02022, "accuracy": 0.74522, "f1": 0.74474, "auc": 0.96695}
{"epoch": 24, "time_epoch": 56.8398, "eta": 4296.20342, "eta_hours": 1.19339, "loss": 0.72696334, "lr": 0.00090451, "params": 112726, "time_iter": 0.02021, "accuracy": 0.74584, "f1": 0.7454, "auc": 0.96773}
{"epoch": 25, "time_epoch": 56.4611, "eta": 4236.58226, "eta_hours": 1.17683, "loss": 0.70751291, "lr": 0.00089457, "params": 112726, "time_iter": 0.02007, "accuracy": 0.75644, "f1": 0.7559, "auc": 0.96914}
{"epoch": 26, "time_epoch": 56.40815, "eta": 4177.05202, "eta_hours": 1.16029, "loss": 0.69506363, "lr": 0.0008842, "params": 112726, "time_iter": 0.02005, "accuracy": 0.7574, "f1": 0.75703, "auc": 0.9704}
{"epoch": 27, "time_epoch": 56.69178, "eta": 4118.47413, "eta_hours": 1.14402, "loss": 0.68265008, "lr": 0.00087341, "params": 112726, "time_iter": 0.02015, "accuracy": 0.7628, "f1": 0.76238, "auc": 0.97126}
{"epoch": 28, "time_epoch": 56.57336, "eta": 4059.73638, "eta_hours": 1.1277, "loss": 0.67516066, "lr": 0.00086221, "params": 112726, "time_iter": 0.02011, "accuracy": 0.76524, "f1": 0.76488, "auc": 0.97198}
{"epoch": 29, "time_epoch": 56.47563, "eta": 4000.9149, "eta_hours": 1.11137, "loss": 0.66129568, "lr": 0.00085062, "params": 112726, "time_iter": 0.02008, "accuracy": 0.77044, "f1": 0.76989, "auc": 0.97294}
{"epoch": 30, "time_epoch": 56.41661, "eta": 3942.11339, "eta_hours": 1.09503, "loss": 0.65071334, "lr": 0.00083864, "params": 112726, "time_iter": 0.02006, "accuracy": 0.77418, "f1": 0.77383, "auc": 0.97385}
{"epoch": 31, "time_epoch": 56.40934, "eta": 3883.4455, "eta_hours": 1.07873, "loss": 0.64117261, "lr": 0.00082629, "params": 112726, "time_iter": 0.02005, "accuracy": 0.77811, "f1": 0.77768, "auc": 0.97451}
{"epoch": 32, "time_epoch": 56.41699, "eta": 3824.93001, "eta_hours": 1.06248, "loss": 0.62935425, "lr": 0.00081359, "params": 112726, "time_iter": 0.02006, "accuracy": 0.78136, "f1": 0.78115, "auc": 0.97549}
{"epoch": 33, "time_epoch": 56.44288, "eta": 3766.58823, "eta_hours": 1.04627, "loss": 0.62140217, "lr": 0.00080054, "params": 112726, "time_iter": 0.02007, "accuracy": 0.78516, "f1": 0.78487, "auc": 0.97606}
{"epoch": 34, "time_epoch": 56.38815, "eta": 3708.25331, "eta_hours": 1.03007, "loss": 0.60972463, "lr": 0.00078716, "params": 112726, "time_iter": 0.02005, "accuracy": 0.78949, "f1": 0.78921, "auc": 0.97688}
{"epoch": 35, "time_epoch": 56.36436, "eta": 3649.98426, "eta_hours": 1.01388, "loss": 0.59191892, "lr": 0.00077347, "params": 112726, "time_iter": 0.02004, "accuracy": 0.79471, "f1": 0.79442, "auc": 0.97804}
{"epoch": 36, "time_epoch": 56.55609, "eta": 3592.14462, "eta_hours": 0.99782, "loss": 0.58879466, "lr": 0.00075948, "params": 112726, "time_iter": 0.02011, "accuracy": 0.79687, "f1": 0.79661, "auc": 0.97848}
{"epoch": 37, "time_epoch": 56.74191, "eta": 3534.67571, "eta_hours": 0.98185, "loss": 0.57463081, "lr": 0.00074521, "params": 112726, "time_iter": 0.02017, "accuracy": 0.79856, "f1": 0.79826, "auc": 0.97938}
{"epoch": 38, "time_epoch": 56.41056, "eta": 3476.72581, "eta_hours": 0.96576, "loss": 0.56603086, "lr": 0.00073067, "params": 112726, "time_iter": 0.02005, "accuracy": 0.80404, "f1": 0.80387, "auc": 0.97983}
{"epoch": 39, "time_epoch": 56.40015, "eta": 3418.83728, "eta_hours": 0.94968, "loss": 0.55838459, "lr": 0.00071588, "params": 112726, "time_iter": 0.02005, "accuracy": 0.80656, "f1": 0.80622, "auc": 0.98044}
{"epoch": 40, "time_epoch": 56.40022, "eta": 3361.02144, "eta_hours": 0.93362, "loss": 0.54504837, "lr": 0.00070085, "params": 112726, "time_iter": 0.02005, "accuracy": 0.80887, "f1": 0.8087, "auc": 0.98138}
{"epoch": 41, "time_epoch": 56.38106, "eta": 3303.24656, "eta_hours": 0.91757, "loss": 0.54187161, "lr": 0.0006856, "params": 112726, "time_iter": 0.02004, "accuracy": 0.81344, "f1": 0.81317, "auc": 0.9815}
{"epoch": 42, "time_epoch": 56.38984, "eta": 3245.54814, "eta_hours": 0.90154, "loss": 0.52662189, "lr": 0.00067015, "params": 112726, "time_iter": 0.02005, "accuracy": 0.81727, "f1": 0.81706, "auc": 0.98251}
{"epoch": 43, "time_epoch": 56.43971, "eta": 3187.97268, "eta_hours": 0.88555, "loss": 0.51686339, "lr": 0.00065451, "params": 112726, "time_iter": 0.02006, "accuracy": 0.82273, "f1": 0.82254, "auc": 0.98296}
{"epoch": 44, "time_epoch": 56.4165, "eta": 3130.41932, "eta_hours": 0.86956, "loss": 0.51365672, "lr": 0.0006387, "params": 112726, "time_iter": 0.02006, "accuracy": 0.82204, "f1": 0.82179, "auc": 0.98326}
{"epoch": 45, "time_epoch": 56.38137, "eta": 3072.87416, "eta_hours": 0.85358, "loss": 0.49213047, "lr": 0.00062274, "params": 112726, "time_iter": 0.02004, "accuracy": 0.83113, "f1": 0.83099, "auc": 0.98457}
{"epoch": 46, "time_epoch": 62.36251, "eta": 3022.12321, "eta_hours": 0.83948, "loss": 0.48600954, "lr": 0.00060665, "params": 112726, "time_iter": 0.02217, "accuracy": 0.8314, "f1": 0.83128, "auc": 0.98497}
{"epoch": 47, "time_epoch": 60.02973, "eta": 2968.36127, "eta_hours": 0.82454, "loss": 0.47932874, "lr": 0.00059044, "params": 112726, "time_iter": 0.02134, "accuracy": 0.83384, "f1": 0.83358, "auc": 0.98519}
{"epoch": 48, "time_epoch": 61.96228, "eta": 2916.35493, "eta_hours": 0.8101, "loss": 0.46954179, "lr": 0.00057413, "params": 112726, "time_iter": 0.02203, "accuracy": 0.83864, "f1": 0.83852, "auc": 0.98592}
{"epoch": 49, "time_epoch": 56.77995, "eta": 2858.76802, "eta_hours": 0.7941, "loss": 0.45908719, "lr": 0.00055774, "params": 112726, "time_iter": 0.02018, "accuracy": 0.84238, "f1": 0.84227, "auc": 0.98643}
{"epoch": 50, "time_epoch": 62.64368, "eta": 2806.84654, "eta_hours": 0.77968, "loss": 0.45455924, "lr": 0.00054129, "params": 112726, "time_iter": 0.02227, "accuracy": 0.84398, "f1": 0.84375, "auc": 0.98676}
{"epoch": 51, "time_epoch": 62.00439, "eta": 2753.92254, "eta_hours": 0.76498, "loss": 0.44576415, "lr": 0.00052479, "params": 112726, "time_iter": 0.02204, "accuracy": 0.84576, "f1": 0.84553, "auc": 0.98722}
{"epoch": 52, "time_epoch": 62.13057, "eta": 2700.76779, "eta_hours": 0.75021, "loss": 0.44076854, "lr": 0.00050827, "params": 112726, "time_iter": 0.02209, "accuracy": 0.84924, "f1": 0.84915, "auc": 0.98756}
{"epoch": 53, "time_epoch": 61.97409, "eta": 2647.1473, "eta_hours": 0.73532, "loss": 0.42275894, "lr": 0.00049173, "params": 112726, "time_iter": 0.02203, "accuracy": 0.85453, "f1": 0.85432, "auc": 0.98842}
{"epoch": 54, "time_epoch": 61.88883, "eta": 2593.15329, "eta_hours": 0.72032, "loss": 0.41702913, "lr": 0.00047521, "params": 112726, "time_iter": 0.022, "accuracy": 0.85644, "f1": 0.85632, "auc": 0.98869}
{"epoch": 55, "time_epoch": 61.85573, "eta": 2538.85131, "eta_hours": 0.70524, "loss": 0.40764098, "lr": 0.00045871, "params": 112726, "time_iter": 0.02199, "accuracy": 0.85836, "f1": 0.85824, "auc": 0.98925}
{"epoch": 56, "time_epoch": 61.85476, "eta": 2484.28356, "eta_hours": 0.69008, "loss": 0.40425545, "lr": 0.00044226, "params": 112726, "time_iter": 0.02199, "accuracy": 0.86024, "f1": 0.86017, "auc": 0.98942}
{"epoch": 57, "time_epoch": 61.80588, "eta": 2429.42913, "eta_hours": 0.67484, "loss": 0.39030462, "lr": 0.00042587, "params": 112726, "time_iter": 0.02197, "accuracy": 0.86742, "f1": 0.86728, "auc": 0.99002}
{"epoch": 58, "time_epoch": 61.26562, "eta": 2373.96363, "eta_hours": 0.65943, "loss": 0.38399617, "lr": 0.00040956, "params": 112726, "time_iter": 0.02178, "accuracy": 0.86884, "f1": 0.86875, "auc": 0.9904}
{"epoch": 59, "time_epoch": 61.53065, "eta": 2318.48148, "eta_hours": 0.64402, "loss": 0.37856022, "lr": 0.00039335, "params": 112726, "time_iter": 0.02187, "accuracy": 0.87013, "f1": 0.87001, "auc": 0.99063}
{"epoch": 60, "time_epoch": 61.65733, "eta": 2262.882, "eta_hours": 0.62858, "loss": 0.36901243, "lr": 0.00037726, "params": 112726, "time_iter": 0.02192, "accuracy": 0.87433, "f1": 0.87421, "auc": 0.99104}
{"epoch": 61, "time_epoch": 59.42351, "eta": 2205.718, "eta_hours": 0.6127, "loss": 0.36140741, "lr": 0.0003613, "params": 112726, "time_iter": 0.02112, "accuracy": 0.87451, "f1": 0.87437, "auc": 0.99136}
{"epoch": 62, "time_epoch": 62.19227, "eta": 2150.10836, "eta_hours": 0.59725, "loss": 0.35086575, "lr": 0.00034549, "params": 112726, "time_iter": 0.02211, "accuracy": 0.87898, "f1": 0.87886, "auc": 0.99191}
{"epoch": 63, "time_epoch": 61.65782, "eta": 2093.99239, "eta_hours": 0.58166, "loss": 0.34682881, "lr": 0.00032985, "params": 112726, "time_iter": 0.02192, "accuracy": 0.88162, "f1": 0.88158, "auc": 0.99204}
{"epoch": 64, "time_epoch": 61.36878, "eta": 2037.55026, "eta_hours": 0.56599, "loss": 0.34049878, "lr": 0.0003144, "params": 112726, "time_iter": 0.02182, "accuracy": 0.88251, "f1": 0.8824, "auc": 0.99235}
{"epoch": 65, "time_epoch": 59.73129, "eta": 1980.11529, "eta_hours": 0.55003, "loss": 0.32987229, "lr": 0.00029915, "params": 112726, "time_iter": 0.02123, "accuracy": 0.88693, "f1": 0.88684, "auc": 0.99272}
{"epoch": 66, "time_epoch": 58.54901, "eta": 1922.02945, "eta_hours": 0.5339, "loss": 0.32617395, "lr": 0.00028412, "params": 112726, "time_iter": 0.02081, "accuracy": 0.88809, "f1": 0.88798, "auc": 0.9929}
{"epoch": 67, "time_epoch": 59.66019, "eta": 1864.4529, "eta_hours": 0.5179, "loss": 0.31407277, "lr": 0.00026933, "params": 112726, "time_iter": 0.02121, "accuracy": 0.89316, "f1": 0.89306, "auc": 0.99335}
{"epoch": 68, "time_epoch": 56.96716, "eta": 1805.60604, "eta_hours": 0.50156, "loss": 0.30923638, "lr": 0.00025479, "params": 112726, "time_iter": 0.02025, "accuracy": 0.89507, "f1": 0.895, "auc": 0.99355}
{"epoch": 69, "time_epoch": 56.94716, "eta": 1746.80432, "eta_hours": 0.48522, "loss": 0.30837263, "lr": 0.00024052, "params": 112726, "time_iter": 0.02024, "accuracy": 0.89516, "f1": 0.89505, "auc": 0.99372}
{"epoch": 70, "time_epoch": 57.38422, "eta": 1688.23335, "eta_hours": 0.46895, "loss": 0.29293067, "lr": 0.00022653, "params": 112726, "time_iter": 0.0204, "accuracy": 0.89902, "f1": 0.89899, "auc": 0.99426}
{"epoch": 71, "time_epoch": 57.0404, "eta": 1629.56164, "eta_hours": 0.45266, "loss": 0.28710466, "lr": 0.00021284, "params": 112726, "time_iter": 0.02028, "accuracy": 0.90244, "f1": 0.90235, "auc": 0.99444}
{"epoch": 72, "time_epoch": 56.96093, "eta": 1570.90523, "eta_hours": 0.43636, "loss": 0.28946247, "lr": 0.00019946, "params": 112726, "time_iter": 0.02025, "accuracy": 0.90107, "f1": 0.90097, "auc": 0.99435}
{"epoch": 73, "time_epoch": 56.96934, "eta": 1512.2976, "eta_hours": 0.42008, "loss": 0.27362486, "lr": 0.00018641, "params": 112726, "time_iter": 0.02025, "accuracy": 0.90682, "f1": 0.90681, "auc": 0.99495}
{"epoch": 74, "time_epoch": 56.80879, "eta": 1453.68014, "eta_hours": 0.4038, "loss": 0.27541974, "lr": 0.00017371, "params": 112726, "time_iter": 0.0202, "accuracy": 0.90656, "f1": 0.90652, "auc": 0.99485}
{"epoch": 75, "time_epoch": 56.78081, "eta": 1395.10144, "eta_hours": 0.38753, "loss": 0.26689156, "lr": 0.00016136, "params": 112726, "time_iter": 0.02019, "accuracy": 0.90853, "f1": 0.9085, "auc": 0.99521}
{"epoch": 76, "time_epoch": 56.71873, "eta": 1336.5509, "eta_hours": 0.37126, "loss": 0.26565766, "lr": 0.00014938, "params": 112726, "time_iter": 0.02016, "accuracy": 0.90936, "f1": 0.9093, "auc": 0.99525}
{"epoch": 77, "time_epoch": 56.88911, "eta": 1278.09538, "eta_hours": 0.35503, "loss": 0.25918947, "lr": 0.00013779, "params": 112726, "time_iter": 0.02022, "accuracy": 0.91258, "f1": 0.91253, "auc": 0.99544}
{"epoch": 78, "time_epoch": 56.90098, "eta": 1219.68267, "eta_hours": 0.3388, "loss": 0.25008066, "lr": 0.00012659, "params": 112726, "time_iter": 0.02023, "accuracy": 0.91556, "f1": 0.91551, "auc": 0.99573}
{"epoch": 79, "time_epoch": 56.82506, "eta": 1161.28878, "eta_hours": 0.32258, "loss": 0.25218512, "lr": 0.0001158, "params": 112726, "time_iter": 0.0202, "accuracy": 0.91478, "f1": 0.91474, "auc": 0.99566}
{"epoch": 80, "time_epoch": 56.84371, "eta": 1102.93799, "eta_hours": 0.30637, "loss": 0.24243938, "lr": 0.00010543, "params": 112726, "time_iter": 0.02021, "accuracy": 0.9168, "f1": 0.91676, "auc": 0.99593}
{"epoch": 81, "time_epoch": 57.01095, "eta": 1044.66068, "eta_hours": 0.29018, "loss": 0.23962458, "lr": 9.549e-05, "params": 112726, "time_iter": 0.02027, "accuracy": 0.91842, "f1": 0.9184, "auc": 0.99611}
{"epoch": 82, "time_epoch": 56.79476, "eta": 986.3696, "eta_hours": 0.27399, "loss": 0.23530488, "lr": 8.6e-05, "params": 112726, "time_iter": 0.02019, "accuracy": 0.91956, "f1": 0.91953, "auc": 0.99624}
{"epoch": 83, "time_epoch": 56.83571, "eta": 928.12195, "eta_hours": 0.25781, "loss": 0.2331991, "lr": 7.695e-05, "params": 112726, "time_iter": 0.0202, "accuracy": 0.92138, "f1": 0.92136, "auc": 0.99627}
{"epoch": 84, "time_epoch": 62.18986, "eta": 870.85237, "eta_hours": 0.2419, "loss": 0.23293059, "lr": 6.837e-05, "params": 112726, "time_iter": 0.02211, "accuracy": 0.92142, "f1": 0.92136, "auc": 0.99626}
{"epoch": 85, "time_epoch": 61.86047, "eta": 813.41474, "eta_hours": 0.22595, "loss": 0.23007938, "lr": 6.026e-05, "params": 112726, "time_iter": 0.02199, "accuracy": 0.92291, "f1": 0.92288, "auc": 0.99635}
{"epoch": 86, "time_epoch": 60.40599, "eta": 755.65811, "eta_hours": 0.20991, "loss": 0.22692148, "lr": 5.264e-05, "params": 112726, "time_iter": 0.02147, "accuracy": 0.92249, "f1": 0.92246, "auc": 0.99643}
{"epoch": 87, "time_epoch": 57.034, "eta": 697.38144, "eta_hours": 0.19372, "loss": 0.22044621, "lr": 4.55e-05, "params": 112726, "time_iter": 0.02028, "accuracy": 0.9252, "f1": 0.92515, "auc": 0.99668}
{"epoch": 88, "time_epoch": 56.47618, "eta": 639.06375, "eta_hours": 0.17752, "loss": 0.2191517, "lr": 3.886e-05, "params": 112726, "time_iter": 0.02008, "accuracy": 0.92556, "f1": 0.92552, "auc": 0.99675}
{"epoch": 89, "time_epoch": 57.04092, "eta": 580.84974, "eta_hours": 0.16135, "loss": 0.21642921, "lr": 3.272e-05, "params": 112726, "time_iter": 0.02028, "accuracy": 0.92549, "f1": 0.92543, "auc": 0.99673}
{"epoch": 90, "time_epoch": 60.62702, "eta": 523.01618, "eta_hours": 0.14528, "loss": 0.21468111, "lr": 2.709e-05, "params": 112726, "time_iter": 0.02155, "accuracy": 0.92618, "f1": 0.92615, "auc": 0.99679}
{"epoch": 91, "time_epoch": 61.15941, "eta": 465.16818, "eta_hours": 0.12921, "loss": 0.21546543, "lr": 2.198e-05, "params": 112726, "time_iter": 0.02174, "accuracy": 0.92751, "f1": 0.92746, "auc": 0.99673}
{"epoch": 92, "time_epoch": 60.6017, "eta": 407.207, "eta_hours": 0.11311, "loss": 0.20984327, "lr": 1.74e-05, "params": 112726, "time_iter": 0.02154, "accuracy": 0.93051, "f1": 0.93047, "auc": 0.99689}
{"epoch": 93, "time_epoch": 62.18248, "eta": 349.29053, "eta_hours": 0.09703, "loss": 0.20791579, "lr": 1.334e-05, "params": 112726, "time_iter": 0.02211, "accuracy": 0.93076, "f1": 0.93075, "auc": 0.99696}
{"epoch": 94, "time_epoch": 61.86275, "eta": 291.26742, "eta_hours": 0.08091, "loss": 0.20908202, "lr": 9.81e-06, "params": 112726, "time_iter": 0.02199, "accuracy": 0.93029, "f1": 0.93024, "auc": 0.99692}
{"epoch": 95, "time_epoch": 61.52326, "eta": 233.15018, "eta_hours": 0.06476, "loss": 0.21159531, "lr": 6.82e-06, "params": 112726, "time_iter": 0.02187, "accuracy": 0.9284, "f1": 0.92835, "auc": 0.99688}
{"epoch": 96, "time_epoch": 61.44312, "eta": 174.96023, "eta_hours": 0.0486, "loss": 0.20285333, "lr": 4.37e-06, "params": 112726, "time_iter": 0.02184, "accuracy": 0.93184, "f1": 0.93182, "auc": 0.9971}
{"epoch": 97, "time_epoch": 61.46705, "eta": 116.70438, "eta_hours": 0.03242, "loss": 0.19868364, "lr": 2.46e-06, "params": 112726, "time_iter": 0.02185, "accuracy": 0.93278, "f1": 0.93277, "auc": 0.99719}
{"epoch": 98, "time_epoch": 61.67516, "eta": 58.38575, "eta_hours": 0.01622, "loss": 0.2076119, "lr": 1.09e-06, "params": 112726, "time_iter": 0.02193, "accuracy": 0.92949, "f1": 0.92945, "auc": 0.997}
{"epoch": 99, "time_epoch": 61.58103, "eta": 0.0, "eta_hours": 0.0, "loss": 0.20609494, "lr": 2.7e-07, "params": 112726, "time_iter": 0.02189, "accuracy": 0.93033, "f1": 0.93032, "auc": 0.99706}
