{"epoch": 0, "time_epoch": 82.60457, "eta": 8177.85219, "eta_hours": 2.27163, "loss": 1.79793239, "lr": 0.0, "params": 502054, "time_iter": 0.13217, "accuracy": 0.16662, "f1": 0.06249, "auc": 0.50023}
{"epoch": 1, "time_epoch": 80.70628, "eta": 8002.2314, "eta_hours": 2.22284, "loss": 1.68103839, "lr": 0.0002, "params": 502054, "time_iter": 0.12913, "accuracy": 0.333, "f1": 0.3272, "auc": 0.68046}
{"epoch": 2, "time_epoch": 81.47403, "eta": 7914.71092, "eta_hours": 2.19853, "loss": 1.29374753, "lr": 0.0004, "params": 502054, "time_iter": 0.13036, "accuracy": 0.5683, "f1": 0.56808, "auc": 0.8392}
{"epoch": 3, "time_epoch": 81.05955, "eta": 7820.26612, "eta_hours": 2.1723, "loss": 1.03535446, "lr": 0.0006, "params": 502054, "time_iter": 0.1297, "accuracy": 0.65, "f1": 0.64999, "auc": 0.89536}
{"epoch": 4, "time_epoch": 80.59247, "eta": 7722.301, "eta_hours": 2.14508, "loss": 0.9104049, "lr": 0.0008, "params": 502054, "time_iter": 0.12895, "accuracy": 0.6858, "f1": 0.6858, "auc": 0.9186}
{"epoch": 5, "time_epoch": 80.29921, "eta": 7625.53236, "eta_hours": 2.1182, "loss": 0.85585191, "lr": 0.001, "params": 502054, "time_iter": 0.12848, "accuracy": 0.70104, "f1": 0.70105, "auc": 0.92736}
{"epoch": 6, "time_epoch": 79.83418, "eta": 7527.29103, "eta_hours": 2.09091, "loss": 0.82057851, "lr": 0.00099973, "params": 502054, "time_iter": 0.12773, "accuracy": 0.71207, "f1": 0.71207, "auc": 0.93294}
{"epoch": 7, "time_epoch": 81.12036, "eta": 7448.44246, "eta_hours": 2.06901, "loss": 0.78795681, "lr": 0.00099891, "params": 502054, "time_iter": 0.12979, "accuracy": 0.7214, "f1": 0.7214, "auc": 0.93805}
{"epoch": 8, "time_epoch": 80.27393, "eta": 7360.53078, "eta_hours": 2.04459, "loss": 0.76800199, "lr": 0.00099754, "params": 502054, "time_iter": 0.12844, "accuracy": 0.72696, "f1": 0.72696, "auc": 0.94108}
{"epoch": 9, "time_epoch": 80.52122, "eta": 7276.37227, "eta_hours": 2.02121, "loss": 0.75401494, "lr": 0.00099563, "params": 502054, "time_iter": 0.12883, "accuracy": 0.73134, "f1": 0.73134, "auc": 0.94322}
{"epoch": 10, "time_epoch": 80.11475, "eta": 7189.58636, "eta_hours": 1.99711, "loss": 0.74363742, "lr": 0.00099318, "params": 502054, "time_iter": 0.12818, "accuracy": 0.73509, "f1": 0.73509, "auc": 0.94466}
{"epoch": 11, "time_epoch": 80.17467, "eta": 7104.35169, "eta_hours": 1.97343, "loss": 0.73509499, "lr": 0.00099019, "params": 502054, "time_iter": 0.12828, "accuracy": 0.73787, "f1": 0.73787, "auc": 0.94589}
{"epoch": 12, "time_epoch": 80.37935, "eta": 7021.26528, "eta_hours": 1.95035, "loss": 0.72755476, "lr": 0.00098666, "params": 502054, "time_iter": 0.12861, "accuracy": 0.74061, "f1": 0.74061, "auc": 0.94698}
{"epoch": 13, "time_epoch": 80.40365, "eta": 6938.71488, "eta_hours": 1.92742, "loss": 0.72091128, "lr": 0.0009826, "params": 502054, "time_iter": 0.12865, "accuracy": 0.74267, "f1": 0.74267, "auc": 0.9479}
{"epoch": 14, "time_epoch": 80.2788, "eta": 6855.74319, "eta_hours": 1.90437, "loss": 0.71436578, "lr": 0.00097802, "params": 502054, "time_iter": 0.12845, "accuracy": 0.74478, "f1": 0.74478, "auc": 0.94881}
{"epoch": 15, "time_epoch": 81.12279, "eta": 6777.53909, "eta_hours": 1.88265, "loss": 0.7093501, "lr": 0.00097291, "params": 502054, "time_iter": 0.1298, "accuracy": 0.7459, "f1": 0.7459, "auc": 0.94958}
{"epoch": 16, "time_epoch": 80.44417, "eta": 6695.67832, "eta_hours": 1.85991, "loss": 0.7042063, "lr": 0.00096728, "params": 502054, "time_iter": 0.12871, "accuracy": 0.74768, "f1": 0.74768, "auc": 0.95029}
{"epoch": 17, "time_epoch": 80.36107, "eta": 6613.59638, "eta_hours": 1.83711, "loss": 0.69838322, "lr": 0.00096114, "params": 502054, "time_iter": 0.12858, "accuracy": 0.75003, "f1": 0.75003, "auc": 0.95112}
{"epoch": 18, "time_epoch": 80.71287, "eta": 6533.19539, "eta_hours": 1.81478, "loss": 0.6974391, "lr": 0.0009545, "params": 502054, "time_iter": 0.12914, "accuracy": 0.75013, "f1": 0.75013, "auc": 0.95124}
{"epoch": 19, "time_epoch": 80.79511, "eta": 6453.09218, "eta_hours": 1.79253, "loss": 0.69376315, "lr": 0.00094736, "params": 502054, "time_iter": 0.12927, "accuracy": 0.75113, "f1": 0.75112, "auc": 0.95177}
{"epoch": 20, "time_epoch": 80.9296, "eta": 6373.42901, "eta_hours": 1.7704, "loss": 0.68541739, "lr": 0.00093974, "params": 502054, "time_iter": 0.12949, "accuracy": 0.75418, "f1": 0.75418, "auc": 0.95291}
{"epoch": 21, "time_epoch": 80.73741, "eta": 6292.9693, "eta_hours": 1.74805, "loss": 0.68158493, "lr": 0.00093163, "params": 502054, "time_iter": 0.12918, "accuracy": 0.75491, "f1": 0.75491, "auc": 0.95344}
{"epoch": 22, "time_epoch": 80.79244, "eta": 6212.66966, "eta_hours": 1.72574, "loss": 0.67926023, "lr": 0.00092305, "params": 502054, "time_iter": 0.12927, "accuracy": 0.75684, "f1": 0.75684, "auc": 0.95374}
{"epoch": 23, "time_epoch": 80.30863, "eta": 6130.7969, "eta_hours": 1.703, "loss": 0.6780647, "lr": 0.000914, "params": 502054, "time_iter": 0.12849, "accuracy": 0.75719, "f1": 0.75719, "auc": 0.9539}
{"epoch": 24, "time_epoch": 80.87586, "eta": 6050.75096, "eta_hours": 1.68076, "loss": 0.67284022, "lr": 0.00090451, "params": 502054, "time_iter": 0.1294, "accuracy": 0.75866, "f1": 0.75866, "auc": 0.95463}
{"epoch": 25, "time_epoch": 80.44838, "eta": 5969.42449, "eta_hours": 1.65817, "loss": 0.6717391, "lr": 0.00089457, "params": 502054, "time_iter": 0.12872, "accuracy": 0.75856, "f1": 0.75856, "auc": 0.95477}
{"epoch": 26, "time_epoch": 80.52949, "eta": 5888.38238, "eta_hours": 1.63566, "loss": 0.66792585, "lr": 0.0008842, "params": 502054, "time_iter": 0.12885, "accuracy": 0.75987, "f1": 0.75986, "auc": 0.95528}
{"epoch": 27, "time_epoch": 80.76847, "eta": 5807.9914, "eta_hours": 1.61333, "loss": 0.66601677, "lr": 0.00087341, "params": 502054, "time_iter": 0.12923, "accuracy": 0.76064, "f1": 0.76064, "auc": 0.95553}
{"epoch": 28, "time_epoch": 80.5925, "eta": 5727.14357, "eta_hours": 1.59087, "loss": 0.66181877, "lr": 0.00086221, "params": 502054, "time_iter": 0.12895, "accuracy": 0.7619, "f1": 0.7619, "auc": 0.95609}
{"epoch": 29, "time_epoch": 80.63878, "eta": 5646.42075, "eta_hours": 1.56845, "loss": 0.65934561, "lr": 0.00085062, "params": 502054, "time_iter": 0.12902, "accuracy": 0.76298, "f1": 0.76298, "auc": 0.95644}
{"epoch": 30, "time_epoch": 80.74788, "eta": 5565.94618, "eta_hours": 1.5461, "loss": 0.66101333, "lr": 0.00083864, "params": 502054, "time_iter": 0.1292, "accuracy": 0.76257, "f1": 0.76257, "auc": 0.9562}
{"epoch": 31, "time_epoch": 80.33416, "eta": 5484.57538, "eta_hours": 1.52349, "loss": 0.65351744, "lr": 0.00082629, "params": 502054, "time_iter": 0.12853, "accuracy": 0.76527, "f1": 0.76527, "auc": 0.95718}
{"epoch": 32, "time_epoch": 80.54264, "eta": 5403.69069, "eta_hours": 1.50103, "loss": 0.65079889, "lr": 0.00081359, "params": 502054, "time_iter": 0.12887, "accuracy": 0.76587, "f1": 0.76587, "auc": 0.95755}
{"epoch": 33, "time_epoch": 80.56196, "eta": 5322.8636, "eta_hours": 1.47857, "loss": 0.6485159, "lr": 0.00080054, "params": 502054, "time_iter": 0.1289, "accuracy": 0.76712, "f1": 0.76712, "auc": 0.95784}
{"epoch": 34, "time_epoch": 80.54044, "eta": 5242.0117, "eta_hours": 1.45611, "loss": 0.64513043, "lr": 0.00078716, "params": 502054, "time_iter": 0.12886, "accuracy": 0.76793, "f1": 0.76793, "auc": 0.95827}
{"epoch": 35, "time_epoch": 80.28665, "eta": 5160.72594, "eta_hours": 1.43353, "loss": 0.64156534, "lr": 0.00077347, "params": 502054, "time_iter": 0.12846, "accuracy": 0.76895, "f1": 0.76894, "auc": 0.95875}
{"epoch": 36, "time_epoch": 80.25866, "eta": 5079.44651, "eta_hours": 1.41096, "loss": 0.64012431, "lr": 0.00075948, "params": 502054, "time_iter": 0.12841, "accuracy": 0.77021, "f1": 0.7702, "auc": 0.95893}
{"epoch": 37, "time_epoch": 80.53649, "eta": 4998.67411, "eta_hours": 1.38852, "loss": 0.63893224, "lr": 0.00074521, "params": 502054, "time_iter": 0.12886, "accuracy": 0.76984, "f1": 0.76984, "auc": 0.9591}
{"epoch": 38, "time_epoch": 80.68196, "eta": 4918.14134, "eta_hours": 1.36615, "loss": 0.63382175, "lr": 0.00073067, "params": 502054, "time_iter": 0.12909, "accuracy": 0.77131, "f1": 0.77131, "auc": 0.95976}
{"epoch": 39, "time_epoch": 80.43321, "eta": 4837.22799, "eta_hours": 1.34367, "loss": 0.63421169, "lr": 0.00071588, "params": 502054, "time_iter": 0.12869, "accuracy": 0.77126, "f1": 0.77126, "auc": 0.95971}
{"epoch": 40, "time_epoch": 80.5396, "eta": 4756.49115, "eta_hours": 1.32125, "loss": 0.62992835, "lr": 0.00070085, "params": 502054, "time_iter": 0.12886, "accuracy": 0.77296, "f1": 0.77296, "auc": 0.96023}
{"epoch": 41, "time_epoch": 80.65331, "eta": 4675.92074, "eta_hours": 1.29887, "loss": 0.6280875, "lr": 0.0006856, "params": 502054, "time_iter": 0.12905, "accuracy": 0.77302, "f1": 0.77302, "auc": 0.9605}
{"epoch": 42, "time_epoch": 80.59566, "eta": 4595.27004, "eta_hours": 1.27646, "loss": 0.62643119, "lr": 0.00067015, "params": 502054, "time_iter": 0.12895, "accuracy": 0.77397, "f1": 0.77397, "auc": 0.96069}
{"epoch": 43, "time_epoch": 80.82414, "eta": 4514.91264, "eta_hours": 1.25414, "loss": 0.62410648, "lr": 0.00065451, "params": 502054, "time_iter": 0.12932, "accuracy": 0.77434, "f1": 0.77435, "auc": 0.96099}
{"epoch": 44, "time_epoch": 80.79056, "eta": 4434.49347, "eta_hours": 1.2318, "loss": 0.61983705, "lr": 0.0006387, "params": 502054, "time_iter": 0.12926, "accuracy": 0.77604, "f1": 0.77604, "auc": 0.96153}
{"epoch": 45, "time_epoch": 80.57594, "eta": 4353.80619, "eta_hours": 1.20939, "loss": 0.61809815, "lr": 0.00062274, "params": 502054, "time_iter": 0.12892, "accuracy": 0.7771, "f1": 0.7771, "auc": 0.96172}
{"epoch": 46, "time_epoch": 80.88416, "eta": 4273.47123, "eta_hours": 1.18708, "loss": 0.61555479, "lr": 0.00060665, "params": 502054, "time_iter": 0.12941, "accuracy": 0.77801, "f1": 0.77801, "auc": 0.96204}
{"epoch": 47, "time_epoch": 80.53485, "eta": 4192.73495, "eta_hours": 1.16465, "loss": 0.61378744, "lr": 0.00059044, "params": 502054, "time_iter": 0.12886, "accuracy": 0.77831, "f1": 0.77831, "auc": 0.96227}
{"epoch": 48, "time_epoch": 80.85396, "eta": 4112.33904, "eta_hours": 1.14232, "loss": 0.60878053, "lr": 0.00057413, "params": 502054, "time_iter": 0.12937, "accuracy": 0.77973, "f1": 0.77973, "auc": 0.96287}
{"epoch": 49, "time_epoch": 80.73158, "eta": 4031.80242, "eta_hours": 1.11995, "loss": 0.60680291, "lr": 0.00055774, "params": 502054, "time_iter": 0.12917, "accuracy": 0.78078, "f1": 0.78078, "auc": 0.96313}
{"epoch": 50, "time_epoch": 80.40035, "eta": 3950.93992, "eta_hours": 1.09748, "loss": 0.60548624, "lr": 0.00054129, "params": 502054, "time_iter": 0.12864, "accuracy": 0.7814, "f1": 0.78139, "auc": 0.96328}
{"epoch": 51, "time_epoch": 80.66115, "eta": 3870.33593, "eta_hours": 1.07509, "loss": 0.60261282, "lr": 0.00052479, "params": 502054, "time_iter": 0.12906, "accuracy": 0.78229, "f1": 0.7823, "auc": 0.96363}
{"epoch": 52, "time_epoch": 80.44949, "eta": 3789.54209, "eta_hours": 1.05265, "loss": 0.59955999, "lr": 0.00050827, "params": 502054, "time_iter": 0.12872, "accuracy": 0.78362, "f1": 0.78362, "auc": 0.96398}
{"epoch": 53, "time_epoch": 80.52753, "eta": 3708.82748, "eta_hours": 1.03023, "loss": 0.59594713, "lr": 0.00049173, "params": 502054, "time_iter": 0.12884, "accuracy": 0.78479, "f1": 0.78479, "auc": 0.96443}
{"epoch": 54, "time_epoch": 80.38146, "eta": 3628.00015, "eta_hours": 1.00778, "loss": 0.59452741, "lr": 0.00047521, "params": 502054, "time_iter": 0.12861, "accuracy": 0.78502, "f1": 0.78502, "auc": 0.96461}
{"epoch": 55, "time_epoch": 81.01806, "eta": 3547.68894, "eta_hours": 0.98547, "loss": 0.59152662, "lr": 0.00045871, "params": 502054, "time_iter": 0.12963, "accuracy": 0.78671, "f1": 0.78671, "auc": 0.96495}
{"epoch": 56, "time_epoch": 80.79395, "eta": 3467.18386, "eta_hours": 0.96311, "loss": 0.58897224, "lr": 0.00044226, "params": 502054, "time_iter": 0.12927, "accuracy": 0.78676, "f1": 0.78676, "auc": 0.96526}
{"epoch": 57, "time_epoch": 80.95694, "eta": 3386.78685, "eta_hours": 0.94077, "loss": 0.58947879, "lr": 0.00042587, "params": 502054, "time_iter": 0.12953, "accuracy": 0.78739, "f1": 0.7874, "auc": 0.96519}
{"epoch": 58, "time_epoch": 80.76209, "eta": 3306.23545, "eta_hours": 0.9184, "loss": 0.58489715, "lr": 0.00040956, "params": 502054, "time_iter": 0.12922, "accuracy": 0.78891, "f1": 0.78891, "auc": 0.96573}
{"epoch": 59, "time_epoch": 80.86244, "eta": 3225.74393, "eta_hours": 0.89604, "loss": 0.58510914, "lr": 0.00039335, "params": 502054, "time_iter": 0.12938, "accuracy": 0.78856, "f1": 0.78856, "auc": 0.96571}
{"epoch": 60, "time_epoch": 80.83742, "eta": 3145.22425, "eta_hours": 0.87367, "loss": 0.58199563, "lr": 0.00037726, "params": 502054, "time_iter": 0.12934, "accuracy": 0.78995, "f1": 0.78995, "auc": 0.96607}
{"epoch": 61, "time_epoch": 80.90692, "eta": 3064.73692, "eta_hours": 0.85132, "loss": 0.57999875, "lr": 0.0003613, "params": 502054, "time_iter": 0.12945, "accuracy": 0.79017, "f1": 0.79017, "auc": 0.96631}
{"epoch": 62, "time_epoch": 80.7177, "eta": 2984.12513, "eta_hours": 0.82892, "loss": 0.57967484, "lr": 0.00034549, "params": 502054, "time_iter": 0.12915, "accuracy": 0.79019, "f1": 0.7902, "auc": 0.96636}
{"epoch": 63, "time_epoch": 80.91065, "eta": 2903.61857, "eta_hours": 0.80656, "loss": 0.57563098, "lr": 0.00032985, "params": 502054, "time_iter": 0.12946, "accuracy": 0.79123, "f1": 0.79123, "auc": 0.96684}
{"epoch": 64, "time_epoch": 80.95335, "eta": 2823.12257, "eta_hours": 0.7842, "loss": 0.571188, "lr": 0.0003144, "params": 502054, "time_iter": 0.12953, "accuracy": 0.7931, "f1": 0.7931, "auc": 0.96734}
{"epoch": 65, "time_epoch": 80.54335, "eta": 2742.40151, "eta_hours": 0.76178, "loss": 0.5699633, "lr": 0.00029915, "params": 502054, "time_iter": 0.12887, "accuracy": 0.79372, "f1": 0.79372, "auc": 0.96748}
{"epoch": 66, "time_epoch": 80.93252, "eta": 2661.87742, "eta_hours": 0.73941, "loss": 0.56872061, "lr": 0.00028412, "params": 502054, "time_iter": 0.12949, "accuracy": 0.79389, "f1": 0.79389, "auc": 0.96762}
{"epoch": 67, "time_epoch": 80.64406, "eta": 2581.20558, "eta_hours": 0.717, "loss": 0.56602285, "lr": 0.00026933, "params": 502054, "time_iter": 0.12903, "accuracy": 0.79515, "f1": 0.79515, "auc": 0.96792}
{"epoch": 68, "time_epoch": 80.92026, "eta": 2500.65863, "eta_hours": 0.69463, "loss": 0.56473407, "lr": 0.00025479, "params": 502054, "time_iter": 0.12947, "accuracy": 0.79579, "f1": 0.79579, "auc": 0.96806}
{"epoch": 69, "time_epoch": 80.84169, "eta": 2420.06735, "eta_hours": 0.67224, "loss": 0.56199849, "lr": 0.00024052, "params": 502054, "time_iter": 0.12935, "accuracy": 0.79629, "f1": 0.79629, "auc": 0.96838}
{"epoch": 70, "time_epoch": 80.80761, "eta": 2339.45509, "eta_hours": 0.64985, "loss": 0.56073113, "lr": 0.00022653, "params": 502054, "time_iter": 0.12929, "accuracy": 0.79678, "f1": 0.79678, "auc": 0.96854}
{"epoch": 71, "time_epoch": 80.86244, "eta": 2258.85872, "eta_hours": 0.62746, "loss": 0.56068675, "lr": 0.00021284, "params": 502054, "time_iter": 0.12938, "accuracy": 0.79684, "f1": 0.79684, "auc": 0.96854}
{"epoch": 72, "time_epoch": 80.85079, "eta": 2178.25076, "eta_hours": 0.60507, "loss": 0.55861977, "lr": 0.00019946, "params": 502054, "time_iter": 0.12936, "accuracy": 0.79745, "f1": 0.79745, "auc": 0.96878}
{"epoch": 73, "time_epoch": 80.91857, "eta": 2097.66005, "eta_hours": 0.58268, "loss": 0.55682666, "lr": 0.00018641, "params": 502054, "time_iter": 0.12947, "accuracy": 0.79827, "f1": 0.79827, "auc": 0.96897}
{"epoch": 74, "time_epoch": 80.74037, "eta": 2017.0012, "eta_hours": 0.56028, "loss": 0.5542381, "lr": 0.00017371, "params": 502054, "time_iter": 0.12918, "accuracy": 0.79909, "f1": 0.79909, "auc": 0.96926}
{"epoch": 75, "time_epoch": 80.79767, "eta": 1936.35829, "eta_hours": 0.53788, "loss": 0.55496639, "lr": 0.00016136, "params": 502054, "time_iter": 0.12928, "accuracy": 0.79922, "f1": 0.79923, "auc": 0.96917}
{"epoch": 76, "time_epoch": 81.18142, "eta": 1855.82599, "eta_hours": 0.51551, "loss": 0.55168882, "lr": 0.00014938, "params": 502054, "time_iter": 0.12989, "accuracy": 0.80038, "f1": 0.80038, "auc": 0.96954}
{"epoch": 77, "time_epoch": 80.67103, "eta": 1775.1331, "eta_hours": 0.49309, "loss": 0.55062671, "lr": 0.00013779, "params": 502054, "time_iter": 0.12907, "accuracy": 0.80015, "f1": 0.80015, "auc": 0.96967}
{"epoch": 78, "time_epoch": 80.92814, "eta": 1694.5091, "eta_hours": 0.4707, "loss": 0.54734108, "lr": 0.00012659, "params": 502054, "time_iter": 0.12949, "accuracy": 0.80191, "f1": 0.80191, "auc": 0.97002}
{"epoch": 79, "time_epoch": 80.44417, "eta": 1613.7565, "eta_hours": 0.44827, "loss": 0.54762011, "lr": 0.0001158, "params": 502054, "time_iter": 0.12871, "accuracy": 0.80152, "f1": 0.80152, "auc": 0.96998}
{"epoch": 80, "time_epoch": 80.39522, "eta": 1533.00004, "eta_hours": 0.42583, "loss": 0.54661752, "lr": 0.00010543, "params": 502054, "time_iter": 0.12863, "accuracy": 0.80209, "f1": 0.80209, "auc": 0.9701}
{"epoch": 81, "time_epoch": 80.84127, "eta": 1452.35031, "eta_hours": 0.40343, "loss": 0.54662384, "lr": 9.549e-05, "params": 502054, "time_iter": 0.12935, "accuracy": 0.80181, "f1": 0.80181, "auc": 0.97009}
{"epoch": 82, "time_epoch": 80.52144, "eta": 1371.63045, "eta_hours": 0.38101, "loss": 0.54398106, "lr": 8.6e-05, "params": 502054, "time_iter": 0.12883, "accuracy": 0.80304, "f1": 0.80304, "auc": 0.97038}
{"epoch": 83, "time_epoch": 80.50882, "eta": 1290.91291, "eta_hours": 0.35859, "loss": 0.54361314, "lr": 7.695e-05, "params": 502054, "time_iter": 0.12881, "accuracy": 0.80334, "f1": 0.80334, "auc": 0.97042}
{"epoch": 84, "time_epoch": 80.75459, "eta": 1210.24365, "eta_hours": 0.33618, "loss": 0.54296613, "lr": 6.837e-05, "params": 502054, "time_iter": 0.12921, "accuracy": 0.8029, "f1": 0.8029, "auc": 0.9705}
{"epoch": 85, "time_epoch": 80.44862, "eta": 1129.5226, "eta_hours": 0.31376, "loss": 0.54022833, "lr": 6.026e-05, "params": 502054, "time_iter": 0.12872, "accuracy": 0.80385, "f1": 0.80385, "auc": 0.97081}
{"epoch": 86, "time_epoch": 80.42981, "eta": 1048.805, "eta_hours": 0.29133, "loss": 0.54211513, "lr": 5.264e-05, "params": 502054, "time_iter": 0.12869, "accuracy": 0.80333, "f1": 0.80333, "auc": 0.97059}
{"epoch": 87, "time_epoch": 81.00067, "eta": 968.17179, "eta_hours": 0.26894, "loss": 0.54100917, "lr": 4.55e-05, "params": 502054, "time_iter": 0.1296, "accuracy": 0.80381, "f1": 0.80381, "auc": 0.97072}
{"epoch": 88, "time_epoch": 80.56774, "eta": 887.47681, "eta_hours": 0.24652, "loss": 0.53995012, "lr": 3.886e-05, "params": 502054, "time_iter": 0.12891, "accuracy": 0.80425, "f1": 0.80425, "auc": 0.97082}
{"epoch": 89, "time_epoch": 80.73947, "eta": 806.80374, "eta_hours": 0.22411, "loss": 0.53969964, "lr": 3.272e-05, "params": 502054, "time_iter": 0.12918, "accuracy": 0.80453, "f1": 0.80453, "auc": 0.97085}
{"epoch": 90, "time_epoch": 80.89306, "eta": 726.1444, "eta_hours": 0.20171, "loss": 0.53855331, "lr": 2.709e-05, "params": 502054, "time_iter": 0.12943, "accuracy": 0.80462, "f1": 0.80462, "auc": 0.97098}
{"epoch": 91, "time_epoch": 80.35997, "eta": 645.43363, "eta_hours": 0.17929, "loss": 0.53852312, "lr": 2.198e-05, "params": 502054, "time_iter": 0.12858, "accuracy": 0.80512, "f1": 0.80512, "auc": 0.97098}
{"epoch": 92, "time_epoch": 80.59069, "eta": 564.74776, "eta_hours": 0.15687, "loss": 0.5378532, "lr": 1.74e-05, "params": 502054, "time_iter": 0.12895, "accuracy": 0.80511, "f1": 0.80511, "auc": 0.97105}
{"epoch": 93, "time_epoch": 80.69307, "eta": 484.07046, "eta_hours": 0.13446, "loss": 0.536907, "lr": 1.334e-05, "params": 502054, "time_iter": 0.12911, "accuracy": 0.80535, "f1": 0.80535, "auc": 0.97116}
{"epoch": 94, "time_epoch": 80.32142, "eta": 403.37326, "eta_hours": 0.11205, "loss": 0.53488968, "lr": 9.81e-06, "params": 502054, "time_iter": 0.12851, "accuracy": 0.80626, "f1": 0.80626, "auc": 0.97136}
{"epoch": 95, "time_epoch": 80.75201, "eta": 322.70183, "eta_hours": 0.08964, "loss": 0.53752658, "lr": 6.82e-06, "params": 502054, "time_iter": 0.1292, "accuracy": 0.80487, "f1": 0.80487, "auc": 0.97108}
{"epoch": 96, "time_epoch": 80.63204, "eta": 242.02503, "eta_hours": 0.06723, "loss": 0.53573027, "lr": 4.37e-06, "params": 502054, "time_iter": 0.12901, "accuracy": 0.80604, "f1": 0.80604, "auc": 0.97128}
{"epoch": 97, "time_epoch": 81.00664, "eta": 161.35679, "eta_hours": 0.04482, "loss": 0.53615123, "lr": 2.46e-06, "params": 502054, "time_iter": 0.12961, "accuracy": 0.80564, "f1": 0.80564, "auc": 0.97123}
{"epoch": 98, "time_epoch": 80.84843, "eta": 80.68011, "eta_hours": 0.02241, "loss": 0.536731, "lr": 1.09e-06, "params": 502054, "time_iter": 0.12936, "accuracy": 0.80549, "f1": 0.80549, "auc": 0.97117}
{"epoch": 99, "time_epoch": 81.16261, "eta": 0.0, "eta_hours": 0.0, "loss": 0.53641166, "lr": 2.7e-07, "params": 502054, "time_iter": 0.12986, "accuracy": 0.80538, "f1": 0.80538, "auc": 0.97121}
