{"epoch": 0, "time_epoch": 38.8406, "eta": 5787.24908, "eta_hours": 1.60757, "loss": 1.61164064, "lr": 0.0, "params": 527237, "time_iter": 0.17735, "accuracy": 0.2, "f1": 0.06676, "auc": 0.47859}
{"epoch": 1, "time_epoch": 37.95846, "eta": 5683.1302, "eta_hours": 1.57865, "loss": 1.54062346, "lr": 5e-05, "params": 527237, "time_iter": 0.17333, "accuracy": 0.43829, "f1": 0.36488, "auc": 0.78236}
{"epoch": 2, "time_epoch": 38.19046, "eta": 5634.48621, "eta_hours": 1.56514, "loss": 1.39865465, "lr": 0.0001, "params": 527237, "time_iter": 0.17439, "accuracy": 0.68629, "f1": 0.68737, "auc": 0.88418}
{"epoch": 3, "time_epoch": 38.30506, "eta": 5595.252, "eta_hours": 1.55424, "loss": 1.28717834, "lr": 0.00015, "params": 527237, "time_iter": 0.17491, "accuracy": 0.76829, "f1": 0.76715, "auc": 0.92104}
{"epoch": 4, "time_epoch": 38.25844, "eta": 5555.0373, "eta_hours": 1.54307, "loss": 1.19137586, "lr": 0.0002, "params": 527237, "time_iter": 0.1747, "accuracy": 0.79657, "f1": 0.79269, "auc": 0.93596}
{"epoch": 5, "time_epoch": 38.20168, "eta": 5514.11257, "eta_hours": 1.5317, "loss": 1.09933213, "lr": 0.00025, "params": 527237, "time_iter": 0.17444, "accuracy": 0.81543, "f1": 0.8122, "auc": 0.94395}
{"epoch": 6, "time_epoch": 37.95869, "eta": 5469.00195, "eta_hours": 1.51917, "loss": 0.99992291, "lr": 0.0003, "params": 527237, "time_iter": 0.17333, "accuracy": 0.83029, "f1": 0.82578, "auc": 0.95486}
{"epoch": 7, "time_epoch": 38.1729, "eta": 5429.48152, "eta_hours": 1.50819, "loss": 0.89237912, "lr": 0.00035, "params": 527237, "time_iter": 0.17431, "accuracy": 0.87, "f1": 0.86803, "auc": 0.96654}
{"epoch": 8, "time_epoch": 37.92837, "eta": 5386.42951, "eta_hours": 1.49623, "loss": 0.78296375, "lr": 0.0004, "params": 527237, "time_iter": 0.17319, "accuracy": 0.89257, "f1": 0.8921, "auc": 0.97385}
{"epoch": 9, "time_epoch": 38.16839, "eta": 5347.76256, "eta_hours": 1.48549, "loss": 0.69257709, "lr": 0.00045, "params": 527237, "time_iter": 0.17428, "accuracy": 0.89371, "f1": 0.89374, "auc": 0.9766}
{"epoch": 10, "time_epoch": 38.11252, "eta": 5308.48029, "eta_hours": 1.47458, "loss": 0.5943638, "lr": 0.0005, "params": 527237, "time_iter": 0.17403, "accuracy": 0.90743, "f1": 0.90771, "auc": 0.98112}
{"epoch": 11, "time_epoch": 38.21565, "eta": 5270.579, "eta_hours": 1.46405, "loss": 0.51523556, "lr": 0.00049994, "params": 527237, "time_iter": 0.1745, "accuracy": 0.91314, "f1": 0.91286, "auc": 0.98416}
{"epoch": 12, "time_epoch": 38.23869, "eta": 5232.8721, "eta_hours": 1.45358, "loss": 0.45382029, "lr": 0.00049975, "params": 527237, "time_iter": 0.17461, "accuracy": 0.91886, "f1": 0.91901, "auc": 0.98569}
{"epoch": 13, "time_epoch": 38.1628, "eta": 5194.35198, "eta_hours": 1.44288, "loss": 0.41629502, "lr": 0.00049943, "params": 527237, "time_iter": 0.17426, "accuracy": 0.91686, "f1": 0.91696, "auc": 0.9854}
{"epoch": 14, "time_epoch": 38.39783, "eta": 5157.99476, "eta_hours": 1.43278, "loss": 0.37616508, "lr": 0.00049899, "params": 527237, "time_iter": 0.17533, "accuracy": 0.92429, "f1": 0.92452, "auc": 0.9864}
{"epoch": 15, "time_epoch": 38.30489, "eta": 5120.60412, "eta_hours": 1.42239, "loss": 0.34408685, "lr": 0.00049843, "params": 527237, "time_iter": 0.17491, "accuracy": 0.92657, "f1": 0.92678, "auc": 0.98821}
{"epoch": 16, "time_epoch": 37.98565, "eta": 5080.60837, "eta_hours": 1.41128, "loss": 0.30887733, "lr": 0.00049774, "params": 527237, "time_iter": 0.17345, "accuracy": 0.93286, "f1": 0.93296, "auc": 0.98898}
{"epoch": 17, "time_epoch": 38.34904, "eta": 5043.50077, "eta_hours": 1.40097, "loss": 0.28618027, "lr": 0.00049692, "params": 527237, "time_iter": 0.17511, "accuracy": 0.93486, "f1": 0.93497, "auc": 0.98999}
{"epoch": 18, "time_epoch": 38.03579, "eta": 5004.10272, "eta_hours": 1.39003, "loss": 0.27524497, "lr": 0.00049598, "params": 527237, "time_iter": 0.17368, "accuracy": 0.92829, "f1": 0.92862, "auc": 0.99019}
{"epoch": 19, "time_epoch": 38.11867, "eta": 4965.37965, "eta_hours": 1.37927, "loss": 0.24973092, "lr": 0.00049492, "params": 527237, "time_iter": 0.17406, "accuracy": 0.936, "f1": 0.93615, "auc": 0.99126}
{"epoch": 20, "time_epoch": 38.1831, "eta": 4927.10995, "eta_hours": 1.36864, "loss": 0.22649456, "lr": 0.00049373, "params": 527237, "time_iter": 0.17435, "accuracy": 0.94029, "f1": 0.9404, "auc": 0.99195}
{"epoch": 21, "time_epoch": 37.92687, "eta": 4887.35728, "eta_hours": 1.3576, "loss": 0.22306589, "lr": 0.00049242, "params": 527237, "time_iter": 0.17318, "accuracy": 0.94429, "f1": 0.94406, "auc": 0.99172}
{"epoch": 22, "time_epoch": 37.87413, "eta": 4847.47218, "eta_hours": 1.34652, "loss": 0.20108262, "lr": 0.00049099, "params": 527237, "time_iter": 0.17294, "accuracy": 0.94971, "f1": 0.94975, "auc": 0.99267}
{"epoch": 23, "time_epoch": 37.91763, "eta": 4807.98303, "eta_hours": 1.33555, "loss": 0.19695238, "lr": 0.00048944, "params": 527237, "time_iter": 0.17314, "accuracy": 0.94657, "f1": 0.94646, "auc": 0.99294}
{"epoch": 24, "time_epoch": 38.25126, "eta": 4770.28777, "eta_hours": 1.32508, "loss": 0.19532349, "lr": 0.00048776, "params": 527237, "time_iter": 0.17466, "accuracy": 0.946, "f1": 0.94609, "auc": 0.99259}
{"epoch": 25, "time_epoch": 38.2639, "eta": 4732.61, "eta_hours": 1.31461, "loss": 0.17701895, "lr": 0.00048597, "params": 527237, "time_iter": 0.17472, "accuracy": 0.95514, "f1": 0.95526, "auc": 0.99284}
{"epoch": 26, "time_epoch": 37.9574, "eta": 4693.49255, "eta_hours": 1.30375, "loss": 0.18451194, "lr": 0.00048406, "params": 527237, "time_iter": 0.17332, "accuracy": 0.948, "f1": 0.94816, "auc": 0.99337}
{"epoch": 27, "time_epoch": 38.21779, "eta": 4655.59251, "eta_hours": 1.29322, "loss": 0.16966728, "lr": 0.00048203, "params": 527237, "time_iter": 0.17451, "accuracy": 0.94971, "f1": 0.9498, "auc": 0.99414}
{"epoch": 28, "time_epoch": 38.03193, "eta": 4616.8951, "eta_hours": 1.28247, "loss": 0.16139262, "lr": 0.00047988, "params": 527237, "time_iter": 0.17366, "accuracy": 0.95429, "f1": 0.95423, "auc": 0.99457}
{"epoch": 29, "time_epoch": 38.14034, "eta": 4578.67568, "eta_hours": 1.27185, "loss": 0.16251491, "lr": 0.00047762, "params": 527237, "time_iter": 0.17416, "accuracy": 0.95114, "f1": 0.95102, "auc": 0.99465}
{"epoch": 30, "time_epoch": 38.30643, "eta": 4541.09894, "eta_hours": 1.26142, "loss": 0.15637505, "lr": 0.00047524, "params": 527237, "time_iter": 0.17492, "accuracy": 0.95686, "f1": 0.95689, "auc": 0.99508}
{"epoch": 31, "time_epoch": 37.99306, "eta": 4502.32103, "eta_hours": 1.25064, "loss": 0.14954023, "lr": 0.00047275, "params": 527237, "time_iter": 0.17348, "accuracy": 0.95914, "f1": 0.95915, "auc": 0.99523}
{"epoch": 32, "time_epoch": 38.13768, "eta": 4464.10344, "eta_hours": 1.24003, "loss": 0.15126425, "lr": 0.00047015, "params": 527237, "time_iter": 0.17414, "accuracy": 0.95457, "f1": 0.95448, "auc": 0.99543}
{"epoch": 33, "time_epoch": 38.03205, "eta": 4425.53015, "eta_hours": 1.22931, "loss": 0.13867025, "lr": 0.00046744, "params": 527237, "time_iter": 0.17366, "accuracy": 0.958, "f1": 0.95792, "auc": 0.9959}
{"epoch": 34, "time_epoch": 38.43215, "eta": 4388.30242, "eta_hours": 1.21897, "loss": 0.13393325, "lr": 0.00046461, "params": 527237, "time_iter": 0.17549, "accuracy": 0.96029, "f1": 0.9602, "auc": 0.99614}
{"epoch": 35, "time_epoch": 38.27353, "eta": 4350.50546, "eta_hours": 1.20847, "loss": 0.14320917, "lr": 0.00046168, "params": 527237, "time_iter": 0.17476, "accuracy": 0.95429, "f1": 0.95424, "auc": 0.99569}
{"epoch": 36, "time_epoch": 37.80117, "eta": 4311.24013, "eta_hours": 1.19757, "loss": 0.13085166, "lr": 0.00045864, "params": 527237, "time_iter": 0.17261, "accuracy": 0.96057, "f1": 0.96061, "auc": 0.99604}
{"epoch": 37, "time_epoch": 38.09979, "eta": 4272.93201, "eta_hours": 1.18693, "loss": 0.12556732, "lr": 0.0004555, "params": 527237, "time_iter": 0.17397, "accuracy": 0.96314, "f1": 0.96303, "auc": 0.99647}
{"epoch": 38, "time_epoch": 37.81984, "eta": 4233.83778, "eta_hours": 1.17607, "loss": 0.11035119, "lr": 0.00045225, "params": 527237, "time_iter": 0.17269, "accuracy": 0.96857, "f1": 0.96852, "auc": 0.99712}
{"epoch": 39, "time_epoch": 37.99283, "eta": 4195.28301, "eta_hours": 1.16536, "loss": 0.12606382, "lr": 0.00044891, "params": 527237, "time_iter": 0.17348, "accuracy": 0.96114, "f1": 0.96112, "auc": 0.99665}
{"epoch": 40, "time_epoch": 38.00381, "eta": 4156.78483, "eta_hours": 1.15466, "loss": 0.10696794, "lr": 0.00044546, "params": 527237, "time_iter": 0.17353, "accuracy": 0.96914, "f1": 0.96909, "auc": 0.99692}
{"epoch": 41, "time_epoch": 37.99446, "eta": 4118.28615, "eta_hours": 1.14397, "loss": 0.11291346, "lr": 0.00044191, "params": 527237, "time_iter": 0.17349, "accuracy": 0.96657, "f1": 0.96653, "auc": 0.99686}
{"epoch": 42, "time_epoch": 38.02901, "eta": 4079.8969, "eta_hours": 1.1333, "loss": 0.11811597, "lr": 0.00043827, "params": 527237, "time_iter": 0.17365, "accuracy": 0.966, "f1": 0.96597, "auc": 0.99656}
{"epoch": 43, "time_epoch": 38.09766, "eta": 4041.68941, "eta_hours": 1.12269, "loss": 0.10616415, "lr": 0.00043453, "params": 527237, "time_iter": 0.17396, "accuracy": 0.96771, "f1": 0.96766, "auc": 0.99708}
{"epoch": 44, "time_epoch": 38.12707, "eta": 4003.55543, "eta_hours": 1.1121, "loss": 0.11678294, "lr": 0.0004307, "params": 527237, "time_iter": 0.1741, "accuracy": 0.96571, "f1": 0.96568, "auc": 0.99684}
{"epoch": 45, "time_epoch": 37.91375, "eta": 3964.93944, "eta_hours": 1.10137, "loss": 0.12658741, "lr": 0.00042678, "params": 527237, "time_iter": 0.17312, "accuracy": 0.95943, "f1": 0.95947, "auc": 0.99646}
{"epoch": 46, "time_epoch": 37.98082, "eta": 3926.50034, "eta_hours": 1.09069, "loss": 0.10715498, "lr": 0.00042277, "params": 527237, "time_iter": 0.17343, "accuracy": 0.96743, "f1": 0.96738, "auc": 0.99696}
{"epoch": 47, "time_epoch": 37.86277, "eta": 3887.82946, "eta_hours": 1.07995, "loss": 0.10746346, "lr": 0.00041867, "params": 527237, "time_iter": 0.17289, "accuracy": 0.97086, "f1": 0.9708, "auc": 0.99662}
{"epoch": 48, "time_epoch": 38.06087, "eta": 3849.59991, "eta_hours": 1.06933, "loss": 0.09641359, "lr": 0.00041448, "params": 527237, "time_iter": 0.17379, "accuracy": 0.97114, "f1": 0.97112, "auc": 0.99736}
{"epoch": 49, "time_epoch": 38.00363, "eta": 3811.26262, "eta_hours": 1.05868, "loss": 0.11320218, "lr": 0.00041022, "params": 527237, "time_iter": 0.17353, "accuracy": 0.96686, "f1": 0.96685, "auc": 0.99646}
{"epoch": 50, "time_epoch": 38.02493, "eta": 3772.97975, "eta_hours": 1.04805, "loss": 0.10168353, "lr": 0.00040587, "params": 527237, "time_iter": 0.17363, "accuracy": 0.96914, "f1": 0.96911, "auc": 0.99755}
{"epoch": 51, "time_epoch": 37.62787, "eta": 3733.9585, "eta_hours": 1.03721, "loss": 0.08877175, "lr": 0.00040145, "params": 527237, "time_iter": 0.17182, "accuracy": 0.976, "f1": 0.97596, "auc": 0.99753}
{"epoch": 52, "time_epoch": 37.97392, "eta": 3695.62318, "eta_hours": 1.02656, "loss": 0.09668172, "lr": 0.00039695, "params": 527237, "time_iter": 0.1734, "accuracy": 0.97257, "f1": 0.97251, "auc": 0.99752}
{"epoch": 53, "time_epoch": 37.85373, "eta": 3657.08756, "eta_hours": 1.01586, "loss": 0.0957721, "lr": 0.00039237, "params": 527237, "time_iter": 0.17285, "accuracy": 0.97343, "f1": 0.97341, "auc": 0.99755}
{"epoch": 54, "time_epoch": 37.95953, "eta": 3618.75949, "eta_hours": 1.00521, "loss": 0.09041607, "lr": 0.00038772, "params": 527237, "time_iter": 0.17333, "accuracy": 0.976, "f1": 0.97597, "auc": 0.99751}
{"epoch": 55, "time_epoch": 38.16375, "eta": 3580.78738, "eta_hours": 0.99466, "loss": 0.08906391, "lr": 0.00038301, "params": 527237, "time_iter": 0.17426, "accuracy": 0.97457, "f1": 0.97451, "auc": 0.99798}
{"epoch": 56, "time_epoch": 38.28609, "eta": 3543.00816, "eta_hours": 0.98417, "loss": 0.0931085, "lr": 0.00037822, "params": 527237, "time_iter": 0.17482, "accuracy": 0.97257, "f1": 0.97256, "auc": 0.9977}
{"epoch": 57, "time_epoch": 38.18941, "eta": 3505.05809, "eta_hours": 0.97363, "loss": 0.09461084, "lr": 0.00037338, "params": 527237, "time_iter": 0.17438, "accuracy": 0.97286, "f1": 0.97279, "auc": 0.99746}
{"epoch": 58, "time_epoch": 38.08729, "eta": 3466.94241, "eta_hours": 0.96304, "loss": 0.09576162, "lr": 0.00036847, "params": 527237, "time_iter": 0.17391, "accuracy": 0.97343, "f1": 0.9734, "auc": 0.99745}
{"epoch": 59, "time_epoch": 37.82095, "eta": 3428.42817, "eta_hours": 0.95234, "loss": 0.08046896, "lr": 0.0003635, "params": 527237, "time_iter": 0.1727, "accuracy": 0.978, "f1": 0.97797, "auc": 0.9984}
{"epoch": 60, "time_epoch": 38.08635, "eta": 3390.32387, "eta_hours": 0.94176, "loss": 0.0923956, "lr": 0.00035847, "params": 527237, "time_iter": 0.17391, "accuracy": 0.97371, "f1": 0.97365, "auc": 0.99796}
{"epoch": 61, "time_epoch": 38.04933, "eta": 3352.16762, "eta_hours": 0.93116, "loss": 0.0784159, "lr": 0.00035339, "params": 527237, "time_iter": 0.17374, "accuracy": 0.97971, "f1": 0.97967, "auc": 0.99794}
{"epoch": 62, "time_epoch": 38.0577, "eta": 3314.02631, "eta_hours": 0.92056, "loss": 0.08132393, "lr": 0.00034826, "params": 527237, "time_iter": 0.17378, "accuracy": 0.97514, "f1": 0.9751, "auc": 0.99822}
{"epoch": 63, "time_epoch": 38.30433, "eta": 3276.21903, "eta_hours": 0.91006, "loss": 0.0873803, "lr": 0.00034307, "params": 527237, "time_iter": 0.17491, "accuracy": 0.97486, "f1": 0.97479, "auc": 0.99788}
{"epoch": 64, "time_epoch": 38.19429, "eta": 3238.25256, "eta_hours": 0.89951, "loss": 0.08711632, "lr": 0.00033784, "params": 527237, "time_iter": 0.1744, "accuracy": 0.97371, "f1": 0.9737, "auc": 0.99798}
{"epoch": 65, "time_epoch": 37.93288, "eta": 3199.94648, "eta_hours": 0.88887, "loss": 0.0759014, "lr": 0.00033257, "params": 527237, "time_iter": 0.17321, "accuracy": 0.97829, "f1": 0.97822, "auc": 0.99839}
{"epoch": 66, "time_epoch": 38.04913, "eta": 3161.79554, "eta_hours": 0.87828, "loss": 0.08072103, "lr": 0.00032725, "params": 527237, "time_iter": 0.17374, "accuracy": 0.97714, "f1": 0.9771, "auc": 0.9985}
{"epoch": 67, "time_epoch": 38.16386, "eta": 3123.78596, "eta_hours": 0.86772, "loss": 0.06855789, "lr": 0.0003219, "params": 527237, "time_iter": 0.17426, "accuracy": 0.98086, "f1": 0.98081, "auc": 0.99862}
{"epoch": 68, "time_epoch": 37.8458, "eta": 3085.39852, "eta_hours": 0.85706, "loss": 0.06620875, "lr": 0.00031651, "params": 527237, "time_iter": 0.17281, "accuracy": 0.98114, "f1": 0.98111, "auc": 0.99861}
{"epoch": 69, "time_epoch": 37.8829, "eta": 3047.06897, "eta_hours": 0.84641, "loss": 0.07541523, "lr": 0.00031109, "params": 527237, "time_iter": 0.17298, "accuracy": 0.97914, "f1": 0.97907, "auc": 0.99834}
{"epoch": 70, "time_epoch": 38.05413, "eta": 3008.94251, "eta_hours": 0.83582, "loss": 0.07107905, "lr": 0.00030563, "params": 527237, "time_iter": 0.17376, "accuracy": 0.98114, "f1": 0.9811, "auc": 0.99844}
{"epoch": 71, "time_epoch": 38.0491, "eta": 2970.81262, "eta_hours": 0.82523, "loss": 0.06953484, "lr": 0.00030015, "params": 527237, "time_iter": 0.17374, "accuracy": 0.98057, "f1": 0.98054, "auc": 0.9987}
{"epoch": 72, "time_epoch": 37.80273, "eta": 2932.42507, "eta_hours": 0.81456, "loss": 0.07258289, "lr": 0.00029464, "params": 527237, "time_iter": 0.17262, "accuracy": 0.98, "f1": 0.97997, "auc": 0.99841}
{"epoch": 73, "time_epoch": 38.24344, "eta": 2894.50595, "eta_hours": 0.80403, "loss": 0.06673631, "lr": 0.00028911, "params": 527237, "time_iter": 0.17463, "accuracy": 0.98086, "f1": 0.98083, "auc": 0.9987}
{"epoch": 74, "time_epoch": 38.03136, "eta": 2856.3661, "eta_hours": 0.79344, "loss": 0.07221418, "lr": 0.00028356, "params": 527237, "time_iter": 0.17366, "accuracy": 0.97857, "f1": 0.97855, "auc": 0.99862}
{"epoch": 75, "time_epoch": 38.39745, "eta": 2818.58556, "eta_hours": 0.78294, "loss": 0.07097404, "lr": 0.00027799, "params": 527237, "time_iter": 0.17533, "accuracy": 0.97914, "f1": 0.9791, "auc": 0.99856}
{"epoch": 76, "time_epoch": 38.11386, "eta": 2780.52014, "eta_hours": 0.77237, "loss": 0.06398513, "lr": 0.00027241, "params": 527237, "time_iter": 0.17404, "accuracy": 0.98229, "f1": 0.98226, "auc": 0.9988}
{"epoch": 77, "time_epoch": 38.09525, "eta": 2742.4363, "eta_hours": 0.76179, "loss": 0.06526904, "lr": 0.00026682, "params": 527237, "time_iter": 0.17395, "accuracy": 0.98229, "f1": 0.98225, "auc": 0.99853}
{"epoch": 78, "time_epoch": 38.25699, "eta": 2704.49753, "eta_hours": 0.75125, "loss": 0.06846924, "lr": 0.00026122, "params": 527237, "time_iter": 0.17469, "accuracy": 0.98086, "f1": 0.98084, "auc": 0.99854}
{"epoch": 79, "time_epoch": 37.84345, "eta": 2666.18896, "eta_hours": 0.74061, "loss": 0.06685067, "lr": 0.00025561, "params": 527237, "time_iter": 0.1728, "accuracy": 0.98029, "f1": 0.98025, "auc": 0.9986}
{"epoch": 80, "time_epoch": 38.11678, "eta": 2628.12471, "eta_hours": 0.73003, "loss": 0.06358694, "lr": 0.00025, "params": 527237, "time_iter": 0.17405, "accuracy": 0.98086, "f1": 0.98082, "auc": 0.99862}
{"epoch": 81, "time_epoch": 37.93058, "eta": 2589.90477, "eta_hours": 0.71942, "loss": 0.06585123, "lr": 0.00024439, "params": 527237, "time_iter": 0.1732, "accuracy": 0.98086, "f1": 0.98084, "auc": 0.99854}
{"epoch": 82, "time_epoch": 37.96837, "eta": 2551.72231, "eta_hours": 0.70881, "loss": 0.05973399, "lr": 0.00023878, "params": 527237, "time_iter": 0.17337, "accuracy": 0.98257, "f1": 0.98255, "auc": 0.99873}
{"epoch": 83, "time_epoch": 37.908, "eta": 2513.4975, "eta_hours": 0.69819, "loss": 0.06132814, "lr": 0.00023318, "params": 527237, "time_iter": 0.1731, "accuracy": 0.98286, "f1": 0.98282, "auc": 0.99875}
{"epoch": 84, "time_epoch": 38.23962, "eta": 2475.53375, "eta_hours": 0.68765, "loss": 0.05911092, "lr": 0.00022759, "params": 527237, "time_iter": 0.17461, "accuracy": 0.98314, "f1": 0.98312, "auc": 0.99887}
{"epoch": 85, "time_epoch": 38.10713, "eta": 2437.46499, "eta_hours": 0.67707, "loss": 0.05531609, "lr": 0.00022201, "params": 527237, "time_iter": 0.17401, "accuracy": 0.98286, "f1": 0.98283, "auc": 0.99894}
{"epoch": 86, "time_epoch": 38.18371, "eta": 2399.4508, "eta_hours": 0.66651, "loss": 0.05726421, "lr": 0.00021644, "params": 527237, "time_iter": 0.17435, "accuracy": 0.982, "f1": 0.98198, "auc": 0.99878}
{"epoch": 87, "time_epoch": 37.91963, "eta": 2361.24669, "eta_hours": 0.6559, "loss": 0.06220918, "lr": 0.00021089, "params": 527237, "time_iter": 0.17315, "accuracy": 0.98229, "f1": 0.98226, "auc": 0.99867}
{"epoch": 88, "time_epoch": 37.86311, "eta": 2323.01025, "eta_hours": 0.64528, "loss": 0.05967692, "lr": 0.00020536, "params": 527237, "time_iter": 0.17289, "accuracy": 0.98286, "f1": 0.98284, "auc": 0.9988}
{"epoch": 89, "time_epoch": 38.19338, "eta": 2285.00228, "eta_hours": 0.63472, "loss": 0.05364236, "lr": 0.00019985, "params": 527237, "time_iter": 0.1744, "accuracy": 0.984, "f1": 0.98397, "auc": 0.99898}
{"epoch": 90, "time_epoch": 38.32523, "eta": 2247.07572, "eta_hours": 0.62419, "loss": 0.05295481, "lr": 0.00019437, "params": 527237, "time_iter": 0.175, "accuracy": 0.98429, "f1": 0.98427, "auc": 0.99892}
{"epoch": 91, "time_epoch": 38.20808, "eta": 2209.06664, "eta_hours": 0.61363, "loss": 0.05500494, "lr": 0.00018891, "params": 527237, "time_iter": 0.17447, "accuracy": 0.98429, "f1": 0.98427, "auc": 0.99888}
{"epoch": 92, "time_epoch": 38.40578, "eta": 2171.17445, "eta_hours": 0.6031, "loss": 0.0525534, "lr": 0.00018349, "params": 527237, "time_iter": 0.17537, "accuracy": 0.98486, "f1": 0.98483, "auc": 0.99882}
{"epoch": 93, "time_epoch": 37.99487, "eta": 2133.02653, "eta_hours": 0.59251, "loss": 0.05231857, "lr": 0.0001781, "params": 527237, "time_iter": 0.17349, "accuracy": 0.98457, "f1": 0.98455, "auc": 0.99887}
{"epoch": 94, "time_epoch": 38.12866, "eta": 2094.95929, "eta_hours": 0.58193, "loss": 0.05964791, "lr": 0.00017275, "params": 527237, "time_iter": 0.1741, "accuracy": 0.98257, "f1": 0.98253, "auc": 0.9988}
{"epoch": 95, "time_epoch": 37.75828, "eta": 2056.68243, "eta_hours": 0.5713, "loss": 0.05515926, "lr": 0.00016743, "params": 527237, "time_iter": 0.17241, "accuracy": 0.982, "f1": 0.98197, "auc": 0.99894}
{"epoch": 96, "time_epoch": 38.05387, "eta": 2018.57777, "eta_hours": 0.56072, "loss": 0.05411572, "lr": 0.00016216, "params": 527237, "time_iter": 0.17376, "accuracy": 0.98343, "f1": 0.9834, "auc": 0.99893}
{"epoch": 97, "time_epoch": 38.17849, "eta": 1980.54028, "eta_hours": 0.55015, "loss": 0.05613521, "lr": 0.00015693, "params": 527237, "time_iter": 0.17433, "accuracy": 0.98343, "f1": 0.9834, "auc": 0.99875}
{"epoch": 98, "time_epoch": 38.14864, "eta": 1942.48456, "eta_hours": 0.53958, "loss": 0.05364573, "lr": 0.00015174, "params": 527237, "time_iter": 0.17419, "accuracy": 0.98314, "f1": 0.98312, "auc": 0.99894}
{"epoch": 99, "time_epoch": 38.11038, "eta": 1904.40785, "eta_hours": 0.529, "loss": 0.04933679, "lr": 0.00014661, "params": 527237, "time_iter": 0.17402, "accuracy": 0.986, "f1": 0.98598, "auc": 0.99905}
{"epoch": 100, "time_epoch": 38.24302, "eta": 1866.39482, "eta_hours": 0.51844, "loss": 0.05580518, "lr": 0.00014153, "params": 527237, "time_iter": 0.17463, "accuracy": 0.98343, "f1": 0.9834, "auc": 0.999}
{"epoch": 101, "time_epoch": 38.11797, "eta": 1828.31844, "eta_hours": 0.50787, "loss": 0.04802511, "lr": 0.0001365, "params": 527237, "time_iter": 0.17405, "accuracy": 0.98429, "f1": 0.98426, "auc": 0.99907}
{"epoch": 102, "time_epoch": 37.99185, "eta": 1790.1837, "eta_hours": 0.49727, "loss": 0.04909455, "lr": 0.00013153, "params": 527237, "time_iter": 0.17348, "accuracy": 0.98514, "f1": 0.98512, "auc": 0.99891}
{"epoch": 103, "time_epoch": 37.81337, "eta": 1751.97276, "eta_hours": 0.48666, "loss": 0.04945935, "lr": 0.00012662, "params": 527237, "time_iter": 0.17266, "accuracy": 0.98571, "f1": 0.9857, "auc": 0.99888}
{"epoch": 104, "time_epoch": 37.75931, "eta": 1713.74623, "eta_hours": 0.47604, "loss": 0.04995474, "lr": 0.00012178, "params": 527237, "time_iter": 0.17242, "accuracy": 0.98543, "f1": 0.98541, "auc": 0.99889}
{"epoch": 105, "time_epoch": 37.87096, "eta": 1675.57486, "eta_hours": 0.46544, "loss": 0.04693853, "lr": 0.00011699, "params": 527237, "time_iter": 0.17293, "accuracy": 0.98457, "f1": 0.98455, "auc": 0.99912}
{"epoch": 106, "time_epoch": 38.16531, "eta": 1637.5274, "eta_hours": 0.45487, "loss": 0.04775596, "lr": 0.00011228, "params": 527237, "time_iter": 0.17427, "accuracy": 0.986, "f1": 0.98598, "auc": 0.99905}
{"epoch": 107, "time_epoch": 38.083, "eta": 1599.44574, "eta_hours": 0.44429, "loss": 0.04754811, "lr": 0.00010763, "params": 527237, "time_iter": 0.17389, "accuracy": 0.986, "f1": 0.98598, "auc": 0.99902}
{"epoch": 108, "time_epoch": 37.81157, "eta": 1561.26196, "eta_hours": 0.43368, "loss": 0.04555441, "lr": 0.00010305, "params": 527237, "time_iter": 0.17266, "accuracy": 0.98629, "f1": 0.98627, "auc": 0.99904}
{"epoch": 109, "time_epoch": 37.92646, "eta": 1523.12673, "eta_hours": 0.42309, "loss": 0.047968, "lr": 9.855e-05, "params": 527237, "time_iter": 0.17318, "accuracy": 0.98486, "f1": 0.98483, "auc": 0.99903}
{"epoch": 110, "time_epoch": 37.77094, "eta": 1484.94062, "eta_hours": 0.41248, "loss": 0.04729237, "lr": 9.413e-05, "params": 527237, "time_iter": 0.17247, "accuracy": 0.986, "f1": 0.98598, "auc": 0.99903}
{"epoch": 111, "time_epoch": 38.03061, "eta": 1446.85002, "eta_hours": 0.4019, "loss": 0.04754697, "lr": 8.978e-05, "params": 527237, "time_iter": 0.17366, "accuracy": 0.98657, "f1": 0.98656, "auc": 0.99903}
{"epoch": 112, "time_epoch": 38.23572, "eta": 1408.82765, "eta_hours": 0.39134, "loss": 0.04534284, "lr": 8.552e-05, "params": 527237, "time_iter": 0.17459, "accuracy": 0.98571, "f1": 0.9857, "auc": 0.99908}
{"epoch": 113, "time_epoch": 38.28476, "eta": 1370.81701, "eta_hours": 0.38078, "loss": 0.04771801, "lr": 8.133e-05, "params": 527237, "time_iter": 0.17482, "accuracy": 0.98629, "f1": 0.98627, "auc": 0.99899}
{"epoch": 114, "time_epoch": 38.20494, "eta": 1332.77732, "eta_hours": 0.37022, "loss": 0.04531555, "lr": 7.723e-05, "params": 527237, "time_iter": 0.17445, "accuracy": 0.98629, "f1": 0.98627, "auc": 0.99914}
{"epoch": 115, "time_epoch": 38.27177, "eta": 1294.75437, "eta_hours": 0.35965, "loss": 0.04506855, "lr": 7.322e-05, "params": 527237, "time_iter": 0.17476, "accuracy": 0.98629, "f1": 0.98627, "auc": 0.99902}
{"epoch": 116, "time_epoch": 37.98629, "eta": 1256.64664, "eta_hours": 0.34907, "loss": 0.04433967, "lr": 6.93e-05, "params": 527237, "time_iter": 0.17345, "accuracy": 0.98686, "f1": 0.98684, "auc": 0.99914}
{"epoch": 117, "time_epoch": 38.1167, "eta": 1218.57634, "eta_hours": 0.33849, "loss": 0.04507862, "lr": 6.547e-05, "params": 527237, "time_iter": 0.17405, "accuracy": 0.98657, "f1": 0.98656, "auc": 0.99913}
{"epoch": 118, "time_epoch": 38.35677, "eta": 1180.56779, "eta_hours": 0.32794, "loss": 0.04517037, "lr": 6.173e-05, "params": 527237, "time_iter": 0.17515, "accuracy": 0.98686, "f1": 0.98684, "auc": 0.9991}
{"epoch": 119, "time_epoch": 38.44305, "eta": 1142.57502, "eta_hours": 0.31738, "loss": 0.04443194, "lr": 5.809e-05, "params": 527237, "time_iter": 0.17554, "accuracy": 0.98629, "f1": 0.98627, "auc": 0.99895}
{"epoch": 120, "time_epoch": 38.17366, "eta": 1104.51023, "eta_hours": 0.30681, "loss": 0.04390844, "lr": 5.454e-05, "params": 527237, "time_iter": 0.17431, "accuracy": 0.98714, "f1": 0.98713, "auc": 0.99911}
{"epoch": 121, "time_epoch": 38.28332, "eta": 1066.46883, "eta_hours": 0.29624, "loss": 0.04352756, "lr": 5.109e-05, "params": 527237, "time_iter": 0.17481, "accuracy": 0.98686, "f1": 0.98684, "auc": 0.99898}
{"epoch": 122, "time_epoch": 38.08203, "eta": 1028.37931, "eta_hours": 0.28566, "loss": 0.04380474, "lr": 4.775e-05, "params": 527237, "time_iter": 0.17389, "accuracy": 0.986, "f1": 0.98598, "auc": 0.99908}
{"epoch": 123, "time_epoch": 38.2489, "eta": 990.3249, "eta_hours": 0.27509, "loss": 0.04383393, "lr": 4.45e-05, "params": 527237, "time_iter": 0.17465, "accuracy": 0.98714, "f1": 0.98713, "auc": 0.99907}
{"epoch": 124, "time_epoch": 38.16006, "eta": 952.24961, "eta_hours": 0.26451, "loss": 0.04443706, "lr": 4.136e-05, "params": 527237, "time_iter": 0.17425, "accuracy": 0.98657, "f1": 0.98655, "auc": 0.99902}
{"epoch": 125, "time_epoch": 38.37067, "eta": 914.21309, "eta_hours": 0.25395, "loss": 0.04325268, "lr": 3.832e-05, "params": 527237, "time_iter": 0.17521, "accuracy": 0.986, "f1": 0.98598, "auc": 0.99909}
{"epoch": 126, "time_epoch": 38.01901, "eta": 876.10762, "eta_hours": 0.24336, "loss": 0.04329699, "lr": 3.539e-05, "params": 527237, "time_iter": 0.1736, "accuracy": 0.98629, "f1": 0.98627, "auc": 0.99914}
{"epoch": 127, "time_epoch": 38.10425, "eta": 838.01815, "eta_hours": 0.23278, "loss": 0.04146575, "lr": 3.256e-05, "params": 527237, "time_iter": 0.17399, "accuracy": 0.98743, "f1": 0.98742, "auc": 0.99911}
{"epoch": 128, "time_epoch": 38.5039, "eta": 799.99351, "eta_hours": 0.22222, "loss": 0.04213625, "lr": 2.985e-05, "params": 527237, "time_iter": 0.17582, "accuracy": 0.98714, "f1": 0.98713, "auc": 0.99901}
{"epoch": 129, "time_epoch": 38.2832, "eta": 761.92755, "eta_hours": 0.21165, "loss": 0.04262031, "lr": 2.725e-05, "params": 527237, "time_iter": 0.17481, "accuracy": 0.98714, "f1": 0.98713, "auc": 0.99905}
{"epoch": 130, "time_epoch": 38.20222, "eta": 723.84652, "eta_hours": 0.20107, "loss": 0.04203629, "lr": 2.476e-05, "params": 527237, "time_iter": 0.17444, "accuracy": 0.98743, "f1": 0.98742, "auc": 0.99903}
{"epoch": 131, "time_epoch": 38.4437, "eta": 685.79659, "eta_hours": 0.1905, "loss": 0.04179808, "lr": 2.238e-05, "params": 527237, "time_iter": 0.17554, "accuracy": 0.98714, "f1": 0.98713, "auc": 0.99925}
{"epoch": 132, "time_epoch": 38.25859, "eta": 647.71707, "eta_hours": 0.17992, "loss": 0.04202447, "lr": 2.012e-05, "params": 527237, "time_iter": 0.1747, "accuracy": 0.98686, "f1": 0.98684, "auc": 0.99917}
{"epoch": 133, "time_epoch": 38.31449, "eta": 609.64156, "eta_hours": 0.16934, "loss": 0.04129931, "lr": 1.797e-05, "params": 527237, "time_iter": 0.17495, "accuracy": 0.98714, "f1": 0.98713, "auc": 0.99919}
{"epoch": 134, "time_epoch": 38.01789, "eta": 571.52955, "eta_hours": 0.15876, "loss": 0.04148926, "lr": 1.594e-05, "params": 527237, "time_iter": 0.1736, "accuracy": 0.98714, "f1": 0.98713, "auc": 0.99908}
{"epoch": 135, "time_epoch": 38.40961, "eta": 533.45925, "eta_hours": 0.14818, "loss": 0.04184636, "lr": 1.403e-05, "params": 527237, "time_iter": 0.17539, "accuracy": 0.98714, "f1": 0.98713, "auc": 0.99905}
{"epoch": 136, "time_epoch": 38.26713, "eta": 495.37047, "eta_hours": 0.1376, "loss": 0.04109111, "lr": 1.224e-05, "params": 527237, "time_iter": 0.17474, "accuracy": 0.98714, "f1": 0.98713, "auc": 0.99914}
{"epoch": 137, "time_epoch": 38.21444, "eta": 457.27453, "eta_hours": 0.12702, "loss": 0.04117056, "lr": 1.056e-05, "params": 527237, "time_iter": 0.1745, "accuracy": 0.98714, "f1": 0.98713, "auc": 0.99921}
{"epoch": 138, "time_epoch": 38.5464, "eta": 419.20316, "eta_hours": 0.11645, "loss": 0.04131372, "lr": 9.01e-06, "params": 527237, "time_iter": 0.17601, "accuracy": 0.98743, "f1": 0.98742, "auc": 0.99914}
{"epoch": 139, "time_epoch": 38.34681, "eta": 381.11074, "eta_hours": 0.10586, "loss": 0.04108664, "lr": 7.58e-06, "params": 527237, "time_iter": 0.1751, "accuracy": 0.98771, "f1": 0.98771, "auc": 0.99918}
{"epoch": 140, "time_epoch": 38.17168, "eta": 343.00353, "eta_hours": 0.09528, "loss": 0.04028048, "lr": 6.27e-06, "params": 527237, "time_iter": 0.1743, "accuracy": 0.98743, "f1": 0.98742, "auc": 0.99929}
{"epoch": 141, "time_epoch": 38.17537, "eta": 304.89563, "eta_hours": 0.08469, "loss": 0.04085652, "lr": 5.08e-06, "params": 527237, "time_iter": 0.17432, "accuracy": 0.98771, "f1": 0.98771, "auc": 0.99906}
{"epoch": 142, "time_epoch": 38.08172, "eta": 266.78219, "eta_hours": 0.07411, "loss": 0.04071096, "lr": 4.02e-06, "params": 527237, "time_iter": 0.17389, "accuracy": 0.98714, "f1": 0.98713, "auc": 0.99914}
{"epoch": 143, "time_epoch": 38.25089, "eta": 228.67625, "eta_hours": 0.06352, "loss": 0.04088579, "lr": 3.08e-06, "params": 527237, "time_iter": 0.17466, "accuracy": 0.98714, "f1": 0.98713, "auc": 0.99911}
{"epoch": 144, "time_epoch": 38.12509, "eta": 190.56397, "eta_hours": 0.05293, "loss": 0.04060078, "lr": 2.26e-06, "params": 527237, "time_iter": 0.17409, "accuracy": 0.98743, "f1": 0.98742, "auc": 0.99919}
{"epoch": 145, "time_epoch": 38.33713, "eta": 152.45732, "eta_hours": 0.04235, "loss": 0.04053216, "lr": 1.57e-06, "params": 527237, "time_iter": 0.17506, "accuracy": 0.98714, "f1": 0.98713, "auc": 0.9993}
{"epoch": 146, "time_epoch": 38.15196, "eta": 114.34376, "eta_hours": 0.03176, "loss": 0.03989427, "lr": 1.01e-06, "params": 527237, "time_iter": 0.17421, "accuracy": 0.98743, "f1": 0.98742, "auc": 0.99926}
{"epoch": 147, "time_epoch": 37.79368, "eta": 76.22484, "eta_hours": 0.02117, "loss": 0.03963661, "lr": 5.7e-07, "params": 527237, "time_iter": 0.17257, "accuracy": 0.988, "f1": 0.98799, "auc": 0.99922}
{"epoch": 148, "time_epoch": 38.19069, "eta": 38.11294, "eta_hours": 0.01059, "loss": 0.04050521, "lr": 2.5e-07, "params": 527237, "time_iter": 0.17439, "accuracy": 0.98743, "f1": 0.98742, "auc": 0.9991}
{"epoch": 149, "time_epoch": 38.28305, "eta": 0.0, "eta_hours": 0.0, "loss": 0.04105081, "lr": 6e-08, "params": 527237, "time_iter": 0.17481, "accuracy": 0.98686, "f1": 0.98684, "auc": 0.99924}
