{"epoch": 0, "time_epoch": 83.62527, "eta": 12460.16578, "eta_hours": 3.46116, "loss": 1.61974403, "lr": 0.0, "params": 282437, "time_iter": 0.09557, "accuracy": 0.2, "f1": 0.06667, "auc": 0.4568}
{"epoch": 1, "time_epoch": 81.35631, "eta": 12208.63719, "eta_hours": 3.39129, "loss": 1.55429194, "lr": 5e-05, "params": 282437, "time_iter": 0.09298, "accuracy": 0.28571, "f1": 0.20464, "auc": 0.77194}
{"epoch": 2, "time_epoch": 81.0836, "eta": 12057.19393, "eta_hours": 3.34922, "loss": 1.41528072, "lr": 0.0001, "params": 282437, "time_iter": 0.09267, "accuracy": 0.61743, "f1": 0.57004, "auc": 0.87637}
{"epoch": 3, "time_epoch": 79.78862, "eta": 11893.66373, "eta_hours": 3.3038, "loss": 1.31816815, "lr": 0.00015, "params": 282437, "time_iter": 0.09119, "accuracy": 0.72, "f1": 0.66315, "auc": 0.92314}
{"epoch": 4, "time_epoch": 80.69492, "eta": 11789.91298, "eta_hours": 3.27498, "loss": 1.23832286, "lr": 0.0002, "params": 282437, "time_iter": 0.09222, "accuracy": 0.74486, "f1": 0.70268, "auc": 0.93783}
{"epoch": 5, "time_epoch": 80.16256, "eta": 11681.07072, "eta_hours": 3.24474, "loss": 1.14971969, "lr": 0.00025, "params": 282437, "time_iter": 0.09161, "accuracy": 0.78114, "f1": 0.75928, "auc": 0.94921}
{"epoch": 6, "time_epoch": 80.04947, "eta": 11578.11256, "eta_hours": 3.21614, "loss": 1.05396293, "lr": 0.0003, "params": 282437, "time_iter": 0.09149, "accuracy": 0.82057, "f1": 0.81159, "auc": 0.95696}
{"epoch": 7, "time_epoch": 80.39735, "eta": 11487.05638, "eta_hours": 3.19085, "loss": 0.93494556, "lr": 0.00035, "params": 282437, "time_iter": 0.09188, "accuracy": 0.85343, "f1": 0.85034, "auc": 0.96431}
{"epoch": 8, "time_epoch": 80.40808, "eta": 11398.53691, "eta_hours": 3.16626, "loss": 0.8304447, "lr": 0.0004, "params": 282437, "time_iter": 0.09189, "accuracy": 0.864, "f1": 0.86326, "auc": 0.96624}
{"epoch": 9, "time_epoch": 81.28344, "eta": 11323.89474, "eta_hours": 3.14553, "loss": 0.72719554, "lr": 0.00045, "params": 282437, "time_iter": 0.0929, "accuracy": 0.88, "f1": 0.87847, "auc": 0.97156}
{"epoch": 10, "time_epoch": 80.47966, "eta": 11237.88825, "eta_hours": 3.12164, "loss": 0.64333036, "lr": 0.0005, "params": 282437, "time_iter": 0.09198, "accuracy": 0.88514, "f1": 0.88514, "auc": 0.97543}
{"epoch": 11, "time_epoch": 80.66467, "eta": 11154.93046, "eta_hours": 3.09859, "loss": 0.55443866, "lr": 0.00049994, "params": 282437, "time_iter": 0.09219, "accuracy": 0.89971, "f1": 0.89948, "auc": 0.98}
{"epoch": 12, "time_epoch": 80.84855, "eta": 11074.26325, "eta_hours": 3.07618, "loss": 0.47940971, "lr": 0.00049975, "params": 282437, "time_iter": 0.0924, "accuracy": 0.91114, "f1": 0.91129, "auc": 0.98317}
{"epoch": 13, "time_epoch": 81.71594, "eta": 11001.99626, "eta_hours": 3.05611, "loss": 0.41784504, "lr": 0.00049943, "params": 282437, "time_iter": 0.09339, "accuracy": 0.92371, "f1": 0.92404, "auc": 0.98667}
{"epoch": 14, "time_epoch": 79.58075, "eta": 10909.25268, "eta_hours": 3.03035, "loss": 0.37753606, "lr": 0.00049899, "params": 282437, "time_iter": 0.09095, "accuracy": 0.92257, "f1": 0.9227, "auc": 0.98702}
{"epoch": 15, "time_epoch": 81.23232, "eta": 10831.98639, "eta_hours": 3.00889, "loss": 0.33271083, "lr": 0.00049843, "params": 282437, "time_iter": 0.09284, "accuracy": 0.93, "f1": 0.92989, "auc": 0.98812}
{"epoch": 16, "time_epoch": 80.56835, "eta": 10749.05888, "eta_hours": 2.98585, "loss": 0.30535447, "lr": 0.00049774, "params": 282437, "time_iter": 0.09208, "accuracy": 0.93343, "f1": 0.93351, "auc": 0.98789}
{"epoch": 17, "time_epoch": 81.07867, "eta": 10670.13585, "eta_hours": 2.96393, "loss": 0.27504658, "lr": 0.00049692, "params": 282437, "time_iter": 0.09266, "accuracy": 0.93629, "f1": 0.93633, "auc": 0.99014}
{"epoch": 18, "time_epoch": 81.27621, "eta": 10592.3479, "eta_hours": 2.94232, "loss": 0.26982141, "lr": 0.00049598, "params": 282437, "time_iter": 0.09289, "accuracy": 0.932, "f1": 0.93213, "auc": 0.98936}
{"epoch": 19, "time_epoch": 80.08688, "eta": 10506.48047, "eta_hours": 2.91847, "loss": 0.25161638, "lr": 0.00049492, "params": 282437, "time_iter": 0.09153, "accuracy": 0.938, "f1": 0.93795, "auc": 0.98973}
{"epoch": 20, "time_epoch": 81.10738, "eta": 10427.43236, "eta_hours": 2.89651, "loss": 0.23826232, "lr": 0.00049373, "params": 282437, "time_iter": 0.09269, "accuracy": 0.93971, "f1": 0.93965, "auc": 0.99091}
{"epoch": 21, "time_epoch": 79.46425, "eta": 10338.63703, "eta_hours": 2.87184, "loss": 0.22952746, "lr": 0.00049242, "params": 282437, "time_iter": 0.09082, "accuracy": 0.94171, "f1": 0.94158, "auc": 0.98992}
{"epoch": 22, "time_epoch": 79.9005, "eta": 10253.06193, "eta_hours": 2.84807, "loss": 0.2124596, "lr": 0.00049099, "params": 282437, "time_iter": 0.09131, "accuracy": 0.94314, "f1": 0.94311, "auc": 0.99071}
{"epoch": 23, "time_epoch": 81.28066, "eta": 10175.2056, "eta_hours": 2.82645, "loss": 0.20894369, "lr": 0.00048944, "params": 282437, "time_iter": 0.09289, "accuracy": 0.94029, "f1": 0.94016, "auc": 0.99134}
{"epoch": 24, "time_epoch": 80.88902, "eta": 10095.1171, "eta_hours": 2.8042, "loss": 0.20083397, "lr": 0.00048776, "params": 282437, "time_iter": 0.09244, "accuracy": 0.94629, "f1": 0.94633, "auc": 0.99181}
{"epoch": 25, "time_epoch": 80.71874, "eta": 10014.15491, "eta_hours": 2.78171, "loss": 0.189881, "lr": 0.00048597, "params": 282437, "time_iter": 0.09225, "accuracy": 0.94543, "f1": 0.94551, "auc": 0.99252}
{"epoch": 26, "time_epoch": 79.52824, "eta": 9927.78739, "eta_hours": 2.75772, "loss": 0.18688114, "lr": 0.00048406, "params": 282437, "time_iter": 0.09089, "accuracy": 0.94771, "f1": 0.94762, "auc": 0.99297}
{"epoch": 27, "time_epoch": 80.18913, "eta": 9844.78794, "eta_hours": 2.73466, "loss": 0.17978434, "lr": 0.00048203, "params": 282437, "time_iter": 0.09164, "accuracy": 0.94971, "f1": 0.9498, "auc": 0.99384}
{"epoch": 28, "time_epoch": 79.73404, "eta": 9760.08351, "eta_hours": 2.71113, "loss": 0.17498634, "lr": 0.00047988, "params": 282437, "time_iter": 0.09112, "accuracy": 0.94914, "f1": 0.94904, "auc": 0.99388}
{"epoch": 29, "time_epoch": 81.35356, "eta": 9682.18854, "eta_hours": 2.6895, "loss": 0.16939042, "lr": 0.00047762, "params": 282437, "time_iter": 0.09298, "accuracy": 0.95229, "f1": 0.95223, "auc": 0.99365}
{"epoch": 30, "time_epoch": 80.78732, "eta": 9601.89677, "eta_hours": 2.66719, "loss": 0.15665943, "lr": 0.00047524, "params": 282437, "time_iter": 0.09233, "accuracy": 0.95486, "f1": 0.95484, "auc": 0.99373}
{"epoch": 31, "time_epoch": 80.59573, "eta": 9520.86755, "eta_hours": 2.64469, "loss": 0.14865236, "lr": 0.00047275, "params": 282437, "time_iter": 0.09211, "accuracy": 0.95914, "f1": 0.95912, "auc": 0.99439}
{"epoch": 32, "time_epoch": 80.34331, "eta": 9438.96967, "eta_hours": 2.62194, "loss": 0.14850084, "lr": 0.00047015, "params": 282437, "time_iter": 0.09182, "accuracy": 0.96029, "f1": 0.96026, "auc": 0.99453}
{"epoch": 33, "time_epoch": 80.38327, "eta": 9357.29954, "eta_hours": 2.59925, "loss": 0.1526129, "lr": 0.00046744, "params": 282437, "time_iter": 0.09187, "accuracy": 0.96057, "f1": 0.96048, "auc": 0.99438}
{"epoch": 34, "time_epoch": 81.32532, "eta": 9278.79827, "eta_hours": 2.57744, "loss": 0.14636555, "lr": 0.00046461, "params": 282437, "time_iter": 0.09294, "accuracy": 0.96057, "f1": 0.96051, "auc": 0.99501}
{"epoch": 35, "time_epoch": 80.16393, "eta": 9196.46238, "eta_hours": 2.55457, "loss": 0.14182196, "lr": 0.00046168, "params": 282437, "time_iter": 0.09162, "accuracy": 0.96143, "f1": 0.96139, "auc": 0.99519}
{"epoch": 36, "time_epoch": 80.24566, "eta": 9114.49348, "eta_hours": 2.5318, "loss": 0.14163986, "lr": 0.00045864, "params": 282437, "time_iter": 0.09171, "accuracy": 0.96229, "f1": 0.96225, "auc": 0.99489}
{"epoch": 37, "time_epoch": 80.76548, "eta": 9034.14739, "eta_hours": 2.50949, "loss": 0.14981424, "lr": 0.0004555, "params": 282437, "time_iter": 0.0923, "accuracy": 0.958, "f1": 0.95794, "auc": 0.99501}
{"epoch": 38, "time_epoch": 80.17616, "eta": 8952.10249, "eta_hours": 2.4867, "loss": 0.14212803, "lr": 0.00045225, "params": 282437, "time_iter": 0.09163, "accuracy": 0.96371, "f1": 0.96366, "auc": 0.99507}
{"epoch": 39, "time_epoch": 80.79669, "eta": 8871.85748, "eta_hours": 2.4644, "loss": 0.13150662, "lr": 0.00044891, "params": 282437, "time_iter": 0.09234, "accuracy": 0.96429, "f1": 0.96425, "auc": 0.99554}
{"epoch": 40, "time_epoch": 80.54151, "eta": 8790.90717, "eta_hours": 2.44192, "loss": 0.14894479, "lr": 0.00044546, "params": 282437, "time_iter": 0.09205, "accuracy": 0.962, "f1": 0.96195, "auc": 0.99464}
{"epoch": 41, "time_epoch": 80.3469, "eta": 8709.47589, "eta_hours": 2.4193, "loss": 0.11500382, "lr": 0.00044191, "params": 282437, "time_iter": 0.09183, "accuracy": 0.96857, "f1": 0.96855, "auc": 0.99647}
{"epoch": 42, "time_epoch": 80.11673, "eta": 8627.5223, "eta_hours": 2.39653, "loss": 0.1319558, "lr": 0.00043827, "params": 282437, "time_iter": 0.09156, "accuracy": 0.96486, "f1": 0.9648, "auc": 0.99629}
{"epoch": 43, "time_epoch": 80.70261, "eta": 8547.06365, "eta_hours": 2.37418, "loss": 0.1375385, "lr": 0.00043453, "params": 282437, "time_iter": 0.09223, "accuracy": 0.96371, "f1": 0.96364, "auc": 0.99553}
{"epoch": 44, "time_epoch": 80.8865, "eta": 8467.02322, "eta_hours": 2.35195, "loss": 0.12036393, "lr": 0.0004307, "params": 282437, "time_iter": 0.09244, "accuracy": 0.96771, "f1": 0.96763, "auc": 0.99573}
{"epoch": 45, "time_epoch": 80.78106, "eta": 8386.70762, "eta_hours": 2.32964, "loss": 0.12664173, "lr": 0.00042678, "params": 282437, "time_iter": 0.09232, "accuracy": 0.964, "f1": 0.96398, "auc": 0.99598}
{"epoch": 46, "time_epoch": 80.78423, "eta": 8306.37916, "eta_hours": 2.30733, "loss": 0.11676398, "lr": 0.00042277, "params": 282437, "time_iter": 0.09232, "accuracy": 0.96543, "f1": 0.9654, "auc": 0.99664}
{"epoch": 47, "time_epoch": 79.91939, "eta": 8224.19393, "eta_hours": 2.2845, "loss": 0.11576185, "lr": 0.00041867, "params": 282437, "time_iter": 0.09134, "accuracy": 0.96771, "f1": 0.96767, "auc": 0.99602}
{"epoch": 48, "time_epoch": 80.6646, "eta": 8143.63724, "eta_hours": 2.26212, "loss": 0.11242218, "lr": 0.00041448, "params": 282437, "time_iter": 0.09219, "accuracy": 0.97029, "f1": 0.97028, "auc": 0.99678}
{"epoch": 49, "time_epoch": 80.62912, "eta": 8063.00526, "eta_hours": 2.23972, "loss": 0.10602498, "lr": 0.00041022, "params": 282437, "time_iter": 0.09215, "accuracy": 0.96886, "f1": 0.96881, "auc": 0.99722}
{"epoch": 50, "time_epoch": 79.78234, "eta": 7980.72965, "eta_hours": 2.21687, "loss": 0.11466699, "lr": 0.00040587, "params": 282437, "time_iter": 0.09118, "accuracy": 0.96829, "f1": 0.96825, "auc": 0.99666}
{"epoch": 51, "time_epoch": 81.23162, "eta": 7901.28127, "eta_hours": 2.1948, "loss": 0.10506832, "lr": 0.00040145, "params": 282437, "time_iter": 0.09284, "accuracy": 0.974, "f1": 0.97395, "auc": 0.99691}
{"epoch": 52, "time_epoch": 80.8276, "eta": 7821.02616, "eta_hours": 2.17251, "loss": 0.10936547, "lr": 0.00039695, "params": 282437, "time_iter": 0.09237, "accuracy": 0.97171, "f1": 0.97173, "auc": 0.99696}
{"epoch": 53, "time_epoch": 80.40105, "eta": 7739.99154, "eta_hours": 2.15, "loss": 0.10377737, "lr": 0.00039237, "params": 282437, "time_iter": 0.09189, "accuracy": 0.97371, "f1": 0.97368, "auc": 0.99668}
{"epoch": 54, "time_epoch": 81.31738, "eta": 7660.56271, "eta_hours": 2.12793, "loss": 0.10686317, "lr": 0.00038772, "params": 282437, "time_iter": 0.09293, "accuracy": 0.97114, "f1": 0.9711, "auc": 0.99692}
{"epoch": 55, "time_epoch": 79.96596, "eta": 7578.79798, "eta_hours": 2.10522, "loss": 0.10528072, "lr": 0.00038301, "params": 282437, "time_iter": 0.09139, "accuracy": 0.97257, "f1": 0.97251, "auc": 0.99725}
{"epoch": 56, "time_epoch": 80.22978, "eta": 7497.5268, "eta_hours": 2.08265, "loss": 0.09480804, "lr": 0.00037822, "params": 282437, "time_iter": 0.09169, "accuracy": 0.97457, "f1": 0.97452, "auc": 0.9979}
{"epoch": 57, "time_epoch": 80.43888, "eta": 7416.62321, "eta_hours": 2.06017, "loss": 0.09822393, "lr": 0.00037338, "params": 282437, "time_iter": 0.09193, "accuracy": 0.97514, "f1": 0.97508, "auc": 0.99714}
{"epoch": 58, "time_epoch": 79.84153, "eta": 7334.81403, "eta_hours": 2.03745, "loss": 0.09763149, "lr": 0.00036847, "params": 282437, "time_iter": 0.09125, "accuracy": 0.97514, "f1": 0.97509, "auc": 0.99716}
{"epoch": 59, "time_epoch": 79.08981, "eta": 7251.94286, "eta_hours": 2.01443, "loss": 0.10473475, "lr": 0.0003635, "params": 282437, "time_iter": 0.09039, "accuracy": 0.97314, "f1": 0.97309, "auc": 0.99716}
{"epoch": 60, "time_epoch": 80.78559, "eta": 7171.66984, "eta_hours": 1.99213, "loss": 0.09414172, "lr": 0.00035847, "params": 282437, "time_iter": 0.09233, "accuracy": 0.976, "f1": 0.97595, "auc": 0.99768}
{"epoch": 61, "time_epoch": 81.00774, "eta": 7091.6956, "eta_hours": 1.96992, "loss": 0.10075367, "lr": 0.00035339, "params": 282437, "time_iter": 0.09258, "accuracy": 0.97686, "f1": 0.9768, "auc": 0.9972}
{"epoch": 62, "time_epoch": 80.62446, "eta": 7011.15926, "eta_hours": 1.94754, "loss": 0.09908972, "lr": 0.00034826, "params": 282437, "time_iter": 0.09214, "accuracy": 0.97486, "f1": 0.9748, "auc": 0.99778}
{"epoch": 63, "time_epoch": 80.51252, "eta": 6930.46974, "eta_hours": 1.92513, "loss": 0.10529953, "lr": 0.00034307, "params": 282437, "time_iter": 0.09201, "accuracy": 0.97429, "f1": 0.97424, "auc": 0.9976}
{"epoch": 64, "time_epoch": 79.98667, "eta": 6849.09802, "eta_hours": 1.90253, "loss": 0.0870904, "lr": 0.00033784, "params": 282437, "time_iter": 0.09141, "accuracy": 0.978, "f1": 0.97796, "auc": 0.99748}
{"epoch": 65, "time_epoch": 80.5042, "eta": 6768.42695, "eta_hours": 1.88012, "loss": 0.0798438, "lr": 0.00033257, "params": 282437, "time_iter": 0.092, "accuracy": 0.98, "f1": 0.97998, "auc": 0.99813}
{"epoch": 66, "time_epoch": 80.92007, "eta": 6688.27604, "eta_hours": 1.85785, "loss": 0.10426752, "lr": 0.00032725, "params": 282437, "time_iter": 0.09248, "accuracy": 0.97457, "f1": 0.97453, "auc": 0.99736}
{"epoch": 67, "time_epoch": 79.56608, "eta": 6606.46976, "eta_hours": 1.83513, "loss": 0.0749661, "lr": 0.0003219, "params": 282437, "time_iter": 0.09093, "accuracy": 0.98171, "f1": 0.98168, "auc": 0.99829}
{"epoch": 68, "time_epoch": 79.98657, "eta": 6525.22203, "eta_hours": 1.81256, "loss": 0.08887571, "lr": 0.00031651, "params": 282437, "time_iter": 0.09141, "accuracy": 0.97714, "f1": 0.97709, "auc": 0.99818}
{"epoch": 69, "time_epoch": 80.58625, "eta": 6444.69568, "eta_hours": 1.79019, "loss": 0.08236017, "lr": 0.00031109, "params": 282437, "time_iter": 0.0921, "accuracy": 0.97714, "f1": 0.97708, "auc": 0.99818}
{"epoch": 70, "time_epoch": 80.84287, "eta": 6364.45318, "eta_hours": 1.7679, "loss": 0.08147833, "lr": 0.00030563, "params": 282437, "time_iter": 0.09239, "accuracy": 0.978, "f1": 0.97796, "auc": 0.99818}
{"epoch": 71, "time_epoch": 80.68107, "eta": 6284.01871, "eta_hours": 1.74556, "loss": 0.08832847, "lr": 0.00030015, "params": 282437, "time_iter": 0.09221, "accuracy": 0.97886, "f1": 0.97881, "auc": 0.99838}
{"epoch": 72, "time_epoch": 81.11623, "eta": 6204.0365, "eta_hours": 1.72334, "loss": 0.07660753, "lr": 0.00029464, "params": 282437, "time_iter": 0.0927, "accuracy": 0.98114, "f1": 0.98112, "auc": 0.9985}
{"epoch": 73, "time_epoch": 80.45285, "eta": 6123.34232, "eta_hours": 1.70093, "loss": 0.08341575, "lr": 0.00028911, "params": 282437, "time_iter": 0.09195, "accuracy": 0.97886, "f1": 0.97881, "auc": 0.99828}
{"epoch": 74, "time_epoch": 80.92725, "eta": 6043.12898, "eta_hours": 1.67865, "loss": 0.07553905, "lr": 0.00028356, "params": 282437, "time_iter": 0.09249, "accuracy": 0.98086, "f1": 0.98082, "auc": 0.99831}
{"epoch": 75, "time_epoch": 80.01143, "eta": 5962.00514, "eta_hours": 1.65611, "loss": 0.06904695, "lr": 0.00027799, "params": 282437, "time_iter": 0.09144, "accuracy": 0.98229, "f1": 0.98225, "auc": 0.99872}
{"epoch": 76, "time_epoch": 80.89631, "eta": 5881.74911, "eta_hours": 1.63382, "loss": 0.07899023, "lr": 0.00027241, "params": 282437, "time_iter": 0.09245, "accuracy": 0.97857, "f1": 0.97855, "auc": 0.99807}
{"epoch": 77, "time_epoch": 80.69247, "eta": 5801.2885, "eta_hours": 1.61147, "loss": 0.0747569, "lr": 0.00026682, "params": 282437, "time_iter": 0.09222, "accuracy": 0.98114, "f1": 0.98113, "auc": 0.99866}
{"epoch": 78, "time_epoch": 81.30969, "eta": 5721.37673, "eta_hours": 1.58927, "loss": 0.06889465, "lr": 0.00026122, "params": 282437, "time_iter": 0.09293, "accuracy": 0.98314, "f1": 0.98312, "auc": 0.99886}
{"epoch": 79, "time_epoch": 80.6777, "eta": 5640.87702, "eta_hours": 1.56691, "loss": 0.07349475, "lr": 0.00025561, "params": 282437, "time_iter": 0.0922, "accuracy": 0.98143, "f1": 0.9814, "auc": 0.99836}
{"epoch": 80, "time_epoch": 80.50727, "eta": 5560.22773, "eta_hours": 1.54451, "loss": 0.06617591, "lr": 0.00025, "params": 282437, "time_iter": 0.09201, "accuracy": 0.98343, "f1": 0.98341, "auc": 0.99876}
{"epoch": 81, "time_epoch": 82.02436, "eta": 5480.83999, "eta_hours": 1.52246, "loss": 0.06639236, "lr": 0.00024439, "params": 282437, "time_iter": 0.09374, "accuracy": 0.98143, "f1": 0.98139, "auc": 0.99867}
{"epoch": 82, "time_epoch": 81.2248, "eta": 5400.74328, "eta_hours": 1.50021, "loss": 0.06768731, "lr": 0.00023878, "params": 282437, "time_iter": 0.09283, "accuracy": 0.98371, "f1": 0.98369, "auc": 0.99886}
{"epoch": 83, "time_epoch": 80.98999, "eta": 5320.43522, "eta_hours": 1.4779, "loss": 0.06278806, "lr": 0.00023318, "params": 282437, "time_iter": 0.09256, "accuracy": 0.984, "f1": 0.98398, "auc": 0.99881}
{"epoch": 84, "time_epoch": 81.21419, "eta": 5240.28256, "eta_hours": 1.45563, "loss": 0.06776314, "lr": 0.00022759, "params": 282437, "time_iter": 0.09282, "accuracy": 0.98314, "f1": 0.98312, "auc": 0.99861}
{"epoch": 85, "time_epoch": 80.8861, "eta": 5159.86106, "eta_hours": 1.43329, "loss": 0.05950021, "lr": 0.00022201, "params": 282437, "time_iter": 0.09244, "accuracy": 0.98371, "f1": 0.98369, "auc": 0.99887}
{"epoch": 86, "time_epoch": 80.06763, "eta": 5078.83619, "eta_hours": 1.41079, "loss": 0.05854237, "lr": 0.00021644, "params": 282437, "time_iter": 0.09151, "accuracy": 0.98571, "f1": 0.9857, "auc": 0.99886}
{"epoch": 87, "time_epoch": 80.00154, "eta": 4997.78651, "eta_hours": 1.38827, "loss": 0.06359496, "lr": 0.00021089, "params": 282437, "time_iter": 0.09143, "accuracy": 0.98286, "f1": 0.98283, "auc": 0.99891}
{"epoch": 88, "time_epoch": 80.11259, "eta": 4916.8365, "eta_hours": 1.36579, "loss": 0.05803563, "lr": 0.00020536, "params": 282437, "time_iter": 0.09156, "accuracy": 0.986, "f1": 0.98598, "auc": 0.99881}
{"epoch": 89, "time_epoch": 80.09161, "eta": 4835.89111, "eta_hours": 1.3433, "loss": 0.06915651, "lr": 0.00019985, "params": 282437, "time_iter": 0.09153, "accuracy": 0.98371, "f1": 0.98369, "auc": 0.99853}
{"epoch": 90, "time_epoch": 81.94318, "eta": 4756.16495, "eta_hours": 1.32116, "loss": 0.06180032, "lr": 0.00019437, "params": 282437, "time_iter": 0.09365, "accuracy": 0.98429, "f1": 0.98426, "auc": 0.99887}
{"epoch": 91, "time_epoch": 80.99406, "eta": 4675.79224, "eta_hours": 1.29883, "loss": 0.06291198, "lr": 0.00018891, "params": 282437, "time_iter": 0.09256, "accuracy": 0.98486, "f1": 0.98483, "auc": 0.99886}
{"epoch": 92, "time_epoch": 81.38172, "eta": 4595.64376, "eta_hours": 1.27657, "loss": 0.05608994, "lr": 0.00018349, "params": 282437, "time_iter": 0.09301, "accuracy": 0.98486, "f1": 0.98484, "auc": 0.99907}
{"epoch": 93, "time_epoch": 80.40543, "eta": 4514.88743, "eta_hours": 1.25414, "loss": 0.05878918, "lr": 0.0001781, "params": 282437, "time_iter": 0.09189, "accuracy": 0.98543, "f1": 0.98541, "auc": 0.99901}
{"epoch": 94, "time_epoch": 80.83509, "eta": 4434.38724, "eta_hours": 1.23177, "loss": 0.05753722, "lr": 0.00017275, "params": 282437, "time_iter": 0.09238, "accuracy": 0.98457, "f1": 0.98455, "auc": 0.99888}
{"epoch": 95, "time_epoch": 79.42194, "eta": 4353.08517, "eta_hours": 1.20919, "loss": 0.06121694, "lr": 0.00016743, "params": 282437, "time_iter": 0.09077, "accuracy": 0.98457, "f1": 0.98456, "auc": 0.99878}
{"epoch": 96, "time_epoch": 80.98333, "eta": 4272.67499, "eta_hours": 1.18685, "loss": 0.06032439, "lr": 0.00016216, "params": 282437, "time_iter": 0.09255, "accuracy": 0.98543, "f1": 0.98541, "auc": 0.99889}
{"epoch": 97, "time_epoch": 80.03296, "eta": 4191.74884, "eta_hours": 1.16437, "loss": 0.0567784, "lr": 0.00015693, "params": 282437, "time_iter": 0.09147, "accuracy": 0.98686, "f1": 0.98684, "auc": 0.99887}
{"epoch": 98, "time_epoch": 81.05097, "eta": 4111.36517, "eta_hours": 1.14205, "loss": 0.05939521, "lr": 0.00015174, "params": 282437, "time_iter": 0.09263, "accuracy": 0.98429, "f1": 0.98427, "auc": 0.99883}
{"epoch": 99, "time_epoch": 81.47536, "eta": 4031.18034, "eta_hours": 1.11977, "loss": 0.05860494, "lr": 0.00014661, "params": 282437, "time_iter": 0.09311, "accuracy": 0.98571, "f1": 0.9857, "auc": 0.99896}
{"epoch": 100, "time_epoch": 81.47653, "eta": 3950.97053, "eta_hours": 1.09749, "loss": 0.05873665, "lr": 0.00014153, "params": 282437, "time_iter": 0.09312, "accuracy": 0.98686, "f1": 0.98685, "auc": 0.99913}
{"epoch": 101, "time_epoch": 82.62681, "eta": 3871.27719, "eta_hours": 1.07535, "loss": 0.05285668, "lr": 0.0001365, "params": 282437, "time_iter": 0.09443, "accuracy": 0.98571, "f1": 0.9857, "auc": 0.999}
{"epoch": 102, "time_epoch": 82.6947, "eta": 3791.55787, "eta_hours": 1.05321, "loss": 0.05213548, "lr": 0.00013153, "params": 282437, "time_iter": 0.09451, "accuracy": 0.986, "f1": 0.98599, "auc": 0.99897}
{"epoch": 103, "time_epoch": 79.99452, "eta": 3710.58701, "eta_hours": 1.03072, "loss": 0.05605996, "lr": 0.00012662, "params": 282437, "time_iter": 0.09142, "accuracy": 0.98629, "f1": 0.98628, "auc": 0.99886}
{"epoch": 104, "time_epoch": 80.89876, "eta": 3630.02229, "eta_hours": 1.00834, "loss": 0.05312121, "lr": 0.00012178, "params": 282437, "time_iter": 0.09246, "accuracy": 0.98686, "f1": 0.98684, "auc": 0.99903}
{"epoch": 105, "time_epoch": 81.15327, "eta": 3549.55691, "eta_hours": 0.98599, "loss": 0.05234305, "lr": 0.00011699, "params": 282437, "time_iter": 0.09275, "accuracy": 0.98714, "f1": 0.98713, "auc": 0.99902}
{"epoch": 106, "time_epoch": 81.68296, "eta": 3469.29154, "eta_hours": 0.96369, "loss": 0.05296819, "lr": 0.00011228, "params": 282437, "time_iter": 0.09335, "accuracy": 0.98657, "f1": 0.98656, "auc": 0.99907}
{"epoch": 107, "time_epoch": 81.34363, "eta": 3388.86795, "eta_hours": 0.94135, "loss": 0.05188296, "lr": 0.00010763, "params": 282437, "time_iter": 0.09296, "accuracy": 0.98657, "f1": 0.98656, "auc": 0.99902}
{"epoch": 108, "time_epoch": 80.84326, "eta": 3308.23927, "eta_hours": 0.91896, "loss": 0.05141912, "lr": 0.00010305, "params": 282437, "time_iter": 0.09239, "accuracy": 0.98771, "f1": 0.9877, "auc": 0.99907}
{"epoch": 109, "time_epoch": 82.69891, "eta": 3228.28147, "eta_hours": 0.89674, "loss": 0.04946157, "lr": 9.855e-05, "params": 282437, "time_iter": 0.09451, "accuracy": 0.98657, "f1": 0.98656, "auc": 0.99902}
{"epoch": 110, "time_epoch": 80.43166, "eta": 3147.47768, "eta_hours": 0.8743, "loss": 0.05169312, "lr": 9.413e-05, "params": 282437, "time_iter": 0.09192, "accuracy": 0.98686, "f1": 0.98684, "auc": 0.99902}
{"epoch": 111, "time_epoch": 81.40223, "eta": 3067.00984, "eta_hours": 0.85195, "loss": 0.04770756, "lr": 8.978e-05, "params": 282437, "time_iter": 0.09303, "accuracy": 0.98743, "f1": 0.98742, "auc": 0.99901}
{"epoch": 112, "time_epoch": 80.01598, "eta": 2986.07155, "eta_hours": 0.82946, "loss": 0.04790811, "lr": 8.552e-05, "params": 282437, "time_iter": 0.09145, "accuracy": 0.98714, "f1": 0.98713, "auc": 0.99916}
{"epoch": 113, "time_epoch": 81.54026, "eta": 2905.6308, "eta_hours": 0.80712, "loss": 0.05085937, "lr": 8.133e-05, "params": 282437, "time_iter": 0.09319, "accuracy": 0.98657, "f1": 0.98656, "auc": 0.99907}
{"epoch": 114, "time_epoch": 80.07928, "eta": 2824.72627, "eta_hours": 0.78465, "loss": 0.04959888, "lr": 7.723e-05, "params": 282437, "time_iter": 0.09152, "accuracy": 0.98771, "f1": 0.9877, "auc": 0.99899}
{"epoch": 115, "time_epoch": 80.60504, "eta": 2743.99008, "eta_hours": 0.76222, "loss": 0.05077955, "lr": 7.322e-05, "params": 282437, "time_iter": 0.09212, "accuracy": 0.98714, "f1": 0.98713, "auc": 0.99896}
{"epoch": 116, "time_epoch": 80.6853, "eta": 2663.27877, "eta_hours": 0.7398, "loss": 0.04903285, "lr": 6.93e-05, "params": 282437, "time_iter": 0.09221, "accuracy": 0.98714, "f1": 0.98713, "auc": 0.99902}
{"epoch": 117, "time_epoch": 80.50096, "eta": 2582.5179, "eta_hours": 0.71737, "loss": 0.04926229, "lr": 6.547e-05, "params": 282437, "time_iter": 0.092, "accuracy": 0.98657, "f1": 0.98656, "auc": 0.99924}
{"epoch": 118, "time_epoch": 80.26623, "eta": 2501.70026, "eta_hours": 0.69492, "loss": 0.04967926, "lr": 6.173e-05, "params": 282437, "time_iter": 0.09173, "accuracy": 0.98686, "f1": 0.98685, "auc": 0.99913}
{"epoch": 119, "time_epoch": 79.04026, "eta": 2420.58531, "eta_hours": 0.67238, "loss": 0.04826687, "lr": 5.809e-05, "params": 282437, "time_iter": 0.09033, "accuracy": 0.98629, "f1": 0.98627, "auc": 0.99917}
{"epoch": 120, "time_epoch": 80.95576, "eta": 2339.96375, "eta_hours": 0.64999, "loss": 0.05013839, "lr": 5.454e-05, "params": 282437, "time_iter": 0.09252, "accuracy": 0.98714, "f1": 0.98713, "auc": 0.99913}
{"epoch": 121, "time_epoch": 80.84055, "eta": 2259.31026, "eta_hours": 0.62759, "loss": 0.04804811, "lr": 5.109e-05, "params": 282437, "time_iter": 0.09239, "accuracy": 0.98714, "f1": 0.98713, "auc": 0.99913}
{"epoch": 122, "time_epoch": 81.27791, "eta": 2178.74974, "eta_hours": 0.60521, "loss": 0.04857725, "lr": 4.775e-05, "params": 282437, "time_iter": 0.09289, "accuracy": 0.98771, "f1": 0.9877, "auc": 0.99908}
{"epoch": 123, "time_epoch": 81.38833, "eta": 2098.2008, "eta_hours": 0.58283, "loss": 0.05045007, "lr": 4.45e-05, "params": 282437, "time_iter": 0.09302, "accuracy": 0.98714, "f1": 0.98713, "auc": 0.99899}
{"epoch": 124, "time_epoch": 80.14991, "eta": 2017.39074, "eta_hours": 0.56039, "loss": 0.05008448, "lr": 4.136e-05, "params": 282437, "time_iter": 0.0916, "accuracy": 0.98771, "f1": 0.9877, "auc": 0.99904}
{"epoch": 125, "time_epoch": 80.25653, "eta": 1936.61147, "eta_hours": 0.53795, "loss": 0.04829315, "lr": 3.832e-05, "params": 282437, "time_iter": 0.09172, "accuracy": 0.98714, "f1": 0.98713, "auc": 0.9991}
{"epoch": 126, "time_epoch": 80.10144, "eta": 1855.81235, "eta_hours": 0.5155, "loss": 0.04444064, "lr": 3.539e-05, "params": 282437, "time_iter": 0.09154, "accuracy": 0.988, "f1": 0.98799, "auc": 0.99907}
{"epoch": 127, "time_epoch": 79.86427, "eta": 1774.98337, "eta_hours": 0.49305, "loss": 0.04755837, "lr": 3.256e-05, "params": 282437, "time_iter": 0.09127, "accuracy": 0.988, "f1": 0.98799, "auc": 0.99923}
{"epoch": 128, "time_epoch": 81.23901, "eta": 1694.39313, "eta_hours": 0.47066, "loss": 0.04518764, "lr": 2.985e-05, "params": 282437, "time_iter": 0.09284, "accuracy": 0.98829, "f1": 0.98828, "auc": 0.99928}
{"epoch": 129, "time_epoch": 81.26778, "eta": 1613.79735, "eta_hours": 0.44828, "loss": 0.04694164, "lr": 2.725e-05, "params": 282437, "time_iter": 0.09288, "accuracy": 0.98771, "f1": 0.9877, "auc": 0.9991}
{"epoch": 130, "time_epoch": 80.07743, "eta": 1533.01865, "eta_hours": 0.42584, "loss": 0.04476919, "lr": 2.476e-05, "params": 282437, "time_iter": 0.09152, "accuracy": 0.98829, "f1": 0.98827, "auc": 0.99925}
{"epoch": 131, "time_epoch": 80.23076, "eta": 1452.27149, "eta_hours": 0.40341, "loss": 0.04334231, "lr": 2.238e-05, "params": 282437, "time_iter": 0.09169, "accuracy": 0.98771, "f1": 0.9877, "auc": 0.99921}
{"epoch": 132, "time_epoch": 80.46857, "eta": 1371.56249, "eta_hours": 0.38099, "loss": 0.04378761, "lr": 2.012e-05, "params": 282437, "time_iter": 0.09196, "accuracy": 0.98857, "f1": 0.98856, "auc": 0.99941}
{"epoch": 133, "time_epoch": 80.41861, "eta": 1290.85112, "eta_hours": 0.35857, "loss": 0.0450581, "lr": 1.797e-05, "params": 282437, "time_iter": 0.09191, "accuracy": 0.98743, "f1": 0.98742, "auc": 0.99928}
{"epoch": 134, "time_epoch": 81.24501, "eta": 1210.2359, "eta_hours": 0.33618, "loss": 0.04645791, "lr": 1.594e-05, "params": 282437, "time_iter": 0.09285, "accuracy": 0.98771, "f1": 0.9877, "auc": 0.99904}
{"epoch": 135, "time_epoch": 79.93071, "eta": 1129.47613, "eta_hours": 0.31374, "loss": 0.04651441, "lr": 1.403e-05, "params": 282437, "time_iter": 0.09135, "accuracy": 0.98743, "f1": 0.98742, "auc": 0.99909}
{"epoch": 136, "time_epoch": 80.87881, "eta": 1048.81843, "eta_hours": 0.29134, "loss": 0.04499703, "lr": 1.224e-05, "params": 282437, "time_iter": 0.09243, "accuracy": 0.98829, "f1": 0.98827, "auc": 0.99917}
{"epoch": 137, "time_epoch": 80.52695, "eta": 968.12692, "eta_hours": 0.26892, "loss": 0.0459899, "lr": 1.056e-05, "params": 282437, "time_iter": 0.09203, "accuracy": 0.988, "f1": 0.98799, "auc": 0.99917}
{"epoch": 138, "time_epoch": 81.22834, "eta": 887.49329, "eta_hours": 0.24653, "loss": 0.04638402, "lr": 9.01e-06, "params": 282437, "time_iter": 0.09283, "accuracy": 0.98743, "f1": 0.98742, "auc": 0.99915}
{"epoch": 139, "time_epoch": 80.46488, "eta": 806.79663, "eta_hours": 0.22411, "loss": 0.0438996, "lr": 7.58e-06, "params": 282437, "time_iter": 0.09196, "accuracy": 0.988, "f1": 0.98798, "auc": 0.99927}
{"epoch": 140, "time_epoch": 81.49083, "eta": 726.16874, "eta_hours": 0.20171, "loss": 0.04520879, "lr": 6.27e-06, "params": 282437, "time_iter": 0.09313, "accuracy": 0.98829, "f1": 0.98827, "auc": 0.99914}
{"epoch": 141, "time_epoch": 80.66943, "eta": 645.48243, "eta_hours": 0.1793, "loss": 0.04245263, "lr": 5.08e-06, "params": 282437, "time_iter": 0.09219, "accuracy": 0.98829, "f1": 0.98828, "auc": 0.99919}
{"epoch": 142, "time_epoch": 80.51261, "eta": 564.78867, "eta_hours": 0.15689, "loss": 0.04309766, "lr": 4.02e-06, "params": 282437, "time_iter": 0.09201, "accuracy": 0.98829, "f1": 0.98828, "auc": 0.99921}
{"epoch": 143, "time_epoch": 80.63834, "eta": 484.10267, "eta_hours": 0.13447, "loss": 0.04271264, "lr": 3.08e-06, "params": 282437, "time_iter": 0.09216, "accuracy": 0.98857, "f1": 0.98856, "auc": 0.99919}
{"epoch": 144, "time_epoch": 80.92622, "eta": 403.42725, "eta_hours": 0.11206, "loss": 0.0427835, "lr": 2.26e-06, "params": 282437, "time_iter": 0.09249, "accuracy": 0.98857, "f1": 0.98856, "auc": 0.99932}
{"epoch": 145, "time_epoch": 80.27854, "eta": 322.73065, "eta_hours": 0.08965, "loss": 0.04653049, "lr": 1.57e-06, "params": 282437, "time_iter": 0.09175, "accuracy": 0.98771, "f1": 0.9877, "auc": 0.99909}
{"epoch": 146, "time_epoch": 80.06192, "eta": 242.03532, "eta_hours": 0.06723, "loss": 0.04358507, "lr": 1.01e-06, "params": 282437, "time_iter": 0.0915, "accuracy": 0.98886, "f1": 0.98885, "auc": 0.99924}
{"epoch": 147, "time_epoch": 80.32139, "eta": 161.35206, "eta_hours": 0.04482, "loss": 0.04072651, "lr": 5.7e-07, "params": 282437, "time_iter": 0.0918, "accuracy": 0.98914, "f1": 0.98914, "auc": 0.99921}
{"epoch": 148, "time_epoch": 80.92216, "eta": 80.67768, "eta_hours": 0.02241, "loss": 0.04488055, "lr": 2.5e-07, "params": 282437, "time_iter": 0.09248, "accuracy": 0.98743, "f1": 0.98741, "auc": 0.99919}
{"epoch": 149, "time_epoch": 80.62221, "eta": 0.0, "eta_hours": 0.0, "loss": 0.04480024, "lr": 6e-08, "params": 282437, "time_iter": 0.09214, "accuracy": 0.988, "f1": 0.98799, "auc": 0.99921}
