{"epoch": 0, "time_epoch": 149.9042, "eta": 14840.51548, "eta_hours": 4.12237, "loss": 0.6539625, "lr": 0.0, "params": 558625, "time_iter": 0.14568, "accuracy": 0.93879, "precision": 0.02317, "recall": 0.01542, "f1": 0.01852, "auc": 0.51881}
{"epoch": 1, "time_epoch": 139.16208, "eta": 14164.24749, "eta_hours": 3.93451, "loss": 0.37896232, "lr": 2e-05, "params": 558625, "time_iter": 0.13524, "accuracy": 0.96228, "precision": 0.0, "recall": 0.0, "f1": 0.0, "auc": 0.543}
{"epoch": 2, "time_epoch": 143.31631, "eta": 13980.37021, "eta_hours": 3.88344, "loss": 0.15809899, "lr": 4e-05, "params": 558625, "time_iter": 0.13928, "accuracy": 0.96255, "precision": 0.0, "recall": 0.0, "f1": 0.0, "auc": 0.6767}
{"epoch": 3, "time_epoch": 148.07418, "eta": 13930.96227, "eta_hours": 3.86971, "loss": 0.14039261, "lr": 6e-05, "params": 558625, "time_iter": 0.1439, "accuracy": 0.96255, "precision": 0.0, "recall": 0.0, "f1": 0.0, "auc": 0.74267}
{"epoch": 4, "time_epoch": 138.5114, "eta": 13660.39498, "eta_hours": 3.79455, "loss": 0.13396344, "lr": 8e-05, "params": 558625, "time_iter": 0.13461, "accuracy": 0.96258, "precision": 0.6, "recall": 0.00244, "f1": 0.00485, "auc": 0.77107}
{"epoch": 5, "time_epoch": 140.35865, "eta": 13462.78665, "eta_hours": 3.73966, "loss": 0.13112042, "lr": 0.0001, "params": 558625, "time_iter": 0.1364, "accuracy": 0.9631, "precision": 0.58182, "recall": 0.05195, "f1": 0.09538, "auc": 0.77543}
{"epoch": 6, "time_epoch": 139.31798, "eta": 13267.70934, "eta_hours": 3.68547, "loss": 0.12665598, "lr": 9.997e-05, "params": 558625, "time_iter": 0.13539, "accuracy": 0.96483, "precision": 0.63345, "recall": 0.14448, "f1": 0.23529, "auc": 0.79333}
{"epoch": 7, "time_epoch": 144.07814, "eta": 13141.31371, "eta_hours": 3.65036, "loss": 0.12271561, "lr": 9.989e-05, "params": 558625, "time_iter": 0.14002, "accuracy": 0.96578, "precision": 0.65774, "recall": 0.17938, "f1": 0.28189, "auc": 0.80793}
{"epoch": 8, "time_epoch": 142.2023, "eta": 12992.02182, "eta_hours": 3.60889, "loss": 0.11993725, "lr": 9.975e-05, "params": 558625, "time_iter": 0.13819, "accuracy": 0.9659, "precision": 0.62332, "recall": 0.22565, "f1": 0.33135, "auc": 0.81922}
{"epoch": 9, "time_epoch": 146.34884, "eta": 12881.46671, "eta_hours": 3.57819, "loss": 0.1164926, "lr": 9.956e-05, "params": 558625, "time_iter": 0.14222, "accuracy": 0.96654, "precision": 0.64719, "recall": 0.23377, "f1": 0.34347, "auc": 0.83197}
{"epoch": 10, "time_epoch": 140.33221, "eta": 12715.72363, "eta_hours": 3.53215, "loss": 0.11429526, "lr": 9.932e-05, "params": 558625, "time_iter": 0.13638, "accuracy": 0.96733, "precision": 0.66667, "recall": 0.25487, "f1": 0.36876, "auc": 0.84097}
{"epoch": 11, "time_epoch": 142.21084, "eta": 12567.99227, "eta_hours": 3.49111, "loss": 0.11237635, "lr": 9.902e-05, "params": 558625, "time_iter": 0.1382, "accuracy": 0.96799, "precision": 0.67793, "recall": 0.27679, "f1": 0.39308, "auc": 0.84539}
{"epoch": 12, "time_epoch": 140.65401, "eta": 12410.69147, "eta_hours": 3.44741, "loss": 0.10988972, "lr": 9.867e-05, "params": 558625, "time_iter": 0.13669, "accuracy": 0.9686, "precision": 0.6819, "recall": 0.30276, "f1": 0.41934, "auc": 0.85432}
{"epoch": 13, "time_epoch": 141.11419, "eta": 12258.5956, "eta_hours": 3.40517, "loss": 0.10784999, "lr": 9.826e-05, "params": 558625, "time_iter": 0.13714, "accuracy": 0.96903, "precision": 0.68394, "recall": 0.32143, "f1": 0.43733, "auc": 0.85954}
{"epoch": 14, "time_epoch": 141.66768, "eta": 12111.10038, "eta_hours": 3.36419, "loss": 0.10594341, "lr": 9.78e-05, "params": 558625, "time_iter": 0.13768, "accuracy": 0.96958, "precision": 0.69543, "recall": 0.3336, "f1": 0.45091, "auc": 0.86387}
{"epoch": 15, "time_epoch": 141.33279, "eta": 11962.57545, "eta_hours": 3.32294, "loss": 0.10564126, "lr": 9.729e-05, "params": 558625, "time_iter": 0.13735, "accuracy": 0.9697, "precision": 0.70435, "recall": 0.32873, "f1": 0.44826, "auc": 0.86608}
{"epoch": 16, "time_epoch": 149.88639, "eta": 11856.65833, "eta_hours": 3.29352, "loss": 0.10332528, "lr": 9.673e-05, "params": 558625, "time_iter": 0.14566, "accuracy": 0.97037, "precision": 0.71966, "recall": 0.34172, "f1": 0.4634, "auc": 0.87525}
{"epoch": 17, "time_epoch": 145.00217, "eta": 11723.6054, "eta_hours": 3.25656, "loss": 0.10113324, "lr": 9.611e-05, "params": 558625, "time_iter": 0.14092, "accuracy": 0.97055, "precision": 0.70906, "recall": 0.36201, "f1": 0.47931, "auc": 0.88471}
{"epoch": 18, "time_epoch": 143.84637, "eta": 11584.36732, "eta_hours": 3.21788, "loss": 0.09979191, "lr": 9.545e-05, "params": 558625, "time_iter": 0.13979, "accuracy": 0.971, "precision": 0.71787, "recall": 0.37175, "f1": 0.48984, "auc": 0.88759}
{"epoch": 19, "time_epoch": 150.43053, "eta": 11471.00505, "eta_hours": 3.18639, "loss": 0.09722513, "lr": 9.474e-05, "params": 558625, "time_iter": 0.14619, "accuracy": 0.97201, "precision": 0.74184, "recall": 0.38718, "f1": 0.5088, "auc": 0.89649}
{"epoch": 20, "time_epoch": 144.23836, "eta": 11330.8181, "eta_hours": 3.14745, "loss": 0.09574684, "lr": 9.397e-05, "params": 558625, "time_iter": 0.14017, "accuracy": 0.97195, "precision": 0.73879, "recall": 0.38799, "f1": 0.50878, "auc": 0.90247}
{"epoch": 21, "time_epoch": 141.93731, "eta": 11182.10457, "eta_hours": 3.10614, "loss": 0.09641182, "lr": 9.316e-05, "params": 558625, "time_iter": 0.13794, "accuracy": 0.97158, "precision": 0.72741, "recall": 0.38555, "f1": 0.50398, "auc": 0.89788}
{"epoch": 22, "time_epoch": 139.33808, "eta": 11025.27851, "eta_hours": 3.06258, "loss": 0.0937202, "lr": 9.23e-05, "params": 558625, "time_iter": 0.13541, "accuracy": 0.97246, "precision": 0.74256, "recall": 0.40503, "f1": 0.52416, "auc": 0.90701}
{"epoch": 23, "time_epoch": 140.54879, "eta": 10873.74368, "eta_hours": 3.02048, "loss": 0.09141199, "lr": 9.14e-05, "params": 558625, "time_iter": 0.13659, "accuracy": 0.97319, "precision": 0.75436, "recall": 0.42127, "f1": 0.54063, "auc": 0.91405}
{"epoch": 24, "time_epoch": 143.48968, "eta": 10731.91042, "eta_hours": 2.98109, "loss": 0.09125371, "lr": 9.045e-05, "params": 558625, "time_iter": 0.13945, "accuracy": 0.97295, "precision": 0.75676, "recall": 0.40909, "f1": 0.53109, "auc": 0.91725}
{"epoch": 25, "time_epoch": 138.83685, "eta": 10576.70706, "eta_hours": 2.93797, "loss": 0.08878768, "lr": 8.946e-05, "params": 558625, "time_iter": 0.13492, "accuracy": 0.97353, "precision": 0.76274, "recall": 0.42532, "f1": 0.54612, "auc": 0.92298}
{"epoch": 26, "time_epoch": 139.7706, "eta": 10425.24064, "eta_hours": 2.8959, "loss": 0.08917467, "lr": 8.842e-05, "params": 558625, "time_iter": 0.13583, "accuracy": 0.9731, "precision": 0.7475, "recall": 0.42532, "f1": 0.54216, "auc": 0.92332}
{"epoch": 27, "time_epoch": 136.56373, "eta": 10266.36337, "eta_hours": 2.85177, "loss": 0.08808353, "lr": 8.734e-05, "params": 558625, "time_iter": 0.13271, "accuracy": 0.97356, "precision": 0.75931, "recall": 0.43019, "f1": 0.54922, "auc": 0.92438}
{"epoch": 28, "time_epoch": 135.77807, "eta": 10107.10148, "eta_hours": 2.80753, "loss": 0.08492844, "lr": 8.622e-05, "params": 558625, "time_iter": 0.13195, "accuracy": 0.97496, "precision": 0.7931, "recall": 0.44805, "f1": 0.57261, "auc": 0.93033}
{"epoch": 29, "time_epoch": 140.55617, "eta": 9960.55406, "eta_hours": 2.76682, "loss": 0.08476648, "lr": 8.506e-05, "params": 558625, "time_iter": 0.13659, "accuracy": 0.97444, "precision": 0.76891, "recall": 0.45373, "f1": 0.5707, "auc": 0.93224}
{"epoch": 30, "time_epoch": 136.83623, "eta": 9806.11332, "eta_hours": 2.72392, "loss": 0.0840181, "lr": 8.386e-05, "params": 558625, "time_iter": 0.13298, "accuracy": 0.97444, "precision": 0.77115, "recall": 0.4513, "f1": 0.56938, "auc": 0.93646}
{"epoch": 31, "time_epoch": 143.42367, "eta": 9666.77116, "eta_hours": 2.68521, "loss": 0.08364052, "lr": 8.263e-05, "params": 558625, "time_iter": 0.13938, "accuracy": 0.97474, "precision": 0.77579, "recall": 0.45779, "f1": 0.5758, "auc": 0.93489}
{"epoch": 32, "time_epoch": 140.89184, "eta": 9522.04126, "eta_hours": 2.64501, "loss": 0.08167808, "lr": 8.136e-05, "params": 558625, "time_iter": 0.13692, "accuracy": 0.97432, "precision": 0.7669, "recall": 0.4513, "f1": 0.56822, "auc": 0.94101}
{"epoch": 33, "time_epoch": 141.84635, "eta": 9379.39001, "eta_hours": 2.60539, "loss": 0.08043954, "lr": 8.005e-05, "params": 558625, "time_iter": 0.13785, "accuracy": 0.97568, "precision": 0.78877, "recall": 0.4789, "f1": 0.59596, "auc": 0.94226}
{"epoch": 34, "time_epoch": 146.86054, "eta": 9246.09681, "eta_hours": 2.56836, "loss": 0.07756292, "lr": 7.872e-05, "params": 558625, "time_iter": 0.14272, "accuracy": 0.97635, "precision": 0.79557, "recall": 0.49594, "f1": 0.611, "auc": 0.94744}
{"epoch": 35, "time_epoch": 142.35748, "eta": 9104.04442, "eta_hours": 2.5289, "loss": 0.07825472, "lr": 7.735e-05, "params": 558625, "time_iter": 0.13835, "accuracy": 0.97593, "precision": 0.78278, "recall": 0.49432, "f1": 0.60597, "auc": 0.94802}
{"epoch": 36, "time_epoch": 146.58227, "eta": 8969.16912, "eta_hours": 2.49144, "loss": 0.07644045, "lr": 7.595e-05, "params": 558625, "time_iter": 0.14245, "accuracy": 0.97593, "precision": 0.77848, "recall": 0.49919, "f1": 0.60831, "auc": 0.95126}
{"epoch": 37, "time_epoch": 145.19887, "eta": 8831.42053, "eta_hours": 2.45317, "loss": 0.07416611, "lr": 7.452e-05, "params": 558625, "time_iter": 0.14111, "accuracy": 0.97663, "precision": 0.79267, "recall": 0.50893, "f1": 0.61987, "auc": 0.95446}
{"epoch": 38, "time_epoch": 147.82013, "eta": 8697.3898, "eta_hours": 2.41594, "loss": 0.07488832, "lr": 7.307e-05, "params": 558625, "time_iter": 0.14365, "accuracy": 0.97608, "precision": 0.78129, "recall": 0.50162, "f1": 0.61097, "auc": 0.95563}
{"epoch": 39, "time_epoch": 142.00403, "eta": 8553.94545, "eta_hours": 2.3761, "loss": 0.07404069, "lr": 7.159e-05, "params": 558625, "time_iter": 0.138, "accuracy": 0.97657, "precision": 0.78994, "recall": 0.50974, "f1": 0.61963, "auc": 0.95686}
{"epoch": 40, "time_epoch": 147.45322, "eta": 8418.41286, "eta_hours": 2.33845, "loss": 0.07192635, "lr": 7.008e-05, "params": 558625, "time_iter": 0.1433, "accuracy": 0.97641, "precision": 0.79082, "recall": 0.50325, "f1": 0.61508, "auc": 0.96118}
{"epoch": 41, "time_epoch": 145.84277, "eta": 8280.08867, "eta_hours": 2.30002, "loss": 0.07181188, "lr": 6.856e-05, "params": 558625, "time_iter": 0.14173, "accuracy": 0.97681, "precision": 0.78424, "recall": 0.52516, "f1": 0.62907, "auc": 0.96096}
{"epoch": 42, "time_epoch": 140.55797, "eta": 8134.40935, "eta_hours": 2.25956, "loss": 0.06974022, "lr": 6.701e-05, "params": 558625, "time_iter": 0.1366, "accuracy": 0.97742, "precision": 0.79708, "recall": 0.53247, "f1": 0.63844, "auc": 0.96364}
{"epoch": 43, "time_epoch": 143.53222, "eta": 7992.74823, "eta_hours": 2.22021, "loss": 0.06910319, "lr": 6.545e-05, "params": 558625, "time_iter": 0.13949, "accuracy": 0.97766, "precision": 0.80048, "recall": 0.53734, "f1": 0.64303, "auc": 0.96586}
{"epoch": 44, "time_epoch": 145.13561, "eta": 7852.96365, "eta_hours": 2.18138, "loss": 0.06838773, "lr": 6.387e-05, "params": 558625, "time_iter": 0.14105, "accuracy": 0.97775, "precision": 0.80713, "recall": 0.53328, "f1": 0.64223, "auc": 0.96684}
{"epoch": 45, "time_epoch": 141.49848, "eta": 7708.67674, "eta_hours": 2.1413, "loss": 0.07013289, "lr": 6.227e-05, "params": 558625, "time_iter": 0.13751, "accuracy": 0.9773, "precision": 0.80813, "recall": 0.51623, "f1": 0.63001, "auc": 0.96392}
{"epoch": 46, "time_epoch": 141.85219, "eta": 7564.90735, "eta_hours": 2.10136, "loss": 0.06412522, "lr": 6.066e-05, "params": 558625, "time_iter": 0.13785, "accuracy": 0.97891, "precision": 0.82254, "recall": 0.55682, "f1": 0.66409, "auc": 0.97163}
{"epoch": 47, "time_epoch": 139.10384, "eta": 7418.24047, "eta_hours": 2.06062, "loss": 0.0637831, "lr": 5.904e-05, "params": 558625, "time_iter": 0.13518, "accuracy": 0.97799, "precision": 0.79398, "recall": 0.55682, "f1": 0.65458, "auc": 0.97502}
{"epoch": 48, "time_epoch": 143.39318, "eta": 7276.34669, "eta_hours": 2.02121, "loss": 0.06520134, "lr": 5.741e-05, "params": 558625, "time_iter": 0.13935, "accuracy": 0.97796, "precision": 0.7958, "recall": 0.55357, "f1": 0.65294, "auc": 0.97093}
{"epoch": 49, "time_epoch": 141.67223, "eta": 7132.67199, "eta_hours": 1.9813, "loss": 0.06128747, "lr": 5.577e-05, "params": 558625, "time_iter": 0.13768, "accuracy": 0.979, "precision": 0.81564, "recall": 0.56737, "f1": 0.66922, "auc": 0.97601}
{"epoch": 50, "time_epoch": 141.33792, "eta": 6988.75462, "eta_hours": 1.94132, "loss": 0.06322418, "lr": 5.413e-05, "params": 558625, "time_iter": 0.13735, "accuracy": 0.97958, "precision": 0.81818, "recall": 0.58442, "f1": 0.68182, "auc": 0.97364}
{"epoch": 51, "time_epoch": 147.43478, "eta": 6850.56434, "eta_hours": 1.90293, "loss": 0.06238704, "lr": 5.248e-05, "params": 558625, "time_iter": 0.14328, "accuracy": 0.97954, "precision": 0.82016, "recall": 0.58117, "f1": 0.68029, "auc": 0.97417}
{"epoch": 52, "time_epoch": 147.28746, "eta": 6711.89456, "eta_hours": 1.86442, "loss": 0.06177172, "lr": 5.083e-05, "params": 558625, "time_iter": 0.14314, "accuracy": 0.9793, "precision": 0.8092, "recall": 0.58523, "f1": 0.67923, "auc": 0.97476}
{"epoch": 53, "time_epoch": 146.82294, "eta": 6572.50991, "eta_hours": 1.8257, "loss": 0.06226078, "lr": 4.917e-05, "params": 558625, "time_iter": 0.14269, "accuracy": 0.97927, "precision": 0.81321, "recall": 0.57955, "f1": 0.67678, "auc": 0.97599}
{"epoch": 54, "time_epoch": 148.86837, "eta": 6434.5283, "eta_hours": 1.78737, "loss": 0.05875352, "lr": 4.752e-05, "params": 558625, "time_iter": 0.14467, "accuracy": 0.98015, "precision": 0.81639, "recall": 0.60633, "f1": 0.69585, "auc": 0.97623}
{"epoch": 55, "time_epoch": 151.02121, "eta": 6297.8494, "eta_hours": 1.7494, "loss": 0.05875161, "lr": 4.587e-05, "params": 558625, "time_iter": 0.14677, "accuracy": 0.97933, "precision": 0.81651, "recall": 0.57792, "f1": 0.67681, "auc": 0.97971}
{"epoch": 56, "time_epoch": 143.12811, "eta": 6154.71281, "eta_hours": 1.70964, "loss": 0.05751972, "lr": 4.423e-05, "params": 558625, "time_iter": 0.13909, "accuracy": 0.98061, "precision": 0.82213, "recall": 0.61526, "f1": 0.70381, "auc": 0.97946}
{"epoch": 57, "time_epoch": 142.85166, "eta": 6011.37633, "eta_hours": 1.66983, "loss": 0.05695316, "lr": 4.259e-05, "params": 558625, "time_iter": 0.13883, "accuracy": 0.97988, "precision": 0.80978, "recall": 0.60471, "f1": 0.69238, "auc": 0.98077}
{"epoch": 58, "time_epoch": 143.93047, "eta": 5868.80597, "eta_hours": 1.63022, "loss": 0.05429583, "lr": 4.096e-05, "params": 558625, "time_iter": 0.13987, "accuracy": 0.98128, "precision": 0.82489, "recall": 0.63474, "f1": 0.71743, "auc": 0.98176}
{"epoch": 59, "time_epoch": 148.0574, "eta": 5728.94155, "eta_hours": 1.59137, "loss": 0.05364226, "lr": 3.934e-05, "params": 558625, "time_iter": 0.14388, "accuracy": 0.98143, "precision": 0.82857, "recall": 0.63555, "f1": 0.71934, "auc": 0.98305}
{"epoch": 60, "time_epoch": 142.04472, "eta": 5584.96434, "eta_hours": 1.55138, "loss": 0.05371277, "lr": 3.773e-05, "params": 558625, "time_iter": 0.13804, "accuracy": 0.98192, "precision": 0.83562, "recall": 0.64367, "f1": 0.72719, "auc": 0.98262}
{"epoch": 61, "time_epoch": 144.35665, "eta": 5442.46646, "eta_hours": 1.5118, "loss": 0.05446467, "lr": 3.613e-05, "params": 558625, "time_iter": 0.14029, "accuracy": 0.98125, "precision": 0.82471, "recall": 0.63393, "f1": 0.71684, "auc": 0.98305}
{"epoch": 62, "time_epoch": 146.06881, "eta": 5300.91513, "eta_hours": 1.47248, "loss": 0.05153794, "lr": 3.455e-05, "params": 558625, "time_iter": 0.14195, "accuracy": 0.98268, "precision": 0.84696, "recall": 0.65584, "f1": 0.73925, "auc": 0.98401}
{"epoch": 63, "time_epoch": 145.80853, "eta": 5159.07621, "eta_hours": 1.43308, "loss": 0.05289758, "lr": 3.299e-05, "params": 558625, "time_iter": 0.1417, "accuracy": 0.98216, "precision": 0.83699, "recall": 0.65016, "f1": 0.73184, "auc": 0.98278}
{"epoch": 64, "time_epoch": 141.00498, "eta": 5014.52863, "eta_hours": 1.39292, "loss": 0.05472691, "lr": 3.144e-05, "params": 558625, "time_iter": 0.13703, "accuracy": 0.98246, "precision": 0.84583, "recall": 0.65016, "f1": 0.7352, "auc": 0.98141}
{"epoch": 65, "time_epoch": 143.78618, "eta": 4871.52113, "eta_hours": 1.3532, "loss": 0.04970941, "lr": 2.992e-05, "params": 558625, "time_iter": 0.13973, "accuracy": 0.98334, "precision": 0.85041, "recall": 0.6737, "f1": 0.75181, "auc": 0.98534}
{"epoch": 66, "time_epoch": 145.36268, "eta": 4729.26688, "eta_hours": 1.31369, "loss": 0.04976458, "lr": 2.841e-05, "params": 558625, "time_iter": 0.14127, "accuracy": 0.98277, "precision": 0.84672, "recall": 0.65909, "f1": 0.74121, "auc": 0.98576}
{"epoch": 67, "time_epoch": 143.43337, "eta": 4586.01329, "eta_hours": 1.27389, "loss": 0.05070349, "lr": 2.693e-05, "params": 558625, "time_iter": 0.13939, "accuracy": 0.98316, "precision": 0.84805, "recall": 0.67045, "f1": 0.74887, "auc": 0.98461}
{"epoch": 68, "time_epoch": 142.82495, "eta": 4442.48114, "eta_hours": 1.23402, "loss": 0.04925777, "lr": 2.548e-05, "params": 558625, "time_iter": 0.1388, "accuracy": 0.98228, "precision": 0.83419, "recall": 0.65747, "f1": 0.73536, "auc": 0.98658}
{"epoch": 69, "time_epoch": 145.58502, "eta": 4300.15209, "eta_hours": 1.19449, "loss": 0.04866797, "lr": 2.405e-05, "params": 558625, "time_iter": 0.14148, "accuracy": 0.9834, "precision": 0.85288, "recall": 0.67289, "f1": 0.75227, "auc": 0.987}
{"epoch": 70, "time_epoch": 146.96609, "eta": 4158.29542, "eta_hours": 1.15508, "loss": 0.048075, "lr": 2.265e-05, "params": 558625, "time_iter": 0.14282, "accuracy": 0.9835, "precision": 0.84975, "recall": 0.67938, "f1": 0.75507, "auc": 0.98682}
{"epoch": 71, "time_epoch": 148.9536, "eta": 4017.06974, "eta_hours": 1.11585, "loss": 0.04956857, "lr": 2.128e-05, "params": 558625, "time_iter": 0.14476, "accuracy": 0.98286, "precision": 0.83201, "recall": 0.67938, "f1": 0.74799, "auc": 0.98596}
{"epoch": 72, "time_epoch": 144.01387, "eta": 3873.80531, "eta_hours": 1.07606, "loss": 0.04517589, "lr": 1.995e-05, "params": 558625, "time_iter": 0.13996, "accuracy": 0.98456, "precision": 0.85842, "recall": 0.70373, "f1": 0.77342, "auc": 0.98862}
{"epoch": 73, "time_epoch": 142.40587, "eta": 3729.95565, "eta_hours": 1.0361, "loss": 0.05040343, "lr": 1.864e-05, "params": 558625, "time_iter": 0.13839, "accuracy": 0.98328, "precision": 0.84725, "recall": 0.67532, "f1": 0.75158, "auc": 0.98584}
{"epoch": 74, "time_epoch": 146.44404, "eta": 3587.49056, "eta_hours": 0.99653, "loss": 0.04464908, "lr": 1.737e-05, "params": 558625, "time_iter": 0.14232, "accuracy": 0.98459, "precision": 0.86214, "recall": 0.70049, "f1": 0.77295, "auc": 0.98879}
{"epoch": 75, "time_epoch": 142.41307, "eta": 3443.64781, "eta_hours": 0.95657, "loss": 0.04483395, "lr": 1.614e-05, "params": 558625, "time_iter": 0.1384, "accuracy": 0.98416, "precision": 0.84956, "recall": 0.7013, "f1": 0.76834, "auc": 0.9887}
{"epoch": 76, "time_epoch": 148.60528, "eta": 3301.69183, "eta_hours": 0.91714, "loss": 0.04495417, "lr": 1.494e-05, "params": 558625, "time_iter": 0.14442, "accuracy": 0.98505, "precision": 0.86275, "recall": 0.71429, "f1": 0.78153, "auc": 0.98944}
{"epoch": 77, "time_epoch": 144.3706, "eta": 3158.37095, "eta_hours": 0.87733, "loss": 0.04419966, "lr": 1.378e-05, "params": 558625, "time_iter": 0.1403, "accuracy": 0.98459, "precision": 0.85504, "recall": 0.7086, "f1": 0.77497, "auc": 0.98998}
{"epoch": 78, "time_epoch": 144.64956, "eta": 3015.09765, "eta_hours": 0.83753, "loss": 0.04599558, "lr": 1.266e-05, "params": 558625, "time_iter": 0.14057, "accuracy": 0.98432, "precision": 0.85516, "recall": 0.69968, "f1": 0.76964, "auc": 0.98913}
{"epoch": 79, "time_epoch": 139.47161, "eta": 2870.49545, "eta_hours": 0.79736, "loss": 0.04566731, "lr": 1.158e-05, "params": 558625, "time_iter": 0.13554, "accuracy": 0.98495, "precision": 0.86667, "recall": 0.70698, "f1": 0.77872, "auc": 0.98895}
{"epoch": 80, "time_epoch": 142.14775, "eta": 2726.64767, "eta_hours": 0.7574, "loss": 0.04442523, "lr": 1.054e-05, "params": 558625, "time_iter": 0.13814, "accuracy": 0.98483, "precision": 0.86613, "recall": 0.70373, "f1": 0.77653, "auc": 0.98953}
{"epoch": 81, "time_epoch": 148.72597, "eta": 2584.28536, "eta_hours": 0.71786, "loss": 0.04463692, "lr": 9.55e-06, "params": 558625, "time_iter": 0.14453, "accuracy": 0.98483, "precision": 0.8676, "recall": 0.70211, "f1": 0.77613, "auc": 0.98938}
{"epoch": 82, "time_epoch": 142.58691, "eta": 2440.5123, "eta_hours": 0.67792, "loss": 0.04227104, "lr": 8.6e-06, "params": 558625, "time_iter": 0.13857, "accuracy": 0.98571, "precision": 0.87353, "recall": 0.72321, "f1": 0.7913, "auc": 0.99022}
{"epoch": 83, "time_epoch": 144.43872, "eta": 2297.12022, "eta_hours": 0.63809, "loss": 0.04331652, "lr": 7.7e-06, "params": 558625, "time_iter": 0.14037, "accuracy": 0.98571, "precision": 0.87207, "recall": 0.72484, "f1": 0.79167, "auc": 0.99034}
{"epoch": 84, "time_epoch": 147.80072, "eta": 2154.2968, "eta_hours": 0.59842, "loss": 0.04237956, "lr": 6.84e-06, "params": 558625, "time_iter": 0.14364, "accuracy": 0.9855, "precision": 0.86974, "recall": 0.72078, "f1": 0.78828, "auc": 0.99125}
{"epoch": 85, "time_epoch": 143.89186, "eta": 2010.7213, "eta_hours": 0.55853, "loss": 0.04186176, "lr": 6.03e-06, "params": 558625, "time_iter": 0.13984, "accuracy": 0.98565, "precision": 0.87109, "recall": 0.72403, "f1": 0.79078, "auc": 0.99079}
{"epoch": 86, "time_epoch": 147.96022, "eta": 1867.74645, "eta_hours": 0.51882, "loss": 0.04260916, "lr": 5.26e-06, "params": 558625, "time_iter": 0.14379, "accuracy": 0.98568, "precision": 0.86692, "recall": 0.72971, "f1": 0.79242, "auc": 0.98992}
{"epoch": 87, "time_epoch": 146.75062, "eta": 1724.49335, "eta_hours": 0.47903, "loss": 0.04323918, "lr": 4.55e-06, "params": 558625, "time_iter": 0.14261, "accuracy": 0.98489, "precision": 0.85576, "recall": 0.71753, "f1": 0.78057, "auc": 0.99057}
{"epoch": 88, "time_epoch": 149.63517, "eta": 1581.51817, "eta_hours": 0.43931, "loss": 0.04096285, "lr": 3.89e-06, "params": 558625, "time_iter": 0.14542, "accuracy": 0.98611, "precision": 0.8673, "recall": 0.74269, "f1": 0.80017, "auc": 0.99086}
{"epoch": 89, "time_epoch": 143.43164, "eta": 1437.70571, "eta_hours": 0.39936, "loss": 0.04175797, "lr": 3.27e-06, "params": 558625, "time_iter": 0.13939, "accuracy": 0.98568, "precision": 0.86834, "recall": 0.72808, "f1": 0.79205, "auc": 0.9911}
{"epoch": 90, "time_epoch": 147.7552, "eta": 1294.32922, "eta_hours": 0.35954, "loss": 0.03912484, "lr": 2.71e-06, "params": 558625, "time_iter": 0.14359, "accuracy": 0.9865, "precision": 0.8703, "recall": 0.75162, "f1": 0.80662, "auc": 0.99227}
{"epoch": 91, "time_epoch": 141.13428, "eta": 1150.28181, "eta_hours": 0.31952, "loss": 0.043424, "lr": 2.2e-06, "params": 558625, "time_iter": 0.13716, "accuracy": 0.98502, "precision": 0.85909, "recall": 0.71753, "f1": 0.78195, "auc": 0.99048}
{"epoch": 92, "time_epoch": 144.15285, "eta": 1006.52426, "eta_hours": 0.27959, "loss": 0.0422894, "lr": 1.74e-06, "params": 558625, "time_iter": 0.14009, "accuracy": 0.98599, "precision": 0.87464, "recall": 0.73052, "f1": 0.79611, "auc": 0.98997}
{"epoch": 93, "time_epoch": 143.7494, "eta": 862.73254, "eta_hours": 0.23965, "loss": 0.04139948, "lr": 1.33e-06, "params": 558625, "time_iter": 0.1397, "accuracy": 0.98602, "precision": 0.87187, "recall": 0.73458, "f1": 0.79736, "auc": 0.99115}
{"epoch": 94, "time_epoch": 145.19196, "eta": 719.01763, "eta_hours": 0.19973, "loss": 0.04156792, "lr": 9.8e-07, "params": 558625, "time_iter": 0.1411, "accuracy": 0.98526, "precision": 0.86227, "recall": 0.72159, "f1": 0.78568, "auc": 0.99119}
{"epoch": 95, "time_epoch": 146.16899, "eta": 575.31267, "eta_hours": 0.15981, "loss": 0.0426459, "lr": 6.8e-07, "params": 558625, "time_iter": 0.14205, "accuracy": 0.98499, "precision": 0.86974, "recall": 0.70455, "f1": 0.77848, "auc": 0.9907}
{"epoch": 96, "time_epoch": 148.50782, "eta": 431.62923, "eta_hours": 0.1199, "loss": 0.04189087, "lr": 4.4e-07, "params": 558625, "time_iter": 0.14432, "accuracy": 0.98538, "precision": 0.8635, "recall": 0.72403, "f1": 0.78764, "auc": 0.99086}
{"epoch": 97, "time_epoch": 142.26275, "eta": 287.71989, "eta_hours": 0.07992, "loss": 0.04164373, "lr": 2.5e-07, "params": 558625, "time_iter": 0.13825, "accuracy": 0.98581, "precision": 0.87984, "recall": 0.71916, "f1": 0.79142, "auc": 0.99069}
{"epoch": 98, "time_epoch": 140.00073, "eta": 143.82096, "eta_hours": 0.03995, "loss": 0.04004164, "lr": 1.1e-07, "params": 558625, "time_iter": 0.13606, "accuracy": 0.98553, "precision": 0.86914, "recall": 0.7224, "f1": 0.78901, "auc": 0.99176}
{"epoch": 99, "time_epoch": 139.94038, "eta": 0.0, "eta_hours": 0.0, "loss": 0.03999002, "lr": 3e-08, "params": 558625, "time_iter": 0.136, "accuracy": 0.98565, "precision": 0.87549, "recall": 0.71916, "f1": 0.78966, "auc": 0.9915}
