{"epoch": 0, "time_epoch": 206.83728, "eta": 20476.89065, "eta_hours": 5.68803, "loss": 0.69481125, "lr": 0.0, "params": 9744496, "time_iter": 0.30195, "accuracy": 0.50794, "ap": 0.02008, "auc": 0.48188}
{"epoch": 1, "time_epoch": 172.03425, "eta": 18564.70484, "eta_hours": 5.15686, "loss": 0.33992228, "lr": 0.0001, "params": 9744496, "time_iter": 0.25114, "accuracy": 0.91709, "ap": 0.0306, "auc": 0.54033}
{"epoch": 2, "time_epoch": 170.4666, "eta": 17761.93279, "eta_hours": 4.93387, "loss": 0.07007955, "lr": 0.0002, "params": 9744496, "time_iter": 0.24886, "accuracy": 0.97974, "ap": 0.04388, "auc": 0.62722}
{"epoch": 3, "time_epoch": 169.07636, "eta": 17241.94765, "eta_hours": 4.78943, "loss": 0.04897161, "lr": 0.0003, "params": 9744496, "time_iter": 0.24683, "accuracy": 0.98108, "ap": 0.0789, "auc": 0.73336}
{"epoch": 4, "time_epoch": 171.8366, "eta": 16914.77069, "eta_hours": 4.69855, "loss": 0.04510173, "lr": 0.0004, "params": 9744496, "time_iter": 0.25086, "accuracy": 0.98195, "ap": 0.10889, "auc": 0.79418}
{"epoch": 5, "time_epoch": 171.26743, "eta": 16630.45675, "eta_hours": 4.61957, "loss": 0.04295384, "lr": 0.0005, "params": 9744496, "time_iter": 0.25003, "accuracy": 0.98258, "ap": 0.13315, "auc": 0.82555}
{"epoch": 6, "time_epoch": 173.78053, "eta": 16411.83018, "eta_hours": 4.55884, "loss": 0.0412469, "lr": 0.00049986, "params": 9744496, "time_iter": 0.25369, "accuracy": 0.98323, "ap": 0.15798, "auc": 0.84501}
{"epoch": 7, "time_epoch": 173.75472, "eta": 16204.11828, "eta_hours": 4.50114, "loss": 0.04009538, "lr": 0.00049945, "params": 9744496, "time_iter": 0.25366, "accuracy": 0.98363, "ap": 0.17357, "auc": 0.8543}
{"epoch": 8, "time_epoch": 172.87985, "eta": 15995.10653, "eta_hours": 4.44309, "loss": 0.03911152, "lr": 0.00049877, "params": 9744496, "time_iter": 0.25238, "accuracy": 0.98393, "ap": 0.19306, "auc": 0.86465}
{"epoch": 9, "time_epoch": 171.30437, "eta": 15779.14187, "eta_hours": 4.38309, "loss": 0.03823959, "lr": 0.00049782, "params": 9744496, "time_iter": 0.25008, "accuracy": 0.9843, "ap": 0.20717, "auc": 0.87258}
{"epoch": 10, "time_epoch": 171.38432, "eta": 15571.94413, "eta_hours": 4.32554, "loss": 0.03750695, "lr": 0.00049659, "params": 9744496, "time_iter": 0.2502, "accuracy": 0.98452, "ap": 0.22033, "auc": 0.87831}
{"epoch": 11, "time_epoch": 172.17323, "eta": 15376.50059, "eta_hours": 4.27125, "loss": 0.03685061, "lr": 0.00049509, "params": 9744496, "time_iter": 0.25135, "accuracy": 0.98482, "ap": 0.23478, "auc": 0.88324}
{"epoch": 12, "time_epoch": 170.7961, "eta": 15175.42097, "eta_hours": 4.21539, "loss": 0.03619947, "lr": 0.00049333, "params": 9744496, "time_iter": 0.24934, "accuracy": 0.98502, "ap": 0.25062, "auc": 0.88735}
{"epoch": 13, "time_epoch": 170.50637, "eta": 14976.88779, "eta_hours": 4.16025, "loss": 0.03560687, "lr": 0.0004913, "params": 9744496, "time_iter": 0.24891, "accuracy": 0.98538, "ap": 0.26114, "auc": 0.89188}
{"epoch": 14, "time_epoch": 170.85685, "eta": 14784.07755, "eta_hours": 4.10669, "loss": 0.0350363, "lr": 0.00048901, "params": 9744496, "time_iter": 0.24943, "accuracy": 0.98555, "ap": 0.27447, "auc": 0.89567}
{"epoch": 15, "time_epoch": 174.22137, "eta": 14611.6752, "eta_hours": 4.0588, "loss": 0.03448324, "lr": 0.00048645, "params": 9744496, "time_iter": 0.25434, "accuracy": 0.9857, "ap": 0.28781, "auc": 0.89921}
{"epoch": 16, "time_epoch": 170.47783, "eta": 14420.78156, "eta_hours": 4.00577, "loss": 0.03411371, "lr": 0.00048364, "params": 9744496, "time_iter": 0.24887, "accuracy": 0.98588, "ap": 0.2968, "auc": 0.90239}
{"epoch": 17, "time_epoch": 173.10884, "eta": 14244.14209, "eta_hours": 3.95671, "loss": 0.03361788, "lr": 0.00048057, "params": 9744496, "time_iter": 0.25271, "accuracy": 0.98603, "ap": 0.30865, "auc": 0.90542}
{"epoch": 18, "time_epoch": 169.70663, "eta": 14053.37011, "eta_hours": 3.90371, "loss": 0.03314017, "lr": 0.00047725, "params": 9744496, "time_iter": 0.24775, "accuracy": 0.98627, "ap": 0.31986, "auc": 0.90773}
{"epoch": 19, "time_epoch": 169.95184, "eta": 13865.68548, "eta_hours": 3.85158, "loss": 0.03277142, "lr": 0.00047368, "params": 9744496, "time_iter": 0.2481, "accuracy": 0.98639, "ap": 0.32894, "auc": 0.91053}
{"epoch": 20, "time_epoch": 171.22791, "eta": 13684.49015, "eta_hours": 3.80125, "loss": 0.03239212, "lr": 0.00046987, "params": 9744496, "time_iter": 0.24997, "accuracy": 0.98662, "ap": 0.33926, "auc": 0.91392}
{"epoch": 21, "time_epoch": 170.85153, "eta": 13502.8665, "eta_hours": 3.7508, "loss": 0.03208617, "lr": 0.00046581, "params": 9744496, "time_iter": 0.24942, "accuracy": 0.98673, "ap": 0.34565, "auc": 0.91536}
{"epoch": 22, "time_epoch": 168.51418, "eta": 13314.35452, "eta_hours": 3.69843, "loss": 0.03173841, "lr": 0.00046152, "params": 9744496, "time_iter": 0.24601, "accuracy": 0.98677, "ap": 0.35653, "auc": 0.91752}
{"epoch": 23, "time_epoch": 170.47692, "eta": 13133.72436, "eta_hours": 3.64826, "loss": 0.03189301, "lr": 0.000457, "params": 9744496, "time_iter": 0.24887, "accuracy": 0.9867, "ap": 0.35227, "auc": 0.91658}
{"epoch": 24, "time_epoch": 169.83357, "eta": 12951.97641, "eta_hours": 3.59777, "loss": 0.031372, "lr": 0.00045225, "params": 9744496, "time_iter": 0.24793, "accuracy": 0.98688, "ap": 0.36581, "auc": 0.92068}
{"epoch": 25, "time_epoch": 169.85638, "eta": 12771.20987, "eta_hours": 3.54756, "loss": 0.03097169, "lr": 0.00044729, "params": 9744496, "time_iter": 0.24797, "accuracy": 0.98712, "ap": 0.37552, "auc": 0.92327}
{"epoch": 26, "time_epoch": 170.49505, "eta": 12592.97827, "eta_hours": 3.49805, "loss": 0.03090817, "lr": 0.0004421, "params": 9744496, "time_iter": 0.2489, "accuracy": 0.98714, "ap": 0.37807, "auc": 0.92376}
{"epoch": 27, "time_epoch": 170.05848, "eta": 12414.17668, "eta_hours": 3.44838, "loss": 0.03063872, "lr": 0.00043671, "params": 9744496, "time_iter": 0.24826, "accuracy": 0.98716, "ap": 0.38394, "auc": 0.92569}
{"epoch": 28, "time_epoch": 171.0387, "eta": 12238.37791, "eta_hours": 3.39955, "loss": 0.03023129, "lr": 0.00043111, "params": 9744496, "time_iter": 0.24969, "accuracy": 0.98742, "ap": 0.3965, "auc": 0.92802}
{"epoch": 29, "time_epoch": 170.49343, "eta": 12061.62418, "eta_hours": 3.35045, "loss": 0.02998841, "lr": 0.00042531, "params": 9744496, "time_iter": 0.2489, "accuracy": 0.98748, "ap": 0.40148, "auc": 0.92994}
{"epoch": 30, "time_epoch": 170.08095, "eta": 11884.35623, "eta_hours": 3.30121, "loss": 0.02986018, "lr": 0.00041932, "params": 9744496, "time_iter": 0.24829, "accuracy": 0.98751, "ap": 0.4059, "auc": 0.93015}
{"epoch": 31, "time_epoch": 170.47063, "eta": 11708.36556, "eta_hours": 3.25232, "loss": 0.03004631, "lr": 0.00041315, "params": 9744496, "time_iter": 0.24886, "accuracy": 0.9875, "ap": 0.40401, "auc": 0.93049}
{"epoch": 32, "time_epoch": 171.41453, "eta": 11534.62583, "eta_hours": 3.20406, "loss": 0.02950805, "lr": 0.00040679, "params": 9744496, "time_iter": 0.25024, "accuracy": 0.98769, "ap": 0.4162, "auc": 0.93355}
{"epoch": 33, "time_epoch": 171.32231, "eta": 11360.84386, "eta_hours": 3.15579, "loss": 0.02950069, "lr": 0.00040027, "params": 9744496, "time_iter": 0.25011, "accuracy": 0.98765, "ap": 0.41779, "auc": 0.9337}
{"epoch": 34, "time_epoch": 173.52229, "eta": 11191.28811, "eta_hours": 3.10869, "loss": 0.0290906, "lr": 0.00039358, "params": 9744496, "time_iter": 0.25332, "accuracy": 0.9879, "ap": 0.4293, "auc": 0.93617}
{"epoch": 35, "time_epoch": 168.73211, "eta": 11012.99612, "eta_hours": 3.05917, "loss": 0.02873193, "lr": 0.00038674, "params": 9744496, "time_iter": 0.24632, "accuracy": 0.98797, "ap": 0.43839, "auc": 0.9382}
{"epoch": 36, "time_epoch": 170.51493, "eta": 10838.2565, "eta_hours": 3.01063, "loss": 0.02878754, "lr": 0.00037974, "params": 9744496, "time_iter": 0.24893, "accuracy": 0.98801, "ap": 0.43824, "auc": 0.9384}
{"epoch": 37, "time_epoch": 168.19329, "eta": 10659.9513, "eta_hours": 2.9611, "loss": 0.02849711, "lr": 0.00037261, "params": 9744496, "time_iter": 0.24554, "accuracy": 0.98811, "ap": 0.44477, "auc": 0.9401}
{"epoch": 38, "time_epoch": 169.46794, "eta": 10484.15834, "eta_hours": 2.91227, "loss": 0.02827454, "lr": 0.00036534, "params": 9744496, "time_iter": 0.2474, "accuracy": 0.98813, "ap": 0.4473, "auc": 0.94266}
{"epoch": 39, "time_epoch": 171.81976, "eta": 10312.20935, "eta_hours": 2.8645, "loss": 0.02808787, "lr": 0.00035794, "params": 9744496, "time_iter": 0.25083, "accuracy": 0.98824, "ap": 0.45579, "auc": 0.94345}
{"epoch": 40, "time_epoch": 169.68538, "eta": 10137.19525, "eta_hours": 2.81589, "loss": 0.02793125, "lr": 0.00035042, "params": 9744496, "time_iter": 0.24772, "accuracy": 0.9884, "ap": 0.45976, "auc": 0.94396}
{"epoch": 41, "time_epoch": 171.50473, "eta": 9964.94733, "eta_hours": 2.76804, "loss": 0.02775944, "lr": 0.0003428, "params": 9744496, "time_iter": 0.25037, "accuracy": 0.98844, "ap": 0.46354, "auc": 0.94523}
{"epoch": 42, "time_epoch": 174.98793, "eta": 9797.35125, "eta_hours": 2.72149, "loss": 0.02743442, "lr": 0.00033507, "params": 9744496, "time_iter": 0.25546, "accuracy": 0.98856, "ap": 0.47228, "auc": 0.94697}
{"epoch": 43, "time_epoch": 172.87283, "eta": 9626.72722, "eta_hours": 2.67409, "loss": 0.02712404, "lr": 0.00032725, "params": 9744496, "time_iter": 0.25237, "accuracy": 0.98869, "ap": 0.48043, "auc": 0.94849}
{"epoch": 44, "time_epoch": 174.9752, "eta": 9458.57282, "eta_hours": 2.62738, "loss": 0.02688553, "lr": 0.00031935, "params": 9744496, "time_iter": 0.25544, "accuracy": 0.98871, "ap": 0.48656, "auc": 0.94982}
{"epoch": 45, "time_epoch": 171.01741, "eta": 9285.47575, "eta_hours": 2.5793, "loss": 0.02666066, "lr": 0.00031137, "params": 9744496, "time_iter": 0.24966, "accuracy": 0.98886, "ap": 0.4934, "auc": 0.95093}
{"epoch": 46, "time_epoch": 169.1508, "eta": 9110.36228, "eta_hours": 2.53066, "loss": 0.02652693, "lr": 0.00030332, "params": 9744496, "time_iter": 0.24694, "accuracy": 0.98895, "ap": 0.49649, "auc": 0.95181}
{"epoch": 47, "time_epoch": 172.15939, "eta": 8938.75656, "eta_hours": 2.48299, "loss": 0.02631191, "lr": 0.00029522, "params": 9744496, "time_iter": 0.25133, "accuracy": 0.98907, "ap": 0.49961, "auc": 0.95306}
{"epoch": 48, "time_epoch": 170.0654, "eta": 8764.94878, "eta_hours": 2.43471, "loss": 0.02613008, "lr": 0.00028707, "params": 9744496, "time_iter": 0.24827, "accuracy": 0.9891, "ap": 0.50518, "auc": 0.95413}
{"epoch": 49, "time_epoch": 172.04627, "eta": 8593.27157, "eta_hours": 2.38702, "loss": 0.02604768, "lr": 0.00027887, "params": 9744496, "time_iter": 0.25116, "accuracy": 0.98921, "ap": 0.50844, "auc": 0.95471}
{"epoch": 50, "time_epoch": 172.14591, "eta": 8421.67561, "eta_hours": 2.33935, "loss": 0.02582644, "lr": 0.00027064, "params": 9744496, "time_iter": 0.25131, "accuracy": 0.98924, "ap": 0.51187, "auc": 0.95625}
{"epoch": 51, "time_epoch": 171.55046, "eta": 8249.50886, "eta_hours": 2.29153, "loss": 0.0255956, "lr": 0.0002624, "params": 9744496, "time_iter": 0.25044, "accuracy": 0.98939, "ap": 0.52114, "auc": 0.95684}
{"epoch": 52, "time_epoch": 172.06398, "eta": 8077.82076, "eta_hours": 2.24384, "loss": 0.02547725, "lr": 0.00025413, "params": 9744496, "time_iter": 0.25119, "accuracy": 0.98936, "ap": 0.52748, "auc": 0.95757}
{"epoch": 53, "time_epoch": 168.92239, "eta": 7903.44256, "eta_hours": 2.1954, "loss": 0.02525385, "lr": 0.00024587, "params": 9744496, "time_iter": 0.2466, "accuracy": 0.98949, "ap": 0.53144, "auc": 0.95879}
{"epoch": 54, "time_epoch": 169.5852, "eta": 7729.80506, "eta_hours": 2.14717, "loss": 0.02519297, "lr": 0.0002376, "params": 9744496, "time_iter": 0.24757, "accuracy": 0.98951, "ap": 0.53081, "auc": 0.95944}
{"epoch": 55, "time_epoch": 171.60037, "eta": 7557.89563, "eta_hours": 2.09942, "loss": 0.02486296, "lr": 0.00022936, "params": 9744496, "time_iter": 0.25051, "accuracy": 0.98971, "ap": 0.54033, "auc": 0.96068}
{"epoch": 56, "time_epoch": 171.64113, "eta": 7386.02778, "eta_hours": 2.05167, "loss": 0.02468227, "lr": 0.00022113, "params": 9744496, "time_iter": 0.25057, "accuracy": 0.98981, "ap": 0.54695, "auc": 0.96188}
{"epoch": 57, "time_epoch": 171.36234, "eta": 7213.96587, "eta_hours": 2.00388, "loss": 0.02458546, "lr": 0.00021293, "params": 9744496, "time_iter": 0.25016, "accuracy": 0.98982, "ap": 0.54904, "auc": 0.96218}
{"epoch": 58, "time_epoch": 170.40596, "eta": 7041.26308, "eta_hours": 1.95591, "loss": 0.02431472, "lr": 0.00020478, "params": 9744496, "time_iter": 0.24877, "accuracy": 0.98994, "ap": 0.55491, "auc": 0.96281}
{"epoch": 59, "time_epoch": 169.4927, "eta": 6868.028, "eta_hours": 1.90779, "loss": 0.02413952, "lr": 0.00019668, "params": 9744496, "time_iter": 0.24743, "accuracy": 0.98995, "ap": 0.56096, "auc": 0.964}
{"epoch": 60, "time_epoch": 172.84663, "eta": 6697.05995, "eta_hours": 1.86029, "loss": 0.02399061, "lr": 0.00018863, "params": 9744496, "time_iter": 0.25233, "accuracy": 0.99006, "ap": 0.56574, "auc": 0.96462}
{"epoch": 61, "time_epoch": 170.31728, "eta": 6524.48104, "eta_hours": 1.81236, "loss": 0.02378976, "lr": 0.00018065, "params": 9744496, "time_iter": 0.24864, "accuracy": 0.99012, "ap": 0.56869, "auc": 0.96599}
{"epoch": 62, "time_epoch": 170.09354, "eta": 6351.84253, "eta_hours": 1.7644, "loss": 0.0236409, "lr": 0.00017275, "params": 9744496, "time_iter": 0.24831, "accuracy": 0.99015, "ap": 0.57549, "auc": 0.96616}
{"epoch": 63, "time_epoch": 171.46308, "eta": 6180.05392, "eta_hours": 1.71668, "loss": 0.02353503, "lr": 0.00016493, "params": 9744496, "time_iter": 0.25031, "accuracy": 0.99024, "ap": 0.5745, "auc": 0.96699}
{"epoch": 64, "time_epoch": 170.86384, "eta": 6007.95266, "eta_hours": 1.66888, "loss": 0.02336344, "lr": 0.0001572, "params": 9744496, "time_iter": 0.24944, "accuracy": 0.99031, "ap": 0.57889, "auc": 0.96752}
{"epoch": 65, "time_epoch": 171.21208, "eta": 5836.06829, "eta_hours": 1.62113, "loss": 0.02320924, "lr": 0.00014958, "params": 9744496, "time_iter": 0.24994, "accuracy": 0.99041, "ap": 0.58632, "auc": 0.96817}
{"epoch": 66, "time_epoch": 171.6909, "eta": 5664.43983, "eta_hours": 1.57346, "loss": 0.02310379, "lr": 0.00014206, "params": 9744496, "time_iter": 0.25064, "accuracy": 0.99043, "ap": 0.58712, "auc": 0.96881}
{"epoch": 67, "time_epoch": 171.13205, "eta": 5492.54654, "eta_hours": 1.52571, "loss": 0.02289968, "lr": 0.00013466, "params": 9744496, "time_iter": 0.24983, "accuracy": 0.99048, "ap": 0.59313, "auc": 0.96964}
{"epoch": 68, "time_epoch": 170.98976, "eta": 5320.61139, "eta_hours": 1.47795, "loss": 0.02276789, "lr": 0.00012739, "params": 9744496, "time_iter": 0.24962, "accuracy": 0.99055, "ap": 0.59749, "auc": 0.96975}
{"epoch": 69, "time_epoch": 171.61423, "eta": 5148.97088, "eta_hours": 1.43027, "loss": 0.02263612, "lr": 0.00012026, "params": 9744496, "time_iter": 0.25053, "accuracy": 0.99061, "ap": 0.60045, "auc": 0.97069}
{"epoch": 70, "time_epoch": 169.40971, "eta": 4976.43068, "eta_hours": 1.38234, "loss": 0.02251551, "lr": 0.00011326, "params": 9744496, "time_iter": 0.24731, "accuracy": 0.99073, "ap": 0.60497, "auc": 0.97082}
{"epoch": 71, "time_epoch": 168.78009, "eta": 4803.73257, "eta_hours": 1.33437, "loss": 0.0224132, "lr": 0.00010642, "params": 9744496, "time_iter": 0.24639, "accuracy": 0.9907, "ap": 0.60539, "auc": 0.97156}
{"epoch": 72, "time_epoch": 173.35672, "eta": 4632.83454, "eta_hours": 1.2869, "loss": 0.02229883, "lr": 9.973e-05, "params": 9744496, "time_iter": 0.25308, "accuracy": 0.99065, "ap": 0.61038, "auc": 0.97207}
{"epoch": 73, "time_epoch": 171.96889, "eta": 4461.38244, "eta_hours": 1.23927, "loss": 0.02213921, "lr": 9.321e-05, "params": 9744496, "time_iter": 0.25105, "accuracy": 0.99087, "ap": 0.61549, "auc": 0.97278}
{"epoch": 74, "time_epoch": 171.16487, "eta": 4289.64856, "eta_hours": 1.19157, "loss": 0.02207118, "lr": 8.685e-05, "params": 9744496, "time_iter": 0.24988, "accuracy": 0.99084, "ap": 0.61826, "auc": 0.97288}
{"epoch": 75, "time_epoch": 171.69277, "eta": 4118.09635, "eta_hours": 1.14392, "loss": 0.02195781, "lr": 8.068e-05, "params": 9744496, "time_iter": 0.25065, "accuracy": 0.99085, "ap": 0.61822, "auc": 0.97298}
{"epoch": 76, "time_epoch": 174.89946, "eta": 3947.49834, "eta_hours": 1.09653, "loss": 0.02184726, "lr": 7.469e-05, "params": 9744496, "time_iter": 0.25533, "accuracy": 0.99093, "ap": 0.62216, "auc": 0.97368}
{"epoch": 77, "time_epoch": 172.07987, "eta": 3775.99476, "eta_hours": 1.04889, "loss": 0.02177609, "lr": 6.889e-05, "params": 9744496, "time_iter": 0.25121, "accuracy": 0.99105, "ap": 0.62423, "auc": 0.97377}
{"epoch": 78, "time_epoch": 171.58259, "eta": 3604.3444, "eta_hours": 1.00121, "loss": 0.02166169, "lr": 6.329e-05, "params": 9744496, "time_iter": 0.25049, "accuracy": 0.99104, "ap": 0.62584, "auc": 0.97414}
{"epoch": 79, "time_epoch": 172.22028, "eta": 3432.85516, "eta_hours": 0.95357, "loss": 0.02156698, "lr": 5.79e-05, "params": 9744496, "time_iter": 0.25142, "accuracy": 0.99111, "ap": 0.62951, "auc": 0.97447}
{"epoch": 80, "time_epoch": 171.70226, "eta": 3261.22636, "eta_hours": 0.9059, "loss": 0.02147909, "lr": 5.271e-05, "params": 9744496, "time_iter": 0.25066, "accuracy": 0.99116, "ap": 0.63174, "auc": 0.97492}
{"epoch": 81, "time_epoch": 171.62744, "eta": 3089.57934, "eta_hours": 0.85822, "loss": 0.021393, "lr": 4.775e-05, "params": 9744496, "time_iter": 0.25055, "accuracy": 0.99114, "ap": 0.63324, "auc": 0.97476}
{"epoch": 82, "time_epoch": 172.82365, "eta": 2918.17781, "eta_hours": 0.8106, "loss": 0.02133578, "lr": 4.3e-05, "params": 9744496, "time_iter": 0.2523, "accuracy": 0.99112, "ap": 0.63385, "auc": 0.97521}
{"epoch": 83, "time_epoch": 171.74864, "eta": 2746.53764, "eta_hours": 0.76293, "loss": 0.021252, "lr": 3.848e-05, "params": 9744496, "time_iter": 0.25073, "accuracy": 0.9912, "ap": 0.63681, "auc": 0.97522}
{"epoch": 84, "time_epoch": 172.50295, "eta": 2575.02804, "eta_hours": 0.71529, "loss": 0.02122389, "lr": 3.419e-05, "params": 9744496, "time_iter": 0.25183, "accuracy": 0.99118, "ap": 0.63711, "auc": 0.97573}
{"epoch": 85, "time_epoch": 173.13941, "eta": 2403.59895, "eta_hours": 0.66767, "loss": 0.02112972, "lr": 3.013e-05, "params": 9744496, "time_iter": 0.25276, "accuracy": 0.99126, "ap": 0.64061, "auc": 0.976}
{"epoch": 86, "time_epoch": 171.34219, "eta": 2231.86199, "eta_hours": 0.61996, "loss": 0.02109015, "lr": 2.632e-05, "params": 9744496, "time_iter": 0.25013, "accuracy": 0.99127, "ap": 0.64069, "auc": 0.97604}
{"epoch": 87, "time_epoch": 173.11394, "eta": 2060.37561, "eta_hours": 0.57233, "loss": 0.02103645, "lr": 2.275e-05, "params": 9744496, "time_iter": 0.25272, "accuracy": 0.99133, "ap": 0.64237, "auc": 0.97627}
{"epoch": 88, "time_epoch": 172.49733, "eta": 1888.77644, "eta_hours": 0.52466, "loss": 0.02100163, "lr": 1.943e-05, "params": 9744496, "time_iter": 0.25182, "accuracy": 0.99132, "ap": 0.64426, "auc": 0.97619}
{"epoch": 89, "time_epoch": 170.59673, "eta": 1716.94613, "eta_hours": 0.47693, "loss": 0.02093385, "lr": 1.636e-05, "params": 9744496, "time_iter": 0.24905, "accuracy": 0.99136, "ap": 0.64269, "auc": 0.97645}
{"epoch": 90, "time_epoch": 171.90613, "eta": 1545.27244, "eta_hours": 0.42924, "loss": 0.02092839, "lr": 1.355e-05, "params": 9744496, "time_iter": 0.25096, "accuracy": 0.99137, "ap": 0.64633, "auc": 0.97651}
{"epoch": 91, "time_epoch": 171.91621, "eta": 1373.59457, "eta_hours": 0.38155, "loss": 0.02090176, "lr": 1.099e-05, "params": 9744496, "time_iter": 0.25097, "accuracy": 0.99137, "ap": 0.64491, "auc": 0.97665}
{"epoch": 92, "time_epoch": 171.9036, "eta": 1201.91062, "eta_hours": 0.33386, "loss": 0.02089289, "lr": 8.7e-06, "params": 9744496, "time_iter": 0.25095, "accuracy": 0.9914, "ap": 0.64468, "auc": 0.97666}
{"epoch": 93, "time_epoch": 172.58511, "eta": 1030.26551, "eta_hours": 0.28618, "loss": 0.020857, "lr": 6.67e-06, "params": 9744496, "time_iter": 0.25195, "accuracy": 0.9914, "ap": 0.64936, "auc": 0.97678}
{"epoch": 94, "time_epoch": 171.56931, "eta": 858.54713, "eta_hours": 0.23849, "loss": 0.02083031, "lr": 4.91e-06, "params": 9744496, "time_iter": 0.25047, "accuracy": 0.99137, "ap": 0.64918, "auc": 0.97698}
{"epoch": 95, "time_epoch": 169.68749, "eta": 686.75346, "eta_hours": 0.19076, "loss": 0.02083872, "lr": 3.41e-06, "params": 9744496, "time_iter": 0.24772, "accuracy": 0.9914, "ap": 0.64686, "auc": 0.97687}
{"epoch": 96, "time_epoch": 169.30075, "eta": 514.99125, "eta_hours": 0.14305, "loss": 0.02082685, "lr": 2.18e-06, "params": 9744496, "time_iter": 0.24715, "accuracy": 0.9914, "ap": 0.64808, "auc": 0.97674}
{"epoch": 97, "time_epoch": 169.4867, "eta": 343.28307, "eta_hours": 0.09536, "loss": 0.02081742, "lr": 1.23e-06, "params": 9744496, "time_iter": 0.24743, "accuracy": 0.9914, "ap": 0.64872, "auc": 0.97694}
{"epoch": 98, "time_epoch": 170.32074, "eta": 171.62819, "eta_hours": 0.04767, "loss": 0.0207832, "lr": 5.5e-07, "params": 9744496, "time_iter": 0.24864, "accuracy": 0.99144, "ap": 0.64828, "auc": 0.97701}
{"epoch": 99, "time_epoch": 171.80189, "eta": 0.0, "eta_hours": 0.0, "loss": 0.02081747, "lr": 1.4e-07, "params": 9744496, "time_iter": 0.25081, "accuracy": 0.99141, "ap": 0.64902, "auc": 0.97675}
