{"epoch": 0, "time_epoch": 84.34049, "eta": 8349.7081, "eta_hours": 2.31936, "loss": 1.79817884, "lr": 0.0, "params": 502054, "time_iter": 0.13494, "accuracy": 0.16703, "f1": 0.129, "auc": 0.49977}
{"epoch": 1, "time_epoch": 82.94817, "eta": 8197.14396, "eta_hours": 2.27698, "loss": 1.65851557, "lr": 0.0002, "params": 502054, "time_iter": 0.13272, "accuracy": 0.35905, "f1": 0.35729, "auc": 0.70067}
{"epoch": 2, "time_epoch": 84.23304, "eta": 8132.53467, "eta_hours": 2.25904, "loss": 1.23683389, "lr": 0.0004, "params": 502054, "time_iter": 0.13477, "accuracy": 0.60097, "f1": 0.60084, "auc": 0.85536}
{"epoch": 3, "time_epoch": 82.1072, "eta": 8007.09342, "eta_hours": 2.22419, "loss": 0.95766701, "lr": 0.0006, "params": 502054, "time_iter": 0.13137, "accuracy": 0.68283, "f1": 0.68282, "auc": 0.9115}
{"epoch": 4, "time_epoch": 81.35509, "eta": 7884.69566, "eta_hours": 2.19019, "loss": 0.86169927, "lr": 0.0008, "params": 502054, "time_iter": 0.13017, "accuracy": 0.70388, "f1": 0.70388, "auc": 0.92772}
{"epoch": 5, "time_epoch": 81.11547, "eta": 7772.22479, "eta_hours": 2.15895, "loss": 0.81369898, "lr": 0.001, "params": 502054, "time_iter": 0.12978, "accuracy": 0.71437, "f1": 0.71436, "auc": 0.9347}
{"epoch": 6, "time_epoch": 81.0348, "eta": 7667.64083, "eta_hours": 2.1299, "loss": 0.78377901, "lr": 0.00099973, "params": 502054, "time_iter": 0.12966, "accuracy": 0.72369, "f1": 0.72368, "auc": 0.93901}
{"epoch": 7, "time_epoch": 80.93232, "eta": 7567.76568, "eta_hours": 2.10216, "loss": 0.7618101, "lr": 0.00099891, "params": 502054, "time_iter": 0.12949, "accuracy": 0.7311, "f1": 0.73109, "auc": 0.94211}
{"epoch": 8, "time_epoch": 80.97773, "eta": 7472.55916, "eta_hours": 2.07571, "loss": 0.74202584, "lr": 0.00099754, "params": 502054, "time_iter": 0.12956, "accuracy": 0.73713, "f1": 0.73712, "auc": 0.94503}
{"epoch": 9, "time_epoch": 80.87246, "eta": 7379.25096, "eta_hours": 2.04979, "loss": 0.73266989, "lr": 0.00099563, "params": 502054, "time_iter": 0.1294, "accuracy": 0.73994, "f1": 0.73993, "auc": 0.94636}
{"epoch": 10, "time_epoch": 80.67177, "eta": 7286.58004, "eta_hours": 2.02405, "loss": 0.72187788, "lr": 0.00099318, "params": 502054, "time_iter": 0.12907, "accuracy": 0.74351, "f1": 0.74351, "auc": 0.94787}
{"epoch": 11, "time_epoch": 80.85292, "eta": 7197.23742, "eta_hours": 1.99923, "loss": 0.71733958, "lr": 0.00099019, "params": 502054, "time_iter": 0.12936, "accuracy": 0.74465, "f1": 0.74465, "auc": 0.94849}
{"epoch": 12, "time_epoch": 81.14797, "eta": 7111.17543, "eta_hours": 1.97533, "loss": 0.70975946, "lr": 0.00098666, "params": 502054, "time_iter": 0.12984, "accuracy": 0.747, "f1": 0.747, "auc": 0.94953}
{"epoch": 13, "time_epoch": 80.75214, "eta": 7023.38396, "eta_hours": 1.95094, "loss": 0.6983258, "lr": 0.0009826, "params": 502054, "time_iter": 0.1292, "accuracy": 0.75037, "f1": 0.75037, "auc": 0.95119}
{"epoch": 14, "time_epoch": 80.56432, "eta": 6935.46672, "eta_hours": 1.92652, "loss": 0.69505742, "lr": 0.00097802, "params": 502054, "time_iter": 0.1289, "accuracy": 0.75141, "f1": 0.75141, "auc": 0.95162}
{"epoch": 15, "time_epoch": 80.59836, "eta": 6848.64735, "eta_hours": 1.9024, "loss": 0.69107244, "lr": 0.00097291, "params": 502054, "time_iter": 0.12896, "accuracy": 0.75282, "f1": 0.75282, "auc": 0.95218}
{"epoch": 16, "time_epoch": 80.81641, "eta": 6763.62442, "eta_hours": 1.87878, "loss": 0.68766811, "lr": 0.00096728, "params": 502054, "time_iter": 0.12931, "accuracy": 0.75469, "f1": 0.75469, "auc": 0.95261}
{"epoch": 17, "time_epoch": 81.08347, "eta": 6680.2855, "eta_hours": 1.85563, "loss": 0.68032185, "lr": 0.00096114, "params": 502054, "time_iter": 0.12973, "accuracy": 0.757, "f1": 0.757, "auc": 0.95361}
{"epoch": 18, "time_epoch": 80.27732, "eta": 6593.74724, "eta_hours": 1.8316, "loss": 0.67951356, "lr": 0.0009545, "params": 502054, "time_iter": 0.12844, "accuracy": 0.75773, "f1": 0.75773, "auc": 0.95371}
{"epoch": 19, "time_epoch": 80.871, "eta": 6510.20981, "eta_hours": 1.80839, "loss": 0.67239577, "lr": 0.00094736, "params": 502054, "time_iter": 0.12939, "accuracy": 0.75884, "f1": 0.75884, "auc": 0.95471}
{"epoch": 20, "time_epoch": 80.51408, "eta": 6425.5836, "eta_hours": 1.78488, "loss": 0.67136287, "lr": 0.00093974, "params": 502054, "time_iter": 0.12882, "accuracy": 0.76011, "f1": 0.76011, "auc": 0.95479}
{"epoch": 21, "time_epoch": 80.92969, "eta": 6342.80476, "eta_hours": 1.76189, "loss": 0.66482481, "lr": 0.00093163, "params": 502054, "time_iter": 0.12949, "accuracy": 0.76202, "f1": 0.76202, "auc": 0.95571}
{"epoch": 22, "time_epoch": 80.57475, "eta": 6258.99846, "eta_hours": 1.73861, "loss": 0.6615112, "lr": 0.00092305, "params": 502054, "time_iter": 0.12892, "accuracy": 0.76289, "f1": 0.76288, "auc": 0.95613}
{"epoch": 23, "time_epoch": 80.61296, "eta": 6175.58242, "eta_hours": 1.71544, "loss": 0.65921332, "lr": 0.000914, "params": 502054, "time_iter": 0.12898, "accuracy": 0.76373, "f1": 0.76373, "auc": 0.95645}
{"epoch": 24, "time_epoch": 80.48394, "eta": 6092.00358, "eta_hours": 1.69222, "loss": 0.65526348, "lr": 0.00090451, "params": 502054, "time_iter": 0.12877, "accuracy": 0.76507, "f1": 0.76507, "auc": 0.95698}
{"epoch": 25, "time_epoch": 80.65159, "eta": 6009.13997, "eta_hours": 1.66921, "loss": 0.65328351, "lr": 0.00089457, "params": 502054, "time_iter": 0.12904, "accuracy": 0.76556, "f1": 0.76556, "auc": 0.95722}
{"epoch": 26, "time_epoch": 80.53751, "eta": 5926.13178, "eta_hours": 1.64615, "loss": 0.64941873, "lr": 0.0008842, "params": 502054, "time_iter": 0.12886, "accuracy": 0.76722, "f1": 0.76721, "auc": 0.95773}
{"epoch": 27, "time_epoch": 80.77713, "eta": 5843.91624, "eta_hours": 1.62331, "loss": 0.64595194, "lr": 0.00087341, "params": 502054, "time_iter": 0.12924, "accuracy": 0.76821, "f1": 0.76821, "auc": 0.95818}
{"epoch": 28, "time_epoch": 80.56571, "eta": 5761.28229, "eta_hours": 1.60036, "loss": 0.64411215, "lr": 0.00086221, "params": 502054, "time_iter": 0.12891, "accuracy": 0.7684, "f1": 0.76839, "auc": 0.95842}
{"epoch": 29, "time_epoch": 80.50843, "eta": 5678.65255, "eta_hours": 1.5774, "loss": 0.63970298, "lr": 0.00085062, "params": 502054, "time_iter": 0.12881, "accuracy": 0.77017, "f1": 0.77017, "auc": 0.95898}
{"epoch": 30, "time_epoch": 80.61037, "eta": 5596.38657, "eta_hours": 1.55455, "loss": 0.63737037, "lr": 0.00083864, "params": 502054, "time_iter": 0.12898, "accuracy": 0.77094, "f1": 0.77094, "auc": 0.95927}
{"epoch": 31, "time_epoch": 80.53055, "eta": 5514.05445, "eta_hours": 1.53168, "loss": 0.63302106, "lr": 0.00082629, "params": 502054, "time_iter": 0.12885, "accuracy": 0.77246, "f1": 0.77246, "auc": 0.95983}
{"epoch": 32, "time_epoch": 80.69765, "eta": 5432.17078, "eta_hours": 1.50894, "loss": 0.63114417, "lr": 0.00081359, "params": 502054, "time_iter": 0.12912, "accuracy": 0.77345, "f1": 0.77345, "auc": 0.96008}
{"epoch": 33, "time_epoch": 80.59459, "eta": 5350.15683, "eta_hours": 1.48615, "loss": 0.62831769, "lr": 0.00080054, "params": 502054, "time_iter": 0.12895, "accuracy": 0.77429, "f1": 0.77429, "auc": 0.96042}
{"epoch": 34, "time_epoch": 80.22927, "eta": 5267.54553, "eta_hours": 1.46321, "loss": 0.6245886, "lr": 0.00078716, "params": 502054, "time_iter": 0.12837, "accuracy": 0.77504, "f1": 0.77504, "auc": 0.96093}
{"epoch": 35, "time_epoch": 80.53299, "eta": 5185.60651, "eta_hours": 1.44045, "loss": 0.62167969, "lr": 0.00077347, "params": 502054, "time_iter": 0.12885, "accuracy": 0.77646, "f1": 0.77646, "auc": 0.96127}
{"epoch": 36, "time_epoch": 79.97358, "eta": 5102.79099, "eta_hours": 1.41744, "loss": 0.61815123, "lr": 0.00075948, "params": 502054, "time_iter": 0.12796, "accuracy": 0.77732, "f1": 0.77732, "auc": 0.96172}
{"epoch": 37, "time_epoch": 80.29056, "eta": 5020.64221, "eta_hours": 1.39462, "loss": 0.61743306, "lr": 0.00074521, "params": 502054, "time_iter": 0.12846, "accuracy": 0.77762, "f1": 0.77761, "auc": 0.9618}
{"epoch": 38, "time_epoch": 80.51367, "eta": 4938.9377, "eta_hours": 1.37193, "loss": 0.61456665, "lr": 0.00073067, "params": 502054, "time_iter": 0.12882, "accuracy": 0.77899, "f1": 0.77899, "auc": 0.96214}
{"epoch": 39, "time_epoch": 80.23925, "eta": 4856.8811, "eta_hours": 1.34913, "loss": 0.61117238, "lr": 0.00071588, "params": 502054, "time_iter": 0.12838, "accuracy": 0.78015, "f1": 0.78015, "auc": 0.96258}
{"epoch": 40, "time_epoch": 80.18928, "eta": 4774.84123, "eta_hours": 1.32634, "loss": 0.60712245, "lr": 0.00070085, "params": 502054, "time_iter": 0.1283, "accuracy": 0.78142, "f1": 0.78142, "auc": 0.96306}
{"epoch": 41, "time_epoch": 80.30101, "eta": 4693.04378, "eta_hours": 1.30362, "loss": 0.60529482, "lr": 0.0006856, "params": 502054, "time_iter": 0.12848, "accuracy": 0.78232, "f1": 0.78232, "auc": 0.96329}
{"epoch": 42, "time_epoch": 80.65203, "eta": 4611.78125, "eta_hours": 1.28105, "loss": 0.60119709, "lr": 0.00067015, "params": 502054, "time_iter": 0.12904, "accuracy": 0.78397, "f1": 0.78397, "auc": 0.96378}
{"epoch": 43, "time_epoch": 80.27446, "eta": 4530.06591, "eta_hours": 1.25835, "loss": 0.60014243, "lr": 0.00065451, "params": 502054, "time_iter": 0.12844, "accuracy": 0.78355, "f1": 0.78355, "auc": 0.96393}
{"epoch": 44, "time_epoch": 80.37376, "eta": 4448.53599, "eta_hours": 1.2357, "loss": 0.60051957, "lr": 0.0006387, "params": 502054, "time_iter": 0.1286, "accuracy": 0.78382, "f1": 0.78382, "auc": 0.96388}
{"epoch": 45, "time_epoch": 80.384, "eta": 4367.06836, "eta_hours": 1.21307, "loss": 0.59411326, "lr": 0.00062274, "params": 502054, "time_iter": 0.12861, "accuracy": 0.7858, "f1": 0.7858, "auc": 0.96465}
{"epoch": 46, "time_epoch": 80.34893, "eta": 4285.60729, "eta_hours": 1.19045, "loss": 0.59223328, "lr": 0.00060665, "params": 502054, "time_iter": 0.12856, "accuracy": 0.78702, "f1": 0.78702, "auc": 0.96486}
{"epoch": 47, "time_epoch": 80.63672, "eta": 4204.50433, "eta_hours": 1.16792, "loss": 0.58719849, "lr": 0.00059044, "params": 502054, "time_iter": 0.12902, "accuracy": 0.78855, "f1": 0.78855, "auc": 0.96545}
{"epoch": 48, "time_epoch": 80.67073, "eta": 4123.4558, "eta_hours": 1.1454, "loss": 0.58522725, "lr": 0.00057413, "params": 502054, "time_iter": 0.12907, "accuracy": 0.78874, "f1": 0.78874, "auc": 0.9657}
{"epoch": 49, "time_epoch": 80.7744, "eta": 4042.52605, "eta_hours": 1.12292, "loss": 0.58148931, "lr": 0.00055774, "params": 502054, "time_iter": 0.12924, "accuracy": 0.79057, "f1": 0.79057, "auc": 0.96612}
{"epoch": 50, "time_epoch": 80.54863, "eta": 3961.38548, "eta_hours": 1.10038, "loss": 0.57843986, "lr": 0.00054129, "params": 502054, "time_iter": 0.12888, "accuracy": 0.79137, "f1": 0.79137, "auc": 0.9665}
{"epoch": 51, "time_epoch": 80.37289, "eta": 3880.10545, "eta_hours": 1.07781, "loss": 0.5776786, "lr": 0.00052479, "params": 502054, "time_iter": 0.1286, "accuracy": 0.79117, "f1": 0.79117, "auc": 0.96659}
{"epoch": 52, "time_epoch": 80.94139, "eta": 3799.36379, "eta_hours": 1.05538, "loss": 0.57661753, "lr": 0.00050827, "params": 502054, "time_iter": 0.12951, "accuracy": 0.79214, "f1": 0.79214, "auc": 0.96669}
{"epoch": 53, "time_epoch": 80.6926, "eta": 3718.40281, "eta_hours": 1.03289, "loss": 0.56881458, "lr": 0.00049173, "params": 502054, "time_iter": 0.12911, "accuracy": 0.79428, "f1": 0.79428, "auc": 0.96761}
{"epoch": 54, "time_epoch": 80.72985, "eta": 3637.48206, "eta_hours": 1.01041, "loss": 0.5694506, "lr": 0.00047521, "params": 502054, "time_iter": 0.12917, "accuracy": 0.79445, "f1": 0.79445, "auc": 0.96754}
{"epoch": 55, "time_epoch": 80.4977, "eta": 3556.38573, "eta_hours": 0.98788, "loss": 0.56401542, "lr": 0.00045871, "params": 502054, "time_iter": 0.1288, "accuracy": 0.7965, "f1": 0.7965, "auc": 0.96814}
{"epoch": 56, "time_epoch": 80.24484, "eta": 3475.11965, "eta_hours": 0.96531, "loss": 0.5620921, "lr": 0.00044226, "params": 502054, "time_iter": 0.12839, "accuracy": 0.79675, "f1": 0.79675, "auc": 0.96835}
{"epoch": 57, "time_epoch": 80.74194, "eta": 3394.24875, "eta_hours": 0.94285, "loss": 0.56044085, "lr": 0.00042587, "params": 502054, "time_iter": 0.12919, "accuracy": 0.79752, "f1": 0.79752, "auc": 0.96855}
{"epoch": 58, "time_epoch": 80.70063, "eta": 3313.35351, "eta_hours": 0.92038, "loss": 0.56117974, "lr": 0.00040956, "params": 502054, "time_iter": 0.12912, "accuracy": 0.79754, "f1": 0.79754, "auc": 0.96846}
{"epoch": 59, "time_epoch": 80.38778, "eta": 3232.2562, "eta_hours": 0.89785, "loss": 0.55347421, "lr": 0.00039335, "params": 502054, "time_iter": 0.12862, "accuracy": 0.8002, "f1": 0.8002, "auc": 0.96933}
{"epoch": 60, "time_epoch": 80.49111, "eta": 3151.24821, "eta_hours": 0.87535, "loss": 0.55156168, "lr": 0.00037726, "params": 502054, "time_iter": 0.12879, "accuracy": 0.80127, "f1": 0.80127, "auc": 0.96952}
{"epoch": 61, "time_epoch": 80.49505, "eta": 3070.25931, "eta_hours": 0.85285, "loss": 0.55095213, "lr": 0.0003613, "params": 502054, "time_iter": 0.12879, "accuracy": 0.80142, "f1": 0.80142, "auc": 0.96959}
{"epoch": 62, "time_epoch": 80.53612, "eta": 2989.31021, "eta_hours": 0.83036, "loss": 0.54649479, "lr": 0.00034549, "params": 502054, "time_iter": 0.12886, "accuracy": 0.80262, "f1": 0.80262, "auc": 0.9701}
{"epoch": 63, "time_epoch": 81.12448, "eta": 2908.70497, "eta_hours": 0.80797, "loss": 0.54441974, "lr": 0.00032985, "params": 502054, "time_iter": 0.1298, "accuracy": 0.80331, "f1": 0.8033, "auc": 0.97032}
{"epoch": 64, "time_epoch": 81.70419, "eta": 2828.3959, "eta_hours": 0.78567, "loss": 0.54444248, "lr": 0.0003144, "params": 502054, "time_iter": 0.13073, "accuracy": 0.80303, "f1": 0.80303, "auc": 0.97033}
{"epoch": 65, "time_epoch": 81.26823, "eta": 2747.81997, "eta_hours": 0.76328, "loss": 0.53926723, "lr": 0.00029915, "params": 502054, "time_iter": 0.13003, "accuracy": 0.8049, "f1": 0.8049, "auc": 0.97088}
{"epoch": 66, "time_epoch": 81.72151, "eta": 2667.44663, "eta_hours": 0.74096, "loss": 0.53959097, "lr": 0.00028412, "params": 502054, "time_iter": 0.13075, "accuracy": 0.8048, "f1": 0.8048, "auc": 0.97086}
{"epoch": 67, "time_epoch": 81.91195, "eta": 2587.12326, "eta_hours": 0.71865, "loss": 0.53700956, "lr": 0.00026933, "params": 502054, "time_iter": 0.13106, "accuracy": 0.80599, "f1": 0.80599, "auc": 0.97112}
{"epoch": 68, "time_epoch": 82.46105, "eta": 2507.00054, "eta_hours": 0.69639, "loss": 0.53420008, "lr": 0.00025479, "params": 502054, "time_iter": 0.13194, "accuracy": 0.8071, "f1": 0.8071, "auc": 0.97142}
{"epoch": 69, "time_epoch": 82.30617, "eta": 2426.74464, "eta_hours": 0.6741, "loss": 0.53195237, "lr": 0.00024052, "params": 502054, "time_iter": 0.13169, "accuracy": 0.80784, "f1": 0.80784, "auc": 0.97167}
{"epoch": 70, "time_epoch": 82.19837, "eta": 2346.38694, "eta_hours": 0.65177, "loss": 0.53043621, "lr": 0.00022653, "params": 502054, "time_iter": 0.13152, "accuracy": 0.80835, "f1": 0.80835, "auc": 0.97183}
{"epoch": 71, "time_epoch": 82.61981, "eta": 2266.14201, "eta_hours": 0.62948, "loss": 0.53095719, "lr": 0.00021284, "params": 502054, "time_iter": 0.13219, "accuracy": 0.80823, "f1": 0.80823, "auc": 0.97177}
{"epoch": 72, "time_epoch": 82.1148, "eta": 2185.64524, "eta_hours": 0.60712, "loss": 0.52623857, "lr": 0.00019946, "params": 502054, "time_iter": 0.13138, "accuracy": 0.80995, "f1": 0.80995, "auc": 0.97227}
{"epoch": 73, "time_epoch": 82.41894, "eta": 2105.21159, "eta_hours": 0.58478, "loss": 0.52497641, "lr": 0.00018641, "params": 502054, "time_iter": 0.13187, "accuracy": 0.81032, "f1": 0.81032, "auc": 0.9724}
{"epoch": 74, "time_epoch": 82.6561, "eta": 2024.80406, "eta_hours": 0.56245, "loss": 0.5236598, "lr": 0.00017371, "params": 502054, "time_iter": 0.13225, "accuracy": 0.81085, "f1": 0.81085, "auc": 0.97255}
{"epoch": 75, "time_epoch": 82.15907, "eta": 1944.18039, "eta_hours": 0.54005, "loss": 0.52103198, "lr": 0.00016136, "params": 502054, "time_iter": 0.13145, "accuracy": 0.81191, "f1": 0.81191, "auc": 0.97281}
{"epoch": 76, "time_epoch": 83.50774, "eta": 1863.9197, "eta_hours": 0.51776, "loss": 0.52112712, "lr": 0.00014938, "params": 502054, "time_iter": 0.13361, "accuracy": 0.81149, "f1": 0.81149, "auc": 0.9728}
{"epoch": 77, "time_epoch": 80.7183, "eta": 1782.78898, "eta_hours": 0.49522, "loss": 0.51875542, "lr": 0.00013779, "params": 502054, "time_iter": 0.12915, "accuracy": 0.8125, "f1": 0.8125, "auc": 0.97306}
{"epoch": 78, "time_epoch": 81.2732, "eta": 1701.8162, "eta_hours": 0.47273, "loss": 0.51733361, "lr": 0.00012659, "params": 502054, "time_iter": 0.13004, "accuracy": 0.81302, "f1": 0.81302, "auc": 0.97319}
{"epoch": 79, "time_epoch": 81.98126, "eta": 1621.01293, "eta_hours": 0.45028, "loss": 0.51501263, "lr": 0.0001158, "params": 502054, "time_iter": 0.13117, "accuracy": 0.81369, "f1": 0.81369, "auc": 0.97344}
{"epoch": 80, "time_epoch": 82.66535, "eta": 1540.34105, "eta_hours": 0.42787, "loss": 0.51542136, "lr": 0.00010543, "params": 502054, "time_iter": 0.13226, "accuracy": 0.81346, "f1": 0.81346, "auc": 0.97341}
{"epoch": 81, "time_epoch": 84.24673, "eta": 1459.96767, "eta_hours": 0.40555, "loss": 0.51376158, "lr": 9.549e-05, "params": 502054, "time_iter": 0.13479, "accuracy": 0.81448, "f1": 0.81448, "auc": 0.97357}
{"epoch": 82, "time_epoch": 83.32481, "eta": 1379.31213, "eta_hours": 0.38314, "loss": 0.51209926, "lr": 8.6e-05, "params": 502054, "time_iter": 0.13332, "accuracy": 0.81491, "f1": 0.81491, "auc": 0.97374}
{"epoch": 83, "time_epoch": 81.60004, "eta": 1298.26451, "eta_hours": 0.36063, "loss": 0.51184558, "lr": 7.695e-05, "params": 502054, "time_iter": 0.13056, "accuracy": 0.81497, "f1": 0.81497, "auc": 0.97376}
{"epoch": 84, "time_epoch": 80.71938, "eta": 1217.04848, "eta_hours": 0.33807, "loss": 0.51044406, "lr": 6.837e-05, "params": 502054, "time_iter": 0.12915, "accuracy": 0.81546, "f1": 0.81546, "auc": 0.97391}
{"epoch": 85, "time_epoch": 80.47952, "eta": 1135.80495, "eta_hours": 0.3155, "loss": 0.50864926, "lr": 6.026e-05, "params": 502054, "time_iter": 0.12877, "accuracy": 0.81613, "f1": 0.81613, "auc": 0.97411}
{"epoch": 86, "time_epoch": 80.40311, "eta": 1054.56757, "eta_hours": 0.29294, "loss": 0.509396, "lr": 5.264e-05, "params": 502054, "time_iter": 0.12864, "accuracy": 0.81593, "f1": 0.81593, "auc": 0.97402}
{"epoch": 87, "time_epoch": 80.82705, "eta": 973.40696, "eta_hours": 0.27039, "loss": 0.50756288, "lr": 4.55e-05, "params": 502054, "time_iter": 0.12932, "accuracy": 0.81659, "f1": 0.81659, "auc": 0.9742}
{"epoch": 88, "time_epoch": 80.60589, "eta": 892.22652, "eta_hours": 0.24784, "loss": 0.50674986, "lr": 3.886e-05, "params": 502054, "time_iter": 0.12897, "accuracy": 0.81686, "f1": 0.81686, "auc": 0.97428}
{"epoch": 89, "time_epoch": 80.58372, "eta": 811.05637, "eta_hours": 0.22529, "loss": 0.50656946, "lr": 3.272e-05, "params": 502054, "time_iter": 0.12893, "accuracy": 0.81691, "f1": 0.81691, "auc": 0.97431}
{"epoch": 90, "time_epoch": 80.53099, "eta": 729.8939, "eta_hours": 0.20275, "loss": 0.50500328, "lr": 2.709e-05, "params": 502054, "time_iter": 0.12885, "accuracy": 0.81779, "f1": 0.81779, "auc": 0.97446}
{"epoch": 91, "time_epoch": 80.42153, "eta": 648.73564, "eta_hours": 0.1802, "loss": 0.50587327, "lr": 2.198e-05, "params": 502054, "time_iter": 0.12867, "accuracy": 0.81704, "f1": 0.81704, "auc": 0.97438}
{"epoch": 92, "time_epoch": 80.59825, "eta": 567.60652, "eta_hours": 0.15767, "loss": 0.50514554, "lr": 1.74e-05, "params": 502054, "time_iter": 0.12896, "accuracy": 0.81724, "f1": 0.81724, "auc": 0.97445}
{"epoch": 93, "time_epoch": 80.73827, "eta": 486.49764, "eta_hours": 0.13514, "loss": 0.50562743, "lr": 1.334e-05, "params": 502054, "time_iter": 0.12918, "accuracy": 0.81725, "f1": 0.81725, "auc": 0.97439}
{"epoch": 94, "time_epoch": 80.68485, "eta": 405.39375, "eta_hours": 0.11261, "loss": 0.504485, "lr": 9.81e-06, "params": 502054, "time_iter": 0.1291, "accuracy": 0.81775, "f1": 0.81775, "auc": 0.97452}
{"epoch": 95, "time_epoch": 80.49632, "eta": 324.29073, "eta_hours": 0.09008, "loss": 0.5054392, "lr": 6.82e-06, "params": 502054, "time_iter": 0.12879, "accuracy": 0.8172, "f1": 0.8172, "auc": 0.97443}
{"epoch": 96, "time_epoch": 80.54687, "eta": 243.20179, "eta_hours": 0.06756, "loss": 0.50491478, "lr": 4.37e-06, "params": 502054, "time_iter": 0.12887, "accuracy": 0.81802, "f1": 0.81802, "auc": 0.97447}
{"epoch": 97, "time_epoch": 80.60261, "eta": 162.12504, "eta_hours": 0.04503, "loss": 0.50363117, "lr": 2.46e-06, "params": 502054, "time_iter": 0.12896, "accuracy": 0.81771, "f1": 0.81771, "auc": 0.97461}
{"epoch": 98, "time_epoch": 80.72691, "eta": 81.05913, "eta_hours": 0.02252, "loss": 0.50331228, "lr": 1.09e-06, "params": 502054, "time_iter": 0.12916, "accuracy": 0.8181, "f1": 0.8181, "auc": 0.97464}
{"epoch": 99, "time_epoch": 80.32778, "eta": 0.0, "eta_hours": 0.0, "loss": 0.50432615, "lr": 2.7e-07, "params": 502054, "time_iter": 0.12852, "accuracy": 0.81763, "f1": 0.81763, "auc": 0.97454}
