{"epoch": 0, "time_epoch": 85.66437, "eta": 8480.77273, "eta_hours": 2.35577, "loss": 0.59978502, "lr": 0.0, "params": 558625, "time_iter": 0.08325, "accuracy": 0.96255, "precision": 0.0, "recall": 0.0, "f1": 0.0, "auc": 0.54587}
{"epoch": 1, "time_epoch": 80.51982, "eta": 8143.02524, "eta_hours": 2.26195, "loss": 0.29951006, "lr": 2e-05, "params": 558625, "time_iter": 0.07825, "accuracy": 0.96255, "precision": 0.0, "recall": 0.0, "f1": 0.0, "auc": 0.56367}
{"epoch": 2, "time_epoch": 79.93235, "eta": 7957.76815, "eta_hours": 2.21049, "loss": 0.15700658, "lr": 4e-05, "params": 558625, "time_iter": 0.07768, "accuracy": 0.96255, "precision": 0.0, "recall": 0.0, "f1": 0.0, "auc": 0.66038}
{"epoch": 3, "time_epoch": 80.63877, "eta": 7842.12738, "eta_hours": 2.17837, "loss": 0.14668667, "lr": 6e-05, "params": 558625, "time_iter": 0.07837, "accuracy": 0.96255, "precision": 0.0, "recall": 0.0, "f1": 0.0, "auc": 0.70881}
{"epoch": 4, "time_epoch": 80.01114, "eta": 7728.56248, "eta_hours": 2.14682, "loss": 0.13868651, "lr": 8e-05, "params": 558625, "time_iter": 0.07776, "accuracy": 0.96255, "precision": 0.0, "recall": 0.0, "f1": 0.0, "auc": 0.7464}
{"epoch": 5, "time_epoch": 80.0409, "eta": 7626.64844, "eta_hours": 2.11851, "loss": 0.13411825, "lr": 0.0001, "params": 558625, "time_iter": 0.07779, "accuracy": 0.96255, "precision": 0.0, "recall": 0.0, "f1": 0.0, "auc": 0.76448}
{"epoch": 6, "time_epoch": 80.23277, "eta": 7533.53299, "eta_hours": 2.09265, "loss": 0.1274337, "lr": 9.997e-05, "params": 558625, "time_iter": 0.07797, "accuracy": 0.96277, "precision": 0.81818, "recall": 0.00731, "f1": 0.01448, "auc": 0.79636}
{"epoch": 7, "time_epoch": 80.25526, "eta": 7443.8969, "eta_hours": 2.06775, "loss": 0.12282876, "lr": 9.989e-05, "params": 558625, "time_iter": 0.07799, "accuracy": 0.96444, "precision": 0.68023, "recall": 0.09497, "f1": 0.16667, "auc": 0.80889}
{"epoch": 8, "time_epoch": 81.81255, "eta": 7372.09133, "eta_hours": 2.0478, "loss": 0.11994582, "lr": 9.975e-05, "params": 558625, "time_iter": 0.07951, "accuracy": 0.96614, "precision": 0.64115, "recall": 0.21753, "f1": 0.32485, "auc": 0.81613}
{"epoch": 9, "time_epoch": 80.09495, "eta": 7282.82592, "eta_hours": 2.02301, "loss": 0.11776969, "lr": 9.956e-05, "params": 558625, "time_iter": 0.07784, "accuracy": 0.96635, "precision": 0.62183, "recall": 0.25893, "f1": 0.36562, "auc": 0.82344}
{"epoch": 10, "time_epoch": 81.50596, "eta": 7206.64426, "eta_hours": 2.00185, "loss": 0.11317667, "lr": 9.932e-05, "params": 558625, "time_iter": 0.07921, "accuracy": 0.96769, "precision": 0.65448, "recall": 0.29058, "f1": 0.40247, "auc": 0.84158}
{"epoch": 11, "time_epoch": 81.63711, "eta": 7130.53695, "eta_hours": 1.9807, "loss": 0.11274393, "lr": 9.902e-05, "params": 558625, "time_iter": 0.07934, "accuracy": 0.96839, "precision": 0.67778, "recall": 0.29708, "f1": 0.41309, "auc": 0.84339}
{"epoch": 12, "time_epoch": 82.03836, "eta": 7056.2642, "eta_hours": 1.96007, "loss": 0.11009839, "lr": 9.867e-05, "params": 558625, "time_iter": 0.07973, "accuracy": 0.96891, "precision": 0.6843, "recall": 0.31494, "f1": 0.43135, "auc": 0.84946}
{"epoch": 13, "time_epoch": 81.99684, "eta": 6980.62701, "eta_hours": 1.93906, "loss": 0.10848638, "lr": 9.826e-05, "params": 558625, "time_iter": 0.07969, "accuracy": 0.96894, "precision": 0.67157, "recall": 0.3336, "f1": 0.44577, "auc": 0.85954}
{"epoch": 14, "time_epoch": 80.92617, "eta": 6898.07479, "eta_hours": 1.91613, "loss": 0.10589145, "lr": 9.78e-05, "params": 558625, "time_iter": 0.07865, "accuracy": 0.96921, "precision": 0.6822, "recall": 0.33279, "f1": 0.44735, "auc": 0.86716}
{"epoch": 15, "time_epoch": 81.02159, "eta": 6816.22677, "eta_hours": 1.8934, "loss": 0.10404824, "lr": 9.729e-05, "params": 558625, "time_iter": 0.07874, "accuracy": 0.9707, "precision": 0.72789, "recall": 0.3474, "f1": 0.47033, "auc": 0.86953}
{"epoch": 16, "time_epoch": 82.28065, "eta": 6740.62313, "eta_hours": 1.8724, "loss": 0.10246887, "lr": 9.673e-05, "params": 558625, "time_iter": 0.07996, "accuracy": 0.9707, "precision": 0.71338, "recall": 0.36364, "f1": 0.48172, "auc": 0.87756}
{"epoch": 17, "time_epoch": 80.6255, "eta": 6656.73747, "eta_hours": 1.84909, "loss": 0.10116697, "lr": 9.611e-05, "params": 558625, "time_iter": 0.07835, "accuracy": 0.97082, "precision": 0.70988, "recall": 0.37338, "f1": 0.48936, "auc": 0.8787}
{"epoch": 18, "time_epoch": 82.11878, "eta": 6579.56107, "eta_hours": 1.82766, "loss": 0.10002513, "lr": 9.545e-05, "params": 558625, "time_iter": 0.0798, "accuracy": 0.9711, "precision": 0.70939, "recall": 0.38636, "f1": 0.50026, "auc": 0.88498}
{"epoch": 19, "time_epoch": 81.03568, "eta": 6497.55804, "eta_hours": 1.80488, "loss": 0.09794781, "lr": 9.474e-05, "params": 558625, "time_iter": 0.07875, "accuracy": 0.97161, "precision": 0.73137, "recall": 0.38231, "f1": 0.50213, "auc": 0.89422}
{"epoch": 20, "time_epoch": 80.19461, "eta": 6412.48311, "eta_hours": 1.78125, "loss": 0.09703942, "lr": 9.397e-05, "params": 558625, "time_iter": 0.07793, "accuracy": 0.9721, "precision": 0.73088, "recall": 0.40341, "f1": 0.51987, "auc": 0.8954}
{"epoch": 21, "time_epoch": 81.15134, "eta": 6331.24388, "eta_hours": 1.75868, "loss": 0.0944079, "lr": 9.316e-05, "params": 558625, "time_iter": 0.07886, "accuracy": 0.97274, "precision": 0.74815, "recall": 0.4099, "f1": 0.52963, "auc": 0.90093}
{"epoch": 22, "time_epoch": 82.70244, "eta": 6255.20512, "eta_hours": 1.73756, "loss": 0.09355606, "lr": 9.23e-05, "params": 558625, "time_iter": 0.08037, "accuracy": 0.97298, "precision": 0.75258, "recall": 0.41477, "f1": 0.5348, "auc": 0.90592}
{"epoch": 23, "time_epoch": 81.08065, "eta": 6173.47537, "eta_hours": 1.71485, "loss": 0.09409219, "lr": 9.14e-05, "params": 558625, "time_iter": 0.0788, "accuracy": 0.97216, "precision": 0.74687, "recall": 0.38799, "f1": 0.51068, "auc": 0.90531}
{"epoch": 24, "time_epoch": 81.30473, "eta": 6092.46982, "eta_hours": 1.69235, "loss": 0.09027716, "lr": 9.045e-05, "params": 558625, "time_iter": 0.07901, "accuracy": 0.97365, "precision": 0.75596, "recall": 0.4375, "f1": 0.55424, "auc": 0.91089}
{"epoch": 25, "time_epoch": 82.19251, "eta": 6013.96799, "eta_hours": 1.67055, "loss": 0.08953121, "lr": 8.946e-05, "params": 558625, "time_iter": 0.07988, "accuracy": 0.97347, "precision": 0.75461, "recall": 0.43182, "f1": 0.5493, "auc": 0.91618}
{"epoch": 26, "time_epoch": 81.12484, "eta": 5932.30611, "eta_hours": 1.64786, "loss": 0.08954422, "lr": 8.842e-05, "params": 558625, "time_iter": 0.07884, "accuracy": 0.9735, "precision": 0.76706, "recall": 0.41964, "f1": 0.5425, "auc": 0.91984}
{"epoch": 27, "time_epoch": 81.33807, "eta": 5851.23091, "eta_hours": 1.62534, "loss": 0.08703802, "lr": 8.734e-05, "params": 558625, "time_iter": 0.07905, "accuracy": 0.97435, "precision": 0.76944, "recall": 0.44968, "f1": 0.56762, "auc": 0.92488}
{"epoch": 28, "time_epoch": 81.31608, "eta": 5770.08373, "eta_hours": 1.6028, "loss": 0.08623577, "lr": 8.622e-05, "params": 558625, "time_iter": 0.07902, "accuracy": 0.97389, "precision": 0.75513, "recall": 0.44805, "f1": 0.5624, "auc": 0.92793}
{"epoch": 29, "time_epoch": 80.54432, "eta": 5687.12454, "eta_hours": 1.57976, "loss": 0.08610877, "lr": 8.506e-05, "params": 558625, "time_iter": 0.07827, "accuracy": 0.97371, "precision": 0.76327, "recall": 0.43182, "f1": 0.55158, "auc": 0.93083}
{"epoch": 30, "time_epoch": 82.00747, "eta": 5607.57782, "eta_hours": 1.55766, "loss": 0.0841397, "lr": 8.386e-05, "params": 558625, "time_iter": 0.0797, "accuracy": 0.97444, "precision": 0.76671, "recall": 0.45617, "f1": 0.57201, "auc": 0.93384}
{"epoch": 31, "time_epoch": 85.97941, "eta": 5536.31767, "eta_hours": 1.53787, "loss": 0.08236414, "lr": 8.263e-05, "params": 558625, "time_iter": 0.08356, "accuracy": 0.97526, "precision": 0.78552, "recall": 0.46672, "f1": 0.58554, "auc": 0.93583}
{"epoch": 32, "time_epoch": 81.90304, "eta": 5455.88919, "eta_hours": 1.51552, "loss": 0.08097472, "lr": 8.136e-05, "params": 558625, "time_iter": 0.07959, "accuracy": 0.97413, "precision": 0.76204, "recall": 0.44968, "f1": 0.56559, "auc": 0.94228}
{"epoch": 33, "time_epoch": 83.17385, "eta": 5377.84083, "eta_hours": 1.49384, "loss": 0.07981043, "lr": 8.005e-05, "params": 558625, "time_iter": 0.08083, "accuracy": 0.97502, "precision": 0.77703, "recall": 0.46672, "f1": 0.58316, "auc": 0.94591}
{"epoch": 34, "time_epoch": 83.50011, "eta": 5300.10549, "eta_hours": 1.47225, "loss": 0.07795934, "lr": 7.872e-05, "params": 558625, "time_iter": 0.08115, "accuracy": 0.97502, "precision": 0.77116, "recall": 0.47321, "f1": 0.58652, "auc": 0.94833}
{"epoch": 35, "time_epoch": 82.30497, "eta": 5219.9252, "eta_hours": 1.44998, "loss": 0.07779891, "lr": 7.735e-05, "params": 558625, "time_iter": 0.07999, "accuracy": 0.97517, "precision": 0.76569, "recall": 0.48539, "f1": 0.59414, "auc": 0.94914}
{"epoch": 36, "time_epoch": 81.05558, "eta": 5137.50272, "eta_hours": 1.42708, "loss": 0.07731884, "lr": 7.595e-05, "params": 558625, "time_iter": 0.07877, "accuracy": 0.9755, "precision": 0.77734, "recall": 0.48458, "f1": 0.597, "auc": 0.94981}
{"epoch": 37, "time_epoch": 81.58719, "eta": 5056.01956, "eta_hours": 1.40445, "loss": 0.07478691, "lr": 7.452e-05, "params": 558625, "time_iter": 0.07929, "accuracy": 0.97654, "precision": 0.79337, "recall": 0.50487, "f1": 0.61706, "auc": 0.95374}
{"epoch": 38, "time_epoch": 82.03284, "eta": 4975.22809, "eta_hours": 1.38201, "loss": 0.0735045, "lr": 7.307e-05, "params": 558625, "time_iter": 0.07972, "accuracy": 0.97702, "precision": 0.80749, "recall": 0.50731, "f1": 0.62313, "auc": 0.95451}
{"epoch": 39, "time_epoch": 82.62391, "eta": 4895.26116, "eta_hours": 1.35979, "loss": 0.07218159, "lr": 7.159e-05, "params": 558625, "time_iter": 0.0803, "accuracy": 0.97705, "precision": 0.79481, "recall": 0.52192, "f1": 0.63008, "auc": 0.9591}
{"epoch": 40, "time_epoch": 81.67118, "eta": 4813.79363, "eta_hours": 1.33716, "loss": 0.07225533, "lr": 7.008e-05, "params": 558625, "time_iter": 0.07937, "accuracy": 0.97623, "precision": 0.77985, "recall": 0.50893, "f1": 0.61591, "auc": 0.95948}
{"epoch": 41, "time_epoch": 81.87884, "eta": 4732.60316, "eta_hours": 1.31461, "loss": 0.06988462, "lr": 6.856e-05, "params": 558625, "time_iter": 0.07957, "accuracy": 0.97802, "precision": 0.80923, "recall": 0.54058, "f1": 0.64818, "auc": 0.96231}
{"epoch": 42, "time_epoch": 81.35065, "eta": 4650.68052, "eta_hours": 1.29186, "loss": 0.06987309, "lr": 6.701e-05, "params": 558625, "time_iter": 0.07906, "accuracy": 0.97705, "precision": 0.7985, "recall": 0.51786, "f1": 0.62826, "auc": 0.96537}
{"epoch": 43, "time_epoch": 81.50337, "eta": 4568.97825, "eta_hours": 1.26916, "loss": 0.0673613, "lr": 6.545e-05, "params": 558625, "time_iter": 0.07921, "accuracy": 0.97787, "precision": 0.80144, "recall": 0.54383, "f1": 0.64797, "auc": 0.96693}
{"epoch": 44, "time_epoch": 82.69825, "eta": 4488.74523, "eta_hours": 1.24687, "loss": 0.06847221, "lr": 6.387e-05, "params": 558625, "time_iter": 0.08037, "accuracy": 0.97669, "precision": 0.78046, "recall": 0.52516, "f1": 0.62785, "auc": 0.96726}
{"epoch": 45, "time_epoch": 82.09515, "eta": 4407.69703, "eta_hours": 1.22436, "loss": 0.06532027, "lr": 6.227e-05, "params": 558625, "time_iter": 0.07978, "accuracy": 0.97918, "precision": 0.82139, "recall": 0.56737, "f1": 0.67115, "auc": 0.96959}
{"epoch": 46, "time_epoch": 81.13793, "eta": 4325.52487, "eta_hours": 1.20153, "loss": 0.06481945, "lr": 6.066e-05, "params": 558625, "time_iter": 0.07885, "accuracy": 0.97799, "precision": 0.80529, "recall": 0.54383, "f1": 0.64922, "auc": 0.97211}
{"epoch": 47, "time_epoch": 81.25915, "eta": 4243.52712, "eta_hours": 1.17876, "loss": 0.06548492, "lr": 5.904e-05, "params": 558625, "time_iter": 0.07897, "accuracy": 0.97918, "precision": 0.82139, "recall": 0.56737, "f1": 0.67115, "auc": 0.96861}
{"epoch": 48, "time_epoch": 82.333, "eta": 4162.6772, "eta_hours": 1.1563, "loss": 0.06347313, "lr": 5.741e-05, "params": 558625, "time_iter": 0.08001, "accuracy": 0.97845, "precision": 0.80301, "recall": 0.5625, "f1": 0.66158, "auc": 0.97127}
{"epoch": 49, "time_epoch": 84.87007, "eta": 4084.30503, "eta_hours": 1.13453, "loss": 0.06470395, "lr": 5.577e-05, "params": 558625, "time_iter": 0.08248, "accuracy": 0.979, "precision": 0.8263, "recall": 0.55601, "f1": 0.66473, "auc": 0.97083}
{"epoch": 50, "time_epoch": 82.30184, "eta": 4003.21053, "eta_hours": 1.112, "loss": 0.0615159, "lr": 5.413e-05, "params": 558625, "time_iter": 0.07998, "accuracy": 0.97991, "precision": 0.82554, "recall": 0.58766, "f1": 0.68658, "auc": 0.97373}
{"epoch": 51, "time_epoch": 81.15868, "eta": 3921.01436, "eta_hours": 1.08917, "loss": 0.06266145, "lr": 5.248e-05, "params": 558625, "time_iter": 0.07887, "accuracy": 0.97964, "precision": 0.82151, "recall": 0.58279, "f1": 0.68186, "auc": 0.9707}
{"epoch": 52, "time_epoch": 82.66179, "eta": 3840.19029, "eta_hours": 1.06672, "loss": 0.06064778, "lr": 5.083e-05, "params": 558625, "time_iter": 0.08033, "accuracy": 0.98009, "precision": 0.83047, "recall": 0.58847, "f1": 0.68884, "auc": 0.97608}
{"epoch": 53, "time_epoch": 82.28526, "eta": 3758.97741, "eta_hours": 1.04416, "loss": 0.05949662, "lr": 4.917e-05, "params": 558625, "time_iter": 0.07997, "accuracy": 0.98052, "precision": 0.82943, "recall": 0.6039, "f1": 0.69892, "auc": 0.9765}
{"epoch": 54, "time_epoch": 81.62012, "eta": 3677.18132, "eta_hours": 1.02144, "loss": 0.05911823, "lr": 4.752e-05, "params": 558625, "time_iter": 0.07932, "accuracy": 0.98, "precision": 0.82031, "recall": 0.59659, "f1": 0.69079, "auc": 0.9766}
{"epoch": 55, "time_epoch": 81.50333, "eta": 3595.29976, "eta_hours": 0.99869, "loss": 0.05793326, "lr": 4.587e-05, "params": 558625, "time_iter": 0.07921, "accuracy": 0.98027, "precision": 0.82425, "recall": 0.60146, "f1": 0.69545, "auc": 0.97855}
{"epoch": 56, "time_epoch": 81.85263, "eta": 3513.69497, "eta_hours": 0.97603, "loss": 0.05963502, "lr": 4.423e-05, "params": 558625, "time_iter": 0.07955, "accuracy": 0.98003, "precision": 0.81698, "recall": 0.60146, "f1": 0.69285, "auc": 0.97866}
{"epoch": 57, "time_epoch": 81.63434, "eta": 3431.92357, "eta_hours": 0.95331, "loss": 0.05702535, "lr": 4.259e-05, "params": 558625, "time_iter": 0.07933, "accuracy": 0.98082, "precision": 0.82139, "recall": 0.62338, "f1": 0.70881, "auc": 0.97879}
{"epoch": 58, "time_epoch": 82.72895, "eta": 3350.91747, "eta_hours": 0.93081, "loss": 0.05527035, "lr": 4.096e-05, "params": 558625, "time_iter": 0.0804, "accuracy": 0.98113, "precision": 0.82956, "recall": 0.62419, "f1": 0.71237, "auc": 0.9816}
{"epoch": 59, "time_epoch": 83.15507, "eta": 3270.13803, "eta_hours": 0.90837, "loss": 0.05675705, "lr": 3.934e-05, "params": 558625, "time_iter": 0.08081, "accuracy": 0.981, "precision": 0.83911, "recall": 0.60958, "f1": 0.70616, "auc": 0.97997}
{"epoch": 60, "time_epoch": 82.71051, "eta": 3188.99647, "eta_hours": 0.88583, "loss": 0.05481028, "lr": 3.773e-05, "params": 558625, "time_iter": 0.08038, "accuracy": 0.9817, "precision": 0.84239, "recall": 0.62906, "f1": 0.72026, "auc": 0.98168}
{"epoch": 61, "time_epoch": 83.01, "eta": 3107.98785, "eta_hours": 0.86333, "loss": 0.05422711, "lr": 3.613e-05, "params": 558625, "time_iter": 0.08067, "accuracy": 0.98173, "precision": 0.83386, "recall": 0.63961, "f1": 0.72393, "auc": 0.98201}
{"epoch": 62, "time_epoch": 82.77651, "eta": 3026.77858, "eta_hours": 0.84077, "loss": 0.05312462, "lr": 3.455e-05, "params": 558625, "time_iter": 0.08044, "accuracy": 0.98158, "precision": 0.83087, "recall": 0.63799, "f1": 0.72176, "auc": 0.98397}
{"epoch": 63, "time_epoch": 81.63054, "eta": 2944.87571, "eta_hours": 0.81802, "loss": 0.05391081, "lr": 3.299e-05, "params": 558625, "time_iter": 0.07933, "accuracy": 0.98182, "precision": 0.83581, "recall": 0.64042, "f1": 0.72518, "auc": 0.98316}
{"epoch": 64, "time_epoch": 81.92211, "eta": 2863.13823, "eta_hours": 0.79532, "loss": 0.05186481, "lr": 3.144e-05, "params": 558625, "time_iter": 0.07961, "accuracy": 0.98255, "precision": 0.84129, "recall": 0.65828, "f1": 0.73862, "auc": 0.98327}
{"epoch": 65, "time_epoch": 81.19535, "eta": 2781.02076, "eta_hours": 0.77251, "loss": 0.05123203, "lr": 2.992e-05, "params": 558625, "time_iter": 0.07891, "accuracy": 0.98277, "precision": 0.85185, "recall": 0.65341, "f1": 0.73955, "auc": 0.98344}
{"epoch": 66, "time_epoch": 81.18604, "eta": 2698.92623, "eta_hours": 0.7497, "loss": 0.05004052, "lr": 2.841e-05, "params": 558625, "time_iter": 0.0789, "accuracy": 0.98277, "precision": 0.84672, "recall": 0.65909, "f1": 0.74121, "auc": 0.98564}
{"epoch": 67, "time_epoch": 81.81846, "eta": 2617.15603, "eta_hours": 0.72699, "loss": 0.04858875, "lr": 2.693e-05, "params": 558625, "time_iter": 0.07951, "accuracy": 0.98319, "precision": 0.85774, "recall": 0.66071, "f1": 0.74645, "auc": 0.98605}
{"epoch": 68, "time_epoch": 82.92502, "eta": 2535.88158, "eta_hours": 0.70441, "loss": 0.04868613, "lr": 2.548e-05, "params": 558625, "time_iter": 0.08059, "accuracy": 0.9835, "precision": 0.85848, "recall": 0.66964, "f1": 0.75239, "auc": 0.98497}
{"epoch": 69, "time_epoch": 82.84842, "eta": 2454.52714, "eta_hours": 0.68181, "loss": 0.04777556, "lr": 2.405e-05, "params": 558625, "time_iter": 0.08051, "accuracy": 0.98356, "precision": 0.84515, "recall": 0.68669, "f1": 0.75773, "auc": 0.98707}
{"epoch": 70, "time_epoch": 80.96597, "eta": 2372.36174, "eta_hours": 0.65899, "loss": 0.0485234, "lr": 2.265e-05, "params": 558625, "time_iter": 0.07868, "accuracy": 0.98334, "precision": 0.83861, "recall": 0.6875, "f1": 0.75558, "auc": 0.98679}
{"epoch": 71, "time_epoch": 83.14848, "eta": 2291.0784, "eta_hours": 0.63641, "loss": 0.04645998, "lr": 2.128e-05, "params": 558625, "time_iter": 0.08081, "accuracy": 0.98389, "precision": 0.85526, "recall": 0.68588, "f1": 0.76126, "auc": 0.9876}
{"epoch": 72, "time_epoch": 82.57326, "eta": 2209.53121, "eta_hours": 0.61376, "loss": 0.04570126, "lr": 1.995e-05, "params": 558625, "time_iter": 0.08025, "accuracy": 0.9848, "precision": 0.8631, "recall": 0.70617, "f1": 0.77679, "auc": 0.98773}
{"epoch": 73, "time_epoch": 81.75502, "eta": 2127.6688, "eta_hours": 0.59102, "loss": 0.04544431, "lr": 1.864e-05, "params": 558625, "time_iter": 0.07945, "accuracy": 0.98398, "precision": 0.85787, "recall": 0.68588, "f1": 0.76229, "auc": 0.98912}
{"epoch": 74, "time_epoch": 81.82415, "eta": 2045.8323, "eta_hours": 0.56829, "loss": 0.04646081, "lr": 1.737e-05, "params": 558625, "time_iter": 0.07952, "accuracy": 0.98453, "precision": 0.86626, "recall": 0.69399, "f1": 0.77062, "auc": 0.98792}
{"epoch": 75, "time_epoch": 80.75855, "eta": 1963.65961, "eta_hours": 0.54546, "loss": 0.04561051, "lr": 1.614e-05, "params": 558625, "time_iter": 0.07848, "accuracy": 0.98471, "precision": 0.85911, "recall": 0.70779, "f1": 0.77615, "auc": 0.98839}
{"epoch": 76, "time_epoch": 80.84539, "eta": 1881.5496, "eta_hours": 0.52265, "loss": 0.04354317, "lr": 1.494e-05, "params": 558625, "time_iter": 0.07857, "accuracy": 0.98556, "precision": 0.87364, "recall": 0.71834, "f1": 0.78842, "auc": 0.98988}
{"epoch": 77, "time_epoch": 82.60702, "eta": 1799.96888, "eta_hours": 0.49999, "loss": 0.04598517, "lr": 1.378e-05, "params": 558625, "time_iter": 0.08028, "accuracy": 0.98416, "precision": 0.85514, "recall": 0.69481, "f1": 0.76668, "auc": 0.98836}
{"epoch": 78, "time_epoch": 81.83736, "eta": 1718.15759, "eta_hours": 0.47727, "loss": 0.0427931, "lr": 1.266e-05, "params": 558625, "time_iter": 0.07953, "accuracy": 0.98547, "precision": 0.87851, "recall": 0.71023, "f1": 0.78546, "auc": 0.99003}
{"epoch": 79, "time_epoch": 84.74351, "eta": 1637.07218, "eta_hours": 0.45474, "loss": 0.04410643, "lr": 1.158e-05, "params": 558625, "time_iter": 0.08236, "accuracy": 0.98514, "precision": 0.86529, "recall": 0.71429, "f1": 0.78257, "auc": 0.98901}
{"epoch": 80, "time_epoch": 83.13274, "eta": 1555.51861, "eta_hours": 0.43209, "loss": 0.04275764, "lr": 1.054e-05, "params": 558625, "time_iter": 0.08079, "accuracy": 0.98532, "precision": 0.86254, "recall": 0.72321, "f1": 0.78675, "auc": 0.98928}
{"epoch": 81, "time_epoch": 81.21888, "eta": 1473.50642, "eta_hours": 0.40931, "loss": 0.04329333, "lr": 9.55e-06, "params": 558625, "time_iter": 0.07893, "accuracy": 0.98538, "precision": 0.8685, "recall": 0.71834, "f1": 0.78632, "auc": 0.98972}
{"epoch": 82, "time_epoch": 82.55711, "eta": 1391.78743, "eta_hours": 0.38661, "loss": 0.04322838, "lr": 8.6e-06, "params": 558625, "time_iter": 0.08023, "accuracy": 0.98489, "precision": 0.86567, "recall": 0.70617, "f1": 0.77783, "auc": 0.98935}
{"epoch": 83, "time_epoch": 82.35406, "eta": 1310.00981, "eta_hours": 0.36389, "loss": 0.04332759, "lr": 7.7e-06, "params": 558625, "time_iter": 0.08003, "accuracy": 0.9848, "precision": 0.85812, "recall": 0.71185, "f1": 0.77817, "auc": 0.98897}
{"epoch": 84, "time_epoch": 81.98353, "eta": 1228.15324, "eta_hours": 0.34115, "loss": 0.04202294, "lr": 6.84e-06, "params": 558625, "time_iter": 0.07967, "accuracy": 0.98575, "precision": 0.88112, "recall": 0.71591, "f1": 0.78997, "auc": 0.99036}
{"epoch": 85, "time_epoch": 83.37374, "eta": 1146.52003, "eta_hours": 0.31848, "loss": 0.04159226, "lr": 6.03e-06, "params": 558625, "time_iter": 0.08102, "accuracy": 0.98593, "precision": 0.87882, "recall": 0.72403, "f1": 0.79395, "auc": 0.99141}
{"epoch": 86, "time_epoch": 82.64849, "eta": 1064.73844, "eta_hours": 0.29576, "loss": 0.04077932, "lr": 5.26e-06, "params": 558625, "time_iter": 0.08032, "accuracy": 0.98587, "precision": 0.88934, "recall": 0.71104, "f1": 0.79026, "auc": 0.99075}
{"epoch": 87, "time_epoch": 82.70777, "eta": 982.94523, "eta_hours": 0.27304, "loss": 0.04156227, "lr": 4.55e-06, "params": 558625, "time_iter": 0.08038, "accuracy": 0.9859, "precision": 0.86923, "recall": 0.73377, "f1": 0.79577, "auc": 0.99145}
{"epoch": 88, "time_epoch": 82.46869, "eta": 901.10192, "eta_hours": 0.25031, "loss": 0.04101459, "lr": 3.89e-06, "params": 558625, "time_iter": 0.08014, "accuracy": 0.98541, "precision": 0.87228, "recall": 0.7151, "f1": 0.78591, "auc": 0.99091}
{"epoch": 89, "time_epoch": 80.21575, "eta": 818.99439, "eta_hours": 0.2275, "loss": 0.04351663, "lr": 3.27e-06, "params": 558625, "time_iter": 0.07796, "accuracy": 0.98532, "precision": 0.86465, "recall": 0.72078, "f1": 0.78619, "auc": 0.99028}
{"epoch": 90, "time_epoch": 80.87377, "eta": 736.99351, "eta_hours": 0.20472, "loss": 0.04064797, "lr": 2.71e-06, "params": 558625, "time_iter": 0.07859, "accuracy": 0.98587, "precision": 0.86982, "recall": 0.73214, "f1": 0.79506, "auc": 0.99155}
{"epoch": 91, "time_epoch": 81.59695, "eta": 655.08002, "eta_hours": 0.18197, "loss": 0.04376263, "lr": 2.2e-06, "params": 558625, "time_iter": 0.0793, "accuracy": 0.98505, "precision": 0.87223, "recall": 0.70373, "f1": 0.77898, "auc": 0.99038}
{"epoch": 92, "time_epoch": 80.72382, "eta": 573.10761, "eta_hours": 0.1592, "loss": 0.03800307, "lr": 1.74e-06, "params": 558625, "time_iter": 0.07845, "accuracy": 0.98684, "precision": 0.88599, "recall": 0.74432, "f1": 0.809, "auc": 0.99261}
{"epoch": 93, "time_epoch": 83.36439, "eta": 491.33032, "eta_hours": 0.13648, "loss": 0.04150159, "lr": 1.33e-06, "params": 558625, "time_iter": 0.08101, "accuracy": 0.98553, "precision": 0.86628, "recall": 0.72565, "f1": 0.78975, "auc": 0.99077}
{"epoch": 94, "time_epoch": 81.43188, "eta": 409.41791, "eta_hours": 0.11373, "loss": 0.04065911, "lr": 9.8e-07, "params": 558625, "time_iter": 0.07914, "accuracy": 0.98584, "precision": 0.87623, "recall": 0.72403, "f1": 0.79289, "auc": 0.99113}
{"epoch": 95, "time_epoch": 82.56826, "eta": 327.56286, "eta_hours": 0.09099, "loss": 0.0392572, "lr": 6.8e-07, "params": 558625, "time_iter": 0.08024, "accuracy": 0.98629, "precision": 0.87512, "recall": 0.73945, "f1": 0.80158, "auc": 0.99199}
{"epoch": 96, "time_epoch": 81.43761, "eta": 245.65813, "eta_hours": 0.06824, "loss": 0.0399746, "lr": 4.4e-07, "params": 558625, "time_iter": 0.07914, "accuracy": 0.98623, "precision": 0.87344, "recall": 0.73945, "f1": 0.80088, "auc": 0.99094}
{"epoch": 97, "time_epoch": 81.68724, "eta": 163.76803, "eta_hours": 0.04549, "loss": 0.03829521, "lr": 2.5e-07, "params": 558625, "time_iter": 0.07939, "accuracy": 0.98635, "precision": 0.87464, "recall": 0.74188, "f1": 0.80281, "auc": 0.99224}
{"epoch": 98, "time_epoch": 83.65028, "eta": 81.90186, "eta_hours": 0.02275, "loss": 0.03904209, "lr": 1.1e-07, "params": 558625, "time_iter": 0.08129, "accuracy": 0.9866, "precision": 0.88139, "recall": 0.74188, "f1": 0.80564, "auc": 0.9921}
{"epoch": 99, "time_epoch": 83.04779, "eta": 0.0, "eta_hours": 0.0, "loss": 0.04074042, "lr": 3e-08, "params": 558625, "time_iter": 0.08071, "accuracy": 0.9862, "precision": 0.8784, "recall": 0.73295, "f1": 0.79912, "auc": 0.99082}
