{"epoch": 0, "time_epoch": 86.1169, "time_epoch_std": 4.05448, "eta": 8525.57332, "eta_std": 401.39393, "eta_hours": 2.36822, "eta_hours_std": 0.1115, "loss": 1.79852, "loss_std": 0.00247, "lr": 0.0, "lr_std": 0.0, "params": 502054.0, "params_std": 0.0, "time_iter": 0.13779, "time_iter_std": 0.00649, "accuracy": 0.16655, "accuracy_std": 0.00047, "f1": 0.08849, "f1_std": 0.02909, "auc": 0.50018, "auc_std": 0.00127}
{"epoch": 1, "time_epoch": 85.15785, "time_epoch_std": 6.7868, "eta": 8392.46267, "eta_std": 509.75577, "eta_hours": 2.33124, "eta_hours_std": 0.1416, "loss": 1.67862, "loss_std": 0.01609, "lr": 0.0002, "lr_std": 0.0, "params": 502054.0, "params_std": 0.0, "time_iter": 0.13625, "time_iter_std": 0.01086, "accuracy": 0.33536, "accuracy_std": 0.01745, "f1": 0.32859, "f1_std": 0.02052, "auc": 0.67982, "auc_std": 0.01505}
{"epoch": 2, "time_epoch": 84.27635, "time_epoch_std": 3.71489, "eta": 8262.81887, "eta_std": 453.9766, "eta_hours": 2.29523, "eta_hours_std": 0.12611, "loss": 1.32742, "loss_std": 0.0538, "lr": 0.0004, "lr_std": 0.0, "params": 502054.0, "params_std": 0.0, "time_iter": 0.13484, "time_iter_std": 0.00594, "accuracy": 0.54388, "accuracy_std": 0.03716, "f1": 0.54096, "f1_std": 0.04115, "auc": 0.82699, "auc_std": 0.01792}
{"epoch": 3, "time_epoch": 84.19955, "time_epoch_std": 4.53749, "eta": 8154.01552, "eta_std": 445.46505, "eta_hours": 2.265, "eta_hours_std": 0.12374, "loss": 1.07567, "loss_std": 0.0689, "lr": 0.0006, "lr_std": 0.0, "params": 502054.0, "params_std": 0.0, "time_iter": 0.13472, "time_iter_std": 0.00726, "accuracy": 0.62848, "accuracy_std": 0.0383, "f1": 0.6268, "f1_std": 0.04147, "auc": 0.88519, "auc_std": 0.01682}
{"epoch": 4, "time_epoch": 84.55977, "time_epoch_std": 6.19537, "eta": 8061.89791, "eta_std": 468.00529, "eta_hours": 2.23941, "eta_hours_std": 0.13, "loss": 0.95903, "loss_std": 0.06441, "lr": 0.0008, "lr_std": 0.0, "params": 502054.0, "params_std": 0.0, "time_iter": 0.1353, "time_iter_std": 0.00991, "accuracy": 0.66245, "accuracy_std": 0.03614, "f1": 0.66136, "f1_std": 0.03899, "auc": 0.90824, "auc_std": 0.01466}
{"epoch": 5, "time_epoch": 83.8726, "time_epoch_std": 5.62539, "eta": 7961.53397, "eta_std": 470.84729, "eta_hours": 2.21154, "eta_hours_std": 0.13079, "loss": 0.8913, "loss_std": 0.06796, "lr": 0.001, "lr_std": 0.0, "params": 502054.0, "params_std": 0.0, "time_iter": 0.1342, "time_iter_std": 0.009, "accuracy": 0.68233, "accuracy_std": 0.03804, "f1": 0.68101, "f1_std": 0.04187, "auc": 0.92004, "auc_std": 0.01536}
{"epoch": 6, "time_epoch": 83.49026, "time_epoch_std": 4.78876, "eta": 7860.80217, "eta_std": 460.47412, "eta_hours": 2.18356, "eta_hours_std": 0.12791, "loss": 0.84543, "loss_std": 0.07138, "lr": 0.001, "lr_std": 0.0, "params": 502054.0, "params_std": 0.0, "time_iter": 0.13359, "time_iter_std": 0.00766, "accuracy": 0.6971, "accuracy_std": 0.03976, "f1": 0.69599, "f1_std": 0.04305, "auc": 0.92753, "auc_std": 0.01567}
{"epoch": 7, "time_epoch": 84.04652, "time_epoch_std": 5.20032, "eta": 7770.7777, "eta_std": 455.89238, "eta_hours": 2.15855, "eta_hours_std": 0.12664, "loss": 0.81285, "loss_std": 0.07285, "lr": 0.001, "lr_std": 0.0, "params": 502054.0, "params_std": 0.0, "time_iter": 0.13447, "time_iter_std": 0.00832, "accuracy": 0.70758, "accuracy_std": 0.04048, "f1": 0.70647, "f1_std": 0.04378, "auc": 0.93272, "auc_std": 0.0157}
{"epoch": 8, "time_epoch": 83.9887, "time_epoch_std": 5.42067, "eta": 7681.49705, "eta_std": 454.63542, "eta_hours": 2.13375, "eta_hours_std": 0.12629, "loss": 0.79143, "loss_std": 0.07176, "lr": 0.001, "lr_std": 0.0, "params": 502054.0, "params_std": 0.0, "time_iter": 0.13438, "time_iter_std": 0.00868, "accuracy": 0.71418, "accuracy_std": 0.0403, "f1": 0.71298, "f1_std": 0.0439, "auc": 0.93604, "auc_std": 0.01523}
{"epoch": 9, "time_epoch": 84.31895, "time_epoch_std": 6.89202, "eta": 7596.24705, "eta_std": 465.63303, "eta_hours": 2.11007, "eta_hours_std": 0.12934, "loss": 0.77755, "loss_std": 0.07224, "lr": 0.001, "lr_std": 0.0, "params": 502054.0, "params_std": 0.0, "time_iter": 0.13491, "time_iter_std": 0.01103, "accuracy": 0.71841, "accuracy_std": 0.04074, "f1": 0.71711, "f1_std": 0.0446, "auc": 0.93816, "auc_std": 0.01518}
{"epoch": 10, "time_epoch": 83.24204, "time_epoch_std": 4.18718, "eta": 7502.45312, "eta_std": 451.61129, "eta_hours": 2.08402, "eta_hours_std": 0.12545, "loss": 0.76591, "loss_std": 0.07239, "lr": 0.00099, "lr_std": 0.0, "params": 502054.0, "params_std": 0.0, "time_iter": 0.13319, "time_iter_std": 0.0067, "accuracy": 0.72259, "accuracy_std": 0.03914, "f1": 0.72053, "f1_std": 0.04528, "auc": 0.93995, "auc_std": 0.01492}
{"epoch": 11, "time_epoch": 83.72496, "time_epoch_std": 5.18339, "eta": 7413.9593, "eta_std": 447.00361, "eta_hours": 2.05943, "eta_hours_std": 0.12417, "loss": 0.75803, "loss_std": 0.07172, "lr": 0.00099, "lr_std": 0.0, "params": 502054.0, "params_std": 0.0, "time_iter": 0.13396, "time_iter_std": 0.00829, "accuracy": 0.7256, "accuracy_std": 0.03846, "f1": 0.72414, "f1_std": 0.04284, "auc": 0.94113, "auc_std": 0.01466}
{"epoch": 12, "time_epoch": 84.05463, "time_epoch_std": 6.26345, "eta": 7328.40541, "eta_std": 449.04251, "eta_hours": 2.03567, "eta_hours_std": 0.12474, "loss": 0.75002, "loss_std": 0.07219, "lr": 0.00099, "lr_std": 0.0, "params": 502054.0, "params_std": 0.0, "time_iter": 0.13449, "time_iter_std": 0.01002, "accuracy": 0.72825, "accuracy_std": 0.03791, "f1": 0.72716, "f1_std": 0.04118, "auc": 0.94232, "auc_std": 0.01462}
{"epoch": 13, "time_epoch": 83.53312, "time_epoch_std": 5.65575, "eta": 7239.8621, "eta_std": 446.48165, "eta_hours": 2.01107, "eta_hours_std": 0.12402, "loss": 0.74258, "loss_std": 0.07249, "lr": 0.00098, "lr_std": 0.0, "params": 502054.0, "params_std": 0.0, "time_iter": 0.13365, "time_iter_std": 0.00905, "accuracy": 0.73063, "accuracy_std": 0.03829, "f1": 0.72969, "f1_std": 0.04109, "auc": 0.94343, "auc_std": 0.01455}
{"epoch": 14, "time_epoch": 84.11404, "time_epoch_std": 6.97557, "eta": 7155.2787, "eta_std": 450.86117, "eta_hours": 1.98758, "eta_hours_std": 0.12524, "loss": 0.73651, "loss_std": 0.07257, "lr": 0.00098, "lr_std": 0.0, "params": 502054.0, "params_std": 0.0, "time_iter": 0.13458, "time_iter_std": 0.01116, "accuracy": 0.73284, "accuracy_std": 0.03829, "f1": 0.73197, "f1_std": 0.04088, "auc": 0.94431, "auc_std": 0.01444}
{"epoch": 15, "time_epoch": 84.03866, "time_epoch_std": 6.58558, "eta": 7070.35825, "eta_std": 451.79295, "eta_hours": 1.96399, "eta_hours_std": 0.1255, "loss": 0.73023, "loss_std": 0.06898, "lr": 0.00097, "lr_std": 0.0, "params": 502054.0, "params_std": 0.0, "time_iter": 0.13446, "time_iter_std": 0.01054, "accuracy": 0.73615, "accuracy_std": 0.033, "f1": 0.73543, "f1_std": 0.03514, "auc": 0.94539, "auc_std": 0.01341}
{"epoch": 16, "time_epoch": 83.4948, "time_epoch_std": 5.72245, "eta": 6982.88619, "eta_std": 447.61167, "eta_hours": 1.93969, "eta_hours_std": 0.12434, "loss": 0.72323, "loss_std": 0.06377, "lr": 0.00097, "lr_std": 0.0, "params": 502054.0, "params_std": 0.0, "time_iter": 0.13359, "time_iter_std": 0.00916, "accuracy": 0.73951, "accuracy_std": 0.02832, "f1": 0.73904, "f1_std": 0.02973, "auc": 0.94662, "auc_std": 0.01193}
{"epoch": 17, "time_epoch": 83.82425, "time_epoch_std": 6.21139, "eta": 6897.35686, "eta_std": 445.45399, "eta_hours": 1.91593, "eta_hours_std": 0.12374, "loss": 0.71499, "loss_std": 0.05596, "lr": 0.00096, "lr_std": 0.0, "params": 502054.0, "params_std": 0.0, "time_iter": 0.13412, "time_iter_std": 0.00994, "accuracy": 0.7434, "accuracy_std": 0.02236, "f1": 0.74317, "f1_std": 0.02306, "auc": 0.9481, "auc_std": 0.00986}
{"epoch": 18, "time_epoch": 84.08278, "time_epoch_std": 6.28104, "eta": 6813.10917, "eta_std": 443.58666, "eta_hours": 1.89253, "eta_hours_std": 0.12322, "loss": 0.70793, "loss_std": 0.04538, "lr": 0.00095, "lr_std": 0.0, "params": 502054.0, "params_std": 0.0, "time_iter": 0.13453, "time_iter_std": 0.01005, "accuracy": 0.74634, "accuracy_std": 0.01785, "f1": 0.74626, "f1_std": 0.01807, "auc": 0.9494, "auc_std": 0.00742}
{"epoch": 19, "time_epoch": 83.93415, "time_epoch_std": 6.6047, "eta": 6728.28348, "eta_std": 442.42139, "eta_hours": 1.86897, "eta_hours_std": 0.1229, "loss": 0.7031, "loss_std": 0.04157, "lr": 0.00095, "lr_std": 0.0, "params": 502054.0, "params_std": 0.0, "time_iter": 0.13429, "time_iter_std": 0.01057, "accuracy": 0.74773, "accuracy_std": 0.01629, "f1": 0.74768, "f1_std": 0.01644, "auc": 0.95017, "auc_std": 0.0066}
{"epoch": 20, "time_epoch": 84.4313, "time_epoch_std": 8.00988, "eta": 6645.41293, "eta_std": 445.61839, "eta_hours": 1.84595, "eta_hours_std": 0.12378, "loss": 0.69744, "loss_std": 0.03858, "lr": 0.00094, "lr_std": 0.0, "params": 502054.0, "params_std": 0.0, "time_iter": 0.13509, "time_iter_std": 0.01282, "accuracy": 0.74972, "accuracy_std": 0.0151, "f1": 0.74968, "f1_std": 0.0152, "auc": 0.951, "auc_std": 0.00601}
{"epoch": 21, "time_epoch": 84.09252, "time_epoch_std": 7.8934, "eta": 6561.19937, "eta_std": 447.50701, "eta_hours": 1.82256, "eta_hours_std": 0.12431, "loss": 0.69228, "loss_std": 0.03599, "lr": 0.00093, "lr_std": 0.0, "params": 502054.0, "params_std": 0.0, "time_iter": 0.13455, "time_iter_std": 0.01263, "accuracy": 0.75155, "accuracy_std": 0.0142, "f1": 0.75152, "f1_std": 0.01426, "auc": 0.95177, "auc_std": 0.00548}
{"epoch": 22, "time_epoch": 83.5874, "time_epoch_std": 6.65775, "eta": 6475.30528, "eta_std": 444.56862, "eta_hours": 1.7987, "eta_hours_std": 0.12349, "loss": 0.68889, "loss_std": 0.03438, "lr": 0.00092, "lr_std": 0.0, "params": 502054.0, "params_std": 0.0, "time_iter": 0.13374, "time_iter_std": 0.01065, "accuracy": 0.75264, "accuracy_std": 0.01344, "f1": 0.75262, "f1_std": 0.01349, "auc": 0.95226, "auc_std": 0.00518}
{"epoch": 23, "time_epoch": 83.74493, "time_epoch_std": 6.84237, "eta": 6390.10224, "eta_std": 442.04348, "eta_hours": 1.77503, "eta_hours_std": 0.12279, "loss": 0.68547, "loss_std": 0.03317, "lr": 0.00091, "lr_std": 0.0, "params": 502054.0, "params_std": 0.0, "time_iter": 0.13399, "time_iter_std": 0.01095, "accuracy": 0.75396, "accuracy_std": 0.01298, "f1": 0.75394, "f1_std": 0.01303, "auc": 0.95275, "auc_std": 0.00494}
{"epoch": 24, "time_epoch": 83.99854, "time_epoch_std": 7.41582, "eta": 6305.77669, "eta_std": 440.74322, "eta_hours": 1.7516, "eta_hours_std": 0.12243, "loss": 0.68047, "loss_std": 0.0312, "lr": 0.0009, "lr_std": 0.0, "params": 502054.0, "params_std": 0.0, "time_iter": 0.1344, "time_iter_std": 0.01187, "accuracy": 0.7556, "accuracy_std": 0.01222, "f1": 0.75559, "f1_std": 0.01225, "auc": 0.95346, "auc_std": 0.00459}
{"epoch": 25, "time_epoch": 84.4792, "time_epoch_std": 7.46008, "eta": 6222.8443, "eta_std": 438.89446, "eta_hours": 1.72857, "eta_hours_std": 0.12192, "loss": 0.6778, "loss_std": 0.02975, "lr": 0.00089, "lr_std": 0.0, "params": 502054.0, "params_std": 0.0, "time_iter": 0.13517, "time_iter_std": 0.01194, "accuracy": 0.75649, "accuracy_std": 0.01166, "f1": 0.75648, "f1_std": 0.01169, "auc": 0.95383, "auc_std": 0.00435}
{"epoch": 26, "time_epoch": 83.83958, "time_epoch_std": 6.25113, "eta": 6138.06801, "eta_std": 433.54245, "eta_hours": 1.70502, "eta_hours_std": 0.12043, "loss": 0.67372, "loss_std": 0.02928, "lr": 0.00088, "lr_std": 0.0, "params": 502054.0, "params_std": 0.0, "time_iter": 0.13414, "time_iter_std": 0.01, "accuracy": 0.75793, "accuracy_std": 0.01132, "f1": 0.75792, "f1_std": 0.01135, "auc": 0.95439, "auc_std": 0.00424}
{"epoch": 27, "time_epoch": 83.82102, "time_epoch_std": 6.64217, "eta": 6053.31092, "eta_std": 429.31281, "eta_hours": 1.68147, "eta_hours_std": 0.11925, "loss": 0.67098, "loss_std": 0.02812, "lr": 0.00087, "lr_std": 0.0, "params": 502054.0, "params_std": 0.0, "time_iter": 0.13411, "time_iter_std": 0.01063, "accuracy": 0.75874, "accuracy_std": 0.01079, "f1": 0.75873, "f1_std": 0.01081, "auc": 0.95477, "auc_std": 0.00405}
{"epoch": 28, "time_epoch": 84.75533, "time_epoch_std": 8.24668, "eta": 5970.90582, "eta_std": 428.89792, "eta_hours": 1.65859, "eta_hours_std": 0.11914, "loss": 0.66759, "loss_std": 0.02756, "lr": 0.00086, "lr_std": 0.0, "params": 502054.0, "params_std": 0.0, "time_iter": 0.13561, "time_iter_std": 0.01319, "accuracy": 0.75973, "accuracy_std": 0.0107, "f1": 0.75973, "f1_std": 0.01071, "auc": 0.95523, "auc_std": 0.00393}
{"epoch": 29, "time_epoch": 83.79979, "time_epoch_std": 6.34802, "eta": 5886.11444, "eta_std": 423.54235, "eta_hours": 1.63503, "eta_hours_std": 0.11765, "loss": 0.66494, "loss_std": 0.02725, "lr": 0.00085, "lr_std": 0.0, "params": 502054.0, "params_std": 0.0, "time_iter": 0.13408, "time_iter_std": 0.01016, "accuracy": 0.76087, "accuracy_std": 0.01053, "f1": 0.76086, "f1_std": 0.01054, "auc": 0.95559, "auc_std": 0.00386}
{"epoch": 30, "time_epoch": 84.01291, "time_epoch_std": 7.39281, "eta": 5801.86141, "eta_std": 420.24603, "eta_hours": 1.61163, "eta_hours_std": 0.11673, "loss": 0.66245, "loss_std": 0.02639, "lr": 0.00084, "lr_std": 0.0, "params": 502054.0, "params_std": 0.0, "time_iter": 0.13442, "time_iter_std": 0.01183, "accuracy": 0.76164, "accuracy_std": 0.01017, "f1": 0.76163, "f1_std": 0.01018, "auc": 0.95594, "auc_std": 0.0037}
{"epoch": 31, "time_epoch": 84.09199, "time_epoch_std": 7.69335, "eta": 5717.79143, "eta_std": 417.39751, "eta_hours": 1.58828, "eta_hours_std": 0.11594, "loss": 0.65753, "loss_std": 0.02589, "lr": 0.00083, "lr_std": 0.0, "params": 502054.0, "params_std": 0.0, "time_iter": 0.13455, "time_iter_std": 0.01231, "accuracy": 0.76318, "accuracy_std": 0.00995, "f1": 0.76318, "f1_std": 0.00995, "auc": 0.95659, "auc_std": 0.0036}
{"epoch": 32, "time_epoch": 83.42197, "time_epoch_std": 6.0495, "eta": 5632.35976, "eta_std": 411.01018, "eta_hours": 1.56455, "eta_hours_std": 0.11417, "loss": 0.65461, "loss_std": 0.02408, "lr": 0.00081, "lr_std": 0.0, "params": 502054.0, "params_std": 0.0, "time_iter": 0.13348, "time_iter_std": 0.00968, "accuracy": 0.7645, "accuracy_std": 0.00917, "f1": 0.76449, "f1_std": 0.00917, "auc": 0.95698, "auc_std": 0.00331}
{"epoch": 33, "time_epoch": 83.76966, "time_epoch_std": 7.09914, "eta": 5547.72125, "eta_std": 406.61176, "eta_hours": 1.54103, "eta_hours_std": 0.11295, "loss": 0.65195, "loss_std": 0.02374, "lr": 0.0008, "lr_std": 0.0, "params": 502054.0, "params_std": 0.0, "time_iter": 0.13403, "time_iter_std": 0.01136, "accuracy": 0.7655, "accuracy_std": 0.00918, "f1": 0.7655, "f1_std": 0.00918, "auc": 0.95733, "auc_std": 0.00325}
{"epoch": 34, "time_epoch": 83.46349, "time_epoch_std": 6.61167, "eta": 5462.56377, "eta_std": 401.221, "eta_hours": 1.51738, "eta_hours_std": 0.11145, "loss": 0.64855, "loss_std": 0.02406, "lr": 0.00079, "lr_std": 0.0, "params": 502054.0, "params_std": 0.0, "time_iter": 0.13354, "time_iter_std": 0.01058, "accuracy": 0.76655, "accuracy_std": 0.00924, "f1": 0.76655, "f1_std": 0.00924, "auc": 0.95778, "auc_std": 0.00328}
{"epoch": 35, "time_epoch": 82.9348, "time_epoch_std": 4.38002, "eta": 5376.56053, "eta_std": 391.78177, "eta_hours": 1.49349, "eta_hours_std": 0.10883, "loss": 0.64516, "loss_std": 0.02318, "lr": 0.00077, "lr_std": 0.0, "params": 502054.0, "params_std": 0.0, "time_iter": 0.1327, "time_iter_std": 0.00701, "accuracy": 0.76752, "accuracy_std": 0.00893, "f1": 0.76751, "f1_std": 0.00893, "auc": 0.95823, "auc_std": 0.00313}
{"epoch": 36, "time_epoch": 83.8397, "time_epoch_std": 7.27232, "eta": 5292.26392, "eta_std": 387.53075, "eta_hours": 1.47007, "eta_hours_std": 0.10765, "loss": 0.6436, "loss_std": 0.02224, "lr": 0.00076, "lr_std": 0.0, "params": 502054.0, "params_std": 0.0, "time_iter": 0.13414, "time_iter_std": 0.01164, "accuracy": 0.76831, "accuracy_std": 0.00848, "f1": 0.7683, "f1_std": 0.00848, "auc": 0.95843, "auc_std": 0.00299}
{"epoch": 37, "time_epoch": 83.76701, "time_epoch_std": 6.41087, "eta": 5207.87275, "eta_std": 381.70078, "eta_hours": 1.44663, "eta_hours_std": 0.10603, "loss": 0.64065, "loss_std": 0.02176, "lr": 0.00075, "lr_std": 0.0, "params": 502054.0, "params_std": 0.0, "time_iter": 0.13403, "time_iter_std": 0.01026, "accuracy": 0.76917, "accuracy_std": 0.00823, "f1": 0.76917, "f1_std": 0.00823, "auc": 0.95882, "auc_std": 0.00291}
{"epoch": 38, "time_epoch": 83.29454, "time_epoch_std": 4.78756, "eta": 5122.7746, "eta_std": 373.07739, "eta_hours": 1.42299, "eta_hours_std": 0.10363, "loss": 0.63754, "loss_std": 0.02254, "lr": 0.00073, "lr_std": 0.0, "params": 502054.0, "params_std": 0.0, "time_iter": 0.13327, "time_iter_std": 0.00766, "accuracy": 0.77022, "accuracy_std": 0.00871, "f1": 0.77022, "f1_std": 0.0087, "auc": 0.95922, "auc_std": 0.003}
{"epoch": 39, "time_epoch": 83.45101, "time_epoch_std": 5.8206, "eta": 5038.00134, "eta_std": 366.48312, "eta_hours": 1.39944, "eta_hours_std": 0.1018, "loss": 0.63479, "loss_std": 0.02205, "lr": 0.00072, "lr_std": 0.0, "params": 502054.0, "params_std": 0.0, "time_iter": 0.13352, "time_iter_std": 0.00931, "accuracy": 0.77127, "accuracy_std": 0.00846, "f1": 0.77127, "f1_std": 0.00846, "auc": 0.95957, "auc_std": 0.00292}
{"epoch": 40, "time_epoch": 83.08189, "time_epoch_std": 4.53248, "eta": 4952.7614, "eta_std": 357.98018, "eta_hours": 1.37577, "eta_hours_std": 0.09944, "loss": 0.63199, "loss_std": 0.02104, "lr": 0.0007, "lr_std": 0.0, "params": 502054.0, "params_std": 0.0, "time_iter": 0.13293, "time_iter_std": 0.00725, "accuracy": 0.77207, "accuracy_std": 0.00809, "f1": 0.77207, "f1_std": 0.00809, "auc": 0.95993, "auc_std": 0.00276}
{"epoch": 41, "time_epoch": 83.57594, "time_epoch_std": 5.38676, "eta": 4868.30649, "eta_std": 350.75585, "eta_hours": 1.35231, "eta_hours_std": 0.09743, "loss": 0.62923, "loss_std": 0.02144, "lr": 0.00069, "lr_std": 0.0, "params": 502054.0, "params_std": 0.0, "time_iter": 0.13372, "time_iter_std": 0.00862, "accuracy": 0.77304, "accuracy_std": 0.0082, "f1": 0.77304, "f1_std": 0.0082, "auc": 0.96028, "auc_std": 0.00279}
{"epoch": 42, "time_epoch": 84.08446, "time_epoch_std": 6.42015, "eta": 4784.56655, "eta_std": 344.93284, "eta_hours": 1.32905, "eta_hours_std": 0.09581, "loss": 0.62666, "loss_std": 0.02148, "lr": 0.00067, "lr_std": 0.0, "params": 502054.0, "params_std": 0.0, "time_iter": 0.13453, "time_iter_std": 0.01027, "accuracy": 0.7741, "accuracy_std": 0.00825, "f1": 0.7741, "f1_std": 0.00825, "auc": 0.96061, "auc_std": 0.00279}
{"epoch": 43, "time_epoch": 84.03258, "time_epoch_std": 7.13597, "eta": 4700.74491, "eta_std": 340.20371, "eta_hours": 1.30576, "eta_hours_std": 0.0945, "loss": 0.62407, "loss_std": 0.02158, "lr": 0.00065, "lr_std": 0.0, "params": 502054.0, "params_std": 0.0, "time_iter": 0.13445, "time_iter_std": 0.01142, "accuracy": 0.77474, "accuracy_std": 0.00824, "f1": 0.77474, "f1_std": 0.00824, "auc": 0.96094, "auc_std": 0.00279}
{"epoch": 44, "time_epoch": 84.03271, "time_epoch_std": 7.33009, "eta": 4616.91407, "eta_std": 335.55702, "eta_hours": 1.28248, "eta_hours_std": 0.09321, "loss": 0.62166, "loss_std": 0.02043, "lr": 0.00064, "lr_std": 0.0, "params": 502054.0, "params_std": 0.0, "time_iter": 0.13445, "time_iter_std": 0.01173, "accuracy": 0.77564, "accuracy_std": 0.0078, "f1": 0.77564, "f1_std": 0.0078, "auc": 0.96124, "auc_std": 0.00264}
{"epoch": 45, "time_epoch": 83.5288, "time_epoch_std": 6.00556, "eta": 4532.48289, "eta_std": 329.29382, "eta_hours": 1.25902, "eta_hours_std": 0.09147, "loss": 0.61881, "loss_std": 0.02083, "lr": 0.00062, "lr_std": 0.0, "params": 502054.0, "params_std": 0.0, "time_iter": 0.13365, "time_iter_std": 0.00961, "accuracy": 0.7767, "accuracy_std": 0.00801, "f1": 0.7767, "f1_std": 0.00801, "auc": 0.96159, "auc_std": 0.00267}
{"epoch": 46, "time_epoch": 84.0744, "time_epoch_std": 7.34824, "eta": 4448.70537, "eta_std": 324.57789, "eta_hours": 1.23575, "eta_hours_std": 0.09016, "loss": 0.6164, "loss_std": 0.02084, "lr": 0.00061, "lr_std": 0.0, "params": 502054.0, "params_std": 0.0, "time_iter": 0.13452, "time_iter_std": 0.01176, "accuracy": 0.77763, "accuracy_std": 0.00804, "f1": 0.77763, "f1_std": 0.00804, "auc": 0.96189, "auc_std": 0.00266}
{"epoch": 47, "time_epoch": 83.55408, "time_epoch_std": 6.98372, "eta": 4364.3518, "eta_std": 319.27486, "eta_hours": 1.21232, "eta_hours_std": 0.08869, "loss": 0.61319, "loss_std": 0.02082, "lr": 0.00059, "lr_std": 0.0, "params": 502054.0, "params_std": 0.0, "time_iter": 0.13369, "time_iter_std": 0.01117, "accuracy": 0.77877, "accuracy_std": 0.0079, "f1": 0.77877, "f1_std": 0.0079, "auc": 0.96229, "auc_std": 0.00264}
{"epoch": 48, "time_epoch": 82.89739, "time_epoch_std": 5.05921, "eta": 4279.34737, "eta_std": 311.90074, "eta_hours": 1.18871, "eta_hours_std": 0.08664, "loss": 0.61019, "loss_std": 0.02126, "lr": 0.00057, "lr_std": 0.0, "params": 502054.0, "params_std": 0.0, "time_iter": 0.13264, "time_iter_std": 0.0081, "accuracy": 0.77963, "accuracy_std": 0.0081, "f1": 0.77963, "f1_std": 0.0081, "auc": 0.96266, "auc_std": 0.00268}
{"epoch": 49, "time_epoch": 83.32315, "time_epoch_std": 6.68246, "eta": 4194.85297, "eta_std": 306.24053, "eta_hours": 1.16524, "eta_hours_std": 0.08507, "loss": 0.6079, "loss_std": 0.02069, "lr": 0.00056, "lr_std": 0.0, "params": 502054.0, "params_std": 0.0, "time_iter": 0.13332, "time_iter_std": 0.01069, "accuracy": 0.78033, "accuracy_std": 0.00798, "f1": 0.78033, "f1_std": 0.00798, "auc": 0.96294, "auc_std": 0.00259}
{"epoch": 50, "time_epoch": 83.58188, "time_epoch_std": 7.10106, "eta": 4110.6531, "eta_std": 300.98155, "eta_hours": 1.14185, "eta_hours_std": 0.08361, "loss": 0.6051, "loss_std": 0.02058, "lr": 0.00054, "lr_std": 0.0, "params": 502054.0, "params_std": 0.0, "time_iter": 0.13373, "time_iter_std": 0.01136, "accuracy": 0.78136, "accuracy_std": 0.00787, "f1": 0.78136, "f1_std": 0.00787, "auc": 0.96329, "auc_std": 0.00257}
{"epoch": 51, "time_epoch": 83.82922, "time_epoch_std": 7.7117, "eta": 4026.7053, "eta_std": 296.1772, "eta_hours": 1.11853, "eta_hours_std": 0.08227, "loss": 0.6027, "loss_std": 0.0206, "lr": 0.00052, "lr_std": 0.0, "params": 502054.0, "params_std": 0.0, "time_iter": 0.13413, "time_iter_std": 0.01234, "accuracy": 0.7822, "accuracy_std": 0.00772, "f1": 0.7822, "f1_std": 0.00772, "auc": 0.96358, "auc_std": 0.00257}
{"epoch": 52, "time_epoch": 83.80272, "time_epoch_std": 6.88023, "eta": 3942.73848, "eta_std": 290.57489, "eta_hours": 1.09521, "eta_hours_std": 0.08071, "loss": 0.60014, "loss_std": 0.02048, "lr": 0.00051, "lr_std": 0.0, "params": 502054.0, "params_std": 0.0, "time_iter": 0.13409, "time_iter_std": 0.01101, "accuracy": 0.78317, "accuracy_std": 0.00795, "f1": 0.78317, "f1_std": 0.00795, "auc": 0.96389, "auc_std": 0.00254}
{"epoch": 53, "time_epoch": 83.46747, "time_epoch_std": 6.17117, "eta": 3858.49216, "eta_std": 284.33235, "eta_hours": 1.0718, "eta_hours_std": 0.07898, "loss": 0.59721, "loss_std": 0.02153, "lr": 0.00049, "lr_std": 0.0, "params": 502054.0, "params_std": 0.0, "time_iter": 0.13355, "time_iter_std": 0.00987, "accuracy": 0.78412, "accuracy_std": 0.00816, "f1": 0.78412, "f1_std": 0.00816, "auc": 0.96424, "auc_std": 0.00265}
{"epoch": 54, "time_epoch": 83.35584, "time_epoch_std": 7.14349, "eta": 3774.18282, "eta_std": 278.88317, "eta_hours": 1.04839, "eta_hours_std": 0.07747, "loss": 0.59507, "loss_std": 0.02085, "lr": 0.00048, "lr_std": 0.0, "params": 502054.0, "params_std": 0.0, "time_iter": 0.13337, "time_iter_std": 0.01143, "accuracy": 0.7848, "accuracy_std": 0.00789, "f1": 0.7848, "f1_std": 0.00788, "auc": 0.9645, "auc_std": 0.00257}
{"epoch": 55, "time_epoch": 83.06587, "time_epoch_std": 5.47673, "eta": 3689.6797, "eta_std": 272.04807, "eta_hours": 1.02491, "eta_hours_std": 0.07557, "loss": 0.59221, "loss_std": 0.02117, "lr": 0.00046, "lr_std": 0.0, "params": 502054.0, "params_std": 0.0, "time_iter": 0.1329, "time_iter_std": 0.00876, "accuracy": 0.78603, "accuracy_std": 0.00805, "f1": 0.78603, "f1_std": 0.00805, "auc": 0.96483, "auc_std": 0.00259}
{"epoch": 56, "time_epoch": 83.51666, "time_epoch_std": 6.18445, "eta": 3605.56708, "eta_std": 265.80503, "eta_hours": 1.00155, "eta_hours_std": 0.07383, "loss": 0.58957, "loss_std": 0.02114, "lr": 0.00044, "lr_std": 0.0, "params": 502054.0, "params_std": 0.0, "time_iter": 0.13363, "time_iter_std": 0.00989, "accuracy": 0.78684, "accuracy_std": 0.00796, "f1": 0.78684, "f1_std": 0.00796, "auc": 0.96515, "auc_std": 0.00257}
{"epoch": 57, "time_epoch": 83.78518, "time_epoch_std": 6.88177, "eta": 3521.66946, "eta_std": 260.07817, "eta_hours": 0.97824, "eta_hours_std": 0.07224, "loss": 0.5881, "loss_std": 0.02114, "lr": 0.00043, "lr_std": 0.0, "params": 502054.0, "params_std": 0.0, "time_iter": 0.13406, "time_iter_std": 0.01101, "accuracy": 0.78735, "accuracy_std": 0.0079, "f1": 0.78736, "f1_std": 0.0079, "auc": 0.96532, "auc_std": 0.00256}
{"epoch": 58, "time_epoch": 84.34429, "time_epoch_std": 8.92258, "eta": 3438.16418, "eta_std": 255.66313, "eta_hours": 0.95505, "eta_hours_std": 0.07102, "loss": 0.5849, "loss_std": 0.02032, "lr": 0.00041, "lr_std": 0.0, "params": 502054.0, "params_std": 0.0, "time_iter": 0.13495, "time_iter_std": 0.01428, "accuracy": 0.7885, "accuracy_std": 0.00785, "f1": 0.7885, "f1_std": 0.00785, "auc": 0.9657, "auc_std": 0.00245}
{"epoch": 59, "time_epoch": 83.72489, "time_epoch_std": 6.48146, "eta": 3354.218, "eta_std": 249.48215, "eta_hours": 0.93173, "eta_hours_std": 0.0693, "loss": 0.58264, "loss_std": 0.02155, "lr": 0.00039, "lr_std": 0.0, "params": 502054.0, "params_std": 0.0, "time_iter": 0.13396, "time_iter_std": 0.01037, "accuracy": 0.78934, "accuracy_std": 0.0083, "f1": 0.78934, "f1_std": 0.0083, "auc": 0.96596, "auc_std": 0.00258}
{"epoch": 60, "time_epoch": 83.76793, "time_epoch_std": 7.35632, "eta": 3270.3066, "eta_std": 243.88511, "eta_hours": 0.90842, "eta_hours_std": 0.06775, "loss": 0.57965, "loss_std": 0.02127, "lr": 0.00038, "lr_std": 0.0, "params": 502054.0, "params_std": 0.0, "time_iter": 0.13403, "time_iter_std": 0.01177, "accuracy": 0.7905, "accuracy_std": 0.00817, "f1": 0.7905, "f1_std": 0.00817, "auc": 0.96631, "auc_std": 0.00254}
{"epoch": 61, "time_epoch": 84.50985, "time_epoch_std": 9.17289, "eta": 3186.85454, "eta_std": 239.34834, "eta_hours": 0.88524, "eta_hours_std": 0.06649, "loss": 0.57833, "loss_std": 0.02045, "lr": 0.00036, "lr_std": 0.0, "params": 502054.0, "params_std": 0.0, "time_iter": 0.13522, "time_iter_std": 0.01468, "accuracy": 0.79091, "accuracy_std": 0.00781, "f1": 0.79091, "f1_std": 0.00781, "auc": 0.96646, "auc_std": 0.00243}
{"epoch": 62, "time_epoch": 83.90067, "time_epoch_std": 7.97735, "eta": 3103.01114, "eta_std": 233.99847, "eta_hours": 0.86195, "eta_hours_std": 0.065, "loss": 0.57656, "loss_std": 0.02129, "lr": 0.00035, "lr_std": 0.0, "params": 502054.0, "params_std": 0.0, "time_iter": 0.13424, "time_iter_std": 0.01276, "accuracy": 0.79143, "accuracy_std": 0.0081, "f1": 0.79143, "f1_std": 0.0081, "auc": 0.96667, "auc_std": 0.00252}
{"epoch": 63, "time_epoch": 83.85366, "time_epoch_std": 7.51154, "eta": 3019.1395, "eta_std": 228.30594, "eta_hours": 0.83865, "eta_hours_std": 0.06342, "loss": 0.57354, "loss_std": 0.02201, "lr": 0.00033, "lr_std": 0.0, "params": 502054.0, "params_std": 0.0, "time_iter": 0.13417, "time_iter_std": 0.01202, "accuracy": 0.79251, "accuracy_std": 0.00829, "f1": 0.79251, "f1_std": 0.00829, "auc": 0.96702, "auc_std": 0.0026}
{"epoch": 64, "time_epoch": 83.93486, "time_epoch_std": 7.10289, "eta": 2935.31214, "eta_std": 222.32139, "eta_hours": 0.81537, "eta_hours_std": 0.06176, "loss": 0.57157, "loss_std": 0.02143, "lr": 0.00031, "lr_std": 0.0, "params": 502054.0, "params_std": 0.0, "time_iter": 0.1343, "time_iter_std": 0.01136, "accuracy": 0.79303, "accuracy_std": 0.00815, "f1": 0.79303, "f1_std": 0.00814, "auc": 0.96725, "auc_std": 0.00253}
{"epoch": 65, "time_epoch": 84.65983, "time_epoch_std": 8.79651, "eta": 2851.85499, "eta_std": 217.18893, "eta_hours": 0.79218, "eta_hours_std": 0.06033, "loss": 0.5689, "loss_std": 0.02177, "lr": 0.0003, "lr_std": 0.0, "params": 502054.0, "params_std": 0.0, "time_iter": 0.13546, "time_iter_std": 0.01407, "accuracy": 0.79413, "accuracy_std": 0.00824, "f1": 0.79413, "f1_std": 0.00823, "auc": 0.96755, "auc_std": 0.00255}
{"epoch": 66, "time_epoch": 83.79064, "time_epoch_std": 6.27771, "eta": 2767.93383, "eta_std": 210.68118, "eta_hours": 0.76887, "eta_hours_std": 0.05852, "loss": 0.56724, "loss_std": 0.02158, "lr": 0.00028, "lr_std": 0.0, "params": 502054.0, "params_std": 0.0, "time_iter": 0.13406, "time_iter_std": 0.01004, "accuracy": 0.79456, "accuracy_std": 0.00813, "f1": 0.79456, "f1_std": 0.00813, "auc": 0.96774, "auc_std": 0.00252}
{"epoch": 67, "time_epoch": 84.51837, "time_epoch_std": 7.66573, "eta": 2684.35897, "eta_std": 204.84972, "eta_hours": 0.74566, "eta_hours_std": 0.0569, "loss": 0.56558, "loss_std": 0.02194, "lr": 0.00027, "lr_std": 0.0, "params": 502054.0, "params_std": 0.0, "time_iter": 0.13523, "time_iter_std": 0.01226, "accuracy": 0.79523, "accuracy_std": 0.00826, "f1": 0.79523, "f1_std": 0.00826, "auc": 0.96793, "auc_std": 0.00255}
{"epoch": 68, "time_epoch": 83.71919, "time_epoch_std": 5.19097, "eta": 2600.39772, "eta_std": 197.8216, "eta_hours": 0.72233, "eta_hours_std": 0.05495, "loss": 0.56316, "loss_std": 0.02154, "lr": 0.00025, "lr_std": 0.0, "params": 502054.0, "params_std": 0.0, "time_iter": 0.13395, "time_iter_std": 0.00831, "accuracy": 0.79624, "accuracy_std": 0.00818, "f1": 0.79624, "f1_std": 0.00818, "auc": 0.9682, "auc_std": 0.00249}
{"epoch": 69, "time_epoch": 84.0929, "time_epoch_std": 8.33679, "eta": 2516.60353, "eta_std": 192.20721, "eta_hours": 0.69906, "eta_hours_std": 0.05339, "loss": 0.56159, "loss_std": 0.02189, "lr": 0.00024, "lr_std": 0.0, "params": 502054.0, "params_std": 0.0, "time_iter": 0.13455, "time_iter_std": 0.01334, "accuracy": 0.79676, "accuracy_std": 0.00829, "f1": 0.79676, "f1_std": 0.00828, "auc": 0.96838, "auc_std": 0.00253}
{"epoch": 70, "time_epoch": 83.49303, "time_epoch_std": 6.21048, "eta": 2432.55592, "eta_std": 185.69138, "eta_hours": 0.67571, "eta_hours_std": 0.05158, "loss": 0.5591, "loss_std": 0.02115, "lr": 0.00023, "lr_std": 0.0, "params": 502054.0, "params_std": 0.0, "time_iter": 0.13359, "time_iter_std": 0.00994, "accuracy": 0.79749, "accuracy_std": 0.00809, "f1": 0.79749, "f1_std": 0.00809, "auc": 0.96867, "auc_std": 0.00243}
{"epoch": 71, "time_epoch": 83.51912, "time_epoch_std": 5.63302, "eta": 2348.53386, "eta_std": 178.92972, "eta_hours": 0.65237, "eta_hours_std": 0.0497, "loss": 0.55803, "loss_std": 0.02205, "lr": 0.00021, "lr_std": 0.0, "params": 502054.0, "params_std": 0.0, "time_iter": 0.13363, "time_iter_std": 0.00901, "accuracy": 0.79788, "accuracy_std": 0.00822, "f1": 0.79788, "f1_std": 0.00822, "auc": 0.96878, "auc_std": 0.00254}
{"epoch": 72, "time_epoch": 83.2593, "time_epoch_std": 5.21524, "eta": 2264.42948, "eta_std": 172.06573, "eta_hours": 0.62901, "eta_hours_std": 0.0478, "loss": 0.55539, "loss_std": 0.02115, "lr": 0.0002, "lr_std": 0.0, "params": 502054.0, "params_std": 0.0, "time_iter": 0.13321, "time_iter_std": 0.00834, "accuracy": 0.7988, "accuracy_std": 0.00804, "f1": 0.7988, "f1_std": 0.00804, "auc": 0.96908, "auc_std": 0.00241}
{"epoch": 73, "time_epoch": 83.06573, "time_epoch_std": 4.51647, "eta": 2180.27992, "eta_std": 164.94946, "eta_hours": 0.60563, "eta_hours_std": 0.04582, "loss": 0.55386, "loss_std": 0.02164, "lr": 0.00019, "lr_std": 0.0, "params": 502054.0, "params_std": 0.0, "time_iter": 0.1329, "time_iter_std": 0.00723, "accuracy": 0.79942, "accuracy_std": 0.00825, "f1": 0.79942, "f1_std": 0.00825, "auc": 0.96925, "auc_std": 0.00246}
{"epoch": 74, "time_epoch": 83.59584, "time_epoch_std": 5.40597, "eta": 2096.33598, "eta_std": 158.22109, "eta_hours": 0.58232, "eta_hours_std": 0.04395, "loss": 0.55237, "loss_std": 0.02231, "lr": 0.00017, "lr_std": 0.0, "params": 502054.0, "params_std": 0.0, "time_iter": 0.13375, "time_iter_std": 0.00865, "accuracy": 0.79989, "accuracy_std": 0.00851, "f1": 0.79989, "f1_std": 0.00851, "auc": 0.96942, "auc_std": 0.00254}
{"epoch": 75, "time_epoch": 83.55736, "time_epoch_std": 5.83642, "eta": 2012.38904, "eta_std": 151.70075, "eta_hours": 0.559, "eta_hours_std": 0.04214, "loss": 0.55143, "loss_std": 0.02248, "lr": 0.00016, "lr_std": 0.0, "params": 502054.0, "params_std": 0.0, "time_iter": 0.13369, "time_iter_std": 0.00934, "accuracy": 0.80036, "accuracy_std": 0.00857, "f1": 0.80036, "f1_std": 0.00857, "auc": 0.96951, "auc_std": 0.00254}
{"epoch": 76, "time_epoch": 83.56744, "time_epoch_std": 5.61625, "eta": 1928.45523, "eta_std": 145.10636, "eta_hours": 0.53568, "eta_hours_std": 0.04031, "loss": 0.54961, "loss_std": 0.02194, "lr": 0.00015, "lr_std": 0.0, "params": 502054.0, "params_std": 0.0, "time_iter": 0.13371, "time_iter_std": 0.00899, "accuracy": 0.80098, "accuracy_std": 0.00832, "f1": 0.80098, "f1_std": 0.00832, "auc": 0.96972, "auc_std": 0.00248}
{"epoch": 77, "time_epoch": 82.77491, "time_epoch_std": 4.53548, "eta": 1844.30728, "eta_std": 138.27733, "eta_hours": 0.51231, "eta_hours_std": 0.03841, "loss": 0.54811, "loss_std": 0.02169, "lr": 0.00014, "lr_std": 0.0, "params": 502054.0, "params_std": 0.0, "time_iter": 0.13244, "time_iter_std": 0.00726, "accuracy": 0.80145, "accuracy_std": 0.00835, "f1": 0.80145, "f1_std": 0.00835, "auc": 0.96989, "auc_std": 0.00244}
{"epoch": 78, "time_epoch": 83.43393, "time_epoch_std": 5.94355, "eta": 1760.36928, "eta_std": 131.88965, "eta_hours": 0.48899, "eta_hours_std": 0.03664, "loss": 0.54653, "loss_std": 0.0224, "lr": 0.00013, "lr_std": 0.0, "params": 502054.0, "params_std": 0.0, "time_iter": 0.13349, "time_iter_std": 0.00951, "accuracy": 0.80211, "accuracy_std": 0.00848, "f1": 0.80211, "f1_std": 0.00848, "auc": 0.97005, "auc_std": 0.00252}
{"epoch": 79, "time_epoch": 84.13459, "time_epoch_std": 6.76059, "eta": 1676.61904, "eta_std": 125.68305, "eta_hours": 0.46573, "eta_hours_std": 0.03491, "loss": 0.54521, "loss_std": 0.02268, "lr": 0.00012, "lr_std": 0.0, "params": 502054.0, "params_std": 0.0, "time_iter": 0.13462, "time_iter_std": 0.01082, "accuracy": 0.80252, "accuracy_std": 0.00861, "f1": 0.80252, "f1_std": 0.00861, "auc": 0.9702, "auc_std": 0.00255}
{"epoch": 80, "time_epoch": 83.53079, "time_epoch_std": 5.76329, "eta": 1592.71768, "eta_std": 119.18581, "eta_hours": 0.44242, "eta_hours_std": 0.03311, "loss": 0.54457, "loss_std": 0.02182, "lr": 0.00011, "lr_std": 0.0, "params": 502054.0, "params_std": 0.0, "time_iter": 0.13365, "time_iter_std": 0.00922, "accuracy": 0.80269, "accuracy_std": 0.00828, "f1": 0.80269, "f1_std": 0.00828, "auc": 0.97028, "auc_std": 0.00244}
{"epoch": 81, "time_epoch": 83.76277, "time_epoch_std": 5.23742, "eta": 1508.87628, "eta_std": 112.53886, "eta_hours": 0.41913, "eta_hours_std": 0.03126, "loss": 0.54352, "loss_std": 0.02203, "lr": 0.0001, "lr_std": 0.0, "params": 502054.0, "params_std": 0.0, "time_iter": 0.13402, "time_iter_std": 0.00838, "accuracy": 0.80319, "accuracy_std": 0.00854, "f1": 0.80319, "f1_std": 0.00854, "auc": 0.97038, "auc_std": 0.00246}
{"epoch": 82, "time_epoch": 84.21922, "time_epoch_std": 6.1264, "eta": 1425.13026, "eta_std": 106.13877, "eta_hours": 0.39587, "eta_hours_std": 0.02948, "loss": 0.54156, "loss_std": 0.02249, "lr": 9e-05, "lr_std": 0.0, "params": 502054.0, "params_std": 0.0, "time_iter": 0.13475, "time_iter_std": 0.0098, "accuracy": 0.80383, "accuracy_std": 0.00863, "f1": 0.80383, "f1_std": 0.00863, "auc": 0.9706, "auc_std": 0.0025}
{"epoch": 83, "time_epoch": 84.42447, "time_epoch_std": 6.94383, "eta": 1341.41208, "eta_std": 99.92977, "eta_hours": 0.37262, "eta_hours_std": 0.02776, "loss": 0.54078, "loss_std": 0.02203, "lr": 8e-05, "lr_std": 0.0, "params": 502054.0, "params_std": 0.0, "time_iter": 0.13508, "time_iter_std": 0.01111, "accuracy": 0.80406, "accuracy_std": 0.00838, "f1": 0.80406, "f1_std": 0.00837, "auc": 0.97068, "auc_std": 0.00245}
{"epoch": 84, "time_epoch": 83.4774, "time_epoch_std": 4.73191, "eta": 1257.51014, "eta_std": 93.28262, "eta_hours": 0.34931, "eta_hours_std": 0.02591, "loss": 0.54028, "loss_std": 0.02228, "lr": 7e-05, "lr_std": 0.0, "params": 502054.0, "params_std": 0.0, "time_iter": 0.13356, "time_iter_std": 0.00757, "accuracy": 0.80419, "accuracy_std": 0.00841, "f1": 0.80419, "f1_std": 0.00841, "auc": 0.97074, "auc_std": 0.00247}
{"epoch": 85, "time_epoch": 84.33379, "time_epoch_std": 6.9157, "eta": 1173.75749, "eta_std": 87.15219, "eta_hours": 0.32605, "eta_hours_std": 0.02421, "loss": 0.53852, "loss_std": 0.0221, "lr": 6e-05, "lr_std": 0.0, "params": 502054.0, "params_std": 0.0, "time_iter": 0.13493, "time_iter_std": 0.01107, "accuracy": 0.80485, "accuracy_std": 0.00842, "f1": 0.80485, "f1_std": 0.00842, "auc": 0.97093, "auc_std": 0.00245}
{"epoch": 86, "time_epoch": 83.83594, "time_epoch_std": 5.52235, "eta": 1089.91709, "eta_std": 80.69761, "eta_hours": 0.30276, "eta_hours_std": 0.02242, "loss": 0.53844, "loss_std": 0.0221, "lr": 5e-05, "lr_std": 0.0, "params": 502054.0, "params_std": 0.0, "time_iter": 0.13414, "time_iter_std": 0.00884, "accuracy": 0.80496, "accuracy_std": 0.0084, "f1": 0.80496, "f1_std": 0.0084, "auc": 0.97093, "auc_std": 0.00245}
{"epoch": 87, "time_epoch": 83.83954, "time_epoch_std": 5.30253, "eta": 1006.07728, "eta_std": 74.30944, "eta_hours": 0.27947, "eta_hours_std": 0.02064, "loss": 0.53778, "loss_std": 0.02199, "lr": 5e-05, "lr_std": 0.0, "params": 502054.0, "params_std": 0.0, "time_iter": 0.13414, "time_iter_std": 0.00848, "accuracy": 0.80514, "accuracy_std": 0.0082, "f1": 0.80514, "f1_std": 0.0082, "auc": 0.97101, "auc_std": 0.00243}
{"epoch": 88, "time_epoch": 84.77659, "time_epoch_std": 7.6519, "eta": 922.3533, "eta_std": 68.28985, "eta_hours": 0.25621, "eta_hours_std": 0.01897, "loss": 0.53664, "loss_std": 0.02276, "lr": 4e-05, "lr_std": 0.0, "params": 502054.0, "params_std": 0.0, "time_iter": 0.13564, "time_iter_std": 0.01224, "accuracy": 0.80555, "accuracy_std": 0.00872, "f1": 0.80555, "f1_std": 0.00872, "auc": 0.97113, "auc_std": 0.00251}
{"epoch": 89, "time_epoch": 84.20893, "time_epoch_std": 7.32355, "eta": 838.54284, "eta_std": 62.20439, "eta_hours": 0.23293, "eta_hours_std": 0.01728, "loss": 0.53627, "loss_std": 0.02203, "lr": 3e-05, "lr_std": 0.0, "params": 502054.0, "params_std": 0.0, "time_iter": 0.13474, "time_iter_std": 0.01172, "accuracy": 0.80572, "accuracy_std": 0.00847, "f1": 0.80572, "f1_std": 0.00847, "auc": 0.97117, "auc_std": 0.00243}
{"epoch": 90, "time_epoch": 84.59493, "time_epoch_std": 7.74223, "eta": 754.76181, "eta_std": 56.12882, "eta_hours": 0.20966, "eta_hours_std": 0.01559, "loss": 0.53583, "loss_std": 0.02211, "lr": 3e-05, "lr_std": 0.0, "params": 502054.0, "params_std": 0.0, "time_iter": 0.13535, "time_iter_std": 0.01239, "accuracy": 0.80583, "accuracy_std": 0.00846, "f1": 0.80584, "f1_std": 0.00846, "auc": 0.97122, "auc_std": 0.00243}
{"epoch": 91, "time_epoch": 82.61552, "time_epoch_std": 3.80278, "eta": 670.79096, "eta_std": 49.60793, "eta_hours": 0.18633, "eta_hours_std": 0.01378, "loss": 0.53541, "loss_std": 0.02233, "lr": 2e-05, "lr_std": 0.0, "params": 502054.0, "params_std": 0.0, "time_iter": 0.13218, "time_iter_std": 0.00608, "accuracy": 0.8061, "accuracy_std": 0.0085, "f1": 0.8061, "f1_std": 0.0085, "auc": 0.97126, "auc_std": 0.00246}
{"epoch": 92, "time_epoch": 82.67951, "time_epoch_std": 4.30038, "eta": 586.85407, "eta_std": 43.17774, "eta_hours": 0.16302, "eta_hours_std": 0.012, "loss": 0.53515, "loss_std": 0.02219, "lr": 2e-05, "lr_std": 0.0, "params": 502054.0, "params_std": 0.0, "time_iter": 0.13229, "time_iter_std": 0.00688, "accuracy": 0.80608, "accuracy_std": 0.00848, "f1": 0.80608, "f1_std": 0.00848, "auc": 0.97129, "auc_std": 0.00244}
{"epoch": 93, "time_epoch": 83.11049, "time_epoch_std": 4.77541, "eta": 502.97145, "eta_std": 36.87621, "eta_hours": 0.13971, "eta_hours_std": 0.01024, "loss": 0.53448, "loss_std": 0.02255, "lr": 1e-05, "lr_std": 0.0, "params": 502054.0, "params_std": 0.0, "time_iter": 0.13298, "time_iter_std": 0.00764, "accuracy": 0.8064, "accuracy_std": 0.00852, "f1": 0.8064, "f1_std": 0.00852, "auc": 0.97136, "auc_std": 0.00249}
{"epoch": 94, "time_epoch": 82.84766, "time_epoch_std": 4.21253, "eta": 419.09125, "eta_std": 30.59516, "eta_hours": 0.11641, "eta_hours_std": 0.0085, "loss": 0.53428, "loss_std": 0.02191, "lr": 1e-05, "lr_std": 0.0, "params": 502054.0, "params_std": 0.0, "time_iter": 0.13256, "time_iter_std": 0.00674, "accuracy": 0.8064, "accuracy_std": 0.0084, "f1": 0.8064, "f1_std": 0.0084, "auc": 0.97139, "auc_std": 0.0024}
{"epoch": 95, "time_epoch": 82.95017, "time_epoch_std": 3.99571, "eta": 335.23683, "eta_std": 24.34982, "eta_hours": 0.09312, "eta_hours_std": 0.00676, "loss": 0.53401, "loss_std": 0.02243, "lr": 1e-05, "lr_std": 0.0, "params": 502054.0, "params_std": 0.0, "time_iter": 0.13272, "time_iter_std": 0.00639, "accuracy": 0.80647, "accuracy_std": 0.00855, "f1": 0.80647, "f1_std": 0.00855, "auc": 0.97141, "auc_std": 0.00247}
{"epoch": 96, "time_epoch": 83.02011, "time_epoch_std": 3.8911, "eta": 251.40322, "eta_std": 18.14886, "eta_hours": 0.06983, "eta_hours_std": 0.00504, "loss": 0.53367, "loss_std": 0.02212, "lr": 0.0, "lr_std": 0.0, "params": 502054.0, "params_std": 0.0, "time_iter": 0.13283, "time_iter_std": 0.00623, "accuracy": 0.80653, "accuracy_std": 0.0085, "f1": 0.80653, "f1_std": 0.0085, "auc": 0.97146, "auc_std": 0.00243}
{"epoch": 97, "time_epoch": 83.39289, "time_epoch_std": 4.61443, "eta": 167.59381, "eta_std": 12.05248, "eta_hours": 0.04655, "eta_hours_std": 0.00335, "loss": 0.53311, "loss_std": 0.02253, "lr": 0.0, "lr_std": 0.0, "params": 502054.0, "params_std": 0.0, "time_iter": 0.13343, "time_iter_std": 0.00738, "accuracy": 0.80674, "accuracy_std": 0.00858, "f1": 0.80674, "f1_std": 0.00858, "auc": 0.97151, "auc_std": 0.00248}
{"epoch": 98, "time_epoch": 83.19558, "time_epoch_std": 4.13588, "eta": 83.79083, "eta_std": 5.99873, "eta_hours": 0.02327, "eta_hours_std": 0.00167, "loss": 0.53395, "loss_std": 0.02205, "lr": 0.0, "lr_std": 0.0, "params": 502054.0, "params_std": 0.0, "time_iter": 0.13311, "time_iter_std": 0.00662, "accuracy": 0.80641, "accuracy_std": 0.00844, "f1": 0.80641, "f1_std": 0.00844, "auc": 0.97142, "auc_std": 0.00241}
{"epoch": 99, "time_epoch": 82.7692, "time_epoch_std": 4.11054, "eta": 0.0, "eta_std": 0.0, "eta_hours": 0.0, "eta_hours_std": 0.0, "loss": 0.53379, "loss_std": 0.02276, "lr": 0.0, "lr_std": 0.0, "params": 502054.0, "params_std": 0.0, "time_iter": 0.13243, "time_iter_std": 0.00658, "accuracy": 0.80647, "accuracy_std": 0.00866, "f1": 0.80647, "f1_std": 0.00866, "auc": 0.97144, "auc_std": 0.0025}
