{"epoch": 0, "time_epoch": 38.88616, "eta": 5794.03775, "eta_hours": 1.60945, "loss": 1.61241376, "lr": 0.0, "params": 527237, "time_iter": 0.17756, "accuracy": 0.2, "f1": 0.06667, "auc": 0.61687}
{"epoch": 1, "time_epoch": 38.50655, "eta": 5727.06064, "eta_hours": 1.59085, "loss": 1.53582991, "lr": 5e-05, "params": 527237, "time_iter": 0.17583, "accuracy": 0.36486, "f1": 0.28187, "auc": 0.78484}
{"epoch": 2, "time_epoch": 38.70988, "eta": 5689.02712, "eta_hours": 1.58029, "loss": 1.43008029, "lr": 0.0001, "params": 527237, "time_iter": 0.17676, "accuracy": 0.54371, "f1": 0.50744, "auc": 0.88906}
{"epoch": 3, "time_epoch": 38.56492, "eta": 5645.36433, "eta_hours": 1.56816, "loss": 1.33672769, "lr": 0.00015, "params": 527237, "time_iter": 0.1761, "accuracy": 0.73114, "f1": 0.72729, "auc": 0.92783}
{"epoch": 4, "time_epoch": 38.24401, "eta": 5594.4343, "eta_hours": 1.55401, "loss": 1.2421804, "lr": 0.0002, "params": 527237, "time_iter": 0.17463, "accuracy": 0.79029, "f1": 0.79208, "auc": 0.94181}
{"epoch": 5, "time_epoch": 38.24431, "eta": 5547.74009, "eta_hours": 1.54104, "loss": 1.14041619, "lr": 0.00025, "params": 527237, "time_iter": 0.17463, "accuracy": 0.82743, "f1": 0.82854, "auc": 0.95116}
{"epoch": 6, "time_epoch": 38.46415, "eta": 5507.95121, "eta_hours": 1.52999, "loss": 1.03210699, "lr": 0.0003, "params": 527237, "time_iter": 0.17564, "accuracy": 0.84971, "f1": 0.85033, "auc": 0.9611}
{"epoch": 7, "time_epoch": 38.3341, "eta": 5466.18507, "eta_hours": 1.51838, "loss": 0.90435639, "lr": 0.00035, "params": 527237, "time_iter": 0.17504, "accuracy": 0.86971, "f1": 0.86982, "auc": 0.96837}
{"epoch": 8, "time_epoch": 38.1656, "eta": 5422.5418, "eta_hours": 1.50626, "loss": 0.76084157, "lr": 0.0004, "params": 527237, "time_iter": 0.17427, "accuracy": 0.90229, "f1": 0.9025, "auc": 0.97767}
{"epoch": 9, "time_epoch": 38.77059, "eta": 5388.46392, "eta_hours": 1.4968, "loss": 0.65060143, "lr": 0.00045, "params": 527237, "time_iter": 0.17703, "accuracy": 0.91343, "f1": 0.91365, "auc": 0.98038}
{"epoch": 10, "time_epoch": 38.64963, "eta": 5352.0043, "eta_hours": 1.48667, "loss": 0.55688296, "lr": 0.0005, "params": 527237, "time_iter": 0.17648, "accuracy": 0.916, "f1": 0.91614, "auc": 0.98227}
{"epoch": 11, "time_epoch": 38.57058, "eta": 5314.27066, "eta_hours": 1.47619, "loss": 0.4884695, "lr": 0.00049994, "params": 527237, "time_iter": 0.17612, "accuracy": 0.918, "f1": 0.91833, "auc": 0.98233}
{"epoch": 12, "time_epoch": 38.75226, "eta": 5278.32286, "eta_hours": 1.4662, "loss": 0.42131812, "lr": 0.00049975, "params": 527237, "time_iter": 0.17695, "accuracy": 0.92257, "f1": 0.9228, "auc": 0.98631}
{"epoch": 13, "time_epoch": 38.35564, "eta": 5238.12151, "eta_hours": 1.45503, "loss": 0.38617609, "lr": 0.00049943, "params": 527237, "time_iter": 0.17514, "accuracy": 0.91971, "f1": 0.92001, "auc": 0.98645}
{"epoch": 14, "time_epoch": 38.52931, "eta": 5199.72934, "eta_hours": 1.44437, "loss": 0.32854492, "lr": 0.00049899, "params": 527237, "time_iter": 0.17593, "accuracy": 0.93571, "f1": 0.93579, "auc": 0.98917}
{"epoch": 15, "time_epoch": 38.63308, "eta": 5162.18904, "eta_hours": 1.43394, "loss": 0.30459054, "lr": 0.00049843, "params": 527237, "time_iter": 0.17641, "accuracy": 0.93743, "f1": 0.93761, "auc": 0.98945}
{"epoch": 16, "time_epoch": 38.45287, "eta": 5123.11037, "eta_hours": 1.42309, "loss": 0.27902546, "lr": 0.00049774, "params": 527237, "time_iter": 0.17558, "accuracy": 0.934, "f1": 0.93428, "auc": 0.99053}
{"epoch": 17, "time_epoch": 38.46954, "eta": 5084.22341, "eta_hours": 1.41228, "loss": 0.25949572, "lr": 0.00049692, "params": 527237, "time_iter": 0.17566, "accuracy": 0.942, "f1": 0.94215, "auc": 0.99057}
{"epoch": 18, "time_epoch": 38.53243, "eta": 5045.81402, "eta_hours": 1.40162, "loss": 0.23486312, "lr": 0.00049598, "params": 527237, "time_iter": 0.17595, "accuracy": 0.944, "f1": 0.94414, "auc": 0.99151}
{"epoch": 19, "time_epoch": 38.40647, "eta": 5006.57361, "eta_hours": 1.39071, "loss": 0.23538457, "lr": 0.00049492, "params": 527237, "time_iter": 0.17537, "accuracy": 0.94371, "f1": 0.94374, "auc": 0.99113}
{"epoch": 20, "time_epoch": 38.77643, "eta": 4969.6852, "eta_hours": 1.38047, "loss": 0.21054319, "lr": 0.00049373, "params": 527237, "time_iter": 0.17706, "accuracy": 0.94543, "f1": 0.94564, "auc": 0.99227}
{"epoch": 21, "time_epoch": 38.60321, "eta": 4931.61735, "eta_hours": 1.36989, "loss": 0.19777112, "lr": 0.00049242, "params": 527237, "time_iter": 0.17627, "accuracy": 0.95057, "f1": 0.95059, "auc": 0.99285}
{"epoch": 22, "time_epoch": 38.518, "eta": 4893.03245, "eta_hours": 1.35918, "loss": 0.18527353, "lr": 0.00049099, "params": 527237, "time_iter": 0.17588, "accuracy": 0.95257, "f1": 0.95261, "auc": 0.99296}
{"epoch": 23, "time_epoch": 38.1194, "eta": 4852.36046, "eta_hours": 1.34788, "loss": 0.17615503, "lr": 0.00048944, "params": 527237, "time_iter": 0.17406, "accuracy": 0.95486, "f1": 0.95492, "auc": 0.99302}
{"epoch": 24, "time_epoch": 38.4444, "eta": 4813.51769, "eta_hours": 1.33709, "loss": 0.16291727, "lr": 0.00048776, "params": 527237, "time_iter": 0.17555, "accuracy": 0.95886, "f1": 0.95888, "auc": 0.99337}
{"epoch": 25, "time_epoch": 38.49393, "eta": 4774.9418, "eta_hours": 1.32637, "loss": 0.16334363, "lr": 0.00048597, "params": 527237, "time_iter": 0.17577, "accuracy": 0.95514, "f1": 0.95514, "auc": 0.99374}
{"epoch": 26, "time_epoch": 38.0085, "eta": 4734.16054, "eta_hours": 1.31504, "loss": 0.16801783, "lr": 0.00048406, "params": 527237, "time_iter": 0.17355, "accuracy": 0.95314, "f1": 0.95301, "auc": 0.99334}
{"epoch": 27, "time_epoch": 38.37668, "eta": 4695.18157, "eta_hours": 1.30422, "loss": 0.15467629, "lr": 0.00048203, "params": 527237, "time_iter": 0.17524, "accuracy": 0.95543, "f1": 0.95551, "auc": 0.995}
{"epoch": 28, "time_epoch": 38.40867, "eta": 4656.37759, "eta_hours": 1.29344, "loss": 0.14675457, "lr": 0.00047988, "params": 527237, "time_iter": 0.17538, "accuracy": 0.96, "f1": 0.95996, "auc": 0.99487}
{"epoch": 29, "time_epoch": 38.61832, "eta": 4618.43859, "eta_hours": 1.2829, "loss": 0.15632517, "lr": 0.00047762, "params": 527237, "time_iter": 0.17634, "accuracy": 0.95857, "f1": 0.95857, "auc": 0.99379}
{"epoch": 30, "time_epoch": 38.28264, "eta": 4579.16718, "eta_hours": 1.27199, "loss": 0.14351046, "lr": 0.00047524, "params": 527237, "time_iter": 0.17481, "accuracy": 0.95571, "f1": 0.95568, "auc": 0.99552}
{"epoch": 31, "time_epoch": 38.37468, "eta": 4540.29698, "eta_hours": 1.26119, "loss": 0.13462184, "lr": 0.00047275, "params": 527237, "time_iter": 0.17523, "accuracy": 0.96257, "f1": 0.96256, "auc": 0.9955}
{"epoch": 32, "time_epoch": 38.83131, "eta": 4503.07575, "eta_hours": 1.25085, "loss": 0.13085127, "lr": 0.00047015, "params": 527237, "time_iter": 0.17731, "accuracy": 0.95943, "f1": 0.9594, "auc": 0.9961}
{"epoch": 33, "time_epoch": 38.33736, "eta": 4464.07456, "eta_hours": 1.24002, "loss": 0.13249984, "lr": 0.00046744, "params": 527237, "time_iter": 0.17506, "accuracy": 0.96343, "f1": 0.96346, "auc": 0.99544}
{"epoch": 34, "time_epoch": 38.76207, "eta": 4426.5068, "eta_hours": 1.22959, "loss": 0.1305689, "lr": 0.00046461, "params": 527237, "time_iter": 0.177, "accuracy": 0.96343, "f1": 0.96341, "auc": 0.99529}
{"epoch": 35, "time_epoch": 37.97678, "eta": 4386.38593, "eta_hours": 1.21844, "loss": 0.12864211, "lr": 0.00046168, "params": 527237, "time_iter": 0.17341, "accuracy": 0.96114, "f1": 0.96108, "auc": 0.9958}
{"epoch": 36, "time_epoch": 38.36841, "eta": 4347.57701, "eta_hours": 1.20766, "loss": 0.11899607, "lr": 0.00045864, "params": 527237, "time_iter": 0.1752, "accuracy": 0.96629, "f1": 0.96629, "auc": 0.99625}
{"epoch": 37, "time_epoch": 38.08332, "eta": 4307.95102, "eta_hours": 1.19665, "loss": 0.12493445, "lr": 0.0004555, "params": 527237, "time_iter": 0.1739, "accuracy": 0.96371, "f1": 0.9637, "auc": 0.9961}
{"epoch": 38, "time_epoch": 38.76301, "eta": 4270.33864, "eta_hours": 1.18621, "loss": 0.12172618, "lr": 0.00045225, "params": 527237, "time_iter": 0.177, "accuracy": 0.96429, "f1": 0.96423, "auc": 0.996}
{"epoch": 39, "time_epoch": 38.60187, "eta": 4232.22558, "eta_hours": 1.17562, "loss": 0.11931192, "lr": 0.00044891, "params": 527237, "time_iter": 0.17626, "accuracy": 0.96229, "f1": 0.96224, "auc": 0.99603}
{"epoch": 40, "time_epoch": 38.63138, "eta": 4194.16713, "eta_hours": 1.16505, "loss": 0.10949754, "lr": 0.00044546, "params": 527237, "time_iter": 0.1764, "accuracy": 0.96714, "f1": 0.96709, "auc": 0.99665}
{"epoch": 41, "time_epoch": 38.54939, "eta": 4155.87055, "eta_hours": 1.15441, "loss": 0.11548895, "lr": 0.00044191, "params": 527237, "time_iter": 0.17602, "accuracy": 0.96571, "f1": 0.96567, "auc": 0.9961}
{"epoch": 42, "time_epoch": 38.57127, "eta": 4117.61669, "eta_hours": 1.14378, "loss": 0.10541545, "lr": 0.00043827, "params": 527237, "time_iter": 0.17612, "accuracy": 0.97029, "f1": 0.97025, "auc": 0.99679}
{"epoch": 43, "time_epoch": 38.54613, "eta": 4079.28783, "eta_hours": 1.13314, "loss": 0.116938, "lr": 0.00043453, "params": 527237, "time_iter": 0.17601, "accuracy": 0.96486, "f1": 0.96478, "auc": 0.99614}
{"epoch": 44, "time_epoch": 38.77617, "eta": 4041.48607, "eta_hours": 1.12264, "loss": 0.09887157, "lr": 0.0004307, "params": 527237, "time_iter": 0.17706, "accuracy": 0.97286, "f1": 0.97279, "auc": 0.99718}
{"epoch": 45, "time_epoch": 38.6879, "eta": 4003.44237, "eta_hours": 1.11207, "loss": 0.09955769, "lr": 0.00042678, "params": 527237, "time_iter": 0.17666, "accuracy": 0.972, "f1": 0.97197, "auc": 0.99695}
{"epoch": 46, "time_epoch": 37.89923, "eta": 3963.6429, "eta_hours": 1.10101, "loss": 0.10269146, "lr": 0.00042277, "params": 527237, "time_iter": 0.17306, "accuracy": 0.97257, "f1": 0.97252, "auc": 0.99682}
{"epoch": 47, "time_epoch": 38.54191, "eta": 3925.2883, "eta_hours": 1.09036, "loss": 0.10566509, "lr": 0.00041867, "params": 527237, "time_iter": 0.17599, "accuracy": 0.96971, "f1": 0.96966, "auc": 0.99672}
{"epoch": 48, "time_epoch": 38.31517, "eta": 3886.4587, "eta_hours": 1.07957, "loss": 0.09659281, "lr": 0.00041448, "params": 527237, "time_iter": 0.17496, "accuracy": 0.97229, "f1": 0.97225, "auc": 0.99724}
{"epoch": 49, "time_epoch": 38.39541, "eta": 3847.81014, "eta_hours": 1.06884, "loss": 0.09412903, "lr": 0.00041022, "params": 527237, "time_iter": 0.17532, "accuracy": 0.97229, "f1": 0.97226, "auc": 0.99723}
{"epoch": 50, "time_epoch": 38.42272, "eta": 3809.22453, "eta_hours": 1.05812, "loss": 0.09095709, "lr": 0.00040587, "params": 527237, "time_iter": 0.17545, "accuracy": 0.97429, "f1": 0.97422, "auc": 0.99721}
{"epoch": 51, "time_epoch": 38.31874, "eta": 3770.44923, "eta_hours": 1.04735, "loss": 0.09733565, "lr": 0.00040145, "params": 527237, "time_iter": 0.17497, "accuracy": 0.97229, "f1": 0.97223, "auc": 0.99744}
{"epoch": 52, "time_epoch": 37.9615, "eta": 3731.03733, "eta_hours": 1.0364, "loss": 0.09611277, "lr": 0.00039695, "params": 527237, "time_iter": 0.17334, "accuracy": 0.97343, "f1": 0.97339, "auc": 0.9974}
{"epoch": 53, "time_epoch": 38.40732, "eta": 3692.47172, "eta_hours": 1.02569, "loss": 0.09476058, "lr": 0.00039237, "params": 527237, "time_iter": 0.17538, "accuracy": 0.97286, "f1": 0.97284, "auc": 0.99739}
{"epoch": 54, "time_epoch": 38.79699, "eta": 3654.58494, "eta_hours": 1.01516, "loss": 0.09224873, "lr": 0.00038772, "params": 527237, "time_iter": 0.17716, "accuracy": 0.972, "f1": 0.97198, "auc": 0.99763}
{"epoch": 55, "time_epoch": 38.88276, "eta": 3616.80963, "eta_hours": 1.00467, "loss": 0.08948565, "lr": 0.00038301, "params": 527237, "time_iter": 0.17755, "accuracy": 0.97486, "f1": 0.97483, "auc": 0.99784}
{"epoch": 56, "time_epoch": 38.42897, "eta": 3578.25506, "eta_hours": 0.99396, "loss": 0.08897944, "lr": 0.00037822, "params": 527237, "time_iter": 0.17547, "accuracy": 0.972, "f1": 0.97193, "auc": 0.9978}
{"epoch": 57, "time_epoch": 38.59972, "eta": 3539.97567, "eta_hours": 0.98333, "loss": 0.09344611, "lr": 0.00037338, "params": 527237, "time_iter": 0.17625, "accuracy": 0.97371, "f1": 0.9737, "auc": 0.99754}
{"epoch": 58, "time_epoch": 38.0869, "eta": 3500.89446, "eta_hours": 0.97247, "loss": 0.08086513, "lr": 0.00036847, "params": 527237, "time_iter": 0.17391, "accuracy": 0.97886, "f1": 0.97883, "auc": 0.99819}
{"epoch": 59, "time_epoch": 38.35693, "eta": 3462.25143, "eta_hours": 0.96174, "loss": 0.08289824, "lr": 0.0003635, "params": 527237, "time_iter": 0.17515, "accuracy": 0.97543, "f1": 0.97538, "auc": 0.99792}
{"epoch": 60, "time_epoch": 38.13437, "eta": 3423.29307, "eta_hours": 0.95091, "loss": 0.0774579, "lr": 0.00035847, "params": 527237, "time_iter": 0.17413, "accuracy": 0.97971, "f1": 0.97968, "auc": 0.99798}
{"epoch": 61, "time_epoch": 38.21205, "eta": 3384.47154, "eta_hours": 0.94013, "loss": 0.07811169, "lr": 0.00035339, "params": 527237, "time_iter": 0.17448, "accuracy": 0.97629, "f1": 0.97626, "auc": 0.99813}
{"epoch": 62, "time_epoch": 38.24969, "eta": 3345.72134, "eta_hours": 0.92937, "loss": 0.08767694, "lr": 0.00034826, "params": 527237, "time_iter": 0.17466, "accuracy": 0.97514, "f1": 0.97508, "auc": 0.99776}
{"epoch": 63, "time_epoch": 38.44847, "eta": 3307.2539, "eta_hours": 0.91868, "loss": 0.08074938, "lr": 0.00034307, "params": 527237, "time_iter": 0.17556, "accuracy": 0.97714, "f1": 0.9771, "auc": 0.99825}
{"epoch": 64, "time_epoch": 38.1998, "eta": 3268.46185, "eta_hours": 0.90791, "loss": 0.07655447, "lr": 0.00033784, "params": 527237, "time_iter": 0.17443, "accuracy": 0.97886, "f1": 0.97883, "auc": 0.99806}
{"epoch": 65, "time_epoch": 38.55037, "eta": 3230.13393, "eta_hours": 0.89726, "loss": 0.0785551, "lr": 0.00033257, "params": 527237, "time_iter": 0.17603, "accuracy": 0.978, "f1": 0.97797, "auc": 0.99818}
{"epoch": 66, "time_epoch": 38.26064, "eta": 3191.44044, "eta_hours": 0.88651, "loss": 0.0738249, "lr": 0.00032725, "params": 527237, "time_iter": 0.17471, "accuracy": 0.98057, "f1": 0.98055, "auc": 0.9982}
{"epoch": 67, "time_epoch": 38.27838, "eta": 3152.78108, "eta_hours": 0.87577, "loss": 0.0778239, "lr": 0.0003219, "params": 527237, "time_iter": 0.17479, "accuracy": 0.97914, "f1": 0.9791, "auc": 0.99835}
{"epoch": 68, "time_epoch": 38.33703, "eta": 3114.20162, "eta_hours": 0.86506, "loss": 0.07364538, "lr": 0.00031651, "params": 527237, "time_iter": 0.17505, "accuracy": 0.98, "f1": 0.97996, "auc": 0.99841}
{"epoch": 69, "time_epoch": 38.17231, "eta": 3075.44083, "eta_hours": 0.85429, "loss": 0.07428573, "lr": 0.00031109, "params": 527237, "time_iter": 0.1743, "accuracy": 0.97857, "f1": 0.97854, "auc": 0.99835}
{"epoch": 70, "time_epoch": 38.07532, "eta": 3036.5887, "eta_hours": 0.8435, "loss": 0.06703745, "lr": 0.00030563, "params": 527237, "time_iter": 0.17386, "accuracy": 0.98, "f1": 0.97997, "auc": 0.99825}
{"epoch": 71, "time_epoch": 38.20903, "eta": 2997.903, "eta_hours": 0.83275, "loss": 0.06808287, "lr": 0.00030015, "params": 527237, "time_iter": 0.17447, "accuracy": 0.98143, "f1": 0.98141, "auc": 0.9983}
{"epoch": 72, "time_epoch": 38.38009, "eta": 2959.41079, "eta_hours": 0.82206, "loss": 0.07438155, "lr": 0.00029464, "params": 527237, "time_iter": 0.17525, "accuracy": 0.98, "f1": 0.97996, "auc": 0.99823}
{"epoch": 73, "time_epoch": 38.32371, "eta": 2920.86371, "eta_hours": 0.81135, "loss": 0.06562644, "lr": 0.00028911, "params": 527237, "time_iter": 0.17499, "accuracy": 0.98086, "f1": 0.98083, "auc": 0.99849}
{"epoch": 74, "time_epoch": 38.46318, "eta": 2882.46206, "eta_hours": 0.80068, "loss": 0.06901885, "lr": 0.00028356, "params": 527237, "time_iter": 0.17563, "accuracy": 0.98114, "f1": 0.98112, "auc": 0.99831}
{"epoch": 75, "time_epoch": 38.46598, "eta": 2844.06151, "eta_hours": 0.79002, "loss": 0.06844479, "lr": 0.00027799, "params": 527237, "time_iter": 0.17564, "accuracy": 0.98086, "f1": 0.98082, "auc": 0.99849}
{"epoch": 76, "time_epoch": 38.46299, "eta": 2805.65643, "eta_hours": 0.77935, "loss": 0.06495032, "lr": 0.00027241, "params": 527237, "time_iter": 0.17563, "accuracy": 0.98114, "f1": 0.98112, "auc": 0.99852}
{"epoch": 77, "time_epoch": 38.61657, "eta": 2767.39163, "eta_hours": 0.76872, "loss": 0.06244388, "lr": 0.00026682, "params": 527237, "time_iter": 0.17633, "accuracy": 0.98286, "f1": 0.98283, "auc": 0.99852}
{"epoch": 78, "time_epoch": 38.12992, "eta": 2728.68056, "eta_hours": 0.75797, "loss": 0.07067084, "lr": 0.00026122, "params": 527237, "time_iter": 0.17411, "accuracy": 0.97914, "f1": 0.9791, "auc": 0.99842}
{"epoch": 79, "time_epoch": 38.41166, "eta": 2690.23053, "eta_hours": 0.74729, "loss": 0.06318119, "lr": 0.00025561, "params": 527237, "time_iter": 0.1754, "accuracy": 0.98114, "f1": 0.98112, "auc": 0.99888}
{"epoch": 80, "time_epoch": 38.19251, "eta": 2651.59478, "eta_hours": 0.73655, "loss": 0.0626816, "lr": 0.00025, "params": 527237, "time_iter": 0.1744, "accuracy": 0.98286, "f1": 0.98284, "auc": 0.99858}
{"epoch": 81, "time_epoch": 38.37239, "eta": 2613.11899, "eta_hours": 0.72587, "loss": 0.06225277, "lr": 0.00024439, "params": 527237, "time_iter": 0.17522, "accuracy": 0.98143, "f1": 0.98141, "auc": 0.99872}
{"epoch": 82, "time_epoch": 38.37832, "eta": 2574.65049, "eta_hours": 0.71518, "loss": 0.06690166, "lr": 0.00023878, "params": 527237, "time_iter": 0.17524, "accuracy": 0.98314, "f1": 0.98312, "auc": 0.99842}
{"epoch": 83, "time_epoch": 38.49336, "eta": 2536.27453, "eta_hours": 0.70452, "loss": 0.06439213, "lr": 0.00023318, "params": 527237, "time_iter": 0.17577, "accuracy": 0.98229, "f1": 0.98226, "auc": 0.99856}
{"epoch": 84, "time_epoch": 38.61466, "eta": 2497.98856, "eta_hours": 0.69389, "loss": 0.06134238, "lr": 0.00022759, "params": 527237, "time_iter": 0.17632, "accuracy": 0.98343, "f1": 0.98341, "auc": 0.9988}
{"epoch": 85, "time_epoch": 38.31366, "eta": 2459.47095, "eta_hours": 0.68319, "loss": 0.05826261, "lr": 0.00022201, "params": 527237, "time_iter": 0.17495, "accuracy": 0.98257, "f1": 0.98255, "auc": 0.99875}
{"epoch": 86, "time_epoch": 38.7708, "eta": 2421.28906, "eta_hours": 0.67258, "loss": 0.06072198, "lr": 0.00021644, "params": 527237, "time_iter": 0.17704, "accuracy": 0.98314, "f1": 0.98312, "auc": 0.99874}
{"epoch": 87, "time_epoch": 38.33509, "eta": 2382.7868, "eta_hours": 0.66189, "loss": 0.05705669, "lr": 0.00021089, "params": 527237, "time_iter": 0.17505, "accuracy": 0.98371, "f1": 0.9837, "auc": 0.99883}
{"epoch": 88, "time_epoch": 38.58905, "eta": 2344.46237, "eta_hours": 0.65124, "loss": 0.0589782, "lr": 0.00020536, "params": 527237, "time_iter": 0.17621, "accuracy": 0.98343, "f1": 0.9834, "auc": 0.99872}
{"epoch": 89, "time_epoch": 38.25676, "eta": 2305.91053, "eta_hours": 0.64053, "loss": 0.05640187, "lr": 0.00019985, "params": 527237, "time_iter": 0.17469, "accuracy": 0.98314, "f1": 0.98313, "auc": 0.99878}
{"epoch": 90, "time_epoch": 38.02964, "eta": 2267.21792, "eta_hours": 0.62978, "loss": 0.05640588, "lr": 0.00019437, "params": 527237, "time_iter": 0.17365, "accuracy": 0.98257, "f1": 0.98254, "auc": 0.99885}
{"epoch": 91, "time_epoch": 38.38643, "eta": 2228.76466, "eta_hours": 0.6191, "loss": 0.05378999, "lr": 0.00018891, "params": 527237, "time_iter": 0.17528, "accuracy": 0.98429, "f1": 0.98427, "auc": 0.99882}
{"epoch": 92, "time_epoch": 38.5717, "eta": 2190.42638, "eta_hours": 0.60845, "loss": 0.0538774, "lr": 0.00018349, "params": 527237, "time_iter": 0.17613, "accuracy": 0.98486, "f1": 0.98484, "auc": 0.9989}
{"epoch": 93, "time_epoch": 38.73601, "eta": 2152.18102, "eta_hours": 0.59783, "loss": 0.053213, "lr": 0.0001781, "params": 527237, "time_iter": 0.17688, "accuracy": 0.98543, "f1": 0.98541, "auc": 0.99896}
{"epoch": 94, "time_epoch": 38.04006, "eta": 2113.52242, "eta_hours": 0.58709, "loss": 0.053728, "lr": 0.00017275, "params": 527237, "time_iter": 0.1737, "accuracy": 0.98343, "f1": 0.98341, "auc": 0.99887}
{"epoch": 95, "time_epoch": 38.57416, "eta": 2075.17714, "eta_hours": 0.57644, "loss": 0.05453458, "lr": 0.00016743, "params": 527237, "time_iter": 0.17614, "accuracy": 0.98286, "f1": 0.98283, "auc": 0.99873}
{"epoch": 96, "time_epoch": 38.45879, "eta": 2036.7641, "eta_hours": 0.56577, "loss": 0.05248574, "lr": 0.00016216, "params": 527237, "time_iter": 0.17561, "accuracy": 0.98429, "f1": 0.98427, "auc": 0.99903}
{"epoch": 97, "time_epoch": 38.38365, "eta": 1998.31025, "eta_hours": 0.55509, "loss": 0.05448423, "lr": 0.00015693, "params": 527237, "time_iter": 0.17527, "accuracy": 0.98429, "f1": 0.98428, "auc": 0.99886}
{"epoch": 98, "time_epoch": 38.56436, "eta": 1959.95091, "eta_hours": 0.54443, "loss": 0.05123683, "lr": 0.00015174, "params": 527237, "time_iter": 0.17609, "accuracy": 0.98457, "f1": 0.98455, "auc": 0.99889}
{"epoch": 99, "time_epoch": 38.49788, "eta": 1921.55424, "eta_hours": 0.53377, "loss": 0.04999901, "lr": 0.00014661, "params": 527237, "time_iter": 0.17579, "accuracy": 0.98543, "f1": 0.98541, "auc": 0.99888}
{"epoch": 100, "time_epoch": 38.10347, "eta": 1882.96421, "eta_hours": 0.52305, "loss": 0.04909402, "lr": 0.00014153, "params": 527237, "time_iter": 0.17399, "accuracy": 0.984, "f1": 0.98398, "auc": 0.99903}
{"epoch": 101, "time_epoch": 38.38623, "eta": 1844.51679, "eta_hours": 0.51237, "loss": 0.04960443, "lr": 0.0001365, "params": 527237, "time_iter": 0.17528, "accuracy": 0.98429, "f1": 0.98426, "auc": 0.99888}
{"epoch": 102, "time_epoch": 38.28606, "eta": 1806.02485, "eta_hours": 0.50167, "loss": 0.04859184, "lr": 0.00013153, "params": 527237, "time_iter": 0.17482, "accuracy": 0.98457, "f1": 0.98455, "auc": 0.99909}
{"epoch": 103, "time_epoch": 38.2677, "eta": 1767.52875, "eta_hours": 0.49098, "loss": 0.04995722, "lr": 0.00012662, "params": 527237, "time_iter": 0.17474, "accuracy": 0.98457, "f1": 0.98455, "auc": 0.99901}
{"epoch": 104, "time_epoch": 38.58693, "eta": 1729.1738, "eta_hours": 0.48033, "loss": 0.04879199, "lr": 0.00012178, "params": 527237, "time_iter": 0.1762, "accuracy": 0.98571, "f1": 0.9857, "auc": 0.99887}
{"epoch": 105, "time_epoch": 38.3624, "eta": 1690.72128, "eta_hours": 0.46964, "loss": 0.04733871, "lr": 0.00011699, "params": 527237, "time_iter": 0.17517, "accuracy": 0.98457, "f1": 0.98456, "auc": 0.999}
{"epoch": 106, "time_epoch": 38.01624, "eta": 1652.13133, "eta_hours": 0.45893, "loss": 0.04716019, "lr": 0.00011228, "params": 527237, "time_iter": 0.17359, "accuracy": 0.98314, "f1": 0.98312, "auc": 0.9989}
{"epoch": 107, "time_epoch": 38.56042, "eta": 1613.76364, "eta_hours": 0.44827, "loss": 0.04892112, "lr": 0.00010763, "params": 527237, "time_iter": 0.17607, "accuracy": 0.98429, "f1": 0.98426, "auc": 0.99897}
{"epoch": 108, "time_epoch": 38.50767, "eta": 1575.37256, "eta_hours": 0.4376, "loss": 0.04805205, "lr": 0.00010305, "params": 527237, "time_iter": 0.17583, "accuracy": 0.98571, "f1": 0.98569, "auc": 0.99897}
{"epoch": 109, "time_epoch": 38.5297, "eta": 1536.98738, "eta_hours": 0.42694, "loss": 0.04453825, "lr": 9.855e-05, "params": 527237, "time_iter": 0.17593, "accuracy": 0.986, "f1": 0.98598, "auc": 0.99904}
{"epoch": 110, "time_epoch": 38.19599, "eta": 1498.48234, "eta_hours": 0.41625, "loss": 0.04424777, "lr": 9.413e-05, "params": 527237, "time_iter": 0.17441, "accuracy": 0.98657, "f1": 0.98656, "auc": 0.99904}
{"epoch": 111, "time_epoch": 38.22508, "eta": 1459.99269, "eta_hours": 0.40555, "loss": 0.0473861, "lr": 8.978e-05, "params": 527237, "time_iter": 0.17454, "accuracy": 0.986, "f1": 0.98598, "auc": 0.99894}
{"epoch": 112, "time_epoch": 38.29789, "eta": 1421.53157, "eta_hours": 0.39487, "loss": 0.04355373, "lr": 8.552e-05, "params": 527237, "time_iter": 0.17488, "accuracy": 0.98657, "f1": 0.98655, "auc": 0.99905}
{"epoch": 113, "time_epoch": 38.74912, "eta": 1383.2158, "eta_hours": 0.38423, "loss": 0.04481222, "lr": 8.133e-05, "params": 527237, "time_iter": 0.17694, "accuracy": 0.98543, "f1": 0.98541, "auc": 0.99898}
{"epoch": 114, "time_epoch": 38.6132, "eta": 1344.85113, "eta_hours": 0.37357, "loss": 0.04502006, "lr": 7.723e-05, "params": 527237, "time_iter": 0.17632, "accuracy": 0.98657, "f1": 0.98655, "auc": 0.99913}
{"epoch": 115, "time_epoch": 38.10928, "eta": 1306.33448, "eta_hours": 0.36287, "loss": 0.04323232, "lr": 7.322e-05, "params": 527237, "time_iter": 0.17401, "accuracy": 0.98686, "f1": 0.98684, "auc": 0.99926}
{"epoch": 116, "time_epoch": 38.65397, "eta": 1267.97841, "eta_hours": 0.35222, "loss": 0.04479954, "lr": 6.93e-05, "params": 527237, "time_iter": 0.1765, "accuracy": 0.98543, "f1": 0.98541, "auc": 0.99911}
{"epoch": 117, "time_epoch": 38.63678, "eta": 1229.61264, "eta_hours": 0.34156, "loss": 0.04195583, "lr": 6.547e-05, "params": 527237, "time_iter": 0.17642, "accuracy": 0.98657, "f1": 0.98656, "auc": 0.99908}
{"epoch": 118, "time_epoch": 38.64447, "eta": 1191.24431, "eta_hours": 0.3309, "loss": 0.04342456, "lr": 6.173e-05, "params": 527237, "time_iter": 0.17646, "accuracy": 0.986, "f1": 0.98598, "auc": 0.99911}
{"epoch": 119, "time_epoch": 38.93361, "eta": 1152.94367, "eta_hours": 0.32026, "loss": 0.0419133, "lr": 5.809e-05, "params": 527237, "time_iter": 0.17778, "accuracy": 0.98686, "f1": 0.98684, "auc": 0.999}
{"epoch": 120, "time_epoch": 38.2351, "eta": 1114.46515, "eta_hours": 0.30957, "loss": 0.04234217, "lr": 5.454e-05, "params": 527237, "time_iter": 0.17459, "accuracy": 0.98686, "f1": 0.98685, "auc": 0.99907}
{"epoch": 121, "time_epoch": 38.69058, "eta": 1076.09517, "eta_hours": 0.29892, "loss": 0.04279721, "lr": 5.109e-05, "params": 527237, "time_iter": 0.17667, "accuracy": 0.98714, "f1": 0.98713, "auc": 0.99905}
{"epoch": 122, "time_epoch": 38.19829, "eta": 1037.6119, "eta_hours": 0.28823, "loss": 0.0425863, "lr": 4.775e-05, "params": 527237, "time_iter": 0.17442, "accuracy": 0.98657, "f1": 0.98656, "auc": 0.99914}
{"epoch": 123, "time_epoch": 37.69167, "eta": 999.02701, "eta_hours": 0.27751, "loss": 0.04132183, "lr": 4.45e-05, "params": 527237, "time_iter": 0.17211, "accuracy": 0.98657, "f1": 0.98656, "auc": 0.999}
{"epoch": 124, "time_epoch": 38.31763, "eta": 960.58159, "eta_hours": 0.26683, "loss": 0.04152744, "lr": 4.136e-05, "params": 527237, "time_iter": 0.17497, "accuracy": 0.98714, "f1": 0.98713, "auc": 0.99901}
{"epoch": 125, "time_epoch": 38.54748, "eta": 922.18199, "eta_hours": 0.25616, "loss": 0.0422148, "lr": 3.832e-05, "params": 527237, "time_iter": 0.17602, "accuracy": 0.98657, "f1": 0.98656, "auc": 0.99911}
{"epoch": 126, "time_epoch": 38.27704, "eta": 883.73108, "eta_hours": 0.24548, "loss": 0.04211368, "lr": 3.539e-05, "params": 527237, "time_iter": 0.17478, "accuracy": 0.98686, "f1": 0.98684, "auc": 0.99901}
{"epoch": 127, "time_epoch": 37.93647, "eta": 845.22435, "eta_hours": 0.23478, "loss": 0.04114528, "lr": 3.256e-05, "params": 527237, "time_iter": 0.17323, "accuracy": 0.98686, "f1": 0.98684, "auc": 0.99917}
{"epoch": 128, "time_epoch": 38.09717, "eta": 806.75262, "eta_hours": 0.2241, "loss": 0.04103045, "lr": 2.985e-05, "params": 527237, "time_iter": 0.17396, "accuracy": 0.98714, "f1": 0.98713, "auc": 0.99916}
{"epoch": 129, "time_epoch": 38.32423, "eta": 768.32159, "eta_hours": 0.21342, "loss": 0.04065468, "lr": 2.725e-05, "params": 527237, "time_iter": 0.175, "accuracy": 0.98714, "f1": 0.98713, "auc": 0.99902}
{"epoch": 130, "time_epoch": 38.55716, "eta": 729.92598, "eta_hours": 0.20276, "loss": 0.04076198, "lr": 2.476e-05, "params": 527237, "time_iter": 0.17606, "accuracy": 0.98714, "f1": 0.98713, "auc": 0.99907}
{"epoch": 131, "time_epoch": 37.9677, "eta": 691.44753, "eta_hours": 0.19207, "loss": 0.04181474, "lr": 2.238e-05, "params": 527237, "time_iter": 0.17337, "accuracy": 0.98657, "f1": 0.98656, "auc": 0.99915}
{"epoch": 132, "time_epoch": 38.60643, "eta": 653.05841, "eta_hours": 0.18141, "loss": 0.04018759, "lr": 2.012e-05, "params": 527237, "time_iter": 0.17629, "accuracy": 0.98714, "f1": 0.98713, "auc": 0.99912}
{"epoch": 133, "time_epoch": 38.58629, "eta": 614.66363, "eta_hours": 0.17074, "loss": 0.04002758, "lr": 1.797e-05, "params": 527237, "time_iter": 0.17619, "accuracy": 0.98714, "f1": 0.98713, "auc": 0.99916}
{"epoch": 134, "time_epoch": 38.17377, "eta": 576.22019, "eta_hours": 0.16006, "loss": 0.04034768, "lr": 1.594e-05, "params": 527237, "time_iter": 0.17431, "accuracy": 0.98714, "f1": 0.98713, "auc": 0.99915}
{"epoch": 135, "time_epoch": 38.0564, "eta": 537.76863, "eta_hours": 0.14938, "loss": 0.03999659, "lr": 1.403e-05, "params": 527237, "time_iter": 0.17377, "accuracy": 0.98686, "f1": 0.98684, "auc": 0.99921}
{"epoch": 136, "time_epoch": 38.20736, "eta": 499.33716, "eta_hours": 0.1387, "loss": 0.0396137, "lr": 1.224e-05, "params": 527237, "time_iter": 0.17446, "accuracy": 0.98743, "f1": 0.98742, "auc": 0.99908}
{"epoch": 137, "time_epoch": 38.37035, "eta": 460.92311, "eta_hours": 0.12803, "loss": 0.04001805, "lr": 1.056e-05, "params": 527237, "time_iter": 0.17521, "accuracy": 0.98714, "f1": 0.98713, "auc": 0.99909}
{"epoch": 138, "time_epoch": 38.28561, "eta": 422.50299, "eta_hours": 0.11736, "loss": 0.03954729, "lr": 9.01e-06, "params": 527237, "time_iter": 0.17482, "accuracy": 0.98714, "f1": 0.98713, "auc": 0.99911}
{"epoch": 139, "time_epoch": 38.69473, "eta": 384.11401, "eta_hours": 0.1067, "loss": 0.03974009, "lr": 7.58e-06, "params": 527237, "time_iter": 0.17669, "accuracy": 0.98714, "f1": 0.98713, "auc": 0.99923}
{"epoch": 140, "time_epoch": 38.15272, "eta": 345.6861, "eta_hours": 0.09602, "loss": 0.04035659, "lr": 6.27e-06, "params": 527237, "time_iter": 0.17421, "accuracy": 0.98714, "f1": 0.98713, "auc": 0.99922}
{"epoch": 141, "time_epoch": 38.11466, "eta": 307.25992, "eta_hours": 0.08535, "loss": 0.0406565, "lr": 5.08e-06, "params": 527237, "time_iter": 0.17404, "accuracy": 0.98714, "f1": 0.98713, "auc": 0.99922}
{"epoch": 142, "time_epoch": 38.33474, "eta": 268.84887, "eta_hours": 0.07468, "loss": 0.03908751, "lr": 4.02e-06, "params": 527237, "time_iter": 0.17504, "accuracy": 0.98743, "f1": 0.98742, "auc": 0.99919}
{"epoch": 143, "time_epoch": 38.22882, "eta": 230.43446, "eta_hours": 0.06401, "loss": 0.03927865, "lr": 3.08e-06, "params": 527237, "time_iter": 0.17456, "accuracy": 0.98714, "f1": 0.98713, "auc": 0.9992}
{"epoch": 144, "time_epoch": 38.25738, "eta": 192.0236, "eta_hours": 0.05334, "loss": 0.03949497, "lr": 2.26e-06, "params": 527237, "time_iter": 0.17469, "accuracy": 0.98714, "f1": 0.98713, "auc": 0.99914}
{"epoch": 145, "time_epoch": 38.39974, "eta": 153.61875, "eta_hours": 0.04267, "loss": 0.03887778, "lr": 1.57e-06, "params": 527237, "time_iter": 0.17534, "accuracy": 0.98743, "f1": 0.98742, "auc": 0.99942}
{"epoch": 146, "time_epoch": 38.72822, "eta": 115.22066, "eta_hours": 0.03201, "loss": 0.03972588, "lr": 1.01e-06, "params": 527237, "time_iter": 0.17684, "accuracy": 0.98714, "f1": 0.98713, "auc": 0.9992}
{"epoch": 147, "time_epoch": 38.32932, "eta": 76.81273, "eta_hours": 0.02134, "loss": 0.03943109, "lr": 5.7e-07, "params": 527237, "time_iter": 0.17502, "accuracy": 0.98714, "f1": 0.98713, "auc": 0.99914}
{"epoch": 148, "time_epoch": 38.32612, "eta": 38.40582, "eta_hours": 0.01067, "loss": 0.03927036, "lr": 2.5e-07, "params": 527237, "time_iter": 0.17501, "accuracy": 0.98714, "f1": 0.98713, "auc": 0.99927}
{"epoch": 149, "time_epoch": 38.98123, "eta": 0.0, "eta_hours": 0.0, "loss": 0.04007324, "lr": 6e-08, "params": 527237, "time_iter": 0.178, "accuracy": 0.98743, "f1": 0.98742, "auc": 0.99918}
