{"epoch": 0, "time_epoch": 86.10414, "eta": 8524.31029, "eta_hours": 2.36786, "loss": 1.7967703, "lr": 0.0, "params": 502054, "time_iter": 0.13777, "accuracy": 0.16667, "f1": 0.11026, "auc": 0.50117}
{"epoch": 1, "time_epoch": 83.80049, "eta": 8325.32719, "eta_hours": 2.31259, "loss": 1.67797678, "lr": 0.0002, "params": 502054, "time_iter": 0.13408, "accuracy": 0.33916, "f1": 0.33729, "auc": 0.68019}
{"epoch": 2, "time_epoch": 82.96285, "eta": 8176.04877, "eta_hours": 2.27112, "loss": 1.32310058, "lr": 0.0004, "params": 502054, "time_iter": 0.13274, "accuracy": 0.55089, "f1": 0.55059, "auc": 0.83001}
{"epoch": 3, "time_epoch": 82.89674, "eta": 8058.34153, "eta_hours": 2.23843, "loss": 1.06046113, "lr": 0.0006, "params": 502054, "time_iter": 0.13263, "accuracy": 0.63872, "f1": 0.63872, "auc": 0.88989}
{"epoch": 4, "time_epoch": 81.71145, "eta": 7932.03799, "eta_hours": 2.20334, "loss": 0.94725009, "lr": 0.0008, "params": 502054, "time_iter": 0.13074, "accuracy": 0.67128, "f1": 0.67129, "auc": 0.91161}
{"epoch": 5, "time_epoch": 81.04651, "eta": 7810.18102, "eta_hours": 2.16949, "loss": 0.88368749, "lr": 0.001, "params": 502054, "time_iter": 0.12967, "accuracy": 0.6898, "f1": 0.68979, "auc": 0.92254}
{"epoch": 6, "time_epoch": 82.35135, "eta": 7717.31998, "eta_hours": 2.1437, "loss": 0.8358826, "lr": 0.00099973, "params": 502054, "time_iter": 0.13176, "accuracy": 0.70553, "f1": 0.70553, "auc": 0.93045}
{"epoch": 7, "time_epoch": 82.20158, "eta": 7625.36392, "eta_hours": 2.11816, "loss": 0.79311525, "lr": 0.00099891, "params": 502054, "time_iter": 0.13152, "accuracy": 0.71914, "f1": 0.71913, "auc": 0.93727}
{"epoch": 8, "time_epoch": 81.00267, "eta": 7523.45322, "eta_hours": 2.08985, "loss": 0.7641672, "lr": 0.00099754, "params": 502054, "time_iter": 0.1296, "accuracy": 0.72877, "f1": 0.72877, "auc": 0.94169}
{"epoch": 9, "time_epoch": 81.76282, "eta": 7432.56551, "eta_hours": 2.0646, "loss": 0.75325314, "lr": 0.00099563, "params": 502054, "time_iter": 0.13082, "accuracy": 0.7315, "f1": 0.7315, "auc": 0.94332}
{"epoch": 10, "time_epoch": 80.31265, "eta": 7331.60365, "eta_hours": 2.03656, "loss": 0.74096049, "lr": 0.00099318, "params": 502054, "time_iter": 0.1285, "accuracy": 0.73531, "f1": 0.7353, "auc": 0.94513}
{"epoch": 11, "time_epoch": 81.16113, "eta": 7240.30555, "eta_hours": 2.0112, "loss": 0.73316313, "lr": 0.00099019, "params": 502054, "time_iter": 0.12986, "accuracy": 0.73876, "f1": 0.73875, "auc": 0.94619}
{"epoch": 12, "time_epoch": 79.51669, "eta": 7139.56187, "eta_hours": 1.98321, "loss": 0.72370266, "lr": 0.00098666, "params": 502054, "time_iter": 0.12723, "accuracy": 0.74099, "f1": 0.74099, "auc": 0.94757}
{"epoch": 13, "time_epoch": 79.46867, "eta": 7041.5556, "eta_hours": 1.95599, "loss": 0.71706109, "lr": 0.0009826, "params": 502054, "time_iter": 0.12715, "accuracy": 0.74381, "f1": 0.74381, "auc": 0.94848}
{"epoch": 14, "time_epoch": 80.279, "eta": 6950.61292, "eta_hours": 1.93073, "loss": 0.71198661, "lr": 0.00097802, "params": 502054, "time_iter": 0.12845, "accuracy": 0.74504, "f1": 0.74504, "auc": 0.94922}
{"epoch": 15, "time_epoch": 80.43203, "eta": 6861.80658, "eta_hours": 1.90606, "loss": 0.70673601, "lr": 0.00097291, "params": 502054, "time_iter": 0.12869, "accuracy": 0.74687, "f1": 0.74686, "auc": 0.94997}
{"epoch": 16, "time_epoch": 79.6929, "eta": 6770.37679, "eta_hours": 1.88066, "loss": 0.70039695, "lr": 0.00096728, "params": 502054, "time_iter": 0.12751, "accuracy": 0.7489, "f1": 0.7489, "auc": 0.95085}
{"epoch": 17, "time_epoch": 79.51518, "eta": 6679.44146, "eta_hours": 1.8554, "loss": 0.69747877, "lr": 0.00096114, "params": 502054, "time_iter": 0.12722, "accuracy": 0.75046, "f1": 0.75046, "auc": 0.95123}
{"epoch": 18, "time_epoch": 81.1772, "eta": 6596.7937, "eta_hours": 1.83244, "loss": 0.69306672, "lr": 0.0009545, "params": 502054, "time_iter": 0.12988, "accuracy": 0.75198, "f1": 0.75198, "auc": 0.95186}
{"epoch": 19, "time_epoch": 80.45006, "eta": 6511.38445, "eta_hours": 1.80872, "loss": 0.69134654, "lr": 0.00094736, "params": 502054, "time_iter": 0.12872, "accuracy": 0.75209, "f1": 0.75209, "auc": 0.95213}
{"epoch": 20, "time_epoch": 81.31302, "eta": 6429.69389, "eta_hours": 1.78603, "loss": 0.68465398, "lr": 0.00093974, "params": 502054, "time_iter": 0.1301, "accuracy": 0.75451, "f1": 0.75451, "auc": 0.953}
{"epoch": 21, "time_epoch": 80.57814, "eta": 6345.43215, "eta_hours": 1.76262, "loss": 0.67940364, "lr": 0.00093163, "params": 502054, "time_iter": 0.12893, "accuracy": 0.75626, "f1": 0.75626, "auc": 0.95373}
{"epoch": 22, "time_epoch": 80.83575, "eta": 6262.35317, "eta_hours": 1.73954, "loss": 0.68029158, "lr": 0.00092305, "params": 502054, "time_iter": 0.12934, "accuracy": 0.75599, "f1": 0.75599, "auc": 0.9536}
{"epoch": 23, "time_epoch": 80.46471, "eta": 6178.28615, "eta_hours": 1.71619, "loss": 0.67514733, "lr": 0.000914, "params": 502054, "time_iter": 0.12874, "accuracy": 0.75766, "f1": 0.75766, "auc": 0.95432}
{"epoch": 24, "time_epoch": 79.70284, "eta": 6092.22171, "eta_hours": 1.69228, "loss": 0.67212172, "lr": 0.00090451, "params": 502054, "time_iter": 0.12752, "accuracy": 0.75825, "f1": 0.75825, "auc": 0.95473}
{"epoch": 25, "time_epoch": 81.12506, "eta": 6010.69448, "eta_hours": 1.66964, "loss": 0.67041845, "lr": 0.00089457, "params": 502054, "time_iter": 0.1298, "accuracy": 0.75948, "f1": 0.75948, "auc": 0.95493}
{"epoch": 26, "time_epoch": 80.39194, "eta": 5927.21492, "eta_hours": 1.64645, "loss": 0.66737393, "lr": 0.0008842, "params": 502054, "time_iter": 0.12863, "accuracy": 0.76049, "f1": 0.76049, "auc": 0.95536}
{"epoch": 27, "time_epoch": 80.73293, "eta": 5844.83273, "eta_hours": 1.62356, "loss": 0.66305758, "lr": 0.00087341, "params": 502054, "time_iter": 0.12917, "accuracy": 0.76126, "f1": 0.76126, "auc": 0.95597}
{"epoch": 28, "time_epoch": 80.22578, "eta": 5761.32265, "eta_hours": 1.60037, "loss": 0.65980299, "lr": 0.00086221, "params": 502054, "time_iter": 0.12836, "accuracy": 0.76222, "f1": 0.76222, "auc": 0.95638}
{"epoch": 29, "time_epoch": 80.20605, "eta": 5677.98545, "eta_hours": 1.57722, "loss": 0.65975259, "lr": 0.00085062, "params": 502054, "time_iter": 0.12833, "accuracy": 0.76257, "f1": 0.76257, "auc": 0.95638}
{"epoch": 30, "time_epoch": 79.72305, "eta": 5593.77521, "eta_hours": 1.55383, "loss": 0.65737787, "lr": 0.00083864, "params": 502054, "time_iter": 0.12756, "accuracy": 0.7639, "f1": 0.7639, "auc": 0.95668}
{"epoch": 31, "time_epoch": 79.83814, "eta": 5510.08999, "eta_hours": 1.53058, "loss": 0.64981504, "lr": 0.00082629, "params": 502054, "time_iter": 0.12774, "accuracy": 0.7652, "f1": 0.7652, "auc": 0.95772}
{"epoch": 32, "time_epoch": 80.1719, "eta": 5427.31557, "eta_hours": 1.50759, "loss": 0.64740531, "lr": 0.00081359, "params": 502054, "time_iter": 0.12828, "accuracy": 0.76736, "f1": 0.76736, "auc": 0.95798}
{"epoch": 33, "time_epoch": 80.35261, "eta": 5345.04502, "eta_hours": 1.48473, "loss": 0.64567432, "lr": 0.00080054, "params": 502054, "time_iter": 0.12856, "accuracy": 0.76796, "f1": 0.76795, "auc": 0.95821}
{"epoch": 34, "time_epoch": 79.82715, "eta": 5261.90821, "eta_hours": 1.46164, "loss": 0.64550476, "lr": 0.00078716, "params": 502054, "time_iter": 0.12772, "accuracy": 0.76755, "f1": 0.76755, "auc": 0.95823}
{"epoch": 35, "time_epoch": 80.52265, "eta": 5180.19171, "eta_hours": 1.43894, "loss": 0.63993415, "lr": 0.00077347, "params": 502054, "time_iter": 0.12884, "accuracy": 0.7692, "f1": 0.7692, "auc": 0.95896}
{"epoch": 36, "time_epoch": 80.33981, "eta": 5098.22843, "eta_hours": 1.41617, "loss": 0.64044864, "lr": 0.00075948, "params": 502054, "time_iter": 0.12854, "accuracy": 0.76997, "f1": 0.76997, "auc": 0.95889}
{"epoch": 37, "time_epoch": 79.76295, "eta": 5015.4094, "eta_hours": 1.39317, "loss": 0.6361665, "lr": 0.00074521, "params": 502054, "time_iter": 0.12762, "accuracy": 0.77108, "f1": 0.77108, "auc": 0.95945}
{"epoch": 38, "time_epoch": 79.55394, "eta": 4932.42017, "eta_hours": 1.37012, "loss": 0.63278706, "lr": 0.00073067, "params": 502054, "time_iter": 0.12729, "accuracy": 0.77224, "f1": 0.77224, "auc": 0.95986}
{"epoch": 39, "time_epoch": 80.31695, "eta": 4850.74722, "eta_hours": 1.34743, "loss": 0.62982911, "lr": 0.00071588, "params": 502054, "time_iter": 0.12851, "accuracy": 0.77333, "f1": 0.77333, "auc": 0.96025}
{"epoch": 40, "time_epoch": 81.28986, "eta": 4770.54047, "eta_hours": 1.32515, "loss": 0.62652514, "lr": 0.00070085, "params": 502054, "time_iter": 0.13006, "accuracy": 0.77382, "f1": 0.77382, "auc": 0.96068}
{"epoch": 41, "time_epoch": 84.32862, "eta": 4694.47851, "eta_hours": 1.30402, "loss": 0.6252958, "lr": 0.0006856, "params": 502054, "time_iter": 0.13493, "accuracy": 0.7747, "f1": 0.7747, "auc": 0.96081}
{"epoch": 42, "time_epoch": 85.35261, "eta": 4619.38946, "eta_hours": 1.28316, "loss": 0.62427322, "lr": 0.00067015, "params": 502054, "time_iter": 0.13656, "accuracy": 0.77478, "f1": 0.77478, "auc": 0.96097}
{"epoch": 43, "time_epoch": 80.62376, "eta": 4537.81533, "eta_hours": 1.2605, "loss": 0.61920338, "lr": 0.00065451, "params": 502054, "time_iter": 0.129, "accuracy": 0.77662, "f1": 0.77661, "auc": 0.9616}
{"epoch": 44, "time_epoch": 79.91261, "eta": 4455.41427, "eta_hours": 1.23762, "loss": 0.61930814, "lr": 0.0006387, "params": 502054, "time_iter": 0.12786, "accuracy": 0.77626, "f1": 0.77626, "auc": 0.96158}
{"epoch": 45, "time_epoch": 80.76057, "eta": 4374.11682, "eta_hours": 1.21503, "loss": 0.61577964, "lr": 0.00062274, "params": 502054, "time_iter": 0.12922, "accuracy": 0.77726, "f1": 0.77726, "auc": 0.96203}
{"epoch": 46, "time_epoch": 80.31181, "eta": 4292.33617, "eta_hours": 1.19232, "loss": 0.61362095, "lr": 0.00060665, "params": 502054, "time_iter": 0.1285, "accuracy": 0.77833, "f1": 0.77833, "auc": 0.9623}
{"epoch": 47, "time_epoch": 79.87342, "eta": 4210.1418, "eta_hours": 1.16948, "loss": 0.60997119, "lr": 0.00059044, "params": 502054, "time_iter": 0.1278, "accuracy": 0.77915, "f1": 0.77915, "auc": 0.96275}
{"epoch": 48, "time_epoch": 79.90225, "eta": 4128.07217, "eta_hours": 1.14669, "loss": 0.60808899, "lr": 0.00057413, "params": 502054, "time_iter": 0.12784, "accuracy": 0.78062, "f1": 0.78062, "auc": 0.96296}
{"epoch": 49, "time_epoch": 79.17799, "eta": 4045.36498, "eta_hours": 1.12371, "loss": 0.60575471, "lr": 0.00055774, "params": 502054, "time_iter": 0.12668, "accuracy": 0.78121, "f1": 0.78121, "auc": 0.96325}
{"epoch": 50, "time_epoch": 79.49085, "eta": 3963.09678, "eta_hours": 1.10086, "loss": 0.60409847, "lr": 0.00054129, "params": 502054, "time_iter": 0.12719, "accuracy": 0.78179, "f1": 0.78179, "auc": 0.96344}
{"epoch": 51, "time_epoch": 80.56822, "eta": 3881.92989, "eta_hours": 1.07831, "loss": 0.59845843, "lr": 0.00052479, "params": 502054, "time_iter": 0.12891, "accuracy": 0.78355, "f1": 0.78355, "auc": 0.96414}
{"epoch": 52, "time_epoch": 80.91632, "eta": 3801.09429, "eta_hours": 1.05586, "loss": 0.59691228, "lr": 0.00050827, "params": 502054, "time_iter": 0.12947, "accuracy": 0.78446, "f1": 0.78447, "auc": 0.96431}
{"epoch": 53, "time_epoch": 81.84553, "eta": 3721.04725, "eta_hours": 1.03362, "loss": 0.59445608, "lr": 0.00049173, "params": 502054, "time_iter": 0.13095, "accuracy": 0.78502, "f1": 0.78502, "auc": 0.96461}
{"epoch": 54, "time_epoch": 79.99702, "eta": 3639.42239, "eta_hours": 1.01095, "loss": 0.59332804, "lr": 0.00047521, "params": 502054, "time_iter": 0.128, "accuracy": 0.78546, "f1": 0.78546, "auc": 0.96475}
{"epoch": 55, "time_epoch": 81.38879, "eta": 3558.9492, "eta_hours": 0.9886, "loss": 0.58955578, "lr": 0.00045871, "params": 502054, "time_iter": 0.13022, "accuracy": 0.78697, "f1": 0.78697, "auc": 0.96521}
{"epoch": 56, "time_epoch": 81.64531, "eta": 3478.63739, "eta_hours": 0.96629, "loss": 0.58797737, "lr": 0.00044226, "params": 502054, "time_iter": 0.13063, "accuracy": 0.78707, "f1": 0.78707, "auc": 0.96539}
{"epoch": 57, "time_epoch": 81.48781, "eta": 3398.16556, "eta_hours": 0.94393, "loss": 0.58426072, "lr": 0.00042587, "params": 502054, "time_iter": 0.13038, "accuracy": 0.78863, "f1": 0.78863, "auc": 0.96582}
{"epoch": 58, "time_epoch": 80.42294, "eta": 3316.91929, "eta_hours": 0.92137, "loss": 0.58290291, "lr": 0.00040956, "params": 502054, "time_iter": 0.12868, "accuracy": 0.78936, "f1": 0.78935, "auc": 0.96598}
{"epoch": 59, "time_epoch": 82.17326, "eta": 3236.86734, "eta_hours": 0.89913, "loss": 0.58225578, "lr": 0.00039335, "params": 502054, "time_iter": 0.13148, "accuracy": 0.78962, "f1": 0.78962, "auc": 0.96605}
{"epoch": 60, "time_epoch": 80.45656, "eta": 3155.64829, "eta_hours": 0.87657, "loss": 0.57762362, "lr": 0.00037726, "params": 502054, "time_iter": 0.12873, "accuracy": 0.79139, "f1": 0.79139, "auc": 0.9666}
{"epoch": 61, "time_epoch": 81.27676, "eta": 3074.95653, "eta_hours": 0.85415, "loss": 0.57624636, "lr": 0.0003613, "params": 502054, "time_iter": 0.13004, "accuracy": 0.7919, "f1": 0.7919, "auc": 0.96674}
{"epoch": 62, "time_epoch": 81.73671, "eta": 2994.51633, "eta_hours": 0.83181, "loss": 0.57523836, "lr": 0.00034549, "params": 502054, "time_iter": 0.13078, "accuracy": 0.79168, "f1": 0.79168, "auc": 0.96688}
{"epoch": 63, "time_epoch": 81.4229, "eta": 2913.85909, "eta_hours": 0.80941, "loss": 0.57238343, "lr": 0.00032985, "params": 502054, "time_iter": 0.13028, "accuracy": 0.79305, "f1": 0.79305, "auc": 0.96719}
{"epoch": 64, "time_epoch": 79.96862, "eta": 2832.39522, "eta_hours": 0.78678, "loss": 0.5711863, "lr": 0.0003144, "params": 502054, "time_iter": 0.12795, "accuracy": 0.7935, "f1": 0.7935, "auc": 0.96733}
{"epoch": 65, "time_epoch": 81.34854, "eta": 2751.68754, "eta_hours": 0.76436, "loss": 0.56657567, "lr": 0.00029915, "params": 502054, "time_iter": 0.13016, "accuracy": 0.79504, "f1": 0.79503, "auc": 0.96785}
{"epoch": 66, "time_epoch": 80.0709, "eta": 2670.33143, "eta_hours": 0.74176, "loss": 0.56612444, "lr": 0.00028412, "params": 502054, "time_iter": 0.12811, "accuracy": 0.79477, "f1": 0.79477, "auc": 0.96792}
{"epoch": 67, "time_epoch": 80.06404, "eta": 2589.0099, "eta_hours": 0.71917, "loss": 0.56331722, "lr": 0.00026933, "params": 502054, "time_iter": 0.1281, "accuracy": 0.79594, "f1": 0.79594, "auc": 0.96823}
{"epoch": 68, "time_epoch": 79.89072, "eta": 2507.64695, "eta_hours": 0.69657, "loss": 0.56186074, "lr": 0.00025479, "params": 502054, "time_iter": 0.12783, "accuracy": 0.79673, "f1": 0.79673, "auc": 0.9684}
{"epoch": 69, "time_epoch": 80.71368, "eta": 2426.67876, "eta_hours": 0.67408, "loss": 0.56005857, "lr": 0.00024052, "params": 502054, "time_iter": 0.12914, "accuracy": 0.79755, "f1": 0.79755, "auc": 0.96859}
{"epoch": 70, "time_epoch": 79.4655, "eta": 2345.20792, "eta_hours": 0.65145, "loss": 0.55856205, "lr": 0.00022653, "params": 502054, "time_iter": 0.12714, "accuracy": 0.79748, "f1": 0.79748, "auc": 0.96879}
{"epoch": 71, "time_epoch": 79.25885, "eta": 2263.71242, "eta_hours": 0.62881, "loss": 0.5559563, "lr": 0.00021284, "params": 502054, "time_iter": 0.12681, "accuracy": 0.79826, "f1": 0.79825, "auc": 0.96905}
{"epoch": 72, "time_epoch": 79.87032, "eta": 2182.50436, "eta_hours": 0.60625, "loss": 0.55285451, "lr": 0.00019946, "params": 502054, "time_iter": 0.12779, "accuracy": 0.80006, "f1": 0.80006, "auc": 0.9694}
{"epoch": 73, "time_epoch": 79.69347, "eta": 2101.27031, "eta_hours": 0.58369, "loss": 0.55294395, "lr": 0.00018641, "params": 502054, "time_iter": 0.12751, "accuracy": 0.79945, "f1": 0.79944, "auc": 0.96939}
{"epoch": 74, "time_epoch": 79.96807, "eta": 2020.16888, "eta_hours": 0.56116, "loss": 0.55107331, "lr": 0.00017371, "params": 502054, "time_iter": 0.12795, "accuracy": 0.79974, "f1": 0.79974, "auc": 0.96962}
{"epoch": 75, "time_epoch": 80.13209, "eta": 1939.14907, "eta_hours": 0.53865, "loss": 0.55057251, "lr": 0.00016136, "params": 502054, "time_iter": 0.12821, "accuracy": 0.80068, "f1": 0.80068, "auc": 0.96965}
{"epoch": 76, "time_epoch": 79.54352, "eta": 1857.97652, "eta_hours": 0.5161, "loss": 0.54739472, "lr": 0.00014938, "params": 502054, "time_iter": 0.12727, "accuracy": 0.80158, "f1": 0.80158, "auc": 0.97002}
{"epoch": 77, "time_epoch": 80.64992, "eta": 1777.15779, "eta_hours": 0.49365, "loss": 0.54659502, "lr": 0.00013779, "params": 502054, "time_iter": 0.12904, "accuracy": 0.80249, "f1": 0.80249, "auc": 0.97009}
{"epoch": 78, "time_epoch": 80.08286, "eta": 1696.1926, "eta_hours": 0.47116, "loss": 0.54595027, "lr": 0.00012659, "params": 502054, "time_iter": 0.12813, "accuracy": 0.80229, "f1": 0.80229, "auc": 0.97016}
{"epoch": 79, "time_epoch": 80.59656, "eta": 1615.3779, "eta_hours": 0.44872, "loss": 0.5435531, "lr": 0.0001158, "params": 502054, "time_iter": 0.12895, "accuracy": 0.80331, "f1": 0.80331, "auc": 0.97042}
{"epoch": 80, "time_epoch": 80.37207, "eta": 1534.51592, "eta_hours": 0.42625, "loss": 0.54307321, "lr": 0.00010543, "params": 502054, "time_iter": 0.1286, "accuracy": 0.80311, "f1": 0.80311, "auc": 0.97047}
{"epoch": 81, "time_epoch": 80.20931, "eta": 1453.63017, "eta_hours": 0.40379, "loss": 0.54103405, "lr": 9.549e-05, "params": 502054, "time_iter": 0.12833, "accuracy": 0.80423, "f1": 0.80423, "auc": 0.9707}
{"epoch": 82, "time_epoch": 80.76976, "eta": 1372.8755, "eta_hours": 0.38135, "loss": 0.54077836, "lr": 8.6e-05, "params": 502054, "time_iter": 0.12923, "accuracy": 0.80411, "f1": 0.80411, "auc": 0.97073}
{"epoch": 83, "time_epoch": 79.88668, "eta": 1291.95227, "eta_hours": 0.35888, "loss": 0.53871047, "lr": 7.695e-05, "params": 502054, "time_iter": 0.12782, "accuracy": 0.80494, "f1": 0.80494, "auc": 0.97096}
{"epoch": 84, "time_epoch": 80.83049, "eta": 1211.21998, "eta_hours": 0.33645, "loss": 0.53828597, "lr": 6.837e-05, "params": 502054, "time_iter": 0.12933, "accuracy": 0.80534, "f1": 0.80534, "auc": 0.971}
{"epoch": 85, "time_epoch": 80.4504, "eta": 1130.42354, "eta_hours": 0.31401, "loss": 0.535803, "lr": 6.026e-05, "params": 502054, "time_iter": 0.12872, "accuracy": 0.80593, "f1": 0.80592, "auc": 0.97126}
{"epoch": 86, "time_epoch": 80.04084, "eta": 1049.57385, "eta_hours": 0.29155, "loss": 0.53645279, "lr": 5.264e-05, "params": 502054, "time_iter": 0.12807, "accuracy": 0.80577, "f1": 0.80577, "auc": 0.97119}
{"epoch": 87, "time_epoch": 80.36727, "eta": 968.78706, "eta_hours": 0.26911, "loss": 0.53604607, "lr": 4.55e-05, "params": 502054, "time_iter": 0.12859, "accuracy": 0.80596, "f1": 0.80596, "auc": 0.97124}
{"epoch": 88, "time_epoch": 80.7374, "eta": 888.05544, "eta_hours": 0.24668, "loss": 0.53460886, "lr": 3.886e-05, "params": 502054, "time_iter": 0.12918, "accuracy": 0.80603, "f1": 0.80603, "auc": 0.97141}
{"epoch": 89, "time_epoch": 80.49095, "eta": 807.29631, "eta_hours": 0.22425, "loss": 0.53473382, "lr": 3.272e-05, "params": 502054, "time_iter": 0.12879, "accuracy": 0.80617, "f1": 0.80618, "auc": 0.97139}
{"epoch": 90, "time_epoch": 80.77799, "eta": 726.57146, "eta_hours": 0.20183, "loss": 0.53559986, "lr": 2.709e-05, "params": 502054, "time_iter": 0.12924, "accuracy": 0.80569, "f1": 0.80569, "auc": 0.9713}
{"epoch": 91, "time_epoch": 79.92828, "eta": 645.77157, "eta_hours": 0.17938, "loss": 0.53260983, "lr": 2.198e-05, "params": 502054, "time_iter": 0.12789, "accuracy": 0.80697, "f1": 0.80697, "auc": 0.97161}
{"epoch": 92, "time_epoch": 79.79215, "eta": 564.98018, "eta_hours": 0.15694, "loss": 0.53354, "lr": 1.74e-05, "params": 502054, "time_iter": 0.12767, "accuracy": 0.80621, "f1": 0.80621, "auc": 0.97153}
{"epoch": 93, "time_epoch": 79.37404, "eta": 484.18336, "eta_hours": 0.1345, "loss": 0.53353784, "lr": 1.334e-05, "params": 502054, "time_iter": 0.127, "accuracy": 0.80674, "f1": 0.80674, "auc": 0.97152}
{"epoch": 94, "time_epoch": 80.17513, "eta": 403.45865, "eta_hours": 0.11207, "loss": 0.53513109, "lr": 9.81e-06, "params": 502054, "time_iter": 0.12828, "accuracy": 0.80601, "f1": 0.80601, "auc": 0.97136}
{"epoch": 95, "time_epoch": 80.48602, "eta": 322.75835, "eta_hours": 0.08966, "loss": 0.53267291, "lr": 6.82e-06, "params": 502054, "time_iter": 0.12878, "accuracy": 0.80661, "f1": 0.80661, "auc": 0.97162}
{"epoch": 96, "time_epoch": 79.94594, "eta": 242.04576, "eta_hours": 0.06723, "loss": 0.53373868, "lr": 4.37e-06, "params": 502054, "time_iter": 0.12791, "accuracy": 0.80643, "f1": 0.80643, "auc": 0.97151}
{"epoch": 97, "time_epoch": 79.77408, "eta": 161.34531, "eta_hours": 0.04482, "loss": 0.53027556, "lr": 2.46e-06, "params": 502054, "time_iter": 0.12764, "accuracy": 0.80769, "f1": 0.80769, "auc": 0.97186}
{"epoch": 98, "time_epoch": 81.62254, "eta": 80.68225, "eta_hours": 0.02241, "loss": 0.5316968, "lr": 1.09e-06, "params": 502054, "time_iter": 0.1306, "accuracy": 0.80655, "f1": 0.80655, "auc": 0.97172}
{"epoch": 99, "time_epoch": 80.61472, "eta": 0.0, "eta_hours": 0.0, "loss": 0.53317246, "lr": 2.7e-07, "params": 502054, "time_iter": 0.12898, "accuracy": 0.80702, "f1": 0.80702, "auc": 0.97156}
