{"epoch": 0, "time_epoch": 83.17358, "eta": 12392.86327, "eta_hours": 3.44246, "loss": 1.61829081, "lr": 0.0, "params": 282437, "time_iter": 0.09506, "accuracy": 0.2, "f1": 0.06667, "auc": 0.46201}
{"epoch": 1, "time_epoch": 80.88189, "eta": 12140.10506, "eta_hours": 3.37225, "loss": 1.54446748, "lr": 5e-05, "params": 282437, "time_iter": 0.09244, "accuracy": 0.35486, "f1": 0.24001, "auc": 0.77404}
{"epoch": 2, "time_epoch": 80.16447, "eta": 11966.77734, "eta_hours": 3.3241, "loss": 1.42754814, "lr": 0.0001, "params": 282437, "time_iter": 0.09162, "accuracy": 0.52057, "f1": 0.44877, "auc": 0.874}
{"epoch": 3, "time_epoch": 80.84632, "eta": 11864.91887, "eta_hours": 3.29581, "loss": 1.3457021, "lr": 0.00015, "params": 282437, "time_iter": 0.0924, "accuracy": 0.71714, "f1": 0.71133, "auc": 0.93238}
{"epoch": 4, "time_epoch": 80.62516, "eta": 11765.05158, "eta_hours": 3.26807, "loss": 1.27154249, "lr": 0.0002, "params": 282437, "time_iter": 0.09214, "accuracy": 0.79571, "f1": 0.79198, "auc": 0.94855}
{"epoch": 5, "time_epoch": 80.1884, "eta": 11661.11592, "eta_hours": 3.2392, "loss": 1.17130271, "lr": 0.00025, "params": 282437, "time_iter": 0.09164, "accuracy": 0.85171, "f1": 0.85051, "auc": 0.96294}
{"epoch": 6, "time_epoch": 80.99503, "eta": 11580.4436, "eta_hours": 3.21679, "loss": 1.05287295, "lr": 0.0003, "params": 282437, "time_iter": 0.09257, "accuracy": 0.87086, "f1": 0.87118, "auc": 0.97035}
{"epoch": 7, "time_epoch": 80.3377, "eta": 11488.02295, "eta_hours": 3.19112, "loss": 0.94530042, "lr": 0.00035, "params": 282437, "time_iter": 0.09181, "accuracy": 0.88, "f1": 0.88023, "auc": 0.97212}
{"epoch": 8, "time_epoch": 80.29727, "eta": 11397.65397, "eta_hours": 3.16601, "loss": 0.83840747, "lr": 0.0004, "params": 282437, "time_iter": 0.09177, "accuracy": 0.89114, "f1": 0.89185, "auc": 0.97792}
{"epoch": 9, "time_epoch": 79.94362, "eta": 11304.34825, "eta_hours": 3.1401, "loss": 0.73497155, "lr": 0.00045, "params": 282437, "time_iter": 0.09136, "accuracy": 0.904, "f1": 0.90456, "auc": 0.98047}
{"epoch": 10, "time_epoch": 80.66473, "eta": 11222.5842, "eta_hours": 3.11738, "loss": 0.65432181, "lr": 0.0005, "params": 282437, "time_iter": 0.09219, "accuracy": 0.89686, "f1": 0.89695, "auc": 0.97989}
{"epoch": 11, "time_epoch": 80.23228, "eta": 11136.03024, "eta_hours": 3.09334, "loss": 0.57611616, "lr": 0.00049994, "params": 282437, "time_iter": 0.09169, "accuracy": 0.90514, "f1": 0.90505, "auc": 0.98047}
{"epoch": 12, "time_epoch": 80.75132, "eta": 11055.91874, "eta_hours": 3.07109, "loss": 0.5092566, "lr": 0.00049975, "params": 282437, "time_iter": 0.09229, "accuracy": 0.90314, "f1": 0.90312, "auc": 0.98173}
{"epoch": 13, "time_epoch": 80.60837, "eta": 10974.32716, "eta_hours": 3.04842, "loss": 0.43548717, "lr": 0.00049943, "params": 282437, "time_iter": 0.09212, "accuracy": 0.91971, "f1": 0.91975, "auc": 0.98555}
{"epoch": 14, "time_epoch": 80.31938, "eta": 10890.26572, "eta_hours": 3.02507, "loss": 0.39607066, "lr": 0.00049899, "params": 282437, "time_iter": 0.09179, "accuracy": 0.91657, "f1": 0.91673, "auc": 0.98633}
{"epoch": 15, "time_epoch": 79.85533, "eta": 10802.78568, "eta_hours": 3.00077, "loss": 0.36743534, "lr": 0.00049843, "params": 282437, "time_iter": 0.09126, "accuracy": 0.92257, "f1": 0.92264, "auc": 0.9846}
{"epoch": 16, "time_epoch": 80.38506, "eta": 10720.34699, "eta_hours": 2.97787, "loss": 0.32758835, "lr": 0.00049774, "params": 282437, "time_iter": 0.09187, "accuracy": 0.92343, "f1": 0.9235, "auc": 0.98829}
{"epoch": 17, "time_epoch": 80.98648, "eta": 10642.54691, "eta_hours": 2.95626, "loss": 0.29792906, "lr": 0.00049692, "params": 282437, "time_iter": 0.09256, "accuracy": 0.93, "f1": 0.92994, "auc": 0.98946}
{"epoch": 18, "time_epoch": 80.30009, "eta": 10559.67897, "eta_hours": 2.93324, "loss": 0.27240086, "lr": 0.00049598, "params": 282437, "time_iter": 0.09177, "accuracy": 0.93171, "f1": 0.93156, "auc": 0.98939}
{"epoch": 19, "time_epoch": 81.13806, "eta": 10482.51462, "eta_hours": 2.91181, "loss": 0.24753732, "lr": 0.00049492, "params": 282437, "time_iter": 0.09273, "accuracy": 0.93629, "f1": 0.93626, "auc": 0.99074}
{"epoch": 20, "time_epoch": 79.46776, "eta": 10394.71138, "eta_hours": 2.88742, "loss": 0.25111663, "lr": 0.00049373, "params": 282437, "time_iter": 0.09082, "accuracy": 0.93257, "f1": 0.93254, "auc": 0.98975}
{"epoch": 21, "time_epoch": 80.40644, "eta": 10313.12732, "eta_hours": 2.86476, "loss": 0.22856439, "lr": 0.00049242, "params": 282437, "time_iter": 0.09189, "accuracy": 0.93943, "f1": 0.93923, "auc": 0.99061}
{"epoch": 22, "time_epoch": 79.37354, "eta": 10225.94227, "eta_hours": 2.84054, "loss": 0.2194743, "lr": 0.00049099, "params": 282437, "time_iter": 0.09071, "accuracy": 0.94343, "f1": 0.94338, "auc": 0.99121}
{"epoch": 23, "time_epoch": 80.85387, "eta": 10147.17988, "eta_hours": 2.81866, "loss": 0.20187364, "lr": 0.00048944, "params": 282437, "time_iter": 0.0924, "accuracy": 0.94457, "f1": 0.94444, "auc": 0.99212}
{"epoch": 24, "time_epoch": 79.59413, "eta": 10061.95146, "eta_hours": 2.79499, "loss": 0.20648216, "lr": 0.00048776, "params": 282437, "time_iter": 0.09096, "accuracy": 0.94257, "f1": 0.94265, "auc": 0.99083}
{"epoch": 25, "time_epoch": 79.75632, "eta": 9977.93002, "eta_hours": 2.77165, "loss": 0.19485151, "lr": 0.00048597, "params": 282437, "time_iter": 0.09115, "accuracy": 0.94657, "f1": 0.94649, "auc": 0.99212}
{"epoch": 26, "time_epoch": 79.12328, "eta": 9891.34063, "eta_hours": 2.74759, "loss": 0.18828581, "lr": 0.00048406, "params": 282437, "time_iter": 0.09043, "accuracy": 0.948, "f1": 0.94793, "auc": 0.99257}
{"epoch": 27, "time_epoch": 80.46423, "eta": 9811.12727, "eta_hours": 2.72531, "loss": 0.18618624, "lr": 0.00048203, "params": 282437, "time_iter": 0.09196, "accuracy": 0.95143, "f1": 0.95147, "auc": 0.99158}
{"epoch": 28, "time_epoch": 81.87789, "eta": 9736.79496, "eta_hours": 2.70467, "loss": 0.19735473, "lr": 0.00047988, "params": 282437, "time_iter": 0.09357, "accuracy": 0.944, "f1": 0.94405, "auc": 0.99185}
{"epoch": 29, "time_epoch": 79.87989, "eta": 9653.96762, "eta_hours": 2.68166, "loss": 0.18299639, "lr": 0.00047762, "params": 282437, "time_iter": 0.09129, "accuracy": 0.94857, "f1": 0.94855, "auc": 0.99309}
{"epoch": 30, "time_epoch": 80.31623, "eta": 9573.00544, "eta_hours": 2.65917, "loss": 0.17388809, "lr": 0.00047524, "params": 282437, "time_iter": 0.09179, "accuracy": 0.95057, "f1": 0.95044, "auc": 0.99322}
{"epoch": 31, "time_epoch": 80.5383, "eta": 9492.90249, "eta_hours": 2.63692, "loss": 0.1802203, "lr": 0.00047275, "params": 282437, "time_iter": 0.09204, "accuracy": 0.94371, "f1": 0.94384, "auc": 0.99271}
{"epoch": 32, "time_epoch": 79.45659, "eta": 9408.938, "eta_hours": 2.61359, "loss": 0.15722124, "lr": 0.00047015, "params": 282437, "time_iter": 0.09081, "accuracy": 0.95514, "f1": 0.95508, "auc": 0.99455}
{"epoch": 33, "time_epoch": 80.35618, "eta": 9328.30788, "eta_hours": 2.5912, "loss": 0.16448071, "lr": 0.00046744, "params": 282437, "time_iter": 0.09184, "accuracy": 0.95343, "f1": 0.95334, "auc": 0.99365}
{"epoch": 34, "time_epoch": 80.37549, "eta": 9247.75685, "eta_hours": 2.56882, "loss": 0.15241929, "lr": 0.00046461, "params": 282437, "time_iter": 0.09186, "accuracy": 0.96114, "f1": 0.96109, "auc": 0.99447}
{"epoch": 35, "time_epoch": 80.16617, "eta": 9166.55275, "eta_hours": 2.54626, "loss": 0.15761533, "lr": 0.00046168, "params": 282437, "time_iter": 0.09162, "accuracy": 0.956, "f1": 0.95603, "auc": 0.99375}
{"epoch": 36, "time_epoch": 79.46328, "eta": 9083.25807, "eta_hours": 2.52313, "loss": 0.1527662, "lr": 0.00045864, "params": 282437, "time_iter": 0.09082, "accuracy": 0.95857, "f1": 0.95853, "auc": 0.99474}
{"epoch": 37, "time_epoch": 79.96747, "eta": 9001.65109, "eta_hours": 2.50046, "loss": 0.14482207, "lr": 0.0004555, "params": 282437, "time_iter": 0.09139, "accuracy": 0.95971, "f1": 0.95965, "auc": 0.99492}
{"epoch": 38, "time_epoch": 79.36087, "eta": 8918.4017, "eta_hours": 2.47733, "loss": 0.14376942, "lr": 0.00045225, "params": 282437, "time_iter": 0.0907, "accuracy": 0.96086, "f1": 0.96084, "auc": 0.99524}
{"epoch": 39, "time_epoch": 79.66562, "eta": 8836.18481, "eta_hours": 2.4545, "loss": 0.14737068, "lr": 0.00044891, "params": 282437, "time_iter": 0.09105, "accuracy": 0.95914, "f1": 0.95908, "auc": 0.99453}
{"epoch": 40, "time_epoch": 80.16809, "eta": 8755.42821, "eta_hours": 2.43206, "loss": 0.14256013, "lr": 0.00044546, "params": 282437, "time_iter": 0.09162, "accuracy": 0.95914, "f1": 0.9591, "auc": 0.99552}
{"epoch": 41, "time_epoch": 79.75635, "eta": 8673.64085, "eta_hours": 2.40934, "loss": 0.12685599, "lr": 0.00044191, "params": 282437, "time_iter": 0.09115, "accuracy": 0.96486, "f1": 0.96485, "auc": 0.99585}
{"epoch": 42, "time_epoch": 80.27473, "eta": 8593.23789, "eta_hours": 2.38701, "loss": 0.15095701, "lr": 0.00043827, "params": 282437, "time_iter": 0.09174, "accuracy": 0.95857, "f1": 0.95849, "auc": 0.99468}
{"epoch": 43, "time_epoch": 80.72715, "eta": 8513.93069, "eta_hours": 2.36498, "loss": 0.14624549, "lr": 0.00043453, "params": 282437, "time_iter": 0.09226, "accuracy": 0.96114, "f1": 0.96111, "auc": 0.99492}
{"epoch": 44, "time_epoch": 80.28796, "eta": 8433.53559, "eta_hours": 2.34265, "loss": 0.13412925, "lr": 0.0004307, "params": 282437, "time_iter": 0.09176, "accuracy": 0.96514, "f1": 0.96509, "auc": 0.99494}
{"epoch": 45, "time_epoch": 80.64828, "eta": 8353.95979, "eta_hours": 2.32054, "loss": 0.13689567, "lr": 0.00042678, "params": 282437, "time_iter": 0.09217, "accuracy": 0.96229, "f1": 0.96222, "auc": 0.99554}
{"epoch": 46, "time_epoch": 80.1753, "eta": 8273.30182, "eta_hours": 2.29814, "loss": 0.11934382, "lr": 0.00042277, "params": 282437, "time_iter": 0.09163, "accuracy": 0.968, "f1": 0.96798, "auc": 0.9962}
{"epoch": 47, "time_epoch": 80.08993, "eta": 8192.48254, "eta_hours": 2.27569, "loss": 0.12669039, "lr": 0.00041867, "params": 282437, "time_iter": 0.09153, "accuracy": 0.96686, "f1": 0.96681, "auc": 0.99573}
{"epoch": 48, "time_epoch": 80.93684, "eta": 8113.43871, "eta_hours": 2.25373, "loss": 0.12678682, "lr": 0.00041448, "params": 282437, "time_iter": 0.0925, "accuracy": 0.96771, "f1": 0.96764, "auc": 0.99565}
{"epoch": 49, "time_epoch": 79.3661, "eta": 8031.17768, "eta_hours": 2.23088, "loss": 0.11253206, "lr": 0.00041022, "params": 282437, "time_iter": 0.0907, "accuracy": 0.97, "f1": 0.96995, "auc": 0.99627}
{"epoch": 50, "time_epoch": 80.25867, "eta": 7950.76282, "eta_hours": 2.20855, "loss": 0.12197225, "lr": 0.00040587, "params": 282437, "time_iter": 0.09172, "accuracy": 0.968, "f1": 0.96801, "auc": 0.99627}
{"epoch": 51, "time_epoch": 80.36018, "eta": 7870.54526, "eta_hours": 2.18626, "loss": 0.12024116, "lr": 0.00040145, "params": 282437, "time_iter": 0.09184, "accuracy": 0.96371, "f1": 0.96366, "auc": 0.99663}
{"epoch": 52, "time_epoch": 79.49695, "eta": 7788.74245, "eta_hours": 2.16354, "loss": 0.12278965, "lr": 0.00039695, "params": 282437, "time_iter": 0.09085, "accuracy": 0.96886, "f1": 0.96885, "auc": 0.99662}
{"epoch": 53, "time_epoch": 80.0806, "eta": 7708.06264, "eta_hours": 2.14113, "loss": 0.12451861, "lr": 0.00039237, "params": 282437, "time_iter": 0.09152, "accuracy": 0.96686, "f1": 0.96683, "auc": 0.99582}
{"epoch": 54, "time_epoch": 80.04615, "eta": 7627.34513, "eta_hours": 2.11871, "loss": 0.12118453, "lr": 0.00038772, "params": 282437, "time_iter": 0.09148, "accuracy": 0.97086, "f1": 0.97085, "auc": 0.99677}
{"epoch": 55, "time_epoch": 79.83101, "eta": 7546.29046, "eta_hours": 2.09619, "loss": 0.10412199, "lr": 0.00038301, "params": 282437, "time_iter": 0.09124, "accuracy": 0.97229, "f1": 0.97224, "auc": 0.99668}
{"epoch": 56, "time_epoch": 80.6108, "eta": 7466.55101, "eta_hours": 2.07404, "loss": 0.10326645, "lr": 0.00037822, "params": 282437, "time_iter": 0.09213, "accuracy": 0.97257, "f1": 0.97253, "auc": 0.99704}
{"epoch": 57, "time_epoch": 80.68436, "eta": 7386.8982, "eta_hours": 2.05192, "loss": 0.11451329, "lr": 0.00037338, "params": 282437, "time_iter": 0.09221, "accuracy": 0.96914, "f1": 0.96908, "auc": 0.99736}
{"epoch": 58, "time_epoch": 80.08509, "eta": 7306.28613, "eta_hours": 2.02952, "loss": 0.12414469, "lr": 0.00036847, "params": 282437, "time_iter": 0.09153, "accuracy": 0.97171, "f1": 0.97167, "auc": 0.99655}
{"epoch": 59, "time_epoch": 80.02975, "eta": 7225.6086, "eta_hours": 2.00711, "loss": 0.11202836, "lr": 0.0003635, "params": 282437, "time_iter": 0.09146, "accuracy": 0.97143, "f1": 0.97138, "auc": 0.99709}
{"epoch": 60, "time_epoch": 81.26785, "eta": 7146.75872, "eta_hours": 1.98521, "loss": 0.10335965, "lr": 0.00035847, "params": 282437, "time_iter": 0.09288, "accuracy": 0.97286, "f1": 0.97282, "auc": 0.99739}
{"epoch": 61, "time_epoch": 79.79616, "eta": 7065.742, "eta_hours": 1.96271, "loss": 0.09953666, "lr": 0.00035339, "params": 282437, "time_iter": 0.0912, "accuracy": 0.97629, "f1": 0.97624, "auc": 0.99709}
{"epoch": 62, "time_epoch": 80.03476, "eta": 6985.09352, "eta_hours": 1.9403, "loss": 0.10289504, "lr": 0.00034826, "params": 282437, "time_iter": 0.09147, "accuracy": 0.97486, "f1": 0.97483, "auc": 0.99708}
{"epoch": 63, "time_epoch": 80.21721, "eta": 6904.70939, "eta_hours": 1.91797, "loss": 0.09796407, "lr": 0.00034307, "params": 282437, "time_iter": 0.09168, "accuracy": 0.97657, "f1": 0.97656, "auc": 0.99746}
{"epoch": 64, "time_epoch": 79.80215, "eta": 6823.78761, "eta_hours": 1.8955, "loss": 0.09264118, "lr": 0.00033784, "params": 282437, "time_iter": 0.0912, "accuracy": 0.97743, "f1": 0.97738, "auc": 0.99726}
{"epoch": 65, "time_epoch": 80.03082, "eta": 6743.1908, "eta_hours": 1.87311, "loss": 0.1067816, "lr": 0.00033257, "params": 282437, "time_iter": 0.09146, "accuracy": 0.97371, "f1": 0.97368, "auc": 0.99742}
{"epoch": 66, "time_epoch": 80.38274, "eta": 6663.04685, "eta_hours": 1.85085, "loss": 0.10001147, "lr": 0.00032725, "params": 282437, "time_iter": 0.09187, "accuracy": 0.97771, "f1": 0.97768, "auc": 0.99751}
{"epoch": 67, "time_epoch": 79.89277, "eta": 6582.30503, "eta_hours": 1.82842, "loss": 0.09528557, "lr": 0.0003219, "params": 282437, "time_iter": 0.09131, "accuracy": 0.97771, "f1": 0.97769, "auc": 0.99755}
{"epoch": 68, "time_epoch": 80.23788, "eta": 6501.99295, "eta_hours": 1.80611, "loss": 0.09798688, "lr": 0.00031651, "params": 282437, "time_iter": 0.0917, "accuracy": 0.97543, "f1": 0.97536, "auc": 0.99727}
{"epoch": 69, "time_epoch": 78.78206, "eta": 6420.01919, "eta_hours": 1.78334, "loss": 0.08317252, "lr": 0.00031109, "params": 282437, "time_iter": 0.09004, "accuracy": 0.97971, "f1": 0.97968, "auc": 0.9979}
{"epoch": 70, "time_epoch": 80.40183, "eta": 6339.93761, "eta_hours": 1.76109, "loss": 0.09419995, "lr": 0.00030563, "params": 282437, "time_iter": 0.09189, "accuracy": 0.976, "f1": 0.97596, "auc": 0.99741}
{"epoch": 71, "time_epoch": 80.09032, "eta": 6259.50968, "eta_hours": 1.73875, "loss": 0.08962278, "lr": 0.00030015, "params": 282437, "time_iter": 0.09153, "accuracy": 0.978, "f1": 0.97796, "auc": 0.99787}
{"epoch": 72, "time_epoch": 81.3658, "eta": 6180.43636, "eta_hours": 1.71679, "loss": 0.08682779, "lr": 0.00029464, "params": 282437, "time_iter": 0.09299, "accuracy": 0.97886, "f1": 0.97884, "auc": 0.9983}
{"epoch": 73, "time_epoch": 79.82329, "eta": 6099.71689, "eta_hours": 1.69437, "loss": 0.09967746, "lr": 0.00028911, "params": 282437, "time_iter": 0.09123, "accuracy": 0.97571, "f1": 0.97565, "auc": 0.99778}
{"epoch": 74, "time_epoch": 80.11919, "eta": 6019.31721, "eta_hours": 1.67203, "loss": 0.086901, "lr": 0.00028356, "params": 282437, "time_iter": 0.09156, "accuracy": 0.97914, "f1": 0.9791, "auc": 0.99769}
{"epoch": 75, "time_epoch": 80.83153, "eta": 5939.61852, "eta_hours": 1.64989, "loss": 0.08752063, "lr": 0.00027799, "params": 282437, "time_iter": 0.09238, "accuracy": 0.97743, "f1": 0.97739, "auc": 0.99806}
{"epoch": 76, "time_epoch": 80.82231, "eta": 5859.88166, "eta_hours": 1.62774, "loss": 0.07332279, "lr": 0.00027241, "params": 282437, "time_iter": 0.09237, "accuracy": 0.98171, "f1": 0.98168, "auc": 0.99811}
{"epoch": 77, "time_epoch": 79.36116, "eta": 5778.7682, "eta_hours": 1.60521, "loss": 0.08369002, "lr": 0.00026682, "params": 282437, "time_iter": 0.0907, "accuracy": 0.97886, "f1": 0.97882, "auc": 0.99817}
{"epoch": 78, "time_epoch": 80.05606, "eta": 5698.32365, "eta_hours": 1.58287, "loss": 0.07824875, "lr": 0.00026122, "params": 282437, "time_iter": 0.09149, "accuracy": 0.97971, "f1": 0.97968, "auc": 0.99829}
{"epoch": 79, "time_epoch": 79.21849, "eta": 5617.15593, "eta_hours": 1.56032, "loss": 0.07728258, "lr": 0.00025561, "params": 282437, "time_iter": 0.09054, "accuracy": 0.97943, "f1": 0.9794, "auc": 0.99851}
{"epoch": 80, "time_epoch": 81.14489, "eta": 5537.67734, "eta_hours": 1.53824, "loss": 0.07654548, "lr": 0.00025, "params": 282437, "time_iter": 0.09274, "accuracy": 0.98171, "f1": 0.98169, "auc": 0.99859}
{"epoch": 81, "time_epoch": 79.38677, "eta": 5456.70016, "eta_hours": 1.51575, "loss": 0.07648305, "lr": 0.00024439, "params": 282437, "time_iter": 0.09073, "accuracy": 0.98114, "f1": 0.98111, "auc": 0.99847}
{"epoch": 82, "time_epoch": 80.31037, "eta": 5376.50687, "eta_hours": 1.49347, "loss": 0.06839425, "lr": 0.00023878, "params": 282437, "time_iter": 0.09178, "accuracy": 0.98171, "f1": 0.98168, "auc": 0.9986}
{"epoch": 83, "time_epoch": 80.35468, "eta": 5296.34559, "eta_hours": 1.47121, "loss": 0.08221406, "lr": 0.00023318, "params": 282437, "time_iter": 0.09183, "accuracy": 0.98, "f1": 0.97997, "auc": 0.99819}
{"epoch": 84, "time_epoch": 80.29466, "eta": 5216.13387, "eta_hours": 1.44893, "loss": 0.07578949, "lr": 0.00022759, "params": 282437, "time_iter": 0.09177, "accuracy": 0.98057, "f1": 0.98055, "auc": 0.99844}
{"epoch": 85, "time_epoch": 79.7903, "eta": 5135.54489, "eta_hours": 1.42654, "loss": 0.07481016, "lr": 0.00022201, "params": 282437, "time_iter": 0.09119, "accuracy": 0.98143, "f1": 0.98141, "auc": 0.99828}
{"epoch": 86, "time_epoch": 80.07348, "eta": 5055.17933, "eta_hours": 1.40422, "loss": 0.07570955, "lr": 0.00021644, "params": 282437, "time_iter": 0.09151, "accuracy": 0.98114, "f1": 0.98111, "auc": 0.99848}
{"epoch": 87, "time_epoch": 80.21003, "eta": 4974.91661, "eta_hours": 1.38192, "loss": 0.06861299, "lr": 0.00021089, "params": 282437, "time_iter": 0.09167, "accuracy": 0.98314, "f1": 0.98313, "auc": 0.99877}
{"epoch": 88, "time_epoch": 80.75722, "eta": 4895.03011, "eta_hours": 1.35973, "loss": 0.06926605, "lr": 0.00020536, "params": 282437, "time_iter": 0.09229, "accuracy": 0.98286, "f1": 0.98283, "auc": 0.99862}
{"epoch": 89, "time_epoch": 79.90393, "eta": 4814.55541, "eta_hours": 1.33738, "loss": 0.06308844, "lr": 0.00019985, "params": 282437, "time_iter": 0.09132, "accuracy": 0.984, "f1": 0.98398, "auc": 0.99855}
{"epoch": 90, "time_epoch": 80.24938, "eta": 4734.31722, "eta_hours": 1.31509, "loss": 0.07175749, "lr": 0.00019437, "params": 282437, "time_iter": 0.09171, "accuracy": 0.98257, "f1": 0.98255, "auc": 0.99855}
{"epoch": 91, "time_epoch": 79.44887, "eta": 4653.57412, "eta_hours": 1.29266, "loss": 0.06498837, "lr": 0.00018891, "params": 282437, "time_iter": 0.0908, "accuracy": 0.98429, "f1": 0.98428, "auc": 0.99864}
{"epoch": 92, "time_epoch": 79.62557, "eta": 4572.96715, "eta_hours": 1.27027, "loss": 0.05889623, "lr": 0.00018349, "params": 282437, "time_iter": 0.091, "accuracy": 0.98514, "f1": 0.98512, "auc": 0.99887}
{"epoch": 93, "time_epoch": 79.88787, "eta": 4492.53733, "eta_hours": 1.24793, "loss": 0.06944878, "lr": 0.0001781, "params": 282437, "time_iter": 0.0913, "accuracy": 0.98286, "f1": 0.98283, "auc": 0.99856}
{"epoch": 94, "time_epoch": 79.85468, "eta": 4412.09971, "eta_hours": 1.22558, "loss": 0.06495171, "lr": 0.00017275, "params": 282437, "time_iter": 0.09126, "accuracy": 0.98314, "f1": 0.98312, "auc": 0.99876}
{"epoch": 95, "time_epoch": 79.69315, "eta": 4331.58336, "eta_hours": 1.20322, "loss": 0.06208657, "lr": 0.00016743, "params": 282437, "time_iter": 0.09108, "accuracy": 0.98514, "f1": 0.98512, "auc": 0.99885}
{"epoch": 96, "time_epoch": 79.86316, "eta": 4251.17688, "eta_hours": 1.18088, "loss": 0.05763278, "lr": 0.00016216, "params": 282437, "time_iter": 0.09127, "accuracy": 0.98514, "f1": 0.98512, "auc": 0.99891}
{"epoch": 97, "time_epoch": 80.61449, "eta": 4171.18016, "eta_hours": 1.15866, "loss": 0.06484249, "lr": 0.00015693, "params": 282437, "time_iter": 0.09213, "accuracy": 0.98429, "f1": 0.98428, "auc": 0.99882}
{"epoch": 98, "time_epoch": 79.40719, "eta": 4090.54901, "eta_hours": 1.13626, "loss": 0.06357225, "lr": 0.00015174, "params": 282437, "time_iter": 0.09075, "accuracy": 0.984, "f1": 0.98398, "auc": 0.99873}
{"epoch": 99, "time_epoch": 81.71648, "eta": 4011.09698, "eta_hours": 1.11419, "loss": 0.06043238, "lr": 0.00014661, "params": 282437, "time_iter": 0.09339, "accuracy": 0.98429, "f1": 0.98426, "auc": 0.99889}
{"epoch": 100, "time_epoch": 80.4881, "eta": 3931.00417, "eta_hours": 1.09195, "loss": 0.05611126, "lr": 0.00014153, "params": 282437, "time_iter": 0.09199, "accuracy": 0.98486, "f1": 0.98484, "auc": 0.99892}
{"epoch": 101, "time_epoch": 79.44427, "eta": 3850.4124, "eta_hours": 1.06956, "loss": 0.05639799, "lr": 0.0001365, "params": 282437, "time_iter": 0.09079, "accuracy": 0.98514, "f1": 0.98513, "auc": 0.99895}
{"epoch": 102, "time_epoch": 80.46031, "eta": 3770.30653, "eta_hours": 1.04731, "loss": 0.06127675, "lr": 0.00013153, "params": 282437, "time_iter": 0.09195, "accuracy": 0.98457, "f1": 0.98455, "auc": 0.99892}
{"epoch": 103, "time_epoch": 80.70271, "eta": 3690.30106, "eta_hours": 1.02508, "loss": 0.05551733, "lr": 0.00012662, "params": 282437, "time_iter": 0.09223, "accuracy": 0.98543, "f1": 0.98541, "auc": 0.99891}
{"epoch": 104, "time_epoch": 80.39323, "eta": 3610.14968, "eta_hours": 1.00282, "loss": 0.05674426, "lr": 0.00012178, "params": 282437, "time_iter": 0.09188, "accuracy": 0.98486, "f1": 0.98484, "auc": 0.99894}
{"epoch": 105, "time_epoch": 79.21048, "eta": 3529.50278, "eta_hours": 0.98042, "loss": 0.04958911, "lr": 0.00011699, "params": 282437, "time_iter": 0.09053, "accuracy": 0.98686, "f1": 0.98684, "auc": 0.99895}
{"epoch": 106, "time_epoch": 80.66633, "eta": 3449.4678, "eta_hours": 0.95819, "loss": 0.05862552, "lr": 0.00011228, "params": 282437, "time_iter": 0.09219, "accuracy": 0.98429, "f1": 0.98427, "auc": 0.9988}
{"epoch": 107, "time_epoch": 80.51655, "eta": 3369.36287, "eta_hours": 0.93593, "loss": 0.05447268, "lr": 0.00010763, "params": 282437, "time_iter": 0.09202, "accuracy": 0.98457, "f1": 0.98455, "auc": 0.99899}
{"epoch": 108, "time_epoch": 79.91157, "eta": 3289.02283, "eta_hours": 0.91362, "loss": 0.0569834, "lr": 0.00010305, "params": 282437, "time_iter": 0.09133, "accuracy": 0.98514, "f1": 0.98512, "auc": 0.99903}
{"epoch": 109, "time_epoch": 81.01895, "eta": 3209.09326, "eta_hours": 0.89141, "loss": 0.05321959, "lr": 9.855e-05, "params": 282437, "time_iter": 0.09259, "accuracy": 0.98543, "f1": 0.98541, "auc": 0.99907}
{"epoch": 110, "time_epoch": 80.23275, "eta": 3128.86783, "eta_hours": 0.86913, "loss": 0.04773471, "lr": 9.413e-05, "params": 282437, "time_iter": 0.09169, "accuracy": 0.98571, "f1": 0.98569, "auc": 0.99892}
{"epoch": 111, "time_epoch": 80.75788, "eta": 3048.82045, "eta_hours": 0.84689, "loss": 0.05307432, "lr": 8.978e-05, "params": 282437, "time_iter": 0.09229, "accuracy": 0.986, "f1": 0.98598, "auc": 0.99898}
{"epoch": 112, "time_epoch": 79.712, "eta": 2968.41803, "eta_hours": 0.82456, "loss": 0.05138514, "lr": 8.552e-05, "params": 282437, "time_iter": 0.0911, "accuracy": 0.98543, "f1": 0.98541, "auc": 0.99897}
{"epoch": 113, "time_epoch": 80.01557, "eta": 2888.12358, "eta_hours": 0.80226, "loss": 0.0523957, "lr": 8.133e-05, "params": 282437, "time_iter": 0.09145, "accuracy": 0.98486, "f1": 0.98483, "auc": 0.99888}
{"epoch": 114, "time_epoch": 79.30191, "eta": 2807.61679, "eta_hours": 0.77989, "loss": 0.04949899, "lr": 7.723e-05, "params": 282437, "time_iter": 0.09063, "accuracy": 0.98486, "f1": 0.98484, "auc": 0.99895}
{"epoch": 115, "time_epoch": 80.40174, "eta": 2727.45313, "eta_hours": 0.75763, "loss": 0.04852153, "lr": 7.322e-05, "params": 282437, "time_iter": 0.09189, "accuracy": 0.98571, "f1": 0.9857, "auc": 0.99895}
{"epoch": 116, "time_epoch": 79.94394, "eta": 2647.15628, "eta_hours": 0.73532, "loss": 0.05140216, "lr": 6.93e-05, "params": 282437, "time_iter": 0.09136, "accuracy": 0.986, "f1": 0.98598, "auc": 0.99891}
{"epoch": 117, "time_epoch": 78.85959, "eta": 2566.57135, "eta_hours": 0.71294, "loss": 0.04780758, "lr": 6.547e-05, "params": 282437, "time_iter": 0.09013, "accuracy": 0.98657, "f1": 0.98656, "auc": 0.99912}
{"epoch": 118, "time_epoch": 79.65106, "eta": 2486.2216, "eta_hours": 0.69062, "loss": 0.05020484, "lr": 6.173e-05, "params": 282437, "time_iter": 0.09103, "accuracy": 0.98571, "f1": 0.9857, "auc": 0.99909}
{"epoch": 119, "time_epoch": 79.80947, "eta": 2405.9231, "eta_hours": 0.66831, "loss": 0.04796526, "lr": 5.809e-05, "params": 282437, "time_iter": 0.09121, "accuracy": 0.98743, "f1": 0.98742, "auc": 0.99897}
{"epoch": 120, "time_epoch": 80.15066, "eta": 2325.71445, "eta_hours": 0.64603, "loss": 0.05221179, "lr": 5.454e-05, "params": 282437, "time_iter": 0.0916, "accuracy": 0.98571, "f1": 0.9857, "auc": 0.9991}
{"epoch": 121, "time_epoch": 79.02661, "eta": 2245.24878, "eta_hours": 0.62368, "loss": 0.04891422, "lr": 5.109e-05, "params": 282437, "time_iter": 0.09032, "accuracy": 0.98657, "f1": 0.98655, "auc": 0.99894}
{"epoch": 122, "time_epoch": 79.77468, "eta": 2164.97071, "eta_hours": 0.60138, "loss": 0.04675359, "lr": 4.775e-05, "params": 282437, "time_iter": 0.09117, "accuracy": 0.98714, "f1": 0.98713, "auc": 0.99899}
{"epoch": 123, "time_epoch": 81.1201, "eta": 2084.98287, "eta_hours": 0.57916, "loss": 0.04732459, "lr": 4.45e-05, "params": 282437, "time_iter": 0.09271, "accuracy": 0.98629, "f1": 0.98627, "auc": 0.99913}
{"epoch": 124, "time_epoch": 79.86108, "eta": 2004.72511, "eta_hours": 0.55687, "loss": 0.04501871, "lr": 4.136e-05, "params": 282437, "time_iter": 0.09127, "accuracy": 0.98771, "f1": 0.9877, "auc": 0.99918}
{"epoch": 125, "time_epoch": 79.32553, "eta": 1924.37163, "eta_hours": 0.53455, "loss": 0.04742791, "lr": 3.832e-05, "params": 282437, "time_iter": 0.09066, "accuracy": 0.98657, "f1": 0.98656, "auc": 0.99909}
{"epoch": 126, "time_epoch": 79.77676, "eta": 1844.11606, "eta_hours": 0.51225, "loss": 0.04826797, "lr": 3.539e-05, "params": 282437, "time_iter": 0.09117, "accuracy": 0.98771, "f1": 0.9877, "auc": 0.99901}
{"epoch": 127, "time_epoch": 80.17428, "eta": 1763.9363, "eta_hours": 0.48998, "loss": 0.04360879, "lr": 3.256e-05, "params": 282437, "time_iter": 0.09163, "accuracy": 0.98714, "f1": 0.98713, "auc": 0.9991}
{"epoch": 128, "time_epoch": 79.09905, "eta": 1683.58158, "eta_hours": 0.46766, "loss": 0.04387199, "lr": 2.985e-05, "params": 282437, "time_iter": 0.0904, "accuracy": 0.98657, "f1": 0.98656, "auc": 0.9993}
{"epoch": 129, "time_epoch": 80.19435, "eta": 1603.41469, "eta_hours": 0.44539, "loss": 0.04463728, "lr": 2.725e-05, "params": 282437, "time_iter": 0.09165, "accuracy": 0.988, "f1": 0.98799, "auc": 0.99919}
{"epoch": 130, "time_epoch": 79.81348, "eta": 1523.19214, "eta_hours": 0.42311, "loss": 0.04552963, "lr": 2.476e-05, "params": 282437, "time_iter": 0.09122, "accuracy": 0.98743, "f1": 0.98742, "auc": 0.99909}
{"epoch": 131, "time_epoch": 79.65624, "eta": 1442.95435, "eta_hours": 0.40082, "loss": 0.04611061, "lr": 2.238e-05, "params": 282437, "time_iter": 0.09104, "accuracy": 0.98714, "f1": 0.98713, "auc": 0.99907}
{"epoch": 132, "time_epoch": 79.26731, "eta": 1362.67559, "eta_hours": 0.37852, "loss": 0.04483194, "lr": 2.012e-05, "params": 282437, "time_iter": 0.09059, "accuracy": 0.98686, "f1": 0.98685, "auc": 0.99927}
{"epoch": 133, "time_epoch": 79.80577, "eta": 1282.47622, "eta_hours": 0.35624, "loss": 0.05048388, "lr": 1.797e-05, "params": 282437, "time_iter": 0.09121, "accuracy": 0.98571, "f1": 0.9857, "auc": 0.99898}
{"epoch": 134, "time_epoch": 80.60012, "eta": 1202.37094, "eta_hours": 0.33399, "loss": 0.0464448, "lr": 1.594e-05, "params": 282437, "time_iter": 0.09211, "accuracy": 0.98629, "f1": 0.98627, "auc": 0.99911}
{"epoch": 135, "time_epoch": 80.37479, "eta": 1122.23518, "eta_hours": 0.31173, "loss": 0.04603323, "lr": 1.403e-05, "params": 282437, "time_iter": 0.09186, "accuracy": 0.98771, "f1": 0.98771, "auc": 0.99918}
{"epoch": 136, "time_epoch": 80.36271, "eta": 1042.0948, "eta_hours": 0.28947, "loss": 0.04719118, "lr": 1.224e-05, "params": 282437, "time_iter": 0.09184, "accuracy": 0.98686, "f1": 0.98685, "auc": 0.99923}
{"epoch": 137, "time_epoch": 80.25058, "eta": 961.94144, "eta_hours": 0.26721, "loss": 0.04463918, "lr": 1.056e-05, "params": 282437, "time_iter": 0.09171, "accuracy": 0.98771, "f1": 0.9877, "auc": 0.999}
{"epoch": 138, "time_epoch": 79.7962, "eta": 881.75072, "eta_hours": 0.24493, "loss": 0.04377313, "lr": 9.01e-06, "params": 282437, "time_iter": 0.0912, "accuracy": 0.98771, "f1": 0.9877, "auc": 0.99928}
{"epoch": 139, "time_epoch": 81.08401, "eta": 801.65762, "eta_hours": 0.22268, "loss": 0.04290604, "lr": 7.58e-06, "params": 282437, "time_iter": 0.09267, "accuracy": 0.988, "f1": 0.98799, "auc": 0.99922}
{"epoch": 140, "time_epoch": 80.89922, "eta": 721.53868, "eta_hours": 0.20043, "loss": 0.04352225, "lr": 6.27e-06, "params": 282437, "time_iter": 0.09246, "accuracy": 0.98771, "f1": 0.98771, "auc": 0.99924}
{"epoch": 141, "time_epoch": 80.06395, "eta": 641.36168, "eta_hours": 0.17816, "loss": 0.04610044, "lr": 5.08e-06, "params": 282437, "time_iter": 0.0915, "accuracy": 0.98743, "f1": 0.98742, "auc": 0.99908}
{"epoch": 142, "time_epoch": 80.42737, "eta": 561.20406, "eta_hours": 0.15589, "loss": 0.04411027, "lr": 4.02e-06, "params": 282437, "time_iter": 0.09192, "accuracy": 0.988, "f1": 0.98799, "auc": 0.9992}
{"epoch": 143, "time_epoch": 80.16824, "eta": 481.0319, "eta_hours": 0.13362, "loss": 0.04352561, "lr": 3.08e-06, "params": 282437, "time_iter": 0.09162, "accuracy": 0.98829, "f1": 0.98828, "auc": 0.99909}
{"epoch": 144, "time_epoch": 80.31987, "eta": 400.86501, "eta_hours": 0.11135, "loss": 0.04168567, "lr": 2.26e-06, "params": 282437, "time_iter": 0.09179, "accuracy": 0.98829, "f1": 0.98828, "auc": 0.99921}
{"epoch": 145, "time_epoch": 80.40266, "eta": 320.6983, "eta_hours": 0.08908, "loss": 0.04379443, "lr": 1.57e-06, "params": 282437, "time_iter": 0.09189, "accuracy": 0.98743, "f1": 0.98742, "auc": 0.99904}
{"epoch": 146, "time_epoch": 80.81826, "eta": 240.53686, "eta_hours": 0.06682, "loss": 0.04184869, "lr": 1.01e-06, "params": 282437, "time_iter": 0.09236, "accuracy": 0.98857, "f1": 0.98856, "auc": 0.9992}
{"epoch": 147, "time_epoch": 80.36298, "eta": 160.3604, "eta_hours": 0.04454, "loss": 0.04116205, "lr": 5.7e-07, "params": 282437, "time_iter": 0.09184, "accuracy": 0.98829, "f1": 0.98828, "auc": 0.99919}
{"epoch": 148, "time_epoch": 80.75676, "eta": 80.18407, "eta_hours": 0.02227, "loss": 0.04337198, "lr": 2.5e-07, "params": 282437, "time_iter": 0.09229, "accuracy": 0.988, "f1": 0.98799, "auc": 0.99912}
{"epoch": 149, "time_epoch": 79.7256, "eta": 0.0, "eta_hours": 0.0, "loss": 0.04310108, "lr": 6e-08, "params": 282437, "time_iter": 0.09111, "accuracy": 0.98714, "f1": 0.98713, "auc": 0.99932}
