{"epoch": 0, "time_epoch": 87.16639, "eta": 12987.79207, "eta_hours": 3.60772, "loss": 1.61701588, "lr": 0.0, "params": 282437, "time_iter": 0.09962, "accuracy": 0.2, "f1": 0.06667, "auc": 0.46482}
{"epoch": 1, "time_epoch": 80.77117, "eta": 12427.37971, "eta_hours": 3.45205, "loss": 1.52167022, "lr": 5e-05, "params": 282437, "time_iter": 0.09231, "accuracy": 0.39657, "f1": 0.31005, "auc": 0.75566}
{"epoch": 2, "time_epoch": 81.36419, "eta": 12215.78585, "eta_hours": 3.39327, "loss": 1.39016411, "lr": 0.0001, "params": 282437, "time_iter": 0.09299, "accuracy": 0.66686, "f1": 0.66835, "auc": 0.89753}
{"epoch": 3, "time_epoch": 80.06161, "eta": 12021.76267, "eta_hours": 3.33938, "loss": 1.29374326, "lr": 0.00015, "params": 282437, "time_iter": 0.0915, "accuracy": 0.792, "f1": 0.79308, "auc": 0.93796}
{"epoch": 4, "time_epoch": 80.29354, "eta": 11880.05018, "eta_hours": 3.30001, "loss": 1.20576455, "lr": 0.0002, "params": 282437, "time_iter": 0.09176, "accuracy": 0.82971, "f1": 0.82916, "auc": 0.95249}
{"epoch": 5, "time_epoch": 78.71504, "eta": 11720.92672, "eta_hours": 3.25581, "loss": 1.11084435, "lr": 0.00025, "params": 282437, "time_iter": 0.08996, "accuracy": 0.84571, "f1": 0.84554, "auc": 0.96185}
{"epoch": 6, "time_epoch": 80.98843, "eta": 11631.2191, "eta_hours": 3.23089, "loss": 1.00798532, "lr": 0.0003, "params": 282437, "time_iter": 0.09256, "accuracy": 0.86057, "f1": 0.86051, "auc": 0.96838}
{"epoch": 7, "time_epoch": 79.23754, "eta": 11512.61292, "eta_hours": 3.19795, "loss": 0.90779333, "lr": 0.00035, "params": 282437, "time_iter": 0.09056, "accuracy": 0.87571, "f1": 0.87644, "auc": 0.97064}
{"epoch": 8, "time_epoch": 79.86675, "eta": 11412.61308, "eta_hours": 3.17017, "loss": 0.79978515, "lr": 0.0004, "params": 282437, "time_iter": 0.09128, "accuracy": 0.892, "f1": 0.89243, "auc": 0.97515}
{"epoch": 9, "time_epoch": 81.51981, "eta": 11339.78261, "eta_hours": 3.14994, "loss": 0.71332367, "lr": 0.00045, "params": 282437, "time_iter": 0.09317, "accuracy": 0.89257, "f1": 0.89313, "auc": 0.97643}
{"epoch": 10, "time_epoch": 81.18277, "eta": 11261.11337, "eta_hours": 3.12809, "loss": 0.63274901, "lr": 0.0005, "params": 282437, "time_iter": 0.09278, "accuracy": 0.89829, "f1": 0.8992, "auc": 0.97699}
{"epoch": 11, "time_epoch": 81.20933, "eta": 11182.33064, "eta_hours": 3.1062, "loss": 0.55503014, "lr": 0.00049994, "params": 282437, "time_iter": 0.09281, "accuracy": 0.906, "f1": 0.90615, "auc": 0.98018}
{"epoch": 12, "time_epoch": 80.21263, "eta": 11092.67087, "eta_hours": 3.0813, "loss": 0.48166405, "lr": 0.00049975, "params": 282437, "time_iter": 0.09167, "accuracy": 0.91343, "f1": 0.91344, "auc": 0.98147}
{"epoch": 13, "time_epoch": 79.54459, "eta": 10997.87118, "eta_hours": 3.05496, "loss": 0.41393834, "lr": 0.00049943, "params": 282437, "time_iter": 0.09091, "accuracy": 0.91943, "f1": 0.91942, "auc": 0.98461}
{"epoch": 14, "time_epoch": 80.77909, "eta": 10916.21602, "eta_hours": 3.03228, "loss": 0.36090799, "lr": 0.00049899, "params": 282437, "time_iter": 0.09232, "accuracy": 0.92229, "f1": 0.92238, "auc": 0.98585}
{"epoch": 15, "time_epoch": 80.61239, "eta": 10833.27422, "eta_hours": 3.00924, "loss": 0.32963447, "lr": 0.00049843, "params": 282437, "time_iter": 0.09213, "accuracy": 0.92657, "f1": 0.92656, "auc": 0.98812}
{"epoch": 16, "time_epoch": 81.39979, "eta": 10756.76675, "eta_hours": 2.98799, "loss": 0.30881713, "lr": 0.00049774, "params": 282437, "time_iter": 0.09303, "accuracy": 0.92714, "f1": 0.92727, "auc": 0.98765}
{"epoch": 17, "time_epoch": 80.32925, "eta": 10671.86504, "eta_hours": 2.96441, "loss": 0.27709206, "lr": 0.00049692, "params": 282437, "time_iter": 0.0918, "accuracy": 0.93171, "f1": 0.93169, "auc": 0.98975}
{"epoch": 18, "time_epoch": 80.54481, "eta": 10588.93085, "eta_hours": 2.94137, "loss": 0.25175149, "lr": 0.00049598, "params": 282437, "time_iter": 0.09205, "accuracy": 0.93686, "f1": 0.93683, "auc": 0.99048}
{"epoch": 19, "time_epoch": 79.99017, "eta": 10502.63045, "eta_hours": 2.9174, "loss": 0.23057138, "lr": 0.00049492, "params": 282437, "time_iter": 0.09142, "accuracy": 0.94086, "f1": 0.94096, "auc": 0.99159}
{"epoch": 20, "time_epoch": 79.9751, "eta": 10416.83847, "eta_hours": 2.89357, "loss": 0.23018998, "lr": 0.00049373, "params": 282437, "time_iter": 0.0914, "accuracy": 0.94114, "f1": 0.94137, "auc": 0.99034}
{"epoch": 21, "time_epoch": 80.05823, "eta": 10332.05894, "eta_hours": 2.87002, "loss": 0.21622087, "lr": 0.00049242, "params": 282437, "time_iter": 0.0915, "accuracy": 0.94086, "f1": 0.94095, "auc": 0.99129}
{"epoch": 22, "time_epoch": 80.96966, "eta": 10252.72266, "eta_hours": 2.84798, "loss": 0.18982559, "lr": 0.00049099, "params": 282437, "time_iter": 0.09254, "accuracy": 0.95314, "f1": 0.9531, "auc": 0.99211}
{"epoch": 23, "time_epoch": 82.24206, "eta": 10179.93035, "eta_hours": 2.82776, "loss": 0.19943326, "lr": 0.00048944, "params": 282437, "time_iter": 0.09399, "accuracy": 0.94343, "f1": 0.94342, "auc": 0.99189}
{"epoch": 24, "time_epoch": 81.36951, "eta": 10102.01933, "eta_hours": 2.80612, "loss": 0.18480441, "lr": 0.00048776, "params": 282437, "time_iter": 0.09299, "accuracy": 0.94857, "f1": 0.9485, "auc": 0.99244}
{"epoch": 25, "time_epoch": 80.76569, "eta": 10020.96249, "eta_hours": 2.7836, "loss": 0.18278876, "lr": 0.00048597, "params": 282437, "time_iter": 0.0923, "accuracy": 0.94971, "f1": 0.94973, "auc": 0.99236}
{"epoch": 26, "time_epoch": 79.94576, "eta": 9936.19198, "eta_hours": 2.76005, "loss": 0.17505186, "lr": 0.00048406, "params": 282437, "time_iter": 0.09137, "accuracy": 0.952, "f1": 0.95194, "auc": 0.99278}
{"epoch": 27, "time_epoch": 81.0927, "eta": 9856.76348, "eta_hours": 2.73799, "loss": 0.16344277, "lr": 0.00048203, "params": 282437, "time_iter": 0.09268, "accuracy": 0.95571, "f1": 0.95567, "auc": 0.99306}
{"epoch": 28, "time_epoch": 80.22571, "eta": 9773.60279, "eta_hours": 2.71489, "loss": 0.16008903, "lr": 0.00047988, "params": 282437, "time_iter": 0.09169, "accuracy": 0.95657, "f1": 0.95648, "auc": 0.99354}
{"epoch": 29, "time_epoch": 80.28282, "eta": 9690.8662, "eta_hours": 2.69191, "loss": 0.1773832, "lr": 0.00047762, "params": 282437, "time_iter": 0.09175, "accuracy": 0.94886, "f1": 0.94874, "auc": 0.99256}
{"epoch": 30, "time_epoch": 80.72797, "eta": 9609.9967, "eta_hours": 2.66944, "loss": 0.16055781, "lr": 0.00047524, "params": 282437, "time_iter": 0.09226, "accuracy": 0.95543, "f1": 0.9554, "auc": 0.99333}
{"epoch": 31, "time_epoch": 79.56693, "eta": 9524.85472, "eta_hours": 2.64579, "loss": 0.15136378, "lr": 0.00047275, "params": 282437, "time_iter": 0.09093, "accuracy": 0.952, "f1": 0.95185, "auc": 0.99427}
{"epoch": 32, "time_epoch": 81.18996, "eta": 9445.805, "eta_hours": 2.62383, "loss": 0.15852446, "lr": 0.00047015, "params": 282437, "time_iter": 0.09279, "accuracy": 0.95514, "f1": 0.95509, "auc": 0.99418}
{"epoch": 33, "time_epoch": 80.33565, "eta": 9363.71466, "eta_hours": 2.60103, "loss": 0.14550772, "lr": 0.00046744, "params": 282437, "time_iter": 0.09181, "accuracy": 0.95971, "f1": 0.95963, "auc": 0.9939}
{"epoch": 34, "time_epoch": 80.30738, "eta": 9281.6317, "eta_hours": 2.57823, "loss": 0.14491903, "lr": 0.00046461, "params": 282437, "time_iter": 0.09178, "accuracy": 0.95686, "f1": 0.95676, "auc": 0.99482}
{"epoch": 35, "time_epoch": 81.02103, "eta": 9201.90731, "eta_hours": 2.55609, "loss": 0.13505869, "lr": 0.00046168, "params": 282437, "time_iter": 0.0926, "accuracy": 0.96086, "f1": 0.96086, "auc": 0.99464}
{"epoch": 36, "time_epoch": 79.67434, "eta": 9117.99996, "eta_hours": 2.53278, "loss": 0.13111802, "lr": 0.00045864, "params": 282437, "time_iter": 0.09106, "accuracy": 0.96429, "f1": 0.96424, "auc": 0.99542}
{"epoch": 37, "time_epoch": 80.78014, "eta": 9037.5746, "eta_hours": 2.51044, "loss": 0.13188588, "lr": 0.0004555, "params": 282437, "time_iter": 0.09232, "accuracy": 0.96371, "f1": 0.96372, "auc": 0.99472}
{"epoch": 38, "time_epoch": 80.10619, "eta": 8955.21287, "eta_hours": 2.48756, "loss": 0.13139434, "lr": 0.00045225, "params": 282437, "time_iter": 0.09155, "accuracy": 0.962, "f1": 0.96202, "auc": 0.99562}
{"epoch": 39, "time_epoch": 81.12556, "eta": 8875.76718, "eta_hours": 2.46549, "loss": 0.13414983, "lr": 0.00044891, "params": 282437, "time_iter": 0.09271, "accuracy": 0.96371, "f1": 0.9637, "auc": 0.99481}
{"epoch": 40, "time_epoch": 81.07552, "eta": 8796.10651, "eta_hours": 2.44336, "loss": 0.1434551, "lr": 0.00044546, "params": 282437, "time_iter": 0.09266, "accuracy": 0.95743, "f1": 0.95743, "auc": 0.99455}
{"epoch": 41, "time_epoch": 80.1943, "eta": 8714.11248, "eta_hours": 2.42059, "loss": 0.13030441, "lr": 0.00044191, "params": 282437, "time_iter": 0.09165, "accuracy": 0.96286, "f1": 0.96284, "auc": 0.99582}
{"epoch": 42, "time_epoch": 80.31729, "eta": 8632.50821, "eta_hours": 2.39792, "loss": 0.1333116, "lr": 0.00043827, "params": 282437, "time_iter": 0.09179, "accuracy": 0.96286, "f1": 0.96282, "auc": 0.99583}
{"epoch": 43, "time_epoch": 80.68985, "eta": 8551.85995, "eta_hours": 2.37552, "loss": 0.13239437, "lr": 0.00043453, "params": 282437, "time_iter": 0.09222, "accuracy": 0.964, "f1": 0.96391, "auc": 0.99594}
{"epoch": 44, "time_epoch": 80.46231, "eta": 8470.67893, "eta_hours": 2.35297, "loss": 0.13332439, "lr": 0.0004307, "params": 282437, "time_iter": 0.09196, "accuracy": 0.96343, "f1": 0.96339, "auc": 0.99584}
{"epoch": 45, "time_epoch": 79.73216, "eta": 8387.87837, "eta_hours": 2.32997, "loss": 0.13198714, "lr": 0.00042678, "params": 282437, "time_iter": 0.09112, "accuracy": 0.968, "f1": 0.96793, "auc": 0.9957}
{"epoch": 46, "time_epoch": 80.50356, "eta": 8306.89892, "eta_hours": 2.30747, "loss": 0.12449452, "lr": 0.00042277, "params": 282437, "time_iter": 0.092, "accuracy": 0.96514, "f1": 0.9651, "auc": 0.9965}
{"epoch": 47, "time_epoch": 80.43312, "eta": 8225.78958, "eta_hours": 2.28494, "loss": 0.11559149, "lr": 0.00041867, "params": 282437, "time_iter": 0.09192, "accuracy": 0.96686, "f1": 0.9668, "auc": 0.99684}
{"epoch": 48, "time_epoch": 80.81732, "eta": 8145.49979, "eta_hours": 2.26264, "loss": 0.12410999, "lr": 0.00041448, "params": 282437, "time_iter": 0.09236, "accuracy": 0.966, "f1": 0.96592, "auc": 0.99585}
{"epoch": 49, "time_epoch": 81.04011, "eta": 8065.63447, "eta_hours": 2.24045, "loss": 0.11431253, "lr": 0.00041022, "params": 282437, "time_iter": 0.09262, "accuracy": 0.96771, "f1": 0.96767, "auc": 0.99666}
{"epoch": 50, "time_epoch": 81.0021, "eta": 7985.6493, "eta_hours": 2.21824, "loss": 0.10675112, "lr": 0.00040587, "params": 282437, "time_iter": 0.09257, "accuracy": 0.97086, "f1": 0.97078, "auc": 0.99698}
{"epoch": 51, "time_epoch": 80.55918, "eta": 7904.79028, "eta_hours": 2.19578, "loss": 0.11612266, "lr": 0.00040145, "params": 282437, "time_iter": 0.09207, "accuracy": 0.96714, "f1": 0.96708, "auc": 0.99688}
{"epoch": 52, "time_epoch": 80.48084, "eta": 7823.7992, "eta_hours": 2.17328, "loss": 0.11671035, "lr": 0.00039695, "params": 282437, "time_iter": 0.09198, "accuracy": 0.96857, "f1": 0.96855, "auc": 0.99767}
{"epoch": 53, "time_epoch": 80.4468, "eta": 7742.7665, "eta_hours": 2.15077, "loss": 0.10349159, "lr": 0.00039237, "params": 282437, "time_iter": 0.09194, "accuracy": 0.97286, "f1": 0.97278, "auc": 0.99686}
{"epoch": 54, "time_epoch": 81.11631, "eta": 7662.91154, "eta_hours": 2.12859, "loss": 0.12345765, "lr": 0.00038772, "params": 282437, "time_iter": 0.0927, "accuracy": 0.97086, "f1": 0.97082, "auc": 0.99651}
{"epoch": 55, "time_epoch": 80.01007, "eta": 7581.15462, "eta_hours": 2.10588, "loss": 0.11063917, "lr": 0.00038301, "params": 282437, "time_iter": 0.09144, "accuracy": 0.96971, "f1": 0.96965, "auc": 0.99718}
{"epoch": 56, "time_epoch": 81.27224, "eta": 7501.51833, "eta_hours": 2.08376, "loss": 0.10277076, "lr": 0.00037822, "params": 282437, "time_iter": 0.09288, "accuracy": 0.97257, "f1": 0.97253, "auc": 0.99735}
{"epoch": 57, "time_epoch": 81.21232, "eta": 7421.73058, "eta_hours": 2.06159, "loss": 0.11063849, "lr": 0.00037338, "params": 282437, "time_iter": 0.09281, "accuracy": 0.97086, "f1": 0.97083, "auc": 0.99716}
{"epoch": 58, "time_epoch": 80.52088, "eta": 7340.82807, "eta_hours": 2.03912, "loss": 0.10796352, "lr": 0.00036847, "params": 282437, "time_iter": 0.09202, "accuracy": 0.972, "f1": 0.97193, "auc": 0.9971}
{"epoch": 59, "time_epoch": 80.76023, "eta": 7260.29731, "eta_hours": 2.01675, "loss": 0.10403972, "lr": 0.0003635, "params": 282437, "time_iter": 0.0923, "accuracy": 0.97114, "f1": 0.97111, "auc": 0.99727}
{"epoch": 60, "time_epoch": 81.32405, "eta": 7180.58165, "eta_hours": 1.99461, "loss": 0.09239931, "lr": 0.00035847, "params": 282437, "time_iter": 0.09294, "accuracy": 0.97714, "f1": 0.97711, "auc": 0.99744}
{"epoch": 61, "time_epoch": 80.57764, "eta": 7099.75468, "eta_hours": 1.97215, "loss": 0.10314683, "lr": 0.00035339, "params": 282437, "time_iter": 0.09209, "accuracy": 0.97486, "f1": 0.97481, "auc": 0.99696}
{"epoch": 62, "time_epoch": 80.81137, "eta": 7019.25841, "eta_hours": 1.94979, "loss": 0.09490563, "lr": 0.00034826, "params": 282437, "time_iter": 0.09236, "accuracy": 0.97429, "f1": 0.97427, "auc": 0.99788}
{"epoch": 63, "time_epoch": 80.79556, "eta": 6938.73105, "eta_hours": 1.92743, "loss": 0.09486723, "lr": 0.00034307, "params": 282437, "time_iter": 0.09234, "accuracy": 0.97686, "f1": 0.97683, "auc": 0.99761}
{"epoch": 64, "time_epoch": 80.40209, "eta": 6857.68089, "eta_hours": 1.90491, "loss": 0.09072194, "lr": 0.00033784, "params": 282437, "time_iter": 0.09189, "accuracy": 0.97886, "f1": 0.97882, "auc": 0.99774}
{"epoch": 65, "time_epoch": 80.08199, "eta": 6776.24298, "eta_hours": 1.88229, "loss": 0.08012129, "lr": 0.00033257, "params": 282437, "time_iter": 0.09152, "accuracy": 0.97771, "f1": 0.97769, "auc": 0.99807}
{"epoch": 66, "time_epoch": 80.92847, "eta": 6695.89415, "eta_hours": 1.85997, "loss": 0.07822877, "lr": 0.00032725, "params": 282437, "time_iter": 0.09249, "accuracy": 0.98, "f1": 0.97997, "auc": 0.99844}
{"epoch": 67, "time_epoch": 79.02668, "eta": 6613.23495, "eta_hours": 1.83701, "loss": 0.09836609, "lr": 0.0003219, "params": 282437, "time_iter": 0.09032, "accuracy": 0.97429, "f1": 0.97424, "auc": 0.9979}
{"epoch": 68, "time_epoch": 80.65981, "eta": 6532.59819, "eta_hours": 1.81461, "loss": 0.08540712, "lr": 0.00031651, "params": 282437, "time_iter": 0.09218, "accuracy": 0.97886, "f1": 0.97883, "auc": 0.99782}
{"epoch": 69, "time_epoch": 81.1101, "eta": 6452.47539, "eta_hours": 1.79235, "loss": 0.07777205, "lr": 0.00031109, "params": 282437, "time_iter": 0.0927, "accuracy": 0.98086, "f1": 0.98083, "auc": 0.99839}
{"epoch": 70, "time_epoch": 80.53851, "eta": 6371.68878, "eta_hours": 1.76991, "loss": 0.08873251, "lr": 0.00030563, "params": 282437, "time_iter": 0.09204, "accuracy": 0.97857, "f1": 0.97855, "auc": 0.9981}
{"epoch": 71, "time_epoch": 79.95028, "eta": 6290.27182, "eta_hours": 1.7473, "loss": 0.08269002, "lr": 0.00030015, "params": 282437, "time_iter": 0.09137, "accuracy": 0.97914, "f1": 0.97912, "auc": 0.99823}
{"epoch": 72, "time_epoch": 79.84522, "eta": 6208.78422, "eta_hours": 1.72466, "loss": 0.08047437, "lr": 0.00029464, "params": 282437, "time_iter": 0.09125, "accuracy": 0.98057, "f1": 0.98055, "auc": 0.99843}
{"epoch": 73, "time_epoch": 80.67062, "eta": 6128.18873, "eta_hours": 1.70227, "loss": 0.08046185, "lr": 0.00028911, "params": 282437, "time_iter": 0.09219, "accuracy": 0.98057, "f1": 0.98054, "auc": 0.99844}
{"epoch": 74, "time_epoch": 80.3979, "eta": 6047.3185, "eta_hours": 1.67981, "loss": 0.07251008, "lr": 0.00028356, "params": 282437, "time_iter": 0.09188, "accuracy": 0.98257, "f1": 0.98255, "auc": 0.99864}
{"epoch": 75, "time_epoch": 80.5594, "eta": 5966.61796, "eta_hours": 1.65739, "loss": 0.07371033, "lr": 0.00027799, "params": 282437, "time_iter": 0.09207, "accuracy": 0.982, "f1": 0.98198, "auc": 0.99853}
{"epoch": 76, "time_epoch": 80.47132, "eta": 5885.83758, "eta_hours": 1.63495, "loss": 0.08760851, "lr": 0.00027241, "params": 282437, "time_iter": 0.09197, "accuracy": 0.97857, "f1": 0.97853, "auc": 0.9981}
{"epoch": 77, "time_epoch": 80.33647, "eta": 5804.94065, "eta_hours": 1.61248, "loss": 0.06826615, "lr": 0.00026682, "params": 282437, "time_iter": 0.09181, "accuracy": 0.98371, "f1": 0.9837, "auc": 0.99869}
{"epoch": 78, "time_epoch": 80.52689, "eta": 5724.22904, "eta_hours": 1.59006, "loss": 0.07004357, "lr": 0.00026122, "params": 282437, "time_iter": 0.09203, "accuracy": 0.98229, "f1": 0.98227, "auc": 0.99847}
{"epoch": 79, "time_epoch": 81.02288, "eta": 5643.95604, "eta_hours": 1.56777, "loss": 0.07709608, "lr": 0.00025561, "params": 282437, "time_iter": 0.0926, "accuracy": 0.98171, "f1": 0.98169, "auc": 0.99855}
{"epoch": 80, "time_epoch": 79.87478, "eta": 5562.68651, "eta_hours": 1.54519, "loss": 0.07359007, "lr": 0.00025, "params": 282437, "time_iter": 0.09129, "accuracy": 0.98257, "f1": 0.98255, "auc": 0.99862}
{"epoch": 81, "time_epoch": 79.98309, "eta": 5481.54082, "eta_hours": 1.52265, "loss": 0.07155462, "lr": 0.00024439, "params": 282437, "time_iter": 0.09141, "accuracy": 0.98343, "f1": 0.98341, "auc": 0.99863}
{"epoch": 82, "time_epoch": 80.09406, "eta": 5400.51273, "eta_hours": 1.50014, "loss": 0.06854165, "lr": 0.00023878, "params": 282437, "time_iter": 0.09154, "accuracy": 0.984, "f1": 0.98398, "auc": 0.9988}
{"epoch": 83, "time_epoch": 80.56232, "eta": 5319.87479, "eta_hours": 1.47774, "loss": 0.06789132, "lr": 0.00023318, "params": 282437, "time_iter": 0.09207, "accuracy": 0.98286, "f1": 0.98283, "auc": 0.99881}
{"epoch": 84, "time_epoch": 81.85702, "eta": 5240.22869, "eta_hours": 1.45562, "loss": 0.06602048, "lr": 0.00022759, "params": 282437, "time_iter": 0.09355, "accuracy": 0.984, "f1": 0.98399, "auc": 0.99855}
{"epoch": 85, "time_epoch": 80.02357, "eta": 5159.16674, "eta_hours": 1.4331, "loss": 0.07719148, "lr": 0.00022201, "params": 282437, "time_iter": 0.09146, "accuracy": 0.98114, "f1": 0.98111, "auc": 0.99863}
{"epoch": 86, "time_epoch": 80.64925, "eta": 5078.58175, "eta_hours": 1.41072, "loss": 0.07180191, "lr": 0.00021644, "params": 282437, "time_iter": 0.09217, "accuracy": 0.98314, "f1": 0.98312, "auc": 0.99872}
{"epoch": 87, "time_epoch": 80.46507, "eta": 4997.86553, "eta_hours": 1.3883, "loss": 0.06780465, "lr": 0.00021089, "params": 282437, "time_iter": 0.09196, "accuracy": 0.98257, "f1": 0.98253, "auc": 0.99883}
{"epoch": 88, "time_epoch": 80.92691, "eta": 4917.4715, "eta_hours": 1.36596, "loss": 0.06773372, "lr": 0.00020536, "params": 282437, "time_iter": 0.09249, "accuracy": 0.98457, "f1": 0.98456, "auc": 0.9985}
{"epoch": 89, "time_epoch": 80.39543, "eta": 4836.71131, "eta_hours": 1.34353, "loss": 0.06230002, "lr": 0.00019985, "params": 282437, "time_iter": 0.09188, "accuracy": 0.98371, "f1": 0.98369, "auc": 0.99878}
{"epoch": 90, "time_epoch": 81.45899, "eta": 4756.6487, "eta_hours": 1.32129, "loss": 0.06561479, "lr": 0.00019437, "params": 282437, "time_iter": 0.0931, "accuracy": 0.98457, "f1": 0.98455, "auc": 0.99869}
{"epoch": 91, "time_epoch": 80.85782, "eta": 4676.17673, "eta_hours": 1.29894, "loss": 0.06068388, "lr": 0.00018891, "params": 282437, "time_iter": 0.09241, "accuracy": 0.98571, "f1": 0.9857, "auc": 0.99881}
{"epoch": 92, "time_epoch": 80.92456, "eta": 4595.73737, "eta_hours": 1.27659, "loss": 0.06200202, "lr": 0.00018349, "params": 282437, "time_iter": 0.09249, "accuracy": 0.98429, "f1": 0.98426, "auc": 0.99889}
{"epoch": 93, "time_epoch": 81.43433, "eta": 4515.59138, "eta_hours": 1.25433, "loss": 0.06125267, "lr": 0.0001781, "params": 282437, "time_iter": 0.09307, "accuracy": 0.98543, "f1": 0.98541, "auc": 0.99879}
{"epoch": 94, "time_epoch": 79.9194, "eta": 4434.5412, "eta_hours": 1.23182, "loss": 0.06678917, "lr": 0.00017275, "params": 282437, "time_iter": 0.09134, "accuracy": 0.98429, "f1": 0.98427, "auc": 0.99863}
{"epoch": 95, "time_epoch": 80.61486, "eta": 4353.90577, "eta_hours": 1.20942, "loss": 0.06626797, "lr": 0.00016743, "params": 282437, "time_iter": 0.09213, "accuracy": 0.98371, "f1": 0.98369, "auc": 0.99872}
{"epoch": 96, "time_epoch": 81.15616, "eta": 4273.56653, "eta_hours": 1.1871, "loss": 0.06310442, "lr": 0.00016216, "params": 282437, "time_iter": 0.09275, "accuracy": 0.98429, "f1": 0.98427, "auc": 0.99875}
{"epoch": 97, "time_epoch": 80.06484, "eta": 4192.63155, "eta_hours": 1.16462, "loss": 0.06311816, "lr": 0.00015693, "params": 282437, "time_iter": 0.0915, "accuracy": 0.98429, "f1": 0.98427, "auc": 0.99891}
{"epoch": 98, "time_epoch": 80.60971, "eta": 4111.99484, "eta_hours": 1.14222, "loss": 0.05940026, "lr": 0.00015174, "params": 282437, "time_iter": 0.09213, "accuracy": 0.98514, "f1": 0.98513, "auc": 0.9989}
{"epoch": 99, "time_epoch": 80.56939, "eta": 4031.33851, "eta_hours": 1.11982, "loss": 0.05429207, "lr": 0.00014661, "params": 282437, "time_iter": 0.09208, "accuracy": 0.986, "f1": 0.98599, "auc": 0.99896}
{"epoch": 100, "time_epoch": 80.6345, "eta": 3950.71549, "eta_hours": 1.09742, "loss": 0.0633982, "lr": 0.00014153, "params": 282437, "time_iter": 0.09215, "accuracy": 0.98429, "f1": 0.98426, "auc": 0.99892}
{"epoch": 101, "time_epoch": 80.58643, "eta": 3870.06963, "eta_hours": 1.07502, "loss": 0.05863585, "lr": 0.0001365, "params": 282437, "time_iter": 0.0921, "accuracy": 0.98543, "f1": 0.98541, "auc": 0.99886}
{"epoch": 102, "time_epoch": 80.6014, "eta": 3789.43174, "eta_hours": 1.05262, "loss": 0.05541221, "lr": 0.00013153, "params": 282437, "time_iter": 0.09212, "accuracy": 0.98629, "f1": 0.98627, "auc": 0.9989}
{"epoch": 103, "time_epoch": 79.85792, "eta": 3708.46572, "eta_hours": 1.03013, "loss": 0.05432301, "lr": 0.00012662, "params": 282437, "time_iter": 0.09127, "accuracy": 0.98629, "f1": 0.98627, "auc": 0.99891}
{"epoch": 104, "time_epoch": 80.87959, "eta": 3627.95866, "eta_hours": 1.00777, "loss": 0.05505891, "lr": 0.00012178, "params": 282437, "time_iter": 0.09243, "accuracy": 0.98629, "f1": 0.98627, "auc": 0.99888}
{"epoch": 105, "time_epoch": 80.17737, "eta": 3547.15308, "eta_hours": 0.98532, "loss": 0.05428192, "lr": 0.00011699, "params": 282437, "time_iter": 0.09163, "accuracy": 0.98629, "f1": 0.98626, "auc": 0.9988}
{"epoch": 106, "time_epoch": 81.17512, "eta": 3466.76021, "eta_hours": 0.96299, "loss": 0.05317174, "lr": 0.00011228, "params": 282437, "time_iter": 0.09277, "accuracy": 0.98629, "f1": 0.98627, "auc": 0.99893}
{"epoch": 107, "time_epoch": 80.19602, "eta": 3385.97209, "eta_hours": 0.94055, "loss": 0.05197182, "lr": 0.00010763, "params": 282437, "time_iter": 0.09165, "accuracy": 0.98629, "f1": 0.98627, "auc": 0.99916}
{"epoch": 108, "time_epoch": 80.27866, "eta": 3305.22592, "eta_hours": 0.91812, "loss": 0.0504568, "lr": 0.00010305, "params": 282437, "time_iter": 0.09175, "accuracy": 0.98657, "f1": 0.98656, "auc": 0.99903}
{"epoch": 109, "time_epoch": 80.85703, "eta": 3224.69857, "eta_hours": 0.89575, "loss": 0.05801016, "lr": 9.855e-05, "params": 282437, "time_iter": 0.09241, "accuracy": 0.98657, "f1": 0.98656, "auc": 0.99881}
{"epoch": 110, "time_epoch": 80.05158, "eta": 3143.88228, "eta_hours": 0.8733, "loss": 0.05263736, "lr": 9.413e-05, "params": 282437, "time_iter": 0.09149, "accuracy": 0.98714, "f1": 0.98713, "auc": 0.99887}
{"epoch": 111, "time_epoch": 79.22829, "eta": 3062.80032, "eta_hours": 0.85078, "loss": 0.05827061, "lr": 8.978e-05, "params": 282437, "time_iter": 0.09055, "accuracy": 0.98514, "f1": 0.98513, "auc": 0.99907}
{"epoch": 112, "time_epoch": 80.55457, "eta": 2982.18543, "eta_hours": 0.82838, "loss": 0.05584943, "lr": 8.552e-05, "params": 282437, "time_iter": 0.09206, "accuracy": 0.98657, "f1": 0.98656, "auc": 0.99883}
{"epoch": 113, "time_epoch": 81.51203, "eta": 2901.87396, "eta_hours": 0.80608, "loss": 0.05666904, "lr": 8.133e-05, "params": 282437, "time_iter": 0.09316, "accuracy": 0.98629, "f1": 0.98626, "auc": 0.999}
{"epoch": 114, "time_epoch": 80.1477, "eta": 2821.12637, "eta_hours": 0.78365, "loss": 0.05384627, "lr": 7.723e-05, "params": 282437, "time_iter": 0.0916, "accuracy": 0.986, "f1": 0.98599, "auc": 0.9988}
{"epoch": 115, "time_epoch": 81.24404, "eta": 2740.71048, "eta_hours": 0.76131, "loss": 0.05373444, "lr": 7.322e-05, "params": 282437, "time_iter": 0.09285, "accuracy": 0.98686, "f1": 0.98684, "auc": 0.99909}
{"epoch": 116, "time_epoch": 81.37711, "eta": 2660.31795, "eta_hours": 0.73898, "loss": 0.05570168, "lr": 6.93e-05, "params": 282437, "time_iter": 0.093, "accuracy": 0.98714, "f1": 0.98713, "auc": 0.9991}
{"epoch": 117, "time_epoch": 80.08976, "eta": 2579.55963, "eta_hours": 0.71654, "loss": 0.05368791, "lr": 6.547e-05, "params": 282437, "time_iter": 0.09153, "accuracy": 0.98714, "f1": 0.98713, "auc": 0.99899}
{"epoch": 118, "time_epoch": 80.88361, "eta": 2499.01935, "eta_hours": 0.69417, "loss": 0.05188192, "lr": 6.173e-05, "params": 282437, "time_iter": 0.09244, "accuracy": 0.98771, "f1": 0.98771, "auc": 0.99918}
{"epoch": 119, "time_epoch": 80.46362, "eta": 2418.36834, "eta_hours": 0.67177, "loss": 0.05220608, "lr": 5.809e-05, "params": 282437, "time_iter": 0.09196, "accuracy": 0.98714, "f1": 0.98713, "auc": 0.99902}
{"epoch": 120, "time_epoch": 80.84125, "eta": 2337.81094, "eta_hours": 0.64939, "loss": 0.05488144, "lr": 5.454e-05, "params": 282437, "time_iter": 0.09239, "accuracy": 0.98743, "f1": 0.98741, "auc": 0.99904}
{"epoch": 121, "time_epoch": 80.0141, "eta": 2257.05905, "eta_hours": 0.62696, "loss": 0.05043826, "lr": 5.109e-05, "params": 282437, "time_iter": 0.09144, "accuracy": 0.98743, "f1": 0.98742, "auc": 0.99894}
{"epoch": 122, "time_epoch": 80.68414, "eta": 2176.46624, "eta_hours": 0.60457, "loss": 0.05111275, "lr": 4.775e-05, "params": 282437, "time_iter": 0.09221, "accuracy": 0.988, "f1": 0.98799, "auc": 0.99899}
{"epoch": 123, "time_epoch": 80.6205, "eta": 2095.85861, "eta_hours": 0.58218, "loss": 0.05272287, "lr": 4.45e-05, "params": 282437, "time_iter": 0.09214, "accuracy": 0.98743, "f1": 0.98741, "auc": 0.9991}
{"epoch": 124, "time_epoch": 81.69149, "eta": 2015.46497, "eta_hours": 0.55985, "loss": 0.05133087, "lr": 4.136e-05, "params": 282437, "time_iter": 0.09336, "accuracy": 0.98686, "f1": 0.98685, "auc": 0.99898}
{"epoch": 125, "time_epoch": 80.98689, "eta": 1934.91652, "eta_hours": 0.53748, "loss": 0.051097, "lr": 3.832e-05, "params": 282437, "time_iter": 0.09256, "accuracy": 0.98743, "f1": 0.98742, "auc": 0.99911}
{"epoch": 126, "time_epoch": 80.69993, "eta": 1854.3092, "eta_hours": 0.51509, "loss": 0.05141035, "lr": 3.539e-05, "params": 282437, "time_iter": 0.09223, "accuracy": 0.988, "f1": 0.98799, "auc": 0.99899}
{"epoch": 127, "time_epoch": 79.80333, "eta": 1773.54633, "eta_hours": 0.49265, "loss": 0.0503947, "lr": 3.256e-05, "params": 282437, "time_iter": 0.0912, "accuracy": 0.98771, "f1": 0.9877, "auc": 0.99918}
{"epoch": 128, "time_epoch": 79.08575, "eta": 1692.68152, "eta_hours": 0.47019, "loss": 0.04872267, "lr": 2.985e-05, "params": 282437, "time_iter": 0.09038, "accuracy": 0.98771, "f1": 0.9877, "auc": 0.99898}
{"epoch": 129, "time_epoch": 79.7845, "eta": 1611.95158, "eta_hours": 0.44776, "loss": 0.04801338, "lr": 2.725e-05, "params": 282437, "time_iter": 0.09118, "accuracy": 0.98743, "f1": 0.98742, "auc": 0.99917}
{"epoch": 130, "time_epoch": 80.3334, "eta": 1531.31568, "eta_hours": 0.42537, "loss": 0.04863584, "lr": 2.476e-05, "params": 282437, "time_iter": 0.09181, "accuracy": 0.98771, "f1": 0.9877, "auc": 0.99913}
{"epoch": 131, "time_epoch": 80.96138, "eta": 1450.77, "eta_hours": 0.40299, "loss": 0.05004566, "lr": 2.238e-05, "params": 282437, "time_iter": 0.09253, "accuracy": 0.98743, "f1": 0.98741, "auc": 0.99921}
{"epoch": 132, "time_epoch": 80.61406, "eta": 1370.17368, "eta_hours": 0.3806, "loss": 0.05051841, "lr": 2.012e-05, "params": 282437, "time_iter": 0.09213, "accuracy": 0.98771, "f1": 0.9877, "auc": 0.99906}
{"epoch": 133, "time_epoch": 80.29392, "eta": 1289.53887, "eta_hours": 0.35821, "loss": 0.04911795, "lr": 1.797e-05, "params": 282437, "time_iter": 0.09176, "accuracy": 0.988, "f1": 0.98799, "auc": 0.99915}
{"epoch": 134, "time_epoch": 80.42594, "eta": 1208.92377, "eta_hours": 0.33581, "loss": 0.04823229, "lr": 1.594e-05, "params": 282437, "time_iter": 0.09192, "accuracy": 0.988, "f1": 0.98799, "auc": 0.99927}
{"epoch": 135, "time_epoch": 80.80627, "eta": 1128.35061, "eta_hours": 0.31343, "loss": 0.0476762, "lr": 1.403e-05, "params": 282437, "time_iter": 0.09235, "accuracy": 0.98714, "f1": 0.98713, "auc": 0.99916}
{"epoch": 136, "time_epoch": 79.47507, "eta": 1047.64773, "eta_hours": 0.29101, "loss": 0.04695508, "lr": 1.224e-05, "params": 282437, "time_iter": 0.09083, "accuracy": 0.988, "f1": 0.98799, "auc": 0.99915}
{"epoch": 137, "time_epoch": 80.35617, "eta": 967.03926, "eta_hours": 0.26862, "loss": 0.05030358, "lr": 1.056e-05, "params": 282437, "time_iter": 0.09184, "accuracy": 0.98743, "f1": 0.98741, "auc": 0.9991}
{"epoch": 138, "time_epoch": 81.36876, "eta": 886.51455, "eta_hours": 0.24625, "loss": 0.05044598, "lr": 9.01e-06, "params": 282437, "time_iter": 0.09299, "accuracy": 0.98771, "f1": 0.9877, "auc": 0.99918}
{"epoch": 139, "time_epoch": 80.48607, "eta": 805.91473, "eta_hours": 0.22387, "loss": 0.04764442, "lr": 7.58e-06, "params": 282437, "time_iter": 0.09198, "accuracy": 0.98829, "f1": 0.98828, "auc": 0.99911}
{"epoch": 140, "time_epoch": 80.70914, "eta": 725.33077, "eta_hours": 0.20148, "loss": 0.0504791, "lr": 6.27e-06, "params": 282437, "time_iter": 0.09224, "accuracy": 0.98743, "f1": 0.98742, "auc": 0.99913}
{"epoch": 141, "time_epoch": 79.96171, "eta": 644.70294, "eta_hours": 0.17908, "loss": 0.04840552, "lr": 5.08e-06, "params": 282437, "time_iter": 0.09138, "accuracy": 0.98714, "f1": 0.98713, "auc": 0.99915}
{"epoch": 142, "time_epoch": 80.73332, "eta": 564.12219, "eta_hours": 0.1567, "loss": 0.04878082, "lr": 4.02e-06, "params": 282437, "time_iter": 0.09227, "accuracy": 0.988, "f1": 0.98799, "auc": 0.99919}
{"epoch": 143, "time_epoch": 80.75486, "eta": 483.54022, "eta_hours": 0.13432, "loss": 0.04746958, "lr": 3.08e-06, "params": 282437, "time_iter": 0.09229, "accuracy": 0.98829, "f1": 0.98828, "auc": 0.99921}
{"epoch": 144, "time_epoch": 79.50872, "eta": 402.9129, "eta_hours": 0.11192, "loss": 0.04579812, "lr": 2.26e-06, "params": 282437, "time_iter": 0.09087, "accuracy": 0.988, "f1": 0.98799, "auc": 0.99926}
{"epoch": 145, "time_epoch": 79.38695, "eta": 322.29756, "eta_hours": 0.08953, "loss": 0.04842528, "lr": 1.57e-06, "params": 282437, "time_iter": 0.09073, "accuracy": 0.98771, "f1": 0.9877, "auc": 0.99925}
{"epoch": 146, "time_epoch": 80.33429, "eta": 241.71827, "eta_hours": 0.06714, "loss": 0.04917813, "lr": 1.01e-06, "params": 282437, "time_iter": 0.09181, "accuracy": 0.98743, "f1": 0.98742, "auc": 0.99929}
{"epoch": 147, "time_epoch": 79.97499, "eta": 161.13744, "eta_hours": 0.04476, "loss": 0.04736441, "lr": 5.7e-07, "params": 282437, "time_iter": 0.0914, "accuracy": 0.988, "f1": 0.98799, "auc": 0.9992}
{"epoch": 148, "time_epoch": 80.79201, "eta": 80.57022, "eta_hours": 0.02238, "loss": 0.04794341, "lr": 2.5e-07, "params": 282437, "time_iter": 0.09233, "accuracy": 0.988, "f1": 0.98799, "auc": 0.99933}
{"epoch": 149, "time_epoch": 80.95989, "eta": 0.0, "eta_hours": 0.0, "loss": 0.04926452, "lr": 6e-08, "params": 282437, "time_iter": 0.09253, "accuracy": 0.98743, "f1": 0.98742, "auc": 0.99919}
