{"epoch": 0, "time_epoch": 61.11008, "eta": 6049.89785, "eta_hours": 1.68053, "loss": 2.30456372, "lr": 0.0, "params": 112726, "time_iter": 0.02172, "accuracy": 0.0922, "f1": 0.05894, "auc": 0.51143}
{"epoch": 1, "time_epoch": 56.44468, "eta": 5760.18305, "eta_hours": 1.60005, "loss": 2.02392447, "lr": 0.0002, "params": 112726, "time_iter": 0.02007, "accuracy": 0.32067, "f1": 0.30734, "auc": 0.77754}
{"epoch": 2, "time_epoch": 56.44922, "eta": 5626.12841, "eta_hours": 1.56281, "loss": 1.68916139, "lr": 0.0004, "params": 112726, "time_iter": 0.02007, "accuracy": 0.43096, "f1": 0.42074, "auc": 0.84552}
{"epoch": 3, "time_epoch": 56.43133, "eta": 5530.44727, "eta_hours": 1.53624, "loss": 1.46532959, "lr": 0.0006, "params": 112726, "time_iter": 0.02006, "accuracy": 0.49336, "f1": 0.48746, "auc": 0.87772}
{"epoch": 4, "time_epoch": 56.48002, "eta": 5451.39109, "eta_hours": 1.51428, "loss": 1.33458181, "lr": 0.0008, "params": 112726, "time_iter": 0.02008, "accuracy": 0.53038, "f1": 0.52728, "auc": 0.89624}
{"epoch": 5, "time_epoch": 56.40986, "eta": 5378.76121, "eta_hours": 1.4941, "loss": 1.24985205, "lr": 0.001, "params": 112726, "time_iter": 0.02005, "accuracy": 0.56022, "f1": 0.55836, "auc": 0.90831}
{"epoch": 6, "time_epoch": 56.26478, "eta": 5308.83805, "eta_hours": 1.47468, "loss": 1.16732771, "lr": 0.00099973, "params": 112726, "time_iter": 0.02, "accuracy": 0.58889, "f1": 0.58743, "auc": 0.91981}
{"epoch": 7, "time_epoch": 56.40707, "eta": 5243.96589, "eta_hours": 1.45666, "loss": 1.10067941, "lr": 0.00099891, "params": 112726, "time_iter": 0.02005, "accuracy": 0.61453, "f1": 0.61338, "auc": 0.92861}
{"epoch": 8, "time_epoch": 56.4611, "eta": 5181.52109, "eta_hours": 1.43931, "loss": 1.0571395, "lr": 0.00099754, "params": 112726, "time_iter": 0.02007, "accuracy": 0.63031, "f1": 0.62947, "auc": 0.93404}
{"epoch": 9, "time_epoch": 56.71117, "eta": 5122.52367, "eta_hours": 1.42292, "loss": 1.01689034, "lr": 0.00099563, "params": 112726, "time_iter": 0.02016, "accuracy": 0.64173, "f1": 0.64104, "auc": 0.93882}
{"epoch": 10, "time_epoch": 56.6329, "eta": 5063.30865, "eta_hours": 1.40647, "loss": 0.98447633, "lr": 0.00099318, "params": 112726, "time_iter": 0.02013, "accuracy": 0.65776, "f1": 0.65711, "auc": 0.94216}
{"epoch": 11, "time_epoch": 56.49159, "eta": 5003.48776, "eta_hours": 1.38986, "loss": 0.95427659, "lr": 0.00099019, "params": 112726, "time_iter": 0.02008, "accuracy": 0.66631, "f1": 0.66581, "auc": 0.9458}
{"epoch": 12, "time_epoch": 56.4178, "eta": 4943.68521, "eta_hours": 1.37325, "loss": 0.92313401, "lr": 0.00098666, "params": 112726, "time_iter": 0.02006, "accuracy": 0.67702, "f1": 0.67633, "auc": 0.94925}
{"epoch": 13, "time_epoch": 56.52677, "eta": 4885.03558, "eta_hours": 1.35695, "loss": 0.90206912, "lr": 0.0009826, "params": 112726, "time_iter": 0.02009, "accuracy": 0.68311, "f1": 0.68248, "auc": 0.95135}
{"epoch": 14, "time_epoch": 56.62804, "eta": 4827.24287, "eta_hours": 1.3409, "loss": 0.88168, "lr": 0.00097802, "params": 112726, "time_iter": 0.02013, "accuracy": 0.69244, "f1": 0.69199, "auc": 0.95339}
{"epoch": 15, "time_epoch": 56.49512, "eta": 4768.89792, "eta_hours": 1.32469, "loss": 0.86352474, "lr": 0.00097291, "params": 112726, "time_iter": 0.02008, "accuracy": 0.69764, "f1": 0.69695, "auc": 0.95515}
{"epoch": 16, "time_epoch": 56.33307, "eta": 4709.97943, "eta_hours": 1.30833, "loss": 0.84649563, "lr": 0.00096728, "params": 112726, "time_iter": 0.02003, "accuracy": 0.70713, "f1": 0.70674, "auc": 0.95683}
{"epoch": 17, "time_epoch": 56.41299, "eta": 4651.71227, "eta_hours": 1.29214, "loss": 0.83214343, "lr": 0.00096114, "params": 112726, "time_iter": 0.02005, "accuracy": 0.71216, "f1": 0.71165, "auc": 0.95822}
{"epoch": 18, "time_epoch": 56.34895, "eta": 4593.36726, "eta_hours": 1.27594, "loss": 0.80675567, "lr": 0.0009545, "params": 112726, "time_iter": 0.02003, "accuracy": 0.71891, "f1": 0.71842, "auc": 0.96072}
{"epoch": 19, "time_epoch": 56.31386, "eta": 4535.08151, "eta_hours": 1.25974, "loss": 0.79285058, "lr": 0.00094736, "params": 112726, "time_iter": 0.02002, "accuracy": 0.72562, "f1": 0.72525, "auc": 0.96183}
{"epoch": 20, "time_epoch": 56.27664, "eta": 4476.84353, "eta_hours": 1.24357, "loss": 0.78031799, "lr": 0.00093974, "params": 112726, "time_iter": 0.02001, "accuracy": 0.72947, "f1": 0.72912, "auc": 0.96317}
{"epoch": 21, "time_epoch": 56.35377, "eta": 4419.05733, "eta_hours": 1.22752, "loss": 0.76386293, "lr": 0.00093163, "params": 112726, "time_iter": 0.02003, "accuracy": 0.73404, "f1": 0.73371, "auc": 0.96466}
{"epoch": 22, "time_epoch": 56.62765, "eta": 4362.31258, "eta_hours": 1.21175, "loss": 0.75100628, "lr": 0.00092305, "params": 112726, "time_iter": 0.02013, "accuracy": 0.73873, "f1": 0.73835, "auc": 0.96565}
{"epoch": 23, "time_epoch": 56.33673, "eta": 4304.65635, "eta_hours": 1.19574, "loss": 0.73608239, "lr": 0.000914, "params": 112726, "time_iter": 0.02003, "accuracy": 0.74524, "f1": 0.74483, "auc": 0.96681}
{"epoch": 24, "time_epoch": 56.73352, "eta": 4248.29606, "eta_hours": 1.18008, "loss": 0.72162918, "lr": 0.00090451, "params": 112726, "time_iter": 0.02017, "accuracy": 0.74958, "f1": 0.74927, "auc": 0.9682}
{"epoch": 25, "time_epoch": 56.40092, "eta": 4190.96042, "eta_hours": 1.16416, "loss": 0.70937067, "lr": 0.00089457, "params": 112726, "time_iter": 0.02005, "accuracy": 0.7542, "f1": 0.75382, "auc": 0.96909}
{"epoch": 26, "time_epoch": 56.40026, "eta": 4133.69223, "eta_hours": 1.14825, "loss": 0.7029803, "lr": 0.0008842, "params": 112726, "time_iter": 0.02005, "accuracy": 0.75602, "f1": 0.75542, "auc": 0.96979}
{"epoch": 27, "time_epoch": 56.62271, "eta": 4077.05806, "eta_hours": 1.13252, "loss": 0.68968472, "lr": 0.00087341, "params": 112726, "time_iter": 0.02013, "accuracy": 0.759, "f1": 0.75862, "auc": 0.97089}
{"epoch": 28, "time_epoch": 56.49061, "eta": 4020.10124, "eta_hours": 1.11669, "loss": 0.67276183, "lr": 0.00086221, "params": 112726, "time_iter": 0.02008, "accuracy": 0.76524, "f1": 0.7649, "auc": 0.97229}
{"epoch": 29, "time_epoch": 56.45879, "eta": 3963.10128, "eta_hours": 1.10086, "loss": 0.6610204, "lr": 0.00085062, "params": 112726, "time_iter": 0.02007, "accuracy": 0.77238, "f1": 0.77205, "auc": 0.97291}
{"epoch": 30, "time_epoch": 56.70558, "eta": 3906.68552, "eta_hours": 1.08519, "loss": 0.65412765, "lr": 0.00083864, "params": 112726, "time_iter": 0.02016, "accuracy": 0.77338, "f1": 0.77305, "auc": 0.97364}
{"epoch": 31, "time_epoch": 56.46766, "eta": 3849.74608, "eta_hours": 1.06937, "loss": 0.64015093, "lr": 0.00082629, "params": 112726, "time_iter": 0.02007, "accuracy": 0.77916, "f1": 0.77878, "auc": 0.97468}
{"epoch": 32, "time_epoch": 56.41267, "eta": 3792.72359, "eta_hours": 1.05353, "loss": 0.63072352, "lr": 0.00081359, "params": 112726, "time_iter": 0.02005, "accuracy": 0.78122, "f1": 0.78083, "auc": 0.97536}
{"epoch": 33, "time_epoch": 56.36815, "eta": 3735.65054, "eta_hours": 1.03768, "loss": 0.62361018, "lr": 0.00080054, "params": 112726, "time_iter": 0.02004, "accuracy": 0.78482, "f1": 0.78455, "auc": 0.97602}
{"epoch": 34, "time_epoch": 56.58198, "eta": 3679.01488, "eta_hours": 1.02195, "loss": 0.61085616, "lr": 0.00078716, "params": 112726, "time_iter": 0.02011, "accuracy": 0.78869, "f1": 0.7883, "auc": 0.97675}
{"epoch": 35, "time_epoch": 56.45278, "eta": 3622.15251, "eta_hours": 1.00615, "loss": 0.60071128, "lr": 0.00077347, "params": 112726, "time_iter": 0.02007, "accuracy": 0.79238, "f1": 0.79215, "auc": 0.97753}
{"epoch": 36, "time_epoch": 56.57241, "eta": 3565.51598, "eta_hours": 0.99042, "loss": 0.59278678, "lr": 0.00075948, "params": 112726, "time_iter": 0.02011, "accuracy": 0.79464, "f1": 0.79439, "auc": 0.97811}
{"epoch": 37, "time_epoch": 56.53046, "eta": 3508.81438, "eta_hours": 0.97467, "loss": 0.58207175, "lr": 0.00074521, "params": 112726, "time_iter": 0.0201, "accuracy": 0.79709, "f1": 0.79678, "auc": 0.97891}
{"epoch": 38, "time_epoch": 56.55426, "eta": 3452.15879, "eta_hours": 0.95893, "loss": 0.57099985, "lr": 0.00073067, "params": 112726, "time_iter": 0.0201, "accuracy": 0.80211, "f1": 0.80181, "auc": 0.97968}
{"epoch": 39, "time_epoch": 57.12442, "eta": 3396.3635, "eta_hours": 0.94343, "loss": 0.56037766, "lr": 0.00071588, "params": 112726, "time_iter": 0.02031, "accuracy": 0.8058, "f1": 0.8055, "auc": 0.98044}
{"epoch": 40, "time_epoch": 57.33233, "eta": 3340.80257, "eta_hours": 0.928, "loss": 0.55555622, "lr": 0.00070085, "params": 112726, "time_iter": 0.02038, "accuracy": 0.8088, "f1": 0.80867, "auc": 0.98076}
{"epoch": 41, "time_epoch": 56.94787, "eta": 3284.62636, "eta_hours": 0.9124, "loss": 0.53551053, "lr": 0.0006856, "params": 112726, "time_iter": 0.02024, "accuracy": 0.81447, "f1": 0.81426, "auc": 0.98194}
{"epoch": 42, "time_epoch": 57.16881, "eta": 3228.70713, "eta_hours": 0.89686, "loss": 0.53393797, "lr": 0.00067015, "params": 112726, "time_iter": 0.02032, "accuracy": 0.81464, "f1": 0.81435, "auc": 0.98217}
{"epoch": 43, "time_epoch": 57.07467, "eta": 3172.6113, "eta_hours": 0.88128, "loss": 0.52321761, "lr": 0.00065451, "params": 112726, "time_iter": 0.02029, "accuracy": 0.82, "f1": 0.81973, "auc": 0.98278}
{"epoch": 44, "time_epoch": 57.32361, "eta": 3116.77622, "eta_hours": 0.86577, "loss": 0.51206566, "lr": 0.0006387, "params": 112726, "time_iter": 0.02038, "accuracy": 0.82149, "f1": 0.8212, "auc": 0.98352}
{"epoch": 45, "time_epoch": 57.08246, "eta": 3060.59332, "eta_hours": 0.85016, "loss": 0.50274623, "lr": 0.00062274, "params": 112726, "time_iter": 0.02029, "accuracy": 0.82716, "f1": 0.82686, "auc": 0.98389}
{"epoch": 46, "time_epoch": 57.25088, "eta": 3004.56207, "eta_hours": 0.8346, "loss": 0.494631, "lr": 0.00060665, "params": 112726, "time_iter": 0.02035, "accuracy": 0.83042, "f1": 0.83026, "auc": 0.98452}
{"epoch": 47, "time_epoch": 57.30522, "eta": 2948.53887, "eta_hours": 0.81904, "loss": 0.48643899, "lr": 0.00059044, "params": 112726, "time_iter": 0.02037, "accuracy": 0.8314, "f1": 0.83118, "auc": 0.98504}
{"epoch": 48, "time_epoch": 56.82165, "eta": 2891.96003, "eta_hours": 0.80332, "loss": 0.47579308, "lr": 0.00057413, "params": 112726, "time_iter": 0.0202, "accuracy": 0.83438, "f1": 0.83413, "auc": 0.98556}
{"epoch": 49, "time_epoch": 59.22515, "eta": 2837.77499, "eta_hours": 0.78827, "loss": 0.46980008, "lr": 0.00055774, "params": 112726, "time_iter": 0.02105, "accuracy": 0.83753, "f1": 0.83736, "auc": 0.98592}
{"epoch": 50, "time_epoch": 57.47985, "eta": 2781.71543, "eta_hours": 0.7727, "loss": 0.4578571, "lr": 0.00054129, "params": 112726, "time_iter": 0.02043, "accuracy": 0.84202, "f1": 0.84188, "auc": 0.98666}
{"epoch": 51, "time_epoch": 57.78916, "eta": 2725.88677, "eta_hours": 0.75719, "loss": 0.45063593, "lr": 0.00052479, "params": 112726, "time_iter": 0.02054, "accuracy": 0.84453, "f1": 0.84439, "auc": 0.98714}
{"epoch": 52, "time_epoch": 57.67835, "eta": 2669.88586, "eta_hours": 0.74163, "loss": 0.44166214, "lr": 0.00050827, "params": 112726, "time_iter": 0.0205, "accuracy": 0.84789, "f1": 0.8477, "auc": 0.9875}
{"epoch": 53, "time_epoch": 57.42347, "eta": 2613.6057, "eta_hours": 0.726, "loss": 0.43387438, "lr": 0.00049173, "params": 112726, "time_iter": 0.02041, "accuracy": 0.85158, "f1": 0.85148, "auc": 0.98786}
{"epoch": 54, "time_epoch": 57.61275, "eta": 2557.43883, "eta_hours": 0.7104, "loss": 0.42384311, "lr": 0.00047521, "params": 112726, "time_iter": 0.02048, "accuracy": 0.85371, "f1": 0.85363, "auc": 0.98845}
{"epoch": 55, "time_epoch": 57.73994, "eta": 2501.32026, "eta_hours": 0.69481, "loss": 0.41072575, "lr": 0.00045871, "params": 112726, "time_iter": 0.02053, "accuracy": 0.85778, "f1": 0.85757, "auc": 0.98911}
{"epoch": 56, "time_epoch": 57.57418, "eta": 2445.01975, "eta_hours": 0.67917, "loss": 0.40511201, "lr": 0.00044226, "params": 112726, "time_iter": 0.02047, "accuracy": 0.85811, "f1": 0.85801, "auc": 0.98946}
{"epoch": 57, "time_epoch": 57.34893, "eta": 2388.5122, "eta_hours": 0.66348, "loss": 0.40155988, "lr": 0.00042587, "params": 112726, "time_iter": 0.02039, "accuracy": 0.86193, "f1": 0.86179, "auc": 0.98957}
{"epoch": 58, "time_epoch": 57.65975, "eta": 2332.19213, "eta_hours": 0.64783, "loss": 0.38765138, "lr": 0.00040956, "params": 112726, "time_iter": 0.0205, "accuracy": 0.86709, "f1": 0.86698, "auc": 0.9902}
{"epoch": 59, "time_epoch": 57.12425, "eta": 2275.47041, "eta_hours": 0.63208, "loss": 0.38469983, "lr": 0.00039335, "params": 112726, "time_iter": 0.02031, "accuracy": 0.86847, "f1": 0.86835, "auc": 0.99041}
{"epoch": 60, "time_epoch": 57.3821, "eta": 2218.90034, "eta_hours": 0.61636, "loss": 0.3764824, "lr": 0.00037726, "params": 112726, "time_iter": 0.0204, "accuracy": 0.87164, "f1": 0.87156, "auc": 0.99083}
{"epoch": 61, "time_epoch": 57.43313, "eta": 2162.33536, "eta_hours": 0.60065, "loss": 0.36751123, "lr": 0.0003613, "params": 112726, "time_iter": 0.02042, "accuracy": 0.87438, "f1": 0.87425, "auc": 0.99118}
{"epoch": 62, "time_epoch": 57.40961, "eta": 2105.729, "eta_hours": 0.58492, "loss": 0.356371, "lr": 0.00034549, "params": 112726, "time_iter": 0.02041, "accuracy": 0.87709, "f1": 0.877, "auc": 0.99172}
{"epoch": 63, "time_epoch": 57.02307, "eta": 2048.88011, "eta_hours": 0.56913, "loss": 0.35833435, "lr": 0.00032985, "params": 112726, "time_iter": 0.02027, "accuracy": 0.87744, "f1": 0.87735, "auc": 0.99155}
{"epoch": 64, "time_epoch": 56.98515, "eta": 1992.00544, "eta_hours": 0.55333, "loss": 0.34584624, "lr": 0.0003144, "params": 112726, "time_iter": 0.02026, "accuracy": 0.88236, "f1": 0.88224, "auc": 0.99207}
{"epoch": 65, "time_epoch": 57.18628, "eta": 1935.23104, "eta_hours": 0.53756, "loss": 0.33500353, "lr": 0.00029915, "params": 112726, "time_iter": 0.02033, "accuracy": 0.88616, "f1": 0.88606, "auc": 0.99256}
{"epoch": 66, "time_epoch": 57.20078, "eta": 1878.45148, "eta_hours": 0.52179, "loss": 0.33323629, "lr": 0.00028412, "params": 112726, "time_iter": 0.02033, "accuracy": 0.88587, "f1": 0.88578, "auc": 0.99277}
{"epoch": 67, "time_epoch": 57.4892, "eta": 1821.79526, "eta_hours": 0.50605, "loss": 0.32582976, "lr": 0.00026933, "params": 112726, "time_iter": 0.02044, "accuracy": 0.88807, "f1": 0.88794, "auc": 0.99307}
{"epoch": 68, "time_epoch": 57.13301, "eta": 1764.95487, "eta_hours": 0.49027, "loss": 0.31935629, "lr": 0.00025479, "params": 112726, "time_iter": 0.02031, "accuracy": 0.89344, "f1": 0.89335, "auc": 0.9932}
{"epoch": 69, "time_epoch": 56.74929, "eta": 1707.94167, "eta_hours": 0.47443, "loss": 0.31240391, "lr": 0.00024052, "params": 112726, "time_iter": 0.02017, "accuracy": 0.89396, "f1": 0.89382, "auc": 0.99347}
{"epoch": 70, "time_epoch": 56.67616, "eta": 1650.90603, "eta_hours": 0.45859, "loss": 0.30378201, "lr": 0.00022653, "params": 112726, "time_iter": 0.02015, "accuracy": 0.89616, "f1": 0.89605, "auc": 0.99385}
{"epoch": 71, "time_epoch": 55.3863, "eta": 1593.37877, "eta_hours": 0.44261, "loss": 0.29726273, "lr": 0.00021284, "params": 112726, "time_iter": 0.01969, "accuracy": 0.89789, "f1": 0.8978, "auc": 0.99413}
{"epoch": 72, "time_epoch": 54.94333, "eta": 1535.74632, "eta_hours": 0.4266, "loss": 0.29511532, "lr": 0.00019946, "params": 112726, "time_iter": 0.01953, "accuracy": 0.89991, "f1": 0.89988, "auc": 0.99423}
{"epoch": 73, "time_epoch": 54.87459, "eta": 1478.1624, "eta_hours": 0.4106, "loss": 0.29233936, "lr": 0.00018641, "params": 112726, "time_iter": 0.01951, "accuracy": 0.90031, "f1": 0.90026, "auc": 0.9943}
{"epoch": 74, "time_epoch": 54.9854, "eta": 1420.68767, "eta_hours": 0.39464, "loss": 0.28075012, "lr": 0.00017371, "params": 112726, "time_iter": 0.01955, "accuracy": 0.90553, "f1": 0.90549, "auc": 0.99474}
{"epoch": 75, "time_epoch": 55.00091, "eta": 1363.28334, "eta_hours": 0.37869, "loss": 0.27802185, "lr": 0.00016136, "params": 112726, "time_iter": 0.01955, "accuracy": 0.9068, "f1": 0.90676, "auc": 0.99476}
{"epoch": 76, "time_epoch": 55.02053, "eta": 1305.94731, "eta_hours": 0.36276, "loss": 0.27232924, "lr": 0.00014938, "params": 112726, "time_iter": 0.01956, "accuracy": 0.90813, "f1": 0.90809, "auc": 0.99505}
{"epoch": 77, "time_epoch": 55.01833, "eta": 1248.67002, "eta_hours": 0.34685, "loss": 0.26969663, "lr": 0.00013779, "params": 112726, "time_iter": 0.01956, "accuracy": 0.90964, "f1": 0.90958, "auc": 0.99503}
{"epoch": 78, "time_epoch": 55.04483, "eta": 1191.45696, "eta_hours": 0.33096, "loss": 0.26151002, "lr": 0.00012659, "params": 112726, "time_iter": 0.01957, "accuracy": 0.91144, "f1": 0.91142, "auc": 0.99538}
{"epoch": 79, "time_epoch": 55.07854, "eta": 1134.30654, "eta_hours": 0.31509, "loss": 0.26038053, "lr": 0.0001158, "params": 112726, "time_iter": 0.01958, "accuracy": 0.91193, "f1": 0.9119, "auc": 0.99542}
{"epoch": 80, "time_epoch": 54.98698, "eta": 1077.1858, "eta_hours": 0.29922, "loss": 0.25309845, "lr": 0.00010543, "params": 112726, "time_iter": 0.01955, "accuracy": 0.91389, "f1": 0.9138, "auc": 0.99567}
{"epoch": 81, "time_epoch": 55.076, "eta": 1020.13664, "eta_hours": 0.28337, "loss": 0.25188166, "lr": 9.549e-05, "params": 112726, "time_iter": 0.01958, "accuracy": 0.91487, "f1": 0.9148, "auc": 0.99567}
{"epoch": 82, "time_epoch": 54.81039, "eta": 963.08063, "eta_hours": 0.26752, "loss": 0.24611645, "lr": 8.6e-05, "params": 112726, "time_iter": 0.01948, "accuracy": 0.91758, "f1": 0.91752, "auc": 0.99579}
{"epoch": 83, "time_epoch": 54.79884, "eta": 906.07588, "eta_hours": 0.25169, "loss": 0.24038124, "lr": 7.695e-05, "params": 112726, "time_iter": 0.01948, "accuracy": 0.91827, "f1": 0.91822, "auc": 0.99602}
{"epoch": 84, "time_epoch": 54.80509, "eta": 849.12414, "eta_hours": 0.23587, "loss": 0.23857716, "lr": 6.837e-05, "params": 112726, "time_iter": 0.01948, "accuracy": 0.9194, "f1": 0.91939, "auc": 0.99615}
{"epoch": 85, "time_epoch": 54.6839, "eta": 792.20259, "eta_hours": 0.22006, "loss": 0.2347348, "lr": 6.026e-05, "params": 112726, "time_iter": 0.01944, "accuracy": 0.9214, "f1": 0.92134, "auc": 0.99626}
{"epoch": 86, "time_epoch": 54.62748, "eta": 735.32406, "eta_hours": 0.20426, "loss": 0.23283738, "lr": 5.264e-05, "params": 112726, "time_iter": 0.01942, "accuracy": 0.92222, "f1": 0.92219, "auc": 0.99627}
{"epoch": 87, "time_epoch": 58.33627, "eta": 679.00242, "eta_hours": 0.18861, "loss": 0.23096175, "lr": 4.55e-05, "params": 112726, "time_iter": 0.02074, "accuracy": 0.92267, "f1": 0.92264, "auc": 0.9963}
{"epoch": 88, "time_epoch": 54.95653, "eta": 622.2178, "eta_hours": 0.17284, "loss": 0.22816186, "lr": 3.886e-05, "params": 112726, "time_iter": 0.01954, "accuracy": 0.92184, "f1": 0.92178, "auc": 0.99648}
{"epoch": 89, "time_epoch": 59.90311, "eta": 566.02342, "eta_hours": 0.15723, "loss": 0.22759192, "lr": 3.272e-05, "params": 112726, "time_iter": 0.0213, "accuracy": 0.92422, "f1": 0.92416, "auc": 0.99636}
{"epoch": 90, "time_epoch": 58.25482, "eta": 509.58451, "eta_hours": 0.14155, "loss": 0.22486593, "lr": 2.709e-05, "params": 112726, "time_iter": 0.02071, "accuracy": 0.92398, "f1": 0.92394, "auc": 0.99652}
{"epoch": 91, "time_epoch": 58.47818, "eta": 453.12554, "eta_hours": 0.12587, "loss": 0.22013571, "lr": 2.198e-05, "params": 112726, "time_iter": 0.02079, "accuracy": 0.92587, "f1": 0.92583, "auc": 0.99665}
{"epoch": 92, "time_epoch": 55.49877, "eta": 396.3989, "eta_hours": 0.11011, "loss": 0.22176321, "lr": 1.74e-05, "params": 112726, "time_iter": 0.01973, "accuracy": 0.92484, "f1": 0.92483, "auc": 0.99661}
{"epoch": 93, "time_epoch": 57.58266, "eta": 339.83139, "eta_hours": 0.0944, "loss": 0.22308481, "lr": 1.334e-05, "params": 112726, "time_iter": 0.02047, "accuracy": 0.92542, "f1": 0.92536, "auc": 0.99649}
{"epoch": 94, "time_epoch": 56.4856, "eta": 283.18478, "eta_hours": 0.07866, "loss": 0.22163443, "lr": 9.81e-06, "params": 112726, "time_iter": 0.02008, "accuracy": 0.9254, "f1": 0.92537, "auc": 0.99661}
{"epoch": 95, "time_epoch": 56.43252, "eta": 226.5393, "eta_hours": 0.06293, "loss": 0.21242011, "lr": 6.82e-06, "params": 112726, "time_iter": 0.02006, "accuracy": 0.92944, "f1": 0.92941, "auc": 0.99687}
{"epoch": 96, "time_epoch": 55.65516, "eta": 169.87418, "eta_hours": 0.04719, "loss": 0.21398954, "lr": 4.37e-06, "params": 112726, "time_iter": 0.01978, "accuracy": 0.92876, "f1": 0.92871, "auc": 0.99682}
{"epoch": 97, "time_epoch": 55.76215, "eta": 113.23185, "eta_hours": 0.03145, "loss": 0.21355251, "lr": 2.46e-06, "params": 112726, "time_iter": 0.01982, "accuracy": 0.92811, "f1": 0.92806, "auc": 0.99684}
{"epoch": 98, "time_epoch": 55.79754, "eta": 56.60766, "eta_hours": 0.01572, "loss": 0.21560135, "lr": 1.09e-06, "params": 112726, "time_iter": 0.01984, "accuracy": 0.92867, "f1": 0.92863, "auc": 0.99678}
{"epoch": 99, "time_epoch": 55.75683, "eta": 0.0, "eta_hours": 0.0, "loss": 0.20998387, "lr": 2.7e-07, "params": 112726, "time_iter": 0.01982, "accuracy": 0.92884, "f1": 0.9288, "auc": 0.99698}
