{"epoch": 0, "time_epoch": 94.84532, "eta": 9389.68713, "eta_hours": 2.60825, "loss": 1.79894906, "lr": 0.0, "params": 502054, "time_iter": 0.15175, "accuracy": 0.16572, "f1": 0.07599, "auc": 0.49882}
{"epoch": 1, "time_epoch": 91.18877, "eta": 9115.67076, "eta_hours": 2.53213, "loss": 1.68562331, "lr": 0.0002, "params": 502054, "time_iter": 0.1459, "accuracy": 0.33309, "f1": 0.32472, "auc": 0.67498}
{"epoch": 2, "time_epoch": 90.85968, "eta": 8952.89889, "eta_hours": 2.48692, "loss": 1.36949241, "lr": 0.0004, "params": 502054, "time_iter": 0.14538, "accuracy": 0.52767, "f1": 0.5266, "auc": 0.81545}
{"epoch": 3, "time_epoch": 90.96918, "eta": 8828.71093, "eta_hours": 2.45242, "loss": 1.11431269, "lr": 0.0006, "params": 502054, "time_iter": 0.14555, "accuracy": 0.6191, "f1": 0.61905, "auc": 0.87803}
{"epoch": 4, "time_epoch": 91.22654, "eta": 8722.70049, "eta_hours": 2.42297, "loss": 1.00223251, "lr": 0.0008, "params": 502054, "time_iter": 0.14596, "accuracy": 0.65079, "f1": 0.65079, "auc": 0.90088}
{"epoch": 5, "time_epoch": 87.7723, "eta": 8567.50157, "eta_hours": 2.37986, "loss": 0.90820054, "lr": 0.001, "params": 502054, "time_iter": 0.14044, "accuracy": 0.68161, "f1": 0.68161, "auc": 0.91824}
{"epoch": 6, "time_epoch": 85.79925, "eta": 8405.35393, "eta_hours": 2.33482, "loss": 0.86656064, "lr": 0.00099973, "params": 502054, "time_iter": 0.13728, "accuracy": 0.69646, "f1": 0.69646, "auc": 0.92496}
{"epoch": 7, "time_epoch": 86.38883, "eta": 8269.07359, "eta_hours": 2.29696, "loss": 0.81992324, "lr": 0.00099891, "params": 502054, "time_iter": 0.13822, "accuracy": 0.71146, "f1": 0.71146, "auc": 0.93292}
{"epoch": 8, "time_epoch": 88.59398, "eta": 8166.17682, "eta_hours": 2.26838, "loss": 0.79719203, "lr": 0.00099754, "params": 502054, "time_iter": 0.14175, "accuracy": 0.71848, "f1": 0.71848, "auc": 0.9365}
{"epoch": 9, "time_epoch": 89.29977, "eta": 8072.49267, "eta_hours": 2.24236, "loss": 0.78002486, "lr": 0.00099563, "params": 502054, "time_iter": 0.14288, "accuracy": 0.72322, "f1": 0.72321, "auc": 0.93919}
{"epoch": 10, "time_epoch": 89.35887, "eta": 7980.08388, "eta_hours": 2.21669, "loss": 0.76713484, "lr": 0.00099318, "params": 502054, "time_iter": 0.14297, "accuracy": 0.72737, "f1": 0.72737, "auc": 0.94111}
{"epoch": 11, "time_epoch": 88.97359, "eta": 7885.35804, "eta_hours": 2.19038, "loss": 0.75334766, "lr": 0.00099019, "params": 502054, "time_iter": 0.14236, "accuracy": 0.7323, "f1": 0.7323, "auc": 0.94315}
{"epoch": 12, "time_epoch": 88.937, "eta": 7791.27226, "eta_hours": 2.16424, "loss": 0.7454642, "lr": 0.00098666, "params": 502054, "time_iter": 0.1423, "accuracy": 0.73504, "f1": 0.73504, "auc": 0.94433}
{"epoch": 13, "time_epoch": 88.48545, "eta": 7695.14819, "eta_hours": 2.13754, "loss": 0.7367407, "lr": 0.0009826, "params": 502054, "time_iter": 0.14158, "accuracy": 0.73737, "f1": 0.73737, "auc": 0.94563}
{"epoch": 14, "time_epoch": 88.50942, "eta": 7600.17845, "eta_hours": 2.11116, "loss": 0.73051358, "lr": 0.00097802, "params": 502054, "time_iter": 0.14162, "accuracy": 0.73957, "f1": 0.73957, "auc": 0.94651}
{"epoch": 15, "time_epoch": 88.47932, "eta": 7505.85821, "eta_hours": 2.08496, "loss": 0.72128183, "lr": 0.00097291, "params": 502054, "time_iter": 0.14157, "accuracy": 0.74291, "f1": 0.74291, "auc": 0.94784}
{"epoch": 16, "time_epoch": 87.29421, "eta": 7406.43902, "eta_hours": 2.05734, "loss": 0.71831411, "lr": 0.00096728, "params": 502054, "time_iter": 0.13967, "accuracy": 0.74341, "f1": 0.74341, "auc": 0.94826}
{"epoch": 17, "time_epoch": 87.97535, "eta": 7311.47004, "eta_hours": 2.03096, "loss": 0.71492987, "lr": 0.00096114, "params": 502054, "time_iter": 0.14076, "accuracy": 0.74423, "f1": 0.74423, "auc": 0.94877}
{"epoch": 18, "time_epoch": 89.97514, "eta": 7225.76264, "eta_hours": 2.00716, "loss": 0.70613256, "lr": 0.0009545, "params": 502054, "time_iter": 0.14396, "accuracy": 0.74799, "f1": 0.74799, "auc": 0.95}
{"epoch": 19, "time_epoch": 89.52181, "eta": 7137.81516, "eta_hours": 1.98273, "loss": 0.70539022, "lr": 0.00094736, "params": 502054, "time_iter": 0.14323, "accuracy": 0.74786, "f1": 0.74786, "auc": 0.95011}
{"epoch": 20, "time_epoch": 88.51483, "eta": 7045.92958, "eta_hours": 1.9572, "loss": 0.6991479, "lr": 0.00093974, "params": 502054, "time_iter": 0.14162, "accuracy": 0.75004, "f1": 0.75004, "auc": 0.95098}
{"epoch": 21, "time_epoch": 88.11663, "eta": 6952.93862, "eta_hours": 1.93137, "loss": 0.69600845, "lr": 0.00093163, "params": 502054, "time_iter": 0.14099, "accuracy": 0.75103, "f1": 0.75103, "auc": 0.95144}
{"epoch": 22, "time_epoch": 87.36935, "eta": 6857.86976, "eta_hours": 1.90496, "loss": 0.68966862, "lr": 0.00092305, "params": 502054, "time_iter": 0.13979, "accuracy": 0.75332, "f1": 0.75332, "auc": 0.95228}
{"epoch": 23, "time_epoch": 88.20632, "eta": 6766.09292, "eta_hours": 1.87947, "loss": 0.6915331, "lr": 0.000914, "params": 502054, "time_iter": 0.14113, "accuracy": 0.75257, "f1": 0.75257, "auc": 0.95204}
{"epoch": 24, "time_epoch": 87.67346, "eta": 6673.00316, "eta_hours": 1.85361, "loss": 0.68559607, "lr": 0.00090451, "params": 502054, "time_iter": 0.14028, "accuracy": 0.75505, "f1": 0.75505, "auc": 0.95285}
{"epoch": 25, "time_epoch": 87.73023, "eta": 6580.49161, "eta_hours": 1.82791, "loss": 0.68272013, "lr": 0.00089457, "params": 502054, "time_iter": 0.14037, "accuracy": 0.7556, "f1": 0.7556, "auc": 0.95326}
{"epoch": 26, "time_epoch": 87.84402, "eta": 6488.64188, "eta_hours": 1.8024, "loss": 0.67784022, "lr": 0.0008842, "params": 502054, "time_iter": 0.14055, "accuracy": 0.75699, "f1": 0.75699, "auc": 0.95393}
{"epoch": 27, "time_epoch": 87.7353, "eta": 6396.79869, "eta_hours": 1.77689, "loss": 0.67593512, "lr": 0.00087341, "params": 502054, "time_iter": 0.14038, "accuracy": 0.7573, "f1": 0.75729, "auc": 0.95418}
{"epoch": 28, "time_epoch": 92.08879, "eta": 6315.89737, "eta_hours": 1.75442, "loss": 0.67244534, "lr": 0.00086221, "params": 502054, "time_iter": 0.14734, "accuracy": 0.75871, "f1": 0.75871, "auc": 0.95465}
{"epoch": 29, "time_epoch": 89.19093, "eta": 6227.48854, "eta_hours": 1.72986, "loss": 0.66896079, "lr": 0.00085062, "params": 502054, "time_iter": 0.14271, "accuracy": 0.76033, "f1": 0.76033, "auc": 0.95511}
{"epoch": 30, "time_epoch": 86.58612, "eta": 6133.23144, "eta_hours": 1.70368, "loss": 0.66841749, "lr": 0.00083864, "params": 502054, "time_iter": 0.13854, "accuracy": 0.76028, "f1": 0.76028, "auc": 0.95521}
{"epoch": 31, "time_epoch": 87.24253, "eta": 6040.84866, "eta_hours": 1.67801, "loss": 0.66424844, "lr": 0.00082629, "params": 502054, "time_iter": 0.13959, "accuracy": 0.76148, "f1": 0.76148, "auc": 0.95575}
{"epoch": 32, "time_epoch": 87.2063, "eta": 5948.70384, "eta_hours": 1.65242, "loss": 0.66264181, "lr": 0.00081359, "params": 502054, "time_iter": 0.13953, "accuracy": 0.76197, "f1": 0.76197, "auc": 0.95598}
{"epoch": 33, "time_epoch": 87.60801, "eta": 5857.62932, "eta_hours": 1.62712, "loss": 0.65831325, "lr": 0.00080054, "params": 502054, "time_iter": 0.14017, "accuracy": 0.76396, "f1": 0.76396, "auc": 0.95654}
{"epoch": 34, "time_epoch": 87.29096, "eta": 5766.16407, "eta_hours": 1.60171, "loss": 0.65117663, "lr": 0.00078716, "params": 502054, "time_iter": 0.13967, "accuracy": 0.76667, "f1": 0.76666, "auc": 0.95746}
{"epoch": 35, "time_epoch": 87.64828, "eta": 5675.56597, "eta_hours": 1.57655, "loss": 0.65366288, "lr": 0.00077347, "params": 502054, "time_iter": 0.14024, "accuracy": 0.76482, "f1": 0.76482, "auc": 0.95716}
{"epoch": 36, "time_epoch": 87.64855, "eta": 5585.12777, "eta_hours": 1.55142, "loss": 0.64770542, "lr": 0.00075948, "params": 502054, "time_iter": 0.14024, "accuracy": 0.76755, "f1": 0.76755, "auc": 0.95794}
{"epoch": 37, "time_epoch": 90.7855, "eta": 5499.95458, "eta_hours": 1.52777, "loss": 0.64553851, "lr": 0.00074521, "params": 502054, "time_iter": 0.14526, "accuracy": 0.76814, "f1": 0.76814, "auc": 0.95821}
{"epoch": 38, "time_epoch": 90.31764, "eta": 5413.7618, "eta_hours": 1.50382, "loss": 0.64453282, "lr": 0.00073067, "params": 502054, "time_iter": 0.14451, "accuracy": 0.76827, "f1": 0.76827, "auc": 0.95836}
{"epoch": 39, "time_epoch": 87.83477, "eta": 5323.63846, "eta_hours": 1.47879, "loss": 0.64250225, "lr": 0.00071588, "params": 502054, "time_iter": 0.14054, "accuracy": 0.7692, "f1": 0.7692, "auc": 0.95861}
{"epoch": 40, "time_epoch": 87.22044, "eta": 5232.74273, "eta_hours": 1.45354, "loss": 0.63719089, "lr": 0.00070085, "params": 502054, "time_iter": 0.13955, "accuracy": 0.77121, "f1": 0.77121, "auc": 0.9593}
{"epoch": 41, "time_epoch": 87.64462, "eta": 5142.60779, "eta_hours": 1.4285, "loss": 0.63814986, "lr": 0.0006856, "params": 502054, "time_iter": 0.14023, "accuracy": 0.77039, "f1": 0.77039, "auc": 0.95917}
{"epoch": 42, "time_epoch": 87.65585, "eta": 5052.60357, "eta_hours": 1.4035, "loss": 0.63382701, "lr": 0.00067015, "params": 502054, "time_iter": 0.14025, "accuracy": 0.77203, "f1": 0.77203, "auc": 0.95973}
{"epoch": 43, "time_epoch": 87.64839, "eta": 4962.69659, "eta_hours": 1.37853, "loss": 0.63236491, "lr": 0.00065451, "params": 502054, "time_iter": 0.14024, "accuracy": 0.77268, "f1": 0.77267, "auc": 0.95993}
{"epoch": 44, "time_epoch": 86.92611, "eta": 4872.00721, "eta_hours": 1.35334, "loss": 0.62647998, "lr": 0.0006387, "params": 502054, "time_iter": 0.13908, "accuracy": 0.77429, "f1": 0.77429, "auc": 0.96068}
{"epoch": 45, "time_epoch": 86.39759, "eta": 4780.86101, "eta_hours": 1.32802, "loss": 0.62975941, "lr": 0.00062274, "params": 502054, "time_iter": 0.13824, "accuracy": 0.77395, "f1": 0.77395, "auc": 0.96024}
{"epoch": 46, "time_epoch": 89.5238, "eta": 4693.44218, "eta_hours": 1.30373, "loss": 0.62606818, "lr": 0.00060665, "params": 502054, "time_iter": 0.14324, "accuracy": 0.77503, "f1": 0.77503, "auc": 0.9607}
{"epoch": 47, "time_epoch": 89.92966, "eta": 4606.37533, "eta_hours": 1.27955, "loss": 0.62204091, "lr": 0.00059044, "params": 502054, "time_iter": 0.14389, "accuracy": 0.77605, "f1": 0.77605, "auc": 0.96123}
{"epoch": 48, "time_epoch": 87.90617, "eta": 4517.08554, "eta_hours": 1.25475, "loss": 0.61899263, "lr": 0.00057413, "params": 502054, "time_iter": 0.14065, "accuracy": 0.7772, "f1": 0.7772, "auc": 0.9616}
{"epoch": 49, "time_epoch": 87.29554, "eta": 4427.24048, "eta_hours": 1.22979, "loss": 0.61657445, "lr": 0.00055774, "params": 502054, "time_iter": 0.13967, "accuracy": 0.77761, "f1": 0.7776, "auc": 0.96191}
{"epoch": 50, "time_epoch": 88.29761, "eta": 4338.45816, "eta_hours": 1.20513, "loss": 0.61385041, "lr": 0.00054129, "params": 502054, "time_iter": 0.14128, "accuracy": 0.77903, "f1": 0.77903, "auc": 0.96225}
{"epoch": 51, "time_epoch": 87.25942, "eta": 4248.73616, "eta_hours": 1.1802, "loss": 0.61062143, "lr": 0.00052479, "params": 502054, "time_iter": 0.13962, "accuracy": 0.78019, "f1": 0.78019, "auc": 0.96264}
{"epoch": 52, "time_epoch": 88.19119, "eta": 4159.93337, "eta_hours": 1.15554, "loss": 0.61058309, "lr": 0.00050827, "params": 502054, "time_iter": 0.14111, "accuracy": 0.77973, "f1": 0.77973, "auc": 0.96264}
{"epoch": 53, "time_epoch": 88.55383, "eta": 4071.46216, "eta_hours": 1.13096, "loss": 0.60667562, "lr": 0.00049173, "params": 502054, "time_iter": 0.14169, "accuracy": 0.78123, "f1": 0.78123, "auc": 0.96312}
{"epoch": 54, "time_epoch": 86.89997, "eta": 3981.63478, "eta_hours": 1.10601, "loss": 0.60358798, "lr": 0.00047521, "params": 502054, "time_iter": 0.13904, "accuracy": 0.7824, "f1": 0.7824, "auc": 0.9635}
{"epoch": 55, "time_epoch": 87.87394, "eta": 3892.67721, "eta_hours": 1.0813, "loss": 0.60105729, "lr": 0.00045871, "params": 502054, "time_iter": 0.1406, "accuracy": 0.7836, "f1": 0.7836, "auc": 0.96381}
{"epoch": 56, "time_epoch": 89.58294, "eta": 3805.0469, "eta_hours": 1.05696, "loss": 0.59844787, "lr": 0.00044226, "params": 502054, "time_iter": 0.14333, "accuracy": 0.78464, "f1": 0.78464, "auc": 0.96412}
{"epoch": 57, "time_epoch": 89.38745, "eta": 3717.2077, "eta_hours": 1.03256, "loss": 0.60036503, "lr": 0.00042587, "params": 502054, "time_iter": 0.14302, "accuracy": 0.7839, "f1": 0.7839, "auc": 0.96387}
{"epoch": 58, "time_epoch": 87.33007, "eta": 3627.88632, "eta_hours": 1.00775, "loss": 0.5962642, "lr": 0.00040956, "params": 502054, "time_iter": 0.13973, "accuracy": 0.78498, "f1": 0.78498, "auc": 0.96439}
{"epoch": 59, "time_epoch": 88.70397, "eta": 3539.54724, "eta_hours": 0.98321, "loss": 0.5926523, "lr": 0.00039335, "params": 502054, "time_iter": 0.14193, "accuracy": 0.78645, "f1": 0.78645, "auc": 0.9648}
{"epoch": 60, "time_epoch": 87.74083, "eta": 3450.58042, "eta_hours": 0.95849, "loss": 0.58917215, "lr": 0.00037726, "params": 502054, "time_iter": 0.14039, "accuracy": 0.78711, "f1": 0.78711, "auc": 0.96523}
{"epoch": 61, "time_epoch": 90.45623, "eta": 3363.31743, "eta_hours": 0.93425, "loss": 0.58877422, "lr": 0.0003613, "params": 502054, "time_iter": 0.14473, "accuracy": 0.78781, "f1": 0.78781, "auc": 0.96527}
{"epoch": 62, "time_epoch": 89.41223, "eta": 3275.33993, "eta_hours": 0.90982, "loss": 0.58777327, "lr": 0.00034549, "params": 502054, "time_iter": 0.14306, "accuracy": 0.78817, "f1": 0.78817, "auc": 0.96539}
{"epoch": 63, "time_epoch": 87.84632, "eta": 3186.43676, "eta_hours": 0.88512, "loss": 0.58301303, "lr": 0.00032985, "params": 502054, "time_iter": 0.14055, "accuracy": 0.79001, "f1": 0.79001, "auc": 0.96594}
{"epoch": 64, "time_epoch": 91.65245, "eta": 3099.61557, "eta_hours": 0.861, "loss": 0.58373897, "lr": 0.0003144, "params": 502054, "time_iter": 0.14664, "accuracy": 0.78953, "f1": 0.78953, "auc": 0.96587}
{"epoch": 65, "time_epoch": 93.39254, "eta": 3013.54439, "eta_hours": 0.8371, "loss": 0.57955087, "lr": 0.00029915, "params": 502054, "time_iter": 0.14943, "accuracy": 0.79104, "f1": 0.79103, "auc": 0.96636}
{"epoch": 66, "time_epoch": 91.69816, "eta": 2926.42011, "eta_hours": 0.81289, "loss": 0.57835972, "lr": 0.00028412, "params": 502054, "time_iter": 0.14672, "accuracy": 0.79148, "f1": 0.79148, "auc": 0.96648}
{"epoch": 67, "time_epoch": 88.86412, "eta": 2837.82764, "eta_hours": 0.78829, "loss": 0.57825079, "lr": 0.00026933, "params": 502054, "time_iter": 0.14218, "accuracy": 0.79136, "f1": 0.79136, "auc": 0.96651}
{"epoch": 68, "time_epoch": 87.29321, "eta": 2748.52153, "eta_hours": 0.76348, "loss": 0.57356054, "lr": 0.00025479, "params": 502054, "time_iter": 0.13967, "accuracy": 0.79291, "f1": 0.79291, "auc": 0.96706}
{"epoch": 69, "time_epoch": 86.26472, "eta": 2658.83214, "eta_hours": 0.73856, "loss": 0.57296357, "lr": 0.00024052, "params": 502054, "time_iter": 0.13802, "accuracy": 0.79346, "f1": 0.79346, "auc": 0.96712}
{"epoch": 70, "time_epoch": 88.54958, "eta": 2570.17248, "eta_hours": 0.71394, "loss": 0.57115156, "lr": 0.00022653, "params": 502054, "time_iter": 0.14168, "accuracy": 0.79404, "f1": 0.79404, "auc": 0.96732}
{"epoch": 71, "time_epoch": 90.31665, "eta": 2482.20307, "eta_hours": 0.6895, "loss": 0.57042488, "lr": 0.00021284, "params": 502054, "time_iter": 0.14451, "accuracy": 0.79416, "f1": 0.79416, "auc": 0.96742}
{"epoch": 72, "time_epoch": 89.03169, "eta": 2393.69409, "eta_hours": 0.66492, "loss": 0.56663534, "lr": 0.00019946, "params": 502054, "time_iter": 0.14245, "accuracy": 0.79547, "f1": 0.79547, "auc": 0.96785}
{"epoch": 73, "time_epoch": 89.7454, "eta": 2305.42175, "eta_hours": 0.64039, "loss": 0.56423397, "lr": 0.00018641, "params": 502054, "time_iter": 0.14359, "accuracy": 0.79651, "f1": 0.79651, "auc": 0.96812}
{"epoch": 74, "time_epoch": 91.29936, "eta": 2217.62811, "eta_hours": 0.61601, "loss": 0.56299475, "lr": 0.00017371, "params": 502054, "time_iter": 0.14608, "accuracy": 0.79689, "f1": 0.79689, "auc": 0.96827}
{"epoch": 75, "time_epoch": 90.4586, "eta": 2129.47672, "eta_hours": 0.59152, "loss": 0.565046, "lr": 0.00016136, "params": 502054, "time_iter": 0.14473, "accuracy": 0.79567, "f1": 0.79567, "auc": 0.96804}
{"epoch": 76, "time_epoch": 90.78914, "eta": 2041.36413, "eta_hours": 0.56705, "loss": 0.56234007, "lr": 0.00014938, "params": 502054, "time_iter": 0.14526, "accuracy": 0.79701, "f1": 0.79701, "auc": 0.96833}
{"epoch": 77, "time_epoch": 87.63987, "eta": 1952.29465, "eta_hours": 0.5423, "loss": 0.56046651, "lr": 0.00013779, "params": 502054, "time_iter": 0.14022, "accuracy": 0.79722, "f1": 0.79722, "auc": 0.96856}
{"epoch": 78, "time_epoch": 87.93156, "eta": 1863.33891, "eta_hours": 0.51759, "loss": 0.55969097, "lr": 0.00012659, "params": 502054, "time_iter": 0.14069, "accuracy": 0.79763, "f1": 0.79763, "auc": 0.96864}
{"epoch": 79, "time_epoch": 93.39155, "eta": 1775.77376, "eta_hours": 0.49327, "loss": 0.55746257, "lr": 0.0001158, "params": 502054, "time_iter": 0.14943, "accuracy": 0.79895, "f1": 0.79895, "auc": 0.96887}
{"epoch": 80, "time_epoch": 93.19435, "eta": 1688.0185, "eta_hours": 0.46889, "loss": 0.55743196, "lr": 0.00010543, "params": 502054, "time_iter": 0.14911, "accuracy": 0.79891, "f1": 0.79891, "auc": 0.96889}
{"epoch": 81, "time_epoch": 93.82528, "eta": 1600.26908, "eta_hours": 0.44452, "loss": 0.55624684, "lr": 9.549e-05, "params": 502054, "time_iter": 0.15012, "accuracy": 0.79928, "f1": 0.79928, "auc": 0.96901}
{"epoch": 82, "time_epoch": 95.85098, "eta": 1512.78815, "eta_hours": 0.42022, "loss": 0.55546908, "lr": 8.6e-05, "params": 502054, "time_iter": 0.15336, "accuracy": 0.79949, "f1": 0.79949, "auc": 0.96912}
{"epoch": 83, "time_epoch": 96.95717, "eta": 1425.31863, "eta_hours": 0.39592, "loss": 0.55288689, "lr": 7.695e-05, "params": 502054, "time_iter": 0.15513, "accuracy": 0.8001, "f1": 0.8001, "auc": 0.9694}
{"epoch": 84, "time_epoch": 93.75755, "eta": 1337.06124, "eta_hours": 0.37141, "loss": 0.55411685, "lr": 6.837e-05, "params": 502054, "time_iter": 0.15001, "accuracy": 0.80001, "f1": 0.80001, "auc": 0.96926}
{"epoch": 85, "time_epoch": 91.89041, "eta": 1248.37199, "eta_hours": 0.34677, "loss": 0.55185319, "lr": 6.026e-05, "params": 502054, "time_iter": 0.14702, "accuracy": 0.80091, "f1": 0.80091, "auc": 0.96951}
{"epoch": 86, "time_epoch": 94.87093, "eta": 1160.05451, "eta_hours": 0.32224, "loss": 0.54989945, "lr": 5.264e-05, "params": 502054, "time_iter": 0.15179, "accuracy": 0.80137, "f1": 0.80137, "auc": 0.96972}
{"epoch": 87, "time_epoch": 93.86095, "eta": 1071.45036, "eta_hours": 0.29763, "loss": 0.54937751, "lr": 4.55e-05, "params": 502054, "time_iter": 0.15018, "accuracy": 0.80158, "f1": 0.80158, "auc": 0.96978}
{"epoch": 88, "time_epoch": 93.68013, "eta": 982.70574, "eta_hours": 0.27297, "loss": 0.54916244, "lr": 3.886e-05, "params": 502054, "time_iter": 0.14989, "accuracy": 0.80159, "f1": 0.80159, "auc": 0.96981}
{"epoch": 89, "time_epoch": 90.39608, "eta": 893.48654, "eta_hours": 0.24819, "loss": 0.5482077, "lr": 3.272e-05, "params": 502054, "time_iter": 0.14463, "accuracy": 0.80183, "f1": 0.80183, "auc": 0.96992}
{"epoch": 90, "time_epoch": 93.38526, "eta": 804.53711, "eta_hours": 0.22348, "loss": 0.54819218, "lr": 2.709e-05, "params": 502054, "time_iter": 0.14942, "accuracy": 0.80162, "f1": 0.80162, "auc": 0.96991}
{"epoch": 91, "time_epoch": 91.68261, "eta": 715.3432, "eta_hours": 0.19871, "loss": 0.54873896, "lr": 2.198e-05, "params": 502054, "time_iter": 0.14669, "accuracy": 0.8019, "f1": 0.8019, "auc": 0.96985}
{"epoch": 92, "time_epoch": 93.47926, "eta": 626.23099, "eta_hours": 0.17395, "loss": 0.54867632, "lr": 1.74e-05, "params": 502054, "time_iter": 0.14957, "accuracy": 0.80178, "f1": 0.80178, "auc": 0.96986}
{"epoch": 93, "time_epoch": 93.49534, "eta": 537.02689, "eta_hours": 0.14917, "loss": 0.54648687, "lr": 1.334e-05, "params": 502054, "time_iter": 0.14959, "accuracy": 0.80272, "f1": 0.80272, "auc": 0.9701}
{"epoch": 94, "time_epoch": 92.10182, "eta": 447.65911, "eta_hours": 0.12435, "loss": 0.54782489, "lr": 9.81e-06, "params": 502054, "time_iter": 0.14736, "accuracy": 0.80197, "f1": 0.80197, "auc": 0.96996}
{"epoch": 95, "time_epoch": 92.80658, "eta": 358.26374, "eta_hours": 0.09952, "loss": 0.54628703, "lr": 6.82e-06, "params": 502054, "time_iter": 0.14849, "accuracy": 0.8026, "f1": 0.8026, "auc": 0.97013}
{"epoch": 96, "time_epoch": 93.12223, "eta": 268.80779, "eta_hours": 0.07467, "loss": 0.54667241, "lr": 4.37e-06, "params": 502054, "time_iter": 0.149, "accuracy": 0.8025, "f1": 0.80249, "auc": 0.97009}
{"epoch": 97, "time_epoch": 93.48463, "eta": 179.28442, "eta_hours": 0.0498, "loss": 0.54408743, "lr": 2.46e-06, "params": 502054, "time_iter": 0.14958, "accuracy": 0.80317, "f1": 0.80317, "auc": 0.97037}
{"epoch": 98, "time_epoch": 92.9797, "eta": 89.67592, "eta_hours": 0.02491, "loss": 0.54682038, "lr": 1.09e-06, "params": 502054, "time_iter": 0.14877, "accuracy": 0.80258, "f1": 0.80258, "auc": 0.97007}
{"epoch": 99, "time_epoch": 93.14561, "eta": 0.0, "eta_hours": 0.0, "loss": 0.54756618, "lr": 2.7e-07, "params": 502054, "time_iter": 0.14903, "accuracy": 0.8021, "f1": 0.8021, "auc": 0.96997}
