{"epoch": 0, "time_epoch": 29.76752, "eta": 2946.98478, "eta_hours": 0.81861, "loss": 0.20203948, "lr": 0.0, "params": 337201, "time_iter": 0.0951, "accuracy": 0.17652, "precision": 0.17652, "recall": 0.99999, "f1": 0.30007, "auc": 0.49851}
{"epoch": 1, "time_epoch": 26.59548, "eta": 2761.78728, "eta_hours": 0.76716, "loss": 0.16045402, "lr": 0.0002, "params": 337201, "time_iter": 0.08497, "accuracy": 0.7671, "precision": 0.41817, "recall": 0.81618, "f1": 0.55301, "auc": 0.85013}
{"epoch": 2, "time_epoch": 26.67689, "eta": 2684.95657, "eta_hours": 0.74582, "loss": 0.12970841, "lr": 0.0004, "params": 337201, "time_iter": 0.08523, "accuracy": 0.84129, "precision": 0.53221, "recall": 0.83332, "f1": 0.64956, "auc": 0.89734}
{"epoch": 3, "time_epoch": 26.74176, "eta": 2634.75974, "eta_hours": 0.73188, "loss": 0.11648141, "lr": 0.0006, "params": 337201, "time_iter": 0.08544, "accuracy": 0.84346, "precision": 0.53642, "recall": 0.83363, "f1": 0.65278, "auc": 0.90991}
{"epoch": 4, "time_epoch": 26.56771, "eta": 2590.638, "eta_hours": 0.71962, "loss": 0.10945046, "lr": 0.0008, "params": 337201, "time_iter": 0.08488, "accuracy": 0.84376, "precision": 0.53688, "recall": 0.83624, "f1": 0.65393, "auc": 0.91686}
{"epoch": 5, "time_epoch": 26.74075, "eta": 2555.07851, "eta_hours": 0.70974, "loss": 0.10335577, "lr": 0.001, "params": 337201, "time_iter": 0.08543, "accuracy": 0.84769, "precision": 0.5441, "recall": 0.84597, "f1": 0.66226, "auc": 0.9241}
{"epoch": 6, "time_epoch": 26.97446, "eta": 2525.1437, "eta_hours": 0.70143, "loss": 0.10037878, "lr": 0.00099973, "params": 337201, "time_iter": 0.08618, "accuracy": 0.85055, "precision": 0.54965, "recall": 0.84885, "f1": 0.66724, "auc": 0.92777}
{"epoch": 7, "time_epoch": 26.87956, "eta": 2494.85759, "eta_hours": 0.69302, "loss": 0.09896873, "lr": 0.00099891, "params": 337201, "time_iter": 0.08588, "accuracy": 0.85326, "precision": 0.55529, "recall": 0.84711, "f1": 0.67084, "auc": 0.92932}
{"epoch": 8, "time_epoch": 26.56514, "eta": 2462.14938, "eta_hours": 0.68393, "loss": 0.09794914, "lr": 0.00099754, "params": 337201, "time_iter": 0.08487, "accuracy": 0.85399, "precision": 0.55663, "recall": 0.84938, "f1": 0.67252, "auc": 0.93048}
{"epoch": 9, "time_epoch": 26.63235, "eta": 2431.27464, "eta_hours": 0.67535, "loss": 0.09764661, "lr": 0.00099563, "params": 337201, "time_iter": 0.08509, "accuracy": 0.85296, "precision": 0.55434, "recall": 0.85157, "f1": 0.67154, "auc": 0.93069}
{"epoch": 10, "time_epoch": 25.92353, "eta": 2395.43624, "eta_hours": 0.6654, "loss": 0.09713645, "lr": 0.00099318, "params": 337201, "time_iter": 0.08282, "accuracy": 0.8553, "precision": 0.55938, "recall": 0.84896, "f1": 0.6744, "auc": 0.9313}
{"epoch": 11, "time_epoch": 26.40388, "eta": 2364.77292, "eta_hours": 0.65688, "loss": 0.09684933, "lr": 0.00099019, "params": 337201, "time_iter": 0.08436, "accuracy": 0.85423, "precision": 0.55699, "recall": 0.85133, "f1": 0.6734, "auc": 0.93165}
{"epoch": 12, "time_epoch": 26.08237, "eta": 2332.61322, "eta_hours": 0.64795, "loss": 0.09672308, "lr": 0.00098666, "params": 337201, "time_iter": 0.08333, "accuracy": 0.8553, "precision": 0.55926, "recall": 0.85044, "f1": 0.67478, "auc": 0.9317}
{"epoch": 13, "time_epoch": 26.22876, "eta": 2302.22099, "eta_hours": 0.63951, "loss": 0.09637948, "lr": 0.0009826, "params": 337201, "time_iter": 0.0838, "accuracy": 0.85472, "precision": 0.55797, "recall": 0.85164, "f1": 0.67421, "auc": 0.93217}
{"epoch": 14, "time_epoch": 26.14677, "eta": 2271.91929, "eta_hours": 0.63109, "loss": 0.09609818, "lr": 0.00097802, "params": 337201, "time_iter": 0.08354, "accuracy": 0.85549, "precision": 0.55957, "recall": 0.85166, "f1": 0.67539, "auc": 0.93251}
{"epoch": 15, "time_epoch": 26.34582, "eta": 2243.18196, "eta_hours": 0.62311, "loss": 0.09590724, "lr": 0.00097291, "params": 337201, "time_iter": 0.08417, "accuracy": 0.85484, "precision": 0.55804, "recall": 0.85406, "f1": 0.67503, "auc": 0.93278}
{"epoch": 16, "time_epoch": 26.91907, "eta": 2217.52479, "eta_hours": 0.61598, "loss": 0.09593482, "lr": 0.00096728, "params": 337201, "time_iter": 0.086, "accuracy": 0.8553, "precision": 0.55911, "recall": 0.85251, "f1": 0.67531, "auc": 0.93266}
{"epoch": 17, "time_epoch": 27.04895, "eta": 2192.31911, "eta_hours": 0.60898, "loss": 0.09555191, "lr": 0.00096114, "params": 337201, "time_iter": 0.08642, "accuracy": 0.85618, "precision": 0.56091, "recall": 0.85298, "f1": 0.67678, "auc": 0.93324}
{"epoch": 18, "time_epoch": 26.48532, "eta": 2164.51652, "eta_hours": 0.60125, "loss": 0.09509002, "lr": 0.0009545, "params": 337201, "time_iter": 0.08462, "accuracy": 0.85516, "precision": 0.55856, "recall": 0.85584, "f1": 0.67596, "auc": 0.93385}
{"epoch": 19, "time_epoch": 26.66281, "eta": 2137.55562, "eta_hours": 0.59377, "loss": 0.09481289, "lr": 0.00094736, "params": 337201, "time_iter": 0.08518, "accuracy": 0.85679, "precision": 0.562, "recall": 0.85521, "f1": 0.67828, "auc": 0.93429}
{"epoch": 20, "time_epoch": 26.42817, "eta": 2109.74042, "eta_hours": 0.58604, "loss": 0.09429155, "lr": 0.00093974, "params": 337201, "time_iter": 0.08444, "accuracy": 0.8566, "precision": 0.56142, "recall": 0.85744, "f1": 0.67855, "auc": 0.935}
{"epoch": 21, "time_epoch": 26.94799, "eta": 2083.89432, "eta_hours": 0.57886, "loss": 0.09310163, "lr": 0.00093163, "params": 337201, "time_iter": 0.0861, "accuracy": 0.85861, "precision": 0.56541, "recall": 0.86023, "f1": 0.68233, "auc": 0.93669}
{"epoch": 22, "time_epoch": 26.6987, "eta": 2057.11783, "eta_hours": 0.57142, "loss": 0.09153896, "lr": 0.00092305, "params": 337201, "time_iter": 0.0853, "accuracy": 0.86135, "precision": 0.57093, "recall": 0.86348, "f1": 0.68737, "auc": 0.93885}
{"epoch": 23, "time_epoch": 26.87519, "eta": 2030.90671, "eta_hours": 0.56414, "loss": 0.09151217, "lr": 0.000914, "params": 337201, "time_iter": 0.08586, "accuracy": 0.8613, "precision": 0.57077, "recall": 0.86389, "f1": 0.68738, "auc": 0.93888}
{"epoch": 24, "time_epoch": 26.57976, "eta": 2003.75615, "eta_hours": 0.5566, "loss": 0.09125666, "lr": 0.00090451, "params": 337201, "time_iter": 0.08492, "accuracy": 0.86118, "precision": 0.57054, "recall": 0.86355, "f1": 0.68712, "auc": 0.93921}
{"epoch": 25, "time_epoch": 26.36004, "eta": 1976.02416, "eta_hours": 0.5489, "loss": 0.09137553, "lr": 0.00089457, "params": 337201, "time_iter": 0.08422, "accuracy": 0.86183, "precision": 0.57208, "recall": 0.86203, "f1": 0.68774, "auc": 0.93907}
{"epoch": 26, "time_epoch": 26.96389, "eta": 1950.02641, "eta_hours": 0.54167, "loss": 0.09080607, "lr": 0.0008842, "params": 337201, "time_iter": 0.08615, "accuracy": 0.86278, "precision": 0.57396, "recall": 0.86384, "f1": 0.68968, "auc": 0.93988}
{"epoch": 27, "time_epoch": 26.29932, "eta": 1922.25078, "eta_hours": 0.53396, "loss": 0.09115869, "lr": 0.00087341, "params": 337201, "time_iter": 0.08402, "accuracy": 0.86259, "precision": 0.57371, "recall": 0.86228, "f1": 0.689, "auc": 0.93929}
{"epoch": 28, "time_epoch": 26.52417, "eta": 1895.12745, "eta_hours": 0.52642, "loss": 0.09071399, "lr": 0.00086221, "params": 337201, "time_iter": 0.08474, "accuracy": 0.86247, "precision": 0.57321, "recall": 0.86459, "f1": 0.68938, "auc": 0.93993}
{"epoch": 29, "time_epoch": 26.47288, "eta": 1867.92438, "eta_hours": 0.51887, "loss": 0.09084496, "lr": 0.00085062, "params": 337201, "time_iter": 0.08458, "accuracy": 0.86229, "precision": 0.57282, "recall": 0.8646, "f1": 0.6891, "auc": 0.93975}
{"epoch": 30, "time_epoch": 26.55509, "eta": 1840.95142, "eta_hours": 0.51138, "loss": 0.09060406, "lr": 0.00083864, "params": 337201, "time_iter": 0.08484, "accuracy": 0.86308, "precision": 0.57448, "recall": 0.86505, "f1": 0.69044, "auc": 0.94015}
{"epoch": 31, "time_epoch": 26.55847, "eta": 1814.01174, "eta_hours": 0.50389, "loss": 0.09055991, "lr": 0.00082629, "params": 337201, "time_iter": 0.08485, "accuracy": 0.86247, "precision": 0.5732, "recall": 0.86471, "f1": 0.6894, "auc": 0.94016}
{"epoch": 32, "time_epoch": 26.62563, "eta": 1787.23152, "eta_hours": 0.49645, "loss": 0.0903821, "lr": 0.00081359, "params": 337201, "time_iter": 0.08507, "accuracy": 0.8634, "precision": 0.57522, "recall": 0.86457, "f1": 0.69082, "auc": 0.94038}
{"epoch": 33, "time_epoch": 26.41162, "eta": 1760.04497, "eta_hours": 0.4889, "loss": 0.09023441, "lr": 0.00080054, "params": 337201, "time_iter": 0.08438, "accuracy": 0.86444, "precision": 0.57757, "recall": 0.86379, "f1": 0.69226, "auc": 0.94053}
{"epoch": 34, "time_epoch": 26.76102, "eta": 1733.55158, "eta_hours": 0.48154, "loss": 0.09027732, "lr": 0.00078716, "params": 337201, "time_iter": 0.0855, "accuracy": 0.86335, "precision": 0.57515, "recall": 0.86422, "f1": 0.69066, "auc": 0.94051}
{"epoch": 35, "time_epoch": 26.59119, "eta": 1706.7414, "eta_hours": 0.47409, "loss": 0.09031001, "lr": 0.00077347, "params": 337201, "time_iter": 0.08496, "accuracy": 0.86383, "precision": 0.57619, "recall": 0.86432, "f1": 0.69144, "auc": 0.94047}
{"epoch": 36, "time_epoch": 26.94359, "eta": 1680.54309, "eta_hours": 0.46682, "loss": 0.09027866, "lr": 0.00075948, "params": 337201, "time_iter": 0.08608, "accuracy": 0.86282, "precision": 0.57387, "recall": 0.86577, "f1": 0.69022, "auc": 0.94044}
{"epoch": 37, "time_epoch": 26.61047, "eta": 1653.76205, "eta_hours": 0.45938, "loss": 0.09028315, "lr": 0.00074521, "params": 337201, "time_iter": 0.08502, "accuracy": 0.86405, "precision": 0.5767, "recall": 0.86412, "f1": 0.69174, "auc": 0.94046}
{"epoch": 38, "time_epoch": 26.24507, "eta": 1626.41824, "eta_hours": 0.45178, "loss": 0.09027903, "lr": 0.00073067, "params": 337201, "time_iter": 0.08385, "accuracy": 0.86301, "precision": 0.57431, "recall": 0.86542, "f1": 0.69043, "auc": 0.9405}
{"epoch": 39, "time_epoch": 27.5327, "eta": 1601.0608, "eta_hours": 0.44474, "loss": 0.09012817, "lr": 0.00071588, "params": 337201, "time_iter": 0.08796, "accuracy": 0.86238, "precision": 0.57272, "recall": 0.86777, "f1": 0.69003, "auc": 0.94071}
{"epoch": 40, "time_epoch": 27.31734, "eta": 1575.28734, "eta_hours": 0.43758, "loss": 0.09001808, "lr": 0.00070085, "params": 337201, "time_iter": 0.08728, "accuracy": 0.8638, "precision": 0.57596, "recall": 0.86586, "f1": 0.69176, "auc": 0.94085}
{"epoch": 41, "time_epoch": 27.18215, "eta": 1549.25368, "eta_hours": 0.43035, "loss": 0.08977034, "lr": 0.0006856, "params": 337201, "time_iter": 0.08684, "accuracy": 0.86369, "precision": 0.57564, "recall": 0.86668, "f1": 0.6918, "auc": 0.94117}
{"epoch": 42, "time_epoch": 26.78976, "eta": 1522.64646, "eta_hours": 0.42296, "loss": 0.08973381, "lr": 0.00067015, "params": 337201, "time_iter": 0.08559, "accuracy": 0.86253, "precision": 0.57294, "recall": 0.86876, "f1": 0.6905, "auc": 0.94121}
{"epoch": 43, "time_epoch": 25.93407, "eta": 1494.94187, "eta_hours": 0.41526, "loss": 0.08987331, "lr": 0.00065451, "params": 337201, "time_iter": 0.08286, "accuracy": 0.8627, "precision": 0.57344, "recall": 0.86747, "f1": 0.69046, "auc": 0.94099}
{"epoch": 44, "time_epoch": 25.79752, "eta": 1467.14908, "eta_hours": 0.40754, "loss": 0.0897855, "lr": 0.0006387, "params": 337201, "time_iter": 0.08242, "accuracy": 0.86173, "precision": 0.57133, "recall": 0.86778, "f1": 0.68902, "auc": 0.94112}
{"epoch": 45, "time_epoch": 27.24743, "eta": 1441.14511, "eta_hours": 0.40032, "loss": 0.08963764, "lr": 0.00062274, "params": 337201, "time_iter": 0.08705, "accuracy": 0.86265, "precision": 0.57323, "recall": 0.86851, "f1": 0.69063, "auc": 0.94135}
{"epoch": 46, "time_epoch": 26.75765, "eta": 1414.53592, "eta_hours": 0.39293, "loss": 0.08938202, "lr": 0.00060665, "params": 337201, "time_iter": 0.08549, "accuracy": 0.86335, "precision": 0.57471, "recall": 0.86859, "f1": 0.69173, "auc": 0.94165}
{"epoch": 47, "time_epoch": 27.10493, "eta": 1388.29677, "eta_hours": 0.38564, "loss": 0.08944047, "lr": 0.00059044, "params": 337201, "time_iter": 0.0866, "accuracy": 0.86377, "precision": 0.57575, "recall": 0.86745, "f1": 0.69212, "auc": 0.94162}
{"epoch": 48, "time_epoch": 26.59867, "eta": 1361.49535, "eta_hours": 0.37819, "loss": 0.08952808, "lr": 0.00057413, "params": 337201, "time_iter": 0.08498, "accuracy": 0.86474, "precision": 0.57811, "recall": 0.86489, "f1": 0.693, "auc": 0.94145}
{"epoch": 49, "time_epoch": 26.77659, "eta": 1334.87997, "eta_hours": 0.3708, "loss": 0.08919336, "lr": 0.00055774, "params": 337201, "time_iter": 0.08555, "accuracy": 0.86496, "precision": 0.57834, "recall": 0.86733, "f1": 0.69395, "auc": 0.94193}
{"epoch": 50, "time_epoch": 26.27378, "eta": 1307.77517, "eta_hours": 0.36327, "loss": 0.08923656, "lr": 0.00054129, "params": 337201, "time_iter": 0.08394, "accuracy": 0.86361, "precision": 0.57524, "recall": 0.8689, "f1": 0.69222, "auc": 0.94186}
{"epoch": 51, "time_epoch": 26.47611, "eta": 1280.8891, "eta_hours": 0.3558, "loss": 0.08930608, "lr": 0.00052479, "params": 337201, "time_iter": 0.08459, "accuracy": 0.86304, "precision": 0.574, "recall": 0.8692, "f1": 0.69141, "auc": 0.94178}
{"epoch": 52, "time_epoch": 25.99905, "eta": 1253.59545, "eta_hours": 0.34822, "loss": 0.08906626, "lr": 0.00050827, "params": 337201, "time_iter": 0.08306, "accuracy": 0.86384, "precision": 0.57567, "recall": 0.86978, "f1": 0.6928, "auc": 0.9421}
{"epoch": 53, "time_epoch": 25.4962, "eta": 1225.92139, "eta_hours": 0.34053, "loss": 0.08911168, "lr": 0.00049173, "params": 337201, "time_iter": 0.08146, "accuracy": 0.8649, "precision": 0.57816, "recall": 0.86786, "f1": 0.69399, "auc": 0.94205}
{"epoch": 54, "time_epoch": 25.92466, "eta": 1198.67708, "eta_hours": 0.33297, "loss": 0.08904915, "lr": 0.00047521, "params": 337201, "time_iter": 0.08283, "accuracy": 0.86469, "precision": 0.57765, "recall": 0.86835, "f1": 0.69378, "auc": 0.94211}
{"epoch": 55, "time_epoch": 26.04262, "eta": 1171.57259, "eta_hours": 0.32544, "loss": 0.08881898, "lr": 0.00045871, "params": 337201, "time_iter": 0.0832, "accuracy": 0.86503, "precision": 0.57841, "recall": 0.86815, "f1": 0.69427, "auc": 0.94244}
{"epoch": 56, "time_epoch": 26.22022, "eta": 1144.63933, "eta_hours": 0.31796, "loss": 0.08887607, "lr": 0.00044226, "params": 337201, "time_iter": 0.08377, "accuracy": 0.86535, "precision": 0.57919, "recall": 0.86744, "f1": 0.69459, "auc": 0.94232}
{"epoch": 57, "time_epoch": 26.12676, "eta": 1117.66299, "eta_hours": 0.31046, "loss": 0.08881097, "lr": 0.00042587, "params": 337201, "time_iter": 0.08347, "accuracy": 0.86517, "precision": 0.57873, "recall": 0.86792, "f1": 0.69442, "auc": 0.94243}
{"epoch": 58, "time_epoch": 25.94941, "eta": 1090.5922, "eta_hours": 0.30294, "loss": 0.08882529, "lr": 0.00040956, "params": 337201, "time_iter": 0.08291, "accuracy": 0.86434, "precision": 0.57677, "recall": 0.86942, "f1": 0.69348, "auc": 0.94239}
{"epoch": 59, "time_epoch": 26.5697, "eta": 1063.97231, "eta_hours": 0.29555, "loss": 0.08865264, "lr": 0.00039335, "params": 337201, "time_iter": 0.08489, "accuracy": 0.86491, "precision": 0.5781, "recall": 0.86865, "f1": 0.6942, "auc": 0.94263}
{"epoch": 60, "time_epoch": 25.48638, "eta": 1036.66146, "eta_hours": 0.28796, "loss": 0.08848763, "lr": 0.00037726, "params": 337201, "time_iter": 0.08143, "accuracy": 0.86475, "precision": 0.57769, "recall": 0.8692, "f1": 0.69408, "auc": 0.94284}
{"epoch": 61, "time_epoch": 25.56038, "eta": 1009.45482, "eta_hours": 0.2804, "loss": 0.08844548, "lr": 0.0003613, "params": 337201, "time_iter": 0.08166, "accuracy": 0.86518, "precision": 0.57867, "recall": 0.86869, "f1": 0.69462, "auc": 0.94288}
{"epoch": 62, "time_epoch": 25.70687, "eta": 982.38647, "eta_hours": 0.27289, "loss": 0.08837251, "lr": 0.00034549, "params": 337201, "time_iter": 0.08213, "accuracy": 0.8655, "precision": 0.57938, "recall": 0.86876, "f1": 0.69516, "auc": 0.94301}
{"epoch": 63, "time_epoch": 25.92586, "eta": 955.48385, "eta_hours": 0.26541, "loss": 0.08828907, "lr": 0.00032985, "params": 337201, "time_iter": 0.08283, "accuracy": 0.86449, "precision": 0.57696, "recall": 0.87089, "f1": 0.69409, "auc": 0.9431}
{"epoch": 64, "time_epoch": 25.71028, "eta": 928.4952, "eta_hours": 0.25792, "loss": 0.0881824, "lr": 0.0003144, "params": 337201, "time_iter": 0.08214, "accuracy": 0.86376, "precision": 0.57533, "recall": 0.87139, "f1": 0.69307, "auc": 0.94321}
{"epoch": 65, "time_epoch": 25.91493, "eta": 901.65072, "eta_hours": 0.25046, "loss": 0.08814373, "lr": 0.00029915, "params": 337201, "time_iter": 0.0828, "accuracy": 0.86498, "precision": 0.57797, "recall": 0.87123, "f1": 0.69493, "auc": 0.94329}
{"epoch": 66, "time_epoch": 25.58339, "eta": 874.67069, "eta_hours": 0.24296, "loss": 0.08807564, "lr": 0.00028412, "params": 337201, "time_iter": 0.08174, "accuracy": 0.8652, "precision": 0.57852, "recall": 0.87061, "f1": 0.69513, "auc": 0.94337}
{"epoch": 67, "time_epoch": 25.81282, "eta": 847.8397, "eta_hours": 0.23551, "loss": 0.08802072, "lr": 0.00026933, "params": 337201, "time_iter": 0.08247, "accuracy": 0.86507, "precision": 0.57825, "recall": 0.87054, "f1": 0.69491, "auc": 0.9434}
{"epoch": 68, "time_epoch": 25.90439, "eta": 821.07937, "eta_hours": 0.22808, "loss": 0.08795053, "lr": 0.00025479, "params": 337201, "time_iter": 0.08276, "accuracy": 0.86519, "precision": 0.57845, "recall": 0.87102, "f1": 0.69521, "auc": 0.94353}
{"epoch": 69, "time_epoch": 25.97307, "eta": 794.37293, "eta_hours": 0.22066, "loss": 0.08791422, "lr": 0.00024052, "params": 337201, "time_iter": 0.08298, "accuracy": 0.86485, "precision": 0.57765, "recall": 0.87165, "f1": 0.69483, "auc": 0.94352}
{"epoch": 70, "time_epoch": 25.91236, "eta": 767.66235, "eta_hours": 0.21324, "loss": 0.08784404, "lr": 0.00022653, "params": 337201, "time_iter": 0.08279, "accuracy": 0.86472, "precision": 0.57735, "recall": 0.87195, "f1": 0.69471, "auc": 0.94363}
{"epoch": 71, "time_epoch": 25.85539, "eta": 740.95178, "eta_hours": 0.20582, "loss": 0.08763171, "lr": 0.00021284, "params": 337201, "time_iter": 0.08261, "accuracy": 0.86577, "precision": 0.57969, "recall": 0.87145, "f1": 0.69624, "auc": 0.94391}
{"epoch": 72, "time_epoch": 25.87761, "eta": 714.27287, "eta_hours": 0.19841, "loss": 0.0876335, "lr": 0.00019946, "params": 337201, "time_iter": 0.08268, "accuracy": 0.86571, "precision": 0.57961, "recall": 0.87083, "f1": 0.69598, "auc": 0.9439}
{"epoch": 73, "time_epoch": 25.77986, "eta": 687.58126, "eta_hours": 0.19099, "loss": 0.08755389, "lr": 0.00018641, "params": 337201, "time_iter": 0.08236, "accuracy": 0.86522, "precision": 0.57837, "recall": 0.87239, "f1": 0.69559, "auc": 0.94398}
{"epoch": 74, "time_epoch": 25.83129, "eta": 660.93111, "eta_hours": 0.18359, "loss": 0.08738167, "lr": 0.00017371, "params": 337201, "time_iter": 0.08253, "accuracy": 0.86558, "precision": 0.57919, "recall": 0.87212, "f1": 0.6961, "auc": 0.94422}
{"epoch": 75, "time_epoch": 25.96297, "eta": 634.3441, "eta_hours": 0.17621, "loss": 0.0873034, "lr": 0.00016136, "params": 337201, "time_iter": 0.08295, "accuracy": 0.86595, "precision": 0.58007, "recall": 0.8715, "f1": 0.69653, "auc": 0.94432}
{"epoch": 76, "time_epoch": 25.62466, "eta": 607.67224, "eta_hours": 0.1688, "loss": 0.08730112, "lr": 0.00014938, "params": 337201, "time_iter": 0.08187, "accuracy": 0.86626, "precision": 0.58075, "recall": 0.87141, "f1": 0.69699, "auc": 0.94432}
{"epoch": 77, "time_epoch": 25.87323, "eta": 581.09734, "eta_hours": 0.16142, "loss": 0.08722586, "lr": 0.00013779, "params": 337201, "time_iter": 0.08266, "accuracy": 0.86644, "precision": 0.58116, "recall": 0.87124, "f1": 0.69723, "auc": 0.94439}
{"epoch": 78, "time_epoch": 25.95566, "eta": 554.56212, "eta_hours": 0.15405, "loss": 0.08714516, "lr": 0.00012659, "params": 337201, "time_iter": 0.08293, "accuracy": 0.8654, "precision": 0.57864, "recall": 0.8736, "f1": 0.69617, "auc": 0.94448}
{"epoch": 79, "time_epoch": 26.69044, "eta": 528.22508, "eta_hours": 0.14673, "loss": 0.08702, "lr": 0.0001158, "params": 337201, "time_iter": 0.08527, "accuracy": 0.86598, "precision": 0.57996, "recall": 0.87313, "f1": 0.69697, "auc": 0.94466}
{"epoch": 80, "time_epoch": 26.05595, "eta": 501.73048, "eta_hours": 0.13937, "loss": 0.0869587, "lr": 0.00010543, "params": 337201, "time_iter": 0.08325, "accuracy": 0.86624, "precision": 0.58058, "recall": 0.87262, "f1": 0.69725, "auc": 0.94472}
{"epoch": 81, "time_epoch": 26.37238, "eta": 475.31604, "eta_hours": 0.13203, "loss": 0.08693094, "lr": 9.549e-05, "params": 337201, "time_iter": 0.08426, "accuracy": 0.8662, "precision": 0.58046, "recall": 0.87303, "f1": 0.6973, "auc": 0.94477}
{"epoch": 82, "time_epoch": 26.34227, "eta": 448.89645, "eta_hours": 0.12469, "loss": 0.08689502, "lr": 8.6e-05, "params": 337201, "time_iter": 0.08416, "accuracy": 0.86666, "precision": 0.58161, "recall": 0.87164, "f1": 0.69768, "auc": 0.94477}
{"epoch": 83, "time_epoch": 26.12478, "eta": 422.43727, "eta_hours": 0.11734, "loss": 0.08684416, "lr": 7.695e-05, "params": 337201, "time_iter": 0.08347, "accuracy": 0.86616, "precision": 0.58041, "recall": 0.87255, "f1": 0.69711, "auc": 0.94485}
{"epoch": 84, "time_epoch": 26.27988, "eta": 396.01333, "eta_hours": 0.11, "loss": 0.0868207, "lr": 6.837e-05, "params": 337201, "time_iter": 0.08396, "accuracy": 0.86621, "precision": 0.58054, "recall": 0.87235, "f1": 0.69714, "auc": 0.94486}
{"epoch": 85, "time_epoch": 26.51611, "eta": 369.6312, "eta_hours": 0.10268, "loss": 0.0867493, "lr": 6.026e-05, "params": 337201, "time_iter": 0.08472, "accuracy": 0.86606, "precision": 0.58018, "recall": 0.87271, "f1": 0.697, "auc": 0.94495}
{"epoch": 86, "time_epoch": 25.58405, "eta": 343.10672, "eta_hours": 0.09531, "loss": 0.08670466, "lr": 5.264e-05, "params": 337201, "time_iter": 0.08174, "accuracy": 0.86627, "precision": 0.58057, "recall": 0.8734, "f1": 0.6975, "auc": 0.94501}
{"epoch": 87, "time_epoch": 25.81163, "eta": 316.63464, "eta_hours": 0.08795, "loss": 0.08658228, "lr": 4.55e-05, "params": 337201, "time_iter": 0.08247, "accuracy": 0.86601, "precision": 0.57992, "recall": 0.87401, "f1": 0.69722, "auc": 0.94521}
{"epoch": 88, "time_epoch": 25.80002, "eta": 290.17597, "eta_hours": 0.0806, "loss": 0.08656423, "lr": 3.886e-05, "params": 337201, "time_iter": 0.08243, "accuracy": 0.86629, "precision": 0.5806, "recall": 0.87337, "f1": 0.69751, "auc": 0.94519}
{"epoch": 89, "time_epoch": 26.00104, "eta": 263.75427, "eta_hours": 0.07327, "loss": 0.0864865, "lr": 3.272e-05, "params": 337201, "time_iter": 0.08307, "accuracy": 0.86595, "precision": 0.57974, "recall": 0.87452, "f1": 0.69725, "auc": 0.94532}
{"epoch": 90, "time_epoch": 25.64049, "eta": 237.30616, "eta_hours": 0.06592, "loss": 0.08647207, "lr": 2.709e-05, "params": 337201, "time_iter": 0.08192, "accuracy": 0.86624, "precision": 0.58046, "recall": 0.87362, "f1": 0.69749, "auc": 0.94531}
{"epoch": 91, "time_epoch": 25.8533, "eta": 210.89411, "eta_hours": 0.05858, "loss": 0.08643495, "lr": 2.198e-05, "params": 337201, "time_iter": 0.0826, "accuracy": 0.86582, "precision": 0.57947, "recall": 0.87444, "f1": 0.69703, "auc": 0.94534}
{"epoch": 92, "time_epoch": 27.64759, "eta": 184.62912, "eta_hours": 0.05129, "loss": 0.08646842, "lr": 1.74e-05, "params": 337201, "time_iter": 0.08833, "accuracy": 0.8662, "precision": 0.58035, "recall": 0.87394, "f1": 0.69751, "auc": 0.94531}
{"epoch": 93, "time_epoch": 26.14929, "eta": 158.23909, "eta_hours": 0.04396, "loss": 0.08640933, "lr": 1.334e-05, "params": 337201, "time_iter": 0.08354, "accuracy": 0.86615, "precision": 0.58024, "recall": 0.87395, "f1": 0.69744, "auc": 0.94536}
{"epoch": 94, "time_epoch": 26.82137, "eta": 131.8895, "eta_hours": 0.03664, "loss": 0.08637326, "lr": 9.81e-06, "params": 337201, "time_iter": 0.08569, "accuracy": 0.8663, "precision": 0.58056, "recall": 0.87406, "f1": 0.6977, "auc": 0.9454}
{"epoch": 95, "time_epoch": 26.33087, "eta": 105.50964, "eta_hours": 0.02931, "loss": 0.08637922, "lr": 6.82e-06, "params": 337201, "time_iter": 0.08412, "accuracy": 0.86584, "precision": 0.5795, "recall": 0.87452, "f1": 0.69708, "auc": 0.94539}
{"epoch": 96, "time_epoch": 26.02338, "eta": 79.12128, "eta_hours": 0.02198, "loss": 0.08639089, "lr": 4.37e-06, "params": 337201, "time_iter": 0.08314, "accuracy": 0.86619, "precision": 0.58025, "recall": 0.87467, "f1": 0.69767, "auc": 0.94541}
{"epoch": 97, "time_epoch": 25.99303, "eta": 52.73975, "eta_hours": 0.01465, "loss": 0.08640833, "lr": 2.46e-06, "params": 337201, "time_iter": 0.08304, "accuracy": 0.86591, "precision": 0.5797, "recall": 0.87409, "f1": 0.69709, "auc": 0.94536}
{"epoch": 98, "time_epoch": 25.86864, "eta": 26.36481, "eta_hours": 0.00732, "loss": 0.08631658, "lr": 1.09e-06, "params": 337201, "time_iter": 0.08265, "accuracy": 0.86608, "precision": 0.58, "recall": 0.87472, "f1": 0.69751, "auc": 0.94549}
{"epoch": 99, "time_epoch": 25.68446, "eta": 0.0, "eta_hours": 0.0, "loss": 0.08637493, "lr": 2.7e-07, "params": 337201, "time_iter": 0.08206, "accuracy": 0.86597, "precision": 0.5798, "recall": 0.87431, "f1": 0.69723, "auc": 0.94543}
