{"epoch": 0, "time_epoch": 60.60209, "eta": 5999.60671, "eta_hours": 1.66656, "loss": 2.30531332, "lr": 0.0, "params": 112726, "time_iter": 0.02154, "accuracy": 0.12749, "f1": 0.06029, "auc": 0.51744}
{"epoch": 1, "time_epoch": 55.87501, "eta": 5707.37779, "eta_hours": 1.58538, "loss": 2.01468152, "lr": 0.0002, "params": 112726, "time_iter": 0.01986, "accuracy": 0.32724, "f1": 0.30727, "auc": 0.77875}
{"epoch": 2, "time_epoch": 55.82139, "eta": 5570.98433, "eta_hours": 1.5475, "loss": 1.68747819, "lr": 0.0004, "params": 112726, "time_iter": 0.01984, "accuracy": 0.43458, "f1": 0.42614, "auc": 0.84612}
{"epoch": 3, "time_epoch": 55.80506, "eta": 5474.48499, "eta_hours": 1.52069, "loss": 1.46866585, "lr": 0.0006, "params": 112726, "time_iter": 0.01984, "accuracy": 0.49402, "f1": 0.48948, "auc": 0.87727}
{"epoch": 4, "time_epoch": 55.8094, "eta": 5394.34584, "eta_hours": 1.49843, "loss": 1.34292451, "lr": 0.0008, "params": 112726, "time_iter": 0.01984, "accuracy": 0.5292, "f1": 0.52691, "auc": 0.89501}
{"epoch": 5, "time_epoch": 55.81705, "eta": 5322.43643, "eta_hours": 1.47845, "loss": 1.26614794, "lr": 0.001, "params": 112726, "time_iter": 0.01984, "accuracy": 0.556, "f1": 0.55463, "auc": 0.90598}
{"epoch": 6, "time_epoch": 55.79983, "eta": 5254.89611, "eta_hours": 1.45969, "loss": 1.18473095, "lr": 0.00099973, "params": 112726, "time_iter": 0.01984, "accuracy": 0.58282, "f1": 0.58145, "auc": 0.91755}
{"epoch": 7, "time_epoch": 70.11681, "eta": 5354.93623, "eta_hours": 1.48748, "loss": 1.12475281, "lr": 0.00099891, "params": 112726, "time_iter": 0.02493, "accuracy": 0.6072, "f1": 0.60648, "auc": 0.9256}
{"epoch": 8, "time_epoch": 56.06304, "eta": 5275.06442, "eta_hours": 1.4653, "loss": 1.07659444, "lr": 0.00099754, "params": 112726, "time_iter": 0.01993, "accuracy": 0.62342, "f1": 0.62264, "auc": 0.9316}
{"epoch": 9, "time_epoch": 57.39198, "eta": 5211.9148, "eta_hours": 1.44775, "loss": 1.03856045, "lr": 0.00099563, "params": 112726, "time_iter": 0.0204, "accuracy": 0.63769, "f1": 0.63716, "auc": 0.93614}
{"epoch": 10, "time_epoch": 58.9825, "eta": 5162.68079, "eta_hours": 1.43408, "loss": 1.00410378, "lr": 0.00099318, "params": 112726, "time_iter": 0.02097, "accuracy": 0.64742, "f1": 0.64673, "auc": 0.94035}
{"epoch": 11, "time_epoch": 60.16618, "eta": 5120.5024, "eta_hours": 1.42236, "loss": 0.97240186, "lr": 0.00099019, "params": 112726, "time_iter": 0.02139, "accuracy": 0.66118, "f1": 0.66068, "auc": 0.94381}
{"epoch": 12, "time_epoch": 56.02289, "eta": 5047.82846, "eta_hours": 1.40217, "loss": 0.94355468, "lr": 0.00098666, "params": 112726, "time_iter": 0.01992, "accuracy": 0.67022, "f1": 0.66961, "auc": 0.94693}
{"epoch": 13, "time_epoch": 55.99685, "eta": 4977.37329, "eta_hours": 1.3826, "loss": 0.9216031, "lr": 0.0009826, "params": 112726, "time_iter": 0.01991, "accuracy": 0.67936, "f1": 0.6788, "auc": 0.94939}
{"epoch": 14, "time_epoch": 55.9114, "eta": 4908.36169, "eta_hours": 1.36343, "loss": 0.89459585, "lr": 0.00097802, "params": 112726, "time_iter": 0.01988, "accuracy": 0.68929, "f1": 0.6887, "auc": 0.95188}
{"epoch": 15, "time_epoch": 55.91858, "eta": 4841.02529, "eta_hours": 1.34473, "loss": 0.88068589, "lr": 0.00097291, "params": 112726, "time_iter": 0.01988, "accuracy": 0.69187, "f1": 0.69131, "auc": 0.95364}
{"epoch": 16, "time_epoch": 55.98137, "eta": 4775.33873, "eta_hours": 1.32648, "loss": 0.85922801, "lr": 0.00096728, "params": 112726, "time_iter": 0.0199, "accuracy": 0.70087, "f1": 0.70043, "auc": 0.95555}
{"epoch": 17, "time_epoch": 55.95738, "eta": 4710.62123, "eta_hours": 1.30851, "loss": 0.84034874, "lr": 0.00096114, "params": 112726, "time_iter": 0.01989, "accuracy": 0.70869, "f1": 0.70816, "auc": 0.95752}
{"epoch": 18, "time_epoch": 55.98459, "eta": 4646.94185, "eta_hours": 1.29082, "loss": 0.82527393, "lr": 0.0009545, "params": 112726, "time_iter": 0.0199, "accuracy": 0.71504, "f1": 0.71454, "auc": 0.95892}
{"epoch": 19, "time_epoch": 55.93189, "eta": 4583.82114, "eta_hours": 1.27328, "loss": 0.80948349, "lr": 0.00094736, "params": 112726, "time_iter": 0.01988, "accuracy": 0.71931, "f1": 0.71883, "auc": 0.96039}
{"epoch": 20, "time_epoch": 55.94532, "eta": 4521.43563, "eta_hours": 1.25595, "loss": 0.78870595, "lr": 0.00093974, "params": 112726, "time_iter": 0.01989, "accuracy": 0.72458, "f1": 0.72395, "auc": 0.96238}
{"epoch": 21, "time_epoch": 55.90615, "eta": 4459.4967, "eta_hours": 1.23875, "loss": 0.78414653, "lr": 0.00093163, "params": 112726, "time_iter": 0.01987, "accuracy": 0.72516, "f1": 0.72476, "auc": 0.9629}
{"epoch": 22, "time_epoch": 55.95802, "eta": 4398.25602, "eta_hours": 1.22174, "loss": 0.76405379, "lr": 0.00092305, "params": 112726, "time_iter": 0.01989, "accuracy": 0.73484, "f1": 0.73432, "auc": 0.96456}
{"epoch": 23, "time_epoch": 56.07076, "eta": 4337.81256, "eta_hours": 1.20495, "loss": 0.75558786, "lr": 0.000914, "params": 112726, "time_iter": 0.01993, "accuracy": 0.73591, "f1": 0.73561, "auc": 0.96539}
{"epoch": 24, "time_epoch": 60.89932, "eta": 4292.20459, "eta_hours": 1.19228, "loss": 0.73816384, "lr": 0.00090451, "params": 112726, "time_iter": 0.02165, "accuracy": 0.74551, "f1": 0.7451, "auc": 0.96684}
{"epoch": 25, "time_epoch": 62.25124, "eta": 4249.26814, "eta_hours": 1.18035, "loss": 0.71990074, "lr": 0.00089457, "params": 112726, "time_iter": 0.02213, "accuracy": 0.74924, "f1": 0.7489, "auc": 0.96843}
{"epoch": 26, "time_epoch": 60.06796, "eta": 4198.99804, "eta_hours": 1.16639, "loss": 0.71406547, "lr": 0.0008842, "params": 112726, "time_iter": 0.02135, "accuracy": 0.7534, "f1": 0.75297, "auc": 0.96882}
{"epoch": 27, "time_epoch": 58.69058, "eta": 4144.48624, "eta_hours": 1.15125, "loss": 0.69941626, "lr": 0.00087341, "params": 112726, "time_iter": 0.02086, "accuracy": 0.75707, "f1": 0.75667, "auc": 0.97011}
{"epoch": 28, "time_epoch": 57.7556, "eta": 4087.39716, "eta_hours": 1.13539, "loss": 0.68847769, "lr": 0.00086221, "params": 112726, "time_iter": 0.02053, "accuracy": 0.76344, "f1": 0.76302, "auc": 0.97099}
{"epoch": 29, "time_epoch": 57.20896, "eta": 4028.98815, "eta_hours": 1.11916, "loss": 0.67744801, "lr": 0.00085062, "params": 112726, "time_iter": 0.02034, "accuracy": 0.76467, "f1": 0.76421, "auc": 0.97177}
{"epoch": 30, "time_epoch": 59.9015, "eta": 3976.64964, "eta_hours": 1.10462, "loss": 0.66351143, "lr": 0.00083864, "params": 112726, "time_iter": 0.02129, "accuracy": 0.76782, "f1": 0.76735, "auc": 0.97291}
{"epoch": 31, "time_epoch": 56.28841, "eta": 3916.16062, "eta_hours": 1.08782, "loss": 0.65205342, "lr": 0.00082629, "params": 112726, "time_iter": 0.02001, "accuracy": 0.77347, "f1": 0.77319, "auc": 0.97378}
{"epoch": 32, "time_epoch": 56.29083, "eta": 3855.93111, "eta_hours": 1.07109, "loss": 0.64418178, "lr": 0.00081359, "params": 112726, "time_iter": 0.02001, "accuracy": 0.77813, "f1": 0.7777, "auc": 0.97425}
{"epoch": 33, "time_epoch": 56.31164, "eta": 3795.97367, "eta_hours": 1.05444, "loss": 0.63182547, "lr": 0.00080054, "params": 112726, "time_iter": 0.02002, "accuracy": 0.78187, "f1": 0.78152, "auc": 0.97527}
{"epoch": 34, "time_epoch": 56.3303, "eta": 3736.25922, "eta_hours": 1.03785, "loss": 0.62089007, "lr": 0.00078716, "params": 112726, "time_iter": 0.02002, "accuracy": 0.7854, "f1": 0.78515, "auc": 0.97606}
{"epoch": 35, "time_epoch": 66.9656, "eta": 3695.63997, "eta_hours": 1.02657, "loss": 0.61344941, "lr": 0.00077347, "params": 112726, "time_iter": 0.02381, "accuracy": 0.78782, "f1": 0.78747, "auc": 0.97668}
{"epoch": 36, "time_epoch": 61.2288, "eta": 3643.82853, "eta_hours": 1.01217, "loss": 0.60449855, "lr": 0.00075948, "params": 112726, "time_iter": 0.02177, "accuracy": 0.79127, "f1": 0.79094, "auc": 0.97725}
{"epoch": 37, "time_epoch": 60.04829, "eta": 3589.59535, "eta_hours": 0.99711, "loss": 0.59353029, "lr": 0.00074521, "params": 112726, "time_iter": 0.02135, "accuracy": 0.7942, "f1": 0.79393, "auc": 0.97805}
{"epoch": 38, "time_epoch": 59.96467, "eta": 3534.93317, "eta_hours": 0.98193, "loss": 0.58827829, "lr": 0.00073067, "params": 112726, "time_iter": 0.02132, "accuracy": 0.79664, "f1": 0.79628, "auc": 0.97847}
{"epoch": 39, "time_epoch": 59.95564, "eta": 3479.99233, "eta_hours": 0.96666, "loss": 0.57560337, "lr": 0.00071588, "params": 112726, "time_iter": 0.02131, "accuracy": 0.8014, "f1": 0.80115, "auc": 0.97923}
{"epoch": 40, "time_epoch": 60.18792, "eta": 3425.14111, "eta_hours": 0.95143, "loss": 0.5611229, "lr": 0.00070085, "params": 112726, "time_iter": 0.0214, "accuracy": 0.80469, "f1": 0.80435, "auc": 0.98029}
{"epoch": 41, "time_epoch": 59.49496, "eta": 3369.07882, "eta_hours": 0.93586, "loss": 0.55519963, "lr": 0.0006856, "params": 112726, "time_iter": 0.02115, "accuracy": 0.806, "f1": 0.80576, "auc": 0.98072}
{"epoch": 42, "time_epoch": 58.26825, "eta": 3311.23076, "eta_hours": 0.91979, "loss": 0.54410216, "lr": 0.00067015, "params": 112726, "time_iter": 0.02071, "accuracy": 0.81022, "f1": 0.81005, "auc": 0.98155}
{"epoch": 43, "time_epoch": 57.4331, "eta": 3252.30069, "eta_hours": 0.90342, "loss": 0.53066518, "lr": 0.00065451, "params": 112726, "time_iter": 0.02042, "accuracy": 0.81522, "f1": 0.81496, "auc": 0.98232}
{"epoch": 44, "time_epoch": 59.48593, "eta": 3195.94617, "eta_hours": 0.88776, "loss": 0.52778323, "lr": 0.0006387, "params": 112726, "time_iter": 0.02115, "accuracy": 0.81662, "f1": 0.81641, "auc": 0.98255}
{"epoch": 45, "time_epoch": 59.8903, "eta": 3139.93018, "eta_hours": 0.8722, "loss": 0.51375612, "lr": 0.00062274, "params": 112726, "time_iter": 0.02129, "accuracy": 0.82169, "f1": 0.82144, "auc": 0.98334}
{"epoch": 46, "time_epoch": 59.22449, "eta": 3082.99853, "eta_hours": 0.85639, "loss": 0.51059387, "lr": 0.00060665, "params": 112726, "time_iter": 0.02105, "accuracy": 0.82511, "f1": 0.82484, "auc": 0.98347}
{"epoch": 47, "time_epoch": 56.33832, "eta": 3022.84466, "eta_hours": 0.83968, "loss": 0.50362048, "lr": 0.00059044, "params": 112726, "time_iter": 0.02003, "accuracy": 0.827, "f1": 0.82682, "auc": 0.98393}
{"epoch": 48, "time_epoch": 56.92233, "eta": 2963.45438, "eta_hours": 0.82318, "loss": 0.48682702, "lr": 0.00057413, "params": 112726, "time_iter": 0.02024, "accuracy": 0.83264, "f1": 0.83231, "auc": 0.98478}
{"epoch": 49, "time_epoch": 59.68638, "eta": 2906.92687, "eta_hours": 0.80748, "loss": 0.48379365, "lr": 0.00055774, "params": 112726, "time_iter": 0.02122, "accuracy": 0.83191, "f1": 0.8317, "auc": 0.98514}
{"epoch": 50, "time_epoch": 56.56296, "eta": 2847.27454, "eta_hours": 0.79091, "loss": 0.4698702, "lr": 0.00054129, "params": 112726, "time_iter": 0.02011, "accuracy": 0.83787, "f1": 0.83773, "auc": 0.98605}
{"epoch": 51, "time_epoch": 56.54703, "eta": 2787.72632, "eta_hours": 0.77437, "loss": 0.45772549, "lr": 0.00052479, "params": 112726, "time_iter": 0.0201, "accuracy": 0.84209, "f1": 0.84187, "auc": 0.98677}
{"epoch": 52, "time_epoch": 56.46455, "eta": 2728.21823, "eta_hours": 0.75784, "loss": 0.45175974, "lr": 0.00050827, "params": 112726, "time_iter": 0.02007, "accuracy": 0.84416, "f1": 0.84397, "auc": 0.98697}
{"epoch": 53, "time_epoch": 56.40382, "eta": 2668.77111, "eta_hours": 0.74133, "loss": 0.44692477, "lr": 0.00049173, "params": 112726, "time_iter": 0.02005, "accuracy": 0.8464, "f1": 0.84619, "auc": 0.98712}
{"epoch": 54, "time_epoch": 56.34955, "eta": 2609.39026, "eta_hours": 0.72483, "loss": 0.43396281, "lr": 0.00047521, "params": 112726, "time_iter": 0.02003, "accuracy": 0.85124, "f1": 0.8511, "auc": 0.98782}
{"epoch": 55, "time_epoch": 56.41778, "eta": 2550.17129, "eta_hours": 0.70838, "loss": 0.42787221, "lr": 0.00045871, "params": 112726, "time_iter": 0.02006, "accuracy": 0.85051, "f1": 0.85033, "auc": 0.98827}
{"epoch": 56, "time_epoch": 56.35863, "eta": 2491.00597, "eta_hours": 0.69195, "loss": 0.41499956, "lr": 0.00044226, "params": 112726, "time_iter": 0.02004, "accuracy": 0.858, "f1": 0.85791, "auc": 0.98888}
{"epoch": 57, "time_epoch": 56.37595, "eta": 2431.94998, "eta_hours": 0.67554, "loss": 0.41130756, "lr": 0.00042587, "params": 112726, "time_iter": 0.02004, "accuracy": 0.8584, "f1": 0.85829, "auc": 0.98896}
{"epoch": 58, "time_epoch": 56.3441, "eta": 2372.96271, "eta_hours": 0.65916, "loss": 0.39800567, "lr": 0.00040956, "params": 112726, "time_iter": 0.02003, "accuracy": 0.86296, "f1": 0.86281, "auc": 0.98969}
{"epoch": 59, "time_epoch": 56.35899, "eta": 2314.07347, "eta_hours": 0.6428, "loss": 0.39183302, "lr": 0.00039335, "params": 112726, "time_iter": 0.02004, "accuracy": 0.86513, "f1": 0.86504, "auc": 0.98993}
{"epoch": 60, "time_epoch": 56.3681, "eta": 2255.27301, "eta_hours": 0.62646, "loss": 0.38572945, "lr": 0.00037726, "params": 112726, "time_iter": 0.02004, "accuracy": 0.86811, "f1": 0.86797, "auc": 0.99024}
{"epoch": 61, "time_epoch": 56.3866, "eta": 2196.56236, "eta_hours": 0.61016, "loss": 0.37971581, "lr": 0.0003613, "params": 112726, "time_iter": 0.02005, "accuracy": 0.86871, "f1": 0.86856, "auc": 0.99055}
{"epoch": 62, "time_epoch": 56.39505, "eta": 2137.93045, "eta_hours": 0.59387, "loss": 0.37311088, "lr": 0.00034549, "params": 112726, "time_iter": 0.02005, "accuracy": 0.87302, "f1": 0.87296, "auc": 0.99088}
{"epoch": 63, "time_epoch": 56.35243, "eta": 2079.34446, "eta_hours": 0.5776, "loss": 0.35993297, "lr": 0.00032985, "params": 112726, "time_iter": 0.02003, "accuracy": 0.87667, "f1": 0.87653, "auc": 0.99154}
{"epoch": 64, "time_epoch": 56.35447, "eta": 2020.82831, "eta_hours": 0.56134, "loss": 0.3560981, "lr": 0.0003144, "params": 112726, "time_iter": 0.02003, "accuracy": 0.87724, "f1": 0.87716, "auc": 0.99162}
{"epoch": 65, "time_epoch": 56.37292, "eta": 1962.38715, "eta_hours": 0.54511, "loss": 0.35000348, "lr": 0.00029915, "params": 112726, "time_iter": 0.02004, "accuracy": 0.88067, "f1": 0.88058, "auc": 0.99187}
{"epoch": 66, "time_epoch": 56.39394, "eta": 1904.01809, "eta_hours": 0.52889, "loss": 0.33923821, "lr": 0.00028412, "params": 112726, "time_iter": 0.02005, "accuracy": 0.88351, "f1": 0.88338, "auc": 0.99242}
{"epoch": 67, "time_epoch": 56.34425, "eta": 1845.68374, "eta_hours": 0.51269, "loss": 0.33562078, "lr": 0.00026933, "params": 112726, "time_iter": 0.02003, "accuracy": 0.88569, "f1": 0.88563, "auc": 0.99252}
{"epoch": 68, "time_epoch": 56.37029, "eta": 1787.41878, "eta_hours": 0.49651, "loss": 0.32927838, "lr": 0.00025479, "params": 112726, "time_iter": 0.02004, "accuracy": 0.8862, "f1": 0.88611, "auc": 0.99281}
{"epoch": 69, "time_epoch": 56.31922, "eta": 1729.18605, "eta_hours": 0.48033, "loss": 0.32251354, "lr": 0.00024052, "params": 112726, "time_iter": 0.02002, "accuracy": 0.88998, "f1": 0.88982, "auc": 0.99315}
{"epoch": 70, "time_epoch": 56.34992, "eta": 1671.01977, "eta_hours": 0.46417, "loss": 0.31924751, "lr": 0.00022653, "params": 112726, "time_iter": 0.02003, "accuracy": 0.89184, "f1": 0.8918, "auc": 0.99321}
{"epoch": 71, "time_epoch": 56.36229, "eta": 1612.90876, "eta_hours": 0.44803, "loss": 0.30758052, "lr": 0.00021284, "params": 112726, "time_iter": 0.02004, "accuracy": 0.89431, "f1": 0.89424, "auc": 0.9937}
{"epoch": 72, "time_epoch": 56.35356, "eta": 1554.84242, "eta_hours": 0.4319, "loss": 0.30255859, "lr": 0.00019946, "params": 112726, "time_iter": 0.02003, "accuracy": 0.89631, "f1": 0.89626, "auc": 0.99396}
{"epoch": 73, "time_epoch": 56.35513, "eta": 1496.82293, "eta_hours": 0.41578, "loss": 0.29869262, "lr": 0.00018641, "params": 112726, "time_iter": 0.02003, "accuracy": 0.89962, "f1": 0.89957, "auc": 0.99405}
{"epoch": 74, "time_epoch": 56.33993, "eta": 1438.84276, "eta_hours": 0.39968, "loss": 0.29378903, "lr": 0.00017371, "params": 112726, "time_iter": 0.02003, "accuracy": 0.90053, "f1": 0.90049, "auc": 0.99417}
{"epoch": 75, "time_epoch": 56.35091, "eta": 1380.90922, "eta_hours": 0.38359, "loss": 0.2889987, "lr": 0.00016136, "params": 112726, "time_iter": 0.02003, "accuracy": 0.90051, "f1": 0.90043, "auc": 0.99441}
{"epoch": 76, "time_epoch": 56.34273, "eta": 1323.01434, "eta_hours": 0.3675, "loss": 0.27990565, "lr": 0.00014938, "params": 112726, "time_iter": 0.02003, "accuracy": 0.90491, "f1": 0.90482, "auc": 0.99475}
{"epoch": 77, "time_epoch": 56.35988, "eta": 1265.1641, "eta_hours": 0.35143, "loss": 0.27938447, "lr": 0.00013779, "params": 112726, "time_iter": 0.02004, "accuracy": 0.9064, "f1": 0.90635, "auc": 0.99473}
{"epoch": 78, "time_epoch": 56.3553, "eta": 1207.35037, "eta_hours": 0.33538, "loss": 0.26801959, "lr": 0.00012659, "params": 112726, "time_iter": 0.02003, "accuracy": 0.90989, "f1": 0.90984, "auc": 0.99509}
{"epoch": 79, "time_epoch": 56.32897, "eta": 1149.56652, "eta_hours": 0.31932, "loss": 0.26624033, "lr": 0.0001158, "params": 112726, "time_iter": 0.02002, "accuracy": 0.91, "f1": 0.90995, "auc": 0.99522}
{"epoch": 80, "time_epoch": 56.32017, "eta": 1091.81653, "eta_hours": 0.30328, "loss": 0.26177245, "lr": 0.00010543, "params": 112726, "time_iter": 0.02002, "accuracy": 0.91142, "f1": 0.91139, "auc": 0.99536}
{"epoch": 81, "time_epoch": 56.39221, "eta": 1034.11722, "eta_hours": 0.28725, "loss": 0.25731208, "lr": 9.549e-05, "params": 112726, "time_iter": 0.02005, "accuracy": 0.91276, "f1": 0.91271, "auc": 0.99549}
{"epoch": 82, "time_epoch": 56.33335, "eta": 976.43736, "eta_hours": 0.27123, "loss": 0.24855492, "lr": 8.6e-05, "params": 112726, "time_iter": 0.02003, "accuracy": 0.91496, "f1": 0.9149, "auc": 0.99579}
{"epoch": 83, "time_epoch": 56.30967, "eta": 918.78504, "eta_hours": 0.25522, "loss": 0.25241237, "lr": 7.695e-05, "params": 112726, "time_iter": 0.02002, "accuracy": 0.915, "f1": 0.91496, "auc": 0.99563}
{"epoch": 84, "time_epoch": 56.17536, "eta": 861.14061, "eta_hours": 0.23921, "loss": 0.24642811, "lr": 6.837e-05, "params": 112726, "time_iter": 0.01997, "accuracy": 0.91587, "f1": 0.91583, "auc": 0.99587}
{"epoch": 85, "time_epoch": 56.16401, "eta": 803.52851, "eta_hours": 0.2232, "loss": 0.24873032, "lr": 6.026e-05, "params": 112726, "time_iter": 0.01997, "accuracy": 0.91636, "f1": 0.91628, "auc": 0.99572}
{"epoch": 86, "time_epoch": 56.08492, "eta": 745.93787, "eta_hours": 0.2072, "loss": 0.24125498, "lr": 5.264e-05, "params": 112726, "time_iter": 0.01994, "accuracy": 0.91756, "f1": 0.9175, "auc": 0.99602}
{"epoch": 87, "time_epoch": 56.06223, "eta": 688.37836, "eta_hours": 0.19122, "loss": 0.23797509, "lr": 4.55e-05, "params": 112726, "time_iter": 0.01993, "accuracy": 0.92, "f1": 0.91996, "auc": 0.99617}
{"epoch": 88, "time_epoch": 56.01645, "eta": 630.84684, "eta_hours": 0.17524, "loss": 0.23803548, "lr": 3.886e-05, "params": 112726, "time_iter": 0.01991, "accuracy": 0.92071, "f1": 0.92068, "auc": 0.99602}
{"epoch": 89, "time_epoch": 56.03838, "eta": 573.35142, "eta_hours": 0.15926, "loss": 0.2353034, "lr": 3.272e-05, "params": 112726, "time_iter": 0.01992, "accuracy": 0.921, "f1": 0.92095, "auc": 0.99619}
{"epoch": 90, "time_epoch": 56.03184, "eta": 515.88738, "eta_hours": 0.1433, "loss": 0.23222538, "lr": 2.709e-05, "params": 112726, "time_iter": 0.01992, "accuracy": 0.92284, "f1": 0.92279, "auc": 0.99622}
{"epoch": 91, "time_epoch": 56.05966, "eta": 458.4569, "eta_hours": 0.12735, "loss": 0.22952185, "lr": 2.198e-05, "params": 112726, "time_iter": 0.01993, "accuracy": 0.92291, "f1": 0.92288, "auc": 0.99633}
{"epoch": 92, "time_epoch": 56.0683, "eta": 401.05654, "eta_hours": 0.1114, "loss": 0.23322784, "lr": 1.74e-05, "params": 112726, "time_iter": 0.01993, "accuracy": 0.92164, "f1": 0.92163, "auc": 0.99622}
{"epoch": 93, "time_epoch": 56.06408, "eta": 343.68426, "eta_hours": 0.09547, "loss": 0.22468886, "lr": 1.334e-05, "params": 112726, "time_iter": 0.01993, "accuracy": 0.92427, "f1": 0.92424, "auc": 0.99646}
{"epoch": 94, "time_epoch": 56.09817, "eta": 286.34131, "eta_hours": 0.07954, "loss": 0.22592339, "lr": 9.81e-06, "params": 112726, "time_iter": 0.01994, "accuracy": 0.92476, "f1": 0.9247, "auc": 0.9965}
{"epoch": 95, "time_epoch": 55.98182, "eta": 229.01944, "eta_hours": 0.06362, "loss": 0.22105871, "lr": 6.82e-06, "params": 112726, "time_iter": 0.0199, "accuracy": 0.9264, "f1": 0.92635, "auc": 0.99659}
{"epoch": 96, "time_epoch": 55.99758, "eta": 171.7257, "eta_hours": 0.0477, "loss": 0.22456711, "lr": 4.37e-06, "params": 112726, "time_iter": 0.01991, "accuracy": 0.92431, "f1": 0.92429, "auc": 0.99654}
{"epoch": 97, "time_epoch": 56.03043, "eta": 114.45907, "eta_hours": 0.03179, "loss": 0.22256999, "lr": 2.46e-06, "params": 112726, "time_iter": 0.01992, "accuracy": 0.92498, "f1": 0.92494, "auc": 0.99653}
{"epoch": 98, "time_epoch": 55.99996, "eta": 57.21712, "eta_hours": 0.01589, "loss": 0.22411119, "lr": 1.09e-06, "params": 112726, "time_iter": 0.01991, "accuracy": 0.92378, "f1": 0.92376, "auc": 0.99649}
{"epoch": 99, "time_epoch": 56.01269, "eta": 0.0, "eta_hours": 0.0, "loss": 0.21996418, "lr": 2.7e-07, "params": 112726, "time_iter": 0.01991, "accuracy": 0.92582, "f1": 0.92579, "auc": 0.99669}
