{"epoch": 0, "time_epoch": 82.24938, "eta": 8142.68851, "eta_hours": 2.26186, "loss": 1.79683247, "lr": 0.0, "params": 502054, "time_iter": 0.1316, "accuracy": 0.1669, "f1": 0.08307, "auc": 0.5004}
{"epoch": 1, "time_epoch": 79.9493, "eta": 7947.73534, "eta_hours": 2.2077, "loss": 1.67539049, "lr": 0.0002, "params": 502054, "time_iter": 0.12792, "accuracy": 0.33026, "f1": 0.32271, "auc": 0.67601}
{"epoch": 2, "time_epoch": 80.12087, "eta": 7834.99886, "eta_hours": 2.17639, "loss": 1.37506654, "lr": 0.0004, "params": 502054, "time_iter": 0.12819, "accuracy": 0.48914, "f1": 0.46983, "auc": 0.80601}
{"epoch": 3, "time_epoch": 80.37546, "eta": 7744.68038, "eta_hours": 2.1513, "loss": 1.17129306, "lr": 0.0006, "params": 502054, "time_iter": 0.1286, "accuracy": 0.55029, "f1": 0.53736, "auc": 0.85804}
{"epoch": 4, "time_epoch": 80.04111, "eta": 7651.98637, "eta_hours": 2.12555, "loss": 1.09839183, "lr": 0.0008, "params": 502054, "time_iter": 0.12807, "accuracy": 0.5667, "f1": 0.5561, "auc": 0.87279}
{"epoch": 5, "time_epoch": 80.60208, "eta": 7572.29849, "eta_hours": 2.10342, "loss": 1.0756475, "lr": 0.001, "params": 502054, "time_iter": 0.12896, "accuracy": 0.57231, "f1": 0.55912, "auc": 0.87658}
{"epoch": 6, "time_epoch": 80.54546, "eta": 7491.59724, "eta_hours": 2.081, "loss": 1.04771841, "lr": 0.00099973, "params": 502054, "time_iter": 0.12887, "accuracy": 0.58004, "f1": 0.56887, "auc": 0.88206}
{"epoch": 7, "time_epoch": 80.18791, "eta": 7406.82305, "eta_hours": 2.05745, "loss": 1.02540899, "lr": 0.00099891, "params": 502054, "time_iter": 0.1283, "accuracy": 0.58725, "f1": 0.57615, "auc": 0.88635}
{"epoch": 8, "time_epoch": 79.94643, "eta": 7320.62647, "eta_hours": 2.03351, "loss": 1.00110456, "lr": 0.00099754, "params": 502054, "time_iter": 0.12791, "accuracy": 0.5943, "f1": 0.58222, "auc": 0.89102}
{"epoch": 9, "time_epoch": 80.22364, "eta": 7238.17477, "eta_hours": 2.0106, "loss": 0.98983802, "lr": 0.00099563, "params": 502054, "time_iter": 0.12836, "accuracy": 0.59704, "f1": 0.5841, "auc": 0.89311}
{"epoch": 10, "time_epoch": 80.89713, "eta": 7161.57736, "eta_hours": 1.98933, "loss": 0.97907043, "lr": 0.00099318, "params": 502054, "time_iter": 0.12944, "accuracy": 0.60602, "f1": 0.58544, "auc": 0.89563}
{"epoch": 11, "time_epoch": 80.91355, "eta": 7084.38371, "eta_hours": 1.96788, "loss": 0.97025157, "lr": 0.00099019, "params": 502054, "time_iter": 0.12946, "accuracy": 0.61086, "f1": 0.59618, "auc": 0.89746}
{"epoch": 12, "time_epoch": 80.91454, "eta": 7006.62439, "eta_hours": 1.94628, "loss": 0.96374613, "lr": 0.00098666, "params": 502054, "time_iter": 0.12946, "accuracy": 0.61511, "f1": 0.60414, "auc": 0.89878}
{"epoch": 13, "time_epoch": 80.70362, "eta": 6927.11869, "eta_hours": 1.9242, "loss": 0.95743405, "lr": 0.0009826, "params": 502054, "time_iter": 0.12913, "accuracy": 0.61628, "f1": 0.6069, "auc": 0.90007}
{"epoch": 14, "time_epoch": 79.91786, "eta": 6843.00062, "eta_hours": 1.90083, "loss": 0.95159021, "lr": 0.00097802, "params": 502054, "time_iter": 0.12787, "accuracy": 0.61848, "f1": 0.60981, "auc": 0.90127}
{"epoch": 15, "time_epoch": 80.32719, "eta": 6761.55656, "eta_hours": 1.87821, "loss": 0.93534241, "lr": 0.00097291, "params": 502054, "time_iter": 0.12852, "accuracy": 0.63757, "f1": 0.63043, "auc": 0.90535}
{"epoch": 16, "time_epoch": 79.5528, "eta": 6676.46306, "eta_hours": 1.85457, "loss": 0.91260438, "lr": 0.00096728, "params": 502054, "time_iter": 0.12728, "accuracy": 0.65516, "f1": 0.65043, "auc": 0.91103}
{"epoch": 17, "time_epoch": 79.86084, "eta": 6593.38847, "eta_hours": 1.8315, "loss": 0.88045823, "lr": 0.00096114, "params": 502054, "time_iter": 0.12778, "accuracy": 0.67708, "f1": 0.67471, "auc": 0.91878}
{"epoch": 18, "time_epoch": 79.88985, "eta": 6510.77584, "eta_hours": 1.80855, "loss": 0.84202075, "lr": 0.0009545, "params": 502054, "time_iter": 0.12782, "accuracy": 0.69342, "f1": 0.69267, "auc": 0.92739}
{"epoch": 19, "time_epoch": 80.05281, "eta": 6429.08733, "eta_hours": 1.78586, "loss": 0.8249467, "lr": 0.00094736, "params": 502054, "time_iter": 0.12808, "accuracy": 0.69973, "f1": 0.6992, "auc": 0.93071}
{"epoch": 20, "time_epoch": 80.27845, "eta": 6348.40346, "eta_hours": 1.76345, "loss": 0.81089562, "lr": 0.00093974, "params": 502054, "time_iter": 0.12845, "accuracy": 0.70518, "f1": 0.70482, "auc": 0.93325}
{"epoch": 21, "time_epoch": 79.79835, "eta": 6266.05427, "eta_hours": 1.74057, "loss": 0.79735422, "lr": 0.00093163, "params": 502054, "time_iter": 0.12768, "accuracy": 0.70989, "f1": 0.70966, "auc": 0.93568}
{"epoch": 22, "time_epoch": 79.9838, "eta": 6184.54774, "eta_hours": 1.71793, "loss": 0.78953114, "lr": 0.00092305, "params": 502054, "time_iter": 0.12797, "accuracy": 0.7131, "f1": 0.71292, "auc": 0.93702}
{"epoch": 23, "time_epoch": 79.98585, "eta": 6103.17459, "eta_hours": 1.69533, "loss": 0.78202458, "lr": 0.000914, "params": 502054, "time_iter": 0.12798, "accuracy": 0.71592, "f1": 0.71574, "auc": 0.93829}
{"epoch": 24, "time_epoch": 79.87763, "eta": 6021.58777, "eta_hours": 1.67266, "loss": 0.77133121, "lr": 0.00090451, "params": 502054, "time_iter": 0.1278, "accuracy": 0.71981, "f1": 0.71971, "auc": 0.94001}
{"epoch": 25, "time_epoch": 80.01002, "eta": 5940.50921, "eta_hours": 1.65014, "loss": 0.7640887, "lr": 0.00089457, "params": 502054, "time_iter": 0.12802, "accuracy": 0.72247, "f1": 0.72237, "auc": 0.94114}
{"epoch": 26, "time_epoch": 79.42175, "eta": 5857.91931, "eta_hours": 1.6272, "loss": 0.75863465, "lr": 0.0008842, "params": 502054, "time_iter": 0.12707, "accuracy": 0.72499, "f1": 0.72491, "auc": 0.94203}
{"epoch": 27, "time_epoch": 79.64673, "eta": 5776.13422, "eta_hours": 1.60448, "loss": 0.75185546, "lr": 0.00087341, "params": 502054, "time_iter": 0.12743, "accuracy": 0.7276, "f1": 0.72752, "auc": 0.94306}
{"epoch": 28, "time_epoch": 79.6188, "eta": 5694.42823, "eta_hours": 1.58179, "loss": 0.74714092, "lr": 0.00086221, "params": 502054, "time_iter": 0.12739, "accuracy": 0.72866, "f1": 0.72861, "auc": 0.94384}
{"epoch": 29, "time_epoch": 79.62714, "eta": 5612.88083, "eta_hours": 1.55913, "loss": 0.74346218, "lr": 0.00085062, "params": 502054, "time_iter": 0.1274, "accuracy": 0.73029, "f1": 0.73023, "auc": 0.94442}
{"epoch": 30, "time_epoch": 79.87768, "eta": 5532.01498, "eta_hours": 1.53667, "loss": 0.73747946, "lr": 0.00083864, "params": 502054, "time_iter": 0.1278, "accuracy": 0.73247, "f1": 0.73244, "auc": 0.94535}
{"epoch": 31, "time_epoch": 79.22783, "eta": 5449.82996, "eta_hours": 1.51384, "loss": 0.73121798, "lr": 0.00082629, "params": 502054, "time_iter": 0.12676, "accuracy": 0.73464, "f1": 0.73462, "auc": 0.94627}
{"epoch": 32, "time_epoch": 78.2315, "eta": 5365.80132, "eta_hours": 1.4905, "loss": 0.72292245, "lr": 0.00081359, "params": 502054, "time_iter": 0.12517, "accuracy": 0.73843, "f1": 0.73841, "auc": 0.94752}
{"epoch": 33, "time_epoch": 78.62944, "eta": 5282.88616, "eta_hours": 1.46747, "loss": 0.71947705, "lr": 0.00080054, "params": 502054, "time_iter": 0.12581, "accuracy": 0.73914, "f1": 0.73912, "auc": 0.94802}
{"epoch": 34, "time_epoch": 78.98449, "eta": 5200.87527, "eta_hours": 1.44469, "loss": 0.71721516, "lr": 0.00078716, "params": 502054, "time_iter": 0.12638, "accuracy": 0.73999, "f1": 0.73999, "auc": 0.94837}
{"epoch": 35, "time_epoch": 79.10117, "eta": 5119.23995, "eta_hours": 1.42201, "loss": 0.71048431, "lr": 0.00077347, "params": 502054, "time_iter": 0.12656, "accuracy": 0.74225, "f1": 0.74224, "auc": 0.94935}
{"epoch": 36, "time_epoch": 79.56213, "eta": 5038.52647, "eta_hours": 1.39959, "loss": 0.70591586, "lr": 0.00075948, "params": 502054, "time_iter": 0.1273, "accuracy": 0.74424, "f1": 0.74423, "auc": 0.94999}
{"epoch": 37, "time_epoch": 79.55426, "eta": 4957.86077, "eta_hours": 1.37718, "loss": 0.70203485, "lr": 0.00074521, "params": 502054, "time_iter": 0.12729, "accuracy": 0.74575, "f1": 0.74574, "auc": 0.95057}
{"epoch": 38, "time_epoch": 78.95494, "eta": 4876.31466, "eta_hours": 1.35453, "loss": 0.70123479, "lr": 0.00073067, "params": 502054, "time_iter": 0.12633, "accuracy": 0.74549, "f1": 0.74549, "auc": 0.9507}
{"epoch": 39, "time_epoch": 79.69894, "eta": 4796.0141, "eta_hours": 1.33223, "loss": 0.6964905, "lr": 0.00071588, "params": 502054, "time_iter": 0.12752, "accuracy": 0.74734, "f1": 0.74733, "auc": 0.95136}
{"epoch": 40, "time_epoch": 78.81403, "eta": 4714.46949, "eta_hours": 1.30957, "loss": 0.69026369, "lr": 0.00070085, "params": 502054, "time_iter": 0.1261, "accuracy": 0.74936, "f1": 0.74936, "auc": 0.95224}
{"epoch": 41, "time_epoch": 78.93754, "eta": 4633.22547, "eta_hours": 1.28701, "loss": 0.68770843, "lr": 0.0006856, "params": 502054, "time_iter": 0.1263, "accuracy": 0.7505, "f1": 0.7505, "auc": 0.9526}
{"epoch": 42, "time_epoch": 78.48348, "eta": 4551.48684, "eta_hours": 1.2643, "loss": 0.68584434, "lr": 0.00067015, "params": 502054, "time_iter": 0.12557, "accuracy": 0.75136, "f1": 0.75136, "auc": 0.95285}
{"epoch": 43, "time_epoch": 78.89914, "eta": 4470.42519, "eta_hours": 1.24178, "loss": 0.68378792, "lr": 0.00065451, "params": 502054, "time_iter": 0.12624, "accuracy": 0.75167, "f1": 0.75167, "auc": 0.95315}
{"epoch": 44, "time_epoch": 78.71191, "eta": 4389.23081, "eta_hours": 1.21923, "loss": 0.67859503, "lr": 0.0006387, "params": 502054, "time_iter": 0.12594, "accuracy": 0.75391, "f1": 0.75391, "auc": 0.95384}
{"epoch": 45, "time_epoch": 78.80166, "eta": 4308.24972, "eta_hours": 1.19674, "loss": 0.67516851, "lr": 0.00062274, "params": 502054, "time_iter": 0.12608, "accuracy": 0.75464, "f1": 0.75464, "auc": 0.95431}
{"epoch": 46, "time_epoch": 78.87276, "eta": 4227.44156, "eta_hours": 1.17429, "loss": 0.67340777, "lr": 0.00060665, "params": 502054, "time_iter": 0.1262, "accuracy": 0.75543, "f1": 0.75544, "auc": 0.95455}
{"epoch": 47, "time_epoch": 78.33802, "eta": 4146.13473, "eta_hours": 1.1517, "loss": 0.66972353, "lr": 0.00059044, "params": 502054, "time_iter": 0.12534, "accuracy": 0.75731, "f1": 0.75732, "auc": 0.95505}
{"epoch": 48, "time_epoch": 79.45507, "eta": 4066.11172, "eta_hours": 1.12948, "loss": 0.6678006, "lr": 0.00057413, "params": 502054, "time_iter": 0.12713, "accuracy": 0.75752, "f1": 0.75753, "auc": 0.95533}
{"epoch": 49, "time_epoch": 78.97729, "eta": 3985.63365, "eta_hours": 1.10712, "loss": 0.66360882, "lr": 0.00055774, "params": 502054, "time_iter": 0.12636, "accuracy": 0.75881, "f1": 0.75882, "auc": 0.95589}
{"epoch": 50, "time_epoch": 79.33124, "eta": 3905.5545, "eta_hours": 1.08488, "loss": 0.66018457, "lr": 0.00054129, "params": 502054, "time_iter": 0.12693, "accuracy": 0.76009, "f1": 0.7601, "auc": 0.95635}
{"epoch": 51, "time_epoch": 79.57365, "eta": 3825.72788, "eta_hours": 1.0627, "loss": 0.65859836, "lr": 0.00052479, "params": 502054, "time_iter": 0.12732, "accuracy": 0.76093, "f1": 0.76093, "auc": 0.95655}
{"epoch": 52, "time_epoch": 79.89875, "eta": 3746.19911, "eta_hours": 1.04061, "loss": 0.65573055, "lr": 0.00050827, "params": 502054, "time_iter": 0.12784, "accuracy": 0.76142, "f1": 0.76142, "auc": 0.95694}
{"epoch": 53, "time_epoch": 79.96669, "eta": 3666.7145, "eta_hours": 1.01853, "loss": 0.65485249, "lr": 0.00049173, "params": 502054, "time_iter": 0.12795, "accuracy": 0.76191, "f1": 0.76192, "auc": 0.95707}
{"epoch": 54, "time_epoch": 79.70255, "eta": 3586.99625, "eta_hours": 0.99639, "loss": 0.65184112, "lr": 0.00047521, "params": 502054, "time_iter": 0.12752, "accuracy": 0.7632, "f1": 0.76321, "auc": 0.95745}
{"epoch": 55, "time_epoch": 80.05498, "eta": 3507.55547, "eta_hours": 0.97432, "loss": 0.64892207, "lr": 0.00045871, "params": 502054, "time_iter": 0.12809, "accuracy": 0.76411, "f1": 0.76412, "auc": 0.95783}
{"epoch": 56, "time_epoch": 79.60448, "eta": 3427.75329, "eta_hours": 0.95215, "loss": 0.64606665, "lr": 0.00044226, "params": 502054, "time_iter": 0.12737, "accuracy": 0.76532, "f1": 0.76533, "auc": 0.95821}
{"epoch": 57, "time_epoch": 79.79142, "eta": 3348.0933, "eta_hours": 0.93003, "loss": 0.64359135, "lr": 0.00042587, "params": 502054, "time_iter": 0.12767, "accuracy": 0.76623, "f1": 0.76624, "auc": 0.95852}
{"epoch": 58, "time_epoch": 79.87847, "eta": 3268.48934, "eta_hours": 0.90791, "loss": 0.63969161, "lr": 0.00040956, "params": 502054, "time_iter": 0.12781, "accuracy": 0.76711, "f1": 0.76711, "auc": 0.95904}
{"epoch": 59, "time_epoch": 79.92892, "eta": 3188.90987, "eta_hours": 0.88581, "loss": 0.63886677, "lr": 0.00039335, "params": 502054, "time_iter": 0.12789, "accuracy": 0.76742, "f1": 0.76742, "auc": 0.95915}
{"epoch": 60, "time_epoch": 79.5337, "eta": 3109.06625, "eta_hours": 0.86363, "loss": 0.63622502, "lr": 0.00037726, "params": 502054, "time_iter": 0.12725, "accuracy": 0.76859, "f1": 0.7686, "auc": 0.95949}
{"epoch": 61, "time_epoch": 79.89223, "eta": 3029.45238, "eta_hours": 0.84151, "loss": 0.63206815, "lr": 0.0003613, "params": 502054, "time_iter": 0.12783, "accuracy": 0.77016, "f1": 0.77016, "auc": 0.96}
{"epoch": 62, "time_epoch": 79.51717, "eta": 2949.6094, "eta_hours": 0.81934, "loss": 0.63135027, "lr": 0.00034549, "params": 502054, "time_iter": 0.12723, "accuracy": 0.77024, "f1": 0.77025, "auc": 0.96011}
{"epoch": 63, "time_epoch": 79.78084, "eta": 2869.92491, "eta_hours": 0.7972, "loss": 0.63158226, "lr": 0.00032985, "params": 502054, "time_iter": 0.12765, "accuracy": 0.77053, "f1": 0.77053, "auc": 0.96006}
{"epoch": 64, "time_epoch": 79.42808, "eta": 2790.04751, "eta_hours": 0.77501, "loss": 0.62809229, "lr": 0.0003144, "params": 502054, "time_iter": 0.12708, "accuracy": 0.77118, "f1": 0.77119, "auc": 0.96051}
{"epoch": 65, "time_epoch": 79.44283, "eta": 2710.19133, "eta_hours": 0.75283, "loss": 0.62624615, "lr": 0.00029915, "params": 502054, "time_iter": 0.12711, "accuracy": 0.77213, "f1": 0.77214, "auc": 0.96076}
{"epoch": 66, "time_epoch": 79.98267, "eta": 2630.61338, "eta_hours": 0.73073, "loss": 0.62391619, "lr": 0.00028412, "params": 502054, "time_iter": 0.12797, "accuracy": 0.77289, "f1": 0.77289, "auc": 0.96105}
{"epoch": 67, "time_epoch": 79.84011, "eta": 2550.95643, "eta_hours": 0.7086, "loss": 0.62337685, "lr": 0.00026933, "params": 502054, "time_iter": 0.12774, "accuracy": 0.7733, "f1": 0.77331, "auc": 0.96112}
{"epoch": 68, "time_epoch": 79.72632, "eta": 2471.24306, "eta_hours": 0.68646, "loss": 0.61929862, "lr": 0.00025479, "params": 502054, "time_iter": 0.12756, "accuracy": 0.77469, "f1": 0.7747, "auc": 0.96164}
{"epoch": 69, "time_epoch": 79.36693, "eta": 2391.37528, "eta_hours": 0.66427, "loss": 0.61863792, "lr": 0.00024052, "params": 502054, "time_iter": 0.12699, "accuracy": 0.77499, "f1": 0.775, "auc": 0.9617}
{"epoch": 70, "time_epoch": 79.90254, "eta": 2311.74039, "eta_hours": 0.64215, "loss": 0.61388654, "lr": 0.00022653, "params": 502054, "time_iter": 0.12784, "accuracy": 0.77623, "f1": 0.77624, "auc": 0.9623}
{"epoch": 71, "time_epoch": 80.03639, "eta": 2232.15012, "eta_hours": 0.62004, "loss": 0.61611481, "lr": 0.00021284, "params": 502054, "time_iter": 0.12806, "accuracy": 0.77618, "f1": 0.77619, "auc": 0.96201}
{"epoch": 72, "time_epoch": 79.8157, "eta": 2152.466, "eta_hours": 0.59791, "loss": 0.61013959, "lr": 0.00019946, "params": 502054, "time_iter": 0.12771, "accuracy": 0.77773, "f1": 0.77773, "auc": 0.96275}
{"epoch": 73, "time_epoch": 80.05595, "eta": 2072.86273, "eta_hours": 0.5758, "loss": 0.61045661, "lr": 0.00018641, "params": 502054, "time_iter": 0.12809, "accuracy": 0.77756, "f1": 0.77757, "auc": 0.96272}
{"epoch": 74, "time_epoch": 79.90807, "eta": 1993.1981, "eta_hours": 0.55367, "loss": 0.6112239, "lr": 0.00017371, "params": 502054, "time_iter": 0.12785, "accuracy": 0.77731, "f1": 0.77731, "auc": 0.96263}
{"epoch": 75, "time_epoch": 79.62181, "eta": 1913.43667, "eta_hours": 0.53151, "loss": 0.60905527, "lr": 0.00016136, "params": 502054, "time_iter": 0.12739, "accuracy": 0.77812, "f1": 0.77812, "auc": 0.9629}
{"epoch": 76, "time_epoch": 79.98678, "eta": 1833.78788, "eta_hours": 0.50939, "loss": 0.60668795, "lr": 0.00014938, "params": 502054, "time_iter": 0.12798, "accuracy": 0.77905, "f1": 0.77905, "auc": 0.96319}
{"epoch": 77, "time_epoch": 79.78392, "eta": 1754.0732, "eta_hours": 0.48724, "loss": 0.60455291, "lr": 0.00013779, "params": 502054, "time_iter": 0.12765, "accuracy": 0.7795, "f1": 0.77951, "auc": 0.96344}
{"epoch": 78, "time_epoch": 79.63289, "eta": 1674.31663, "eta_hours": 0.46509, "loss": 0.60491323, "lr": 0.00012659, "params": 502054, "time_iter": 0.12741, "accuracy": 0.77981, "f1": 0.77981, "auc": 0.96338}
{"epoch": 79, "time_epoch": 79.8576, "eta": 1594.61933, "eta_hours": 0.44295, "loss": 0.60438823, "lr": 0.0001158, "params": 502054, "time_iter": 0.12777, "accuracy": 0.77969, "f1": 0.77969, "auc": 0.96346}
{"epoch": 80, "time_epoch": 79.2218, "eta": 1514.76893, "eta_hours": 0.42077, "loss": 0.60110412, "lr": 0.00010543, "params": 502054, "time_iter": 0.12675, "accuracy": 0.78084, "f1": 0.78085, "auc": 0.96387}
{"epoch": 81, "time_epoch": 79.9677, "eta": 1435.09759, "eta_hours": 0.39864, "loss": 0.60026625, "lr": 9.549e-05, "params": 502054, "time_iter": 0.12795, "accuracy": 0.78087, "f1": 0.78087, "auc": 0.96396}
{"epoch": 82, "time_epoch": 79.657, "eta": 1355.35548, "eta_hours": 0.37649, "loss": 0.59952881, "lr": 8.6e-05, "params": 502054, "time_iter": 0.12745, "accuracy": 0.7813, "f1": 0.7813, "auc": 0.96404}
{"epoch": 83, "time_epoch": 78.79392, "eta": 1275.451, "eta_hours": 0.35429, "loss": 0.59788326, "lr": 7.695e-05, "params": 502054, "time_iter": 0.12607, "accuracy": 0.78209, "f1": 0.7821, "auc": 0.96424}
{"epoch": 84, "time_epoch": 78.77743, "eta": 1195.56973, "eta_hours": 0.3321, "loss": 0.59723666, "lr": 6.837e-05, "params": 502054, "time_iter": 0.12604, "accuracy": 0.78235, "f1": 0.78235, "auc": 0.96432}
{"epoch": 85, "time_epoch": 78.71531, "eta": 1115.70403, "eta_hours": 0.30992, "loss": 0.59588444, "lr": 6.026e-05, "params": 502054, "time_iter": 0.12594, "accuracy": 0.78265, "f1": 0.78266, "auc": 0.96448}
{"epoch": 86, "time_epoch": 78.84209, "eta": 1035.88372, "eta_hours": 0.28775, "loss": 0.59602754, "lr": 5.264e-05, "params": 502054, "time_iter": 0.12615, "accuracy": 0.78287, "f1": 0.78287, "auc": 0.96447}
{"epoch": 87, "time_epoch": 81.23722, "eta": 956.41224, "eta_hours": 0.26567, "loss": 0.59445448, "lr": 4.55e-05, "params": 502054, "time_iter": 0.12998, "accuracy": 0.78385, "f1": 0.78385, "auc": 0.96465}
{"epoch": 88, "time_epoch": 80.98866, "eta": 876.87037, "eta_hours": 0.24358, "loss": 0.59576812, "lr": 3.886e-05, "params": 502054, "time_iter": 0.12958, "accuracy": 0.78276, "f1": 0.78276, "auc": 0.9645}
{"epoch": 89, "time_epoch": 79.73448, "eta": 797.15699, "eta_hours": 0.22143, "loss": 0.59332843, "lr": 3.272e-05, "params": 502054, "time_iter": 0.12758, "accuracy": 0.78358, "f1": 0.78358, "auc": 0.96478}
{"epoch": 90, "time_epoch": 79.68376, "eta": 717.43813, "eta_hours": 0.19929, "loss": 0.59276318, "lr": 2.709e-05, "params": 502054, "time_iter": 0.12749, "accuracy": 0.78404, "f1": 0.78405, "auc": 0.96486}
{"epoch": 91, "time_epoch": 80.18216, "eta": 637.76338, "eta_hours": 0.17716, "loss": 0.59308849, "lr": 2.198e-05, "params": 502054, "time_iter": 0.12829, "accuracy": 0.78379, "f1": 0.78379, "auc": 0.96482}
{"epoch": 92, "time_epoch": 79.20505, "eta": 558.00416, "eta_hours": 0.155, "loss": 0.59260992, "lr": 1.74e-05, "params": 502054, "time_iter": 0.12673, "accuracy": 0.7839, "f1": 0.7839, "auc": 0.96487}
{"epoch": 93, "time_epoch": 79.35165, "eta": 478.2661, "eta_hours": 0.13285, "loss": 0.59354536, "lr": 1.334e-05, "params": 502054, "time_iter": 0.12696, "accuracy": 0.78397, "f1": 0.78397, "auc": 0.96475}
{"epoch": 94, "time_epoch": 79.23814, "eta": 398.53019, "eta_hours": 0.1107, "loss": 0.5906735, "lr": 9.81e-06, "params": 502054, "time_iter": 0.12678, "accuracy": 0.78461, "f1": 0.78461, "auc": 0.96511}
{"epoch": 95, "time_epoch": 79.58139, "eta": 318.81896, "eta_hours": 0.08856, "loss": 0.59245001, "lr": 6.82e-06, "params": 502054, "time_iter": 0.12733, "accuracy": 0.78404, "f1": 0.78404, "auc": 0.96488}
{"epoch": 96, "time_epoch": 79.88419, "eta": 239.11977, "eta_hours": 0.06642, "loss": 0.59107194, "lr": 4.37e-06, "params": 502054, "time_iter": 0.12781, "accuracy": 0.78439, "f1": 0.78439, "auc": 0.96506}
{"epoch": 97, "time_epoch": 79.2415, "eta": 159.40369, "eta_hours": 0.04428, "loss": 0.5924839, "lr": 2.46e-06, "params": 502054, "time_iter": 0.12679, "accuracy": 0.78393, "f1": 0.78393, "auc": 0.96488}
{"epoch": 98, "time_epoch": 78.94337, "eta": 79.69418, "eta_hours": 0.02214, "loss": 0.59042643, "lr": 1.09e-06, "params": 502054, "time_iter": 0.12631, "accuracy": 0.78455, "f1": 0.78455, "auc": 0.96514}
{"epoch": 99, "time_epoch": 78.59887, "eta": 0.0, "eta_hours": 0.0, "loss": 0.5929012, "lr": 2.7e-07, "params": 502054, "time_iter": 0.12576, "accuracy": 0.78368, "f1": 0.78368, "auc": 0.96484}
