{"epoch": 0, "time_epoch": 86.00292, "eta": 8514.28943, "eta_hours": 2.36508, "loss": 1.79910415, "lr": 0.0, "params": 502054, "time_iter": 0.1376, "accuracy": 0.16665, "f1": 0.04818, "auc": 0.50291}
{"epoch": 1, "time_epoch": 83.28416, "eta": 8295.06717, "eta_hours": 2.30419, "loss": 1.66282314, "lr": 0.0002, "params": 502054, "time_iter": 0.13325, "accuracy": 0.35604, "f1": 0.35166, "auc": 0.69573}
{"epoch": 2, "time_epoch": 83.91342, "eta": 8186.81625, "eta_hours": 2.27412, "loss": 1.31189692, "lr": 0.0004, "params": 502054, "time_iter": 0.13426, "accuracy": 0.55744, "f1": 0.55686, "auc": 0.83243}
{"epoch": 3, "time_epoch": 84.21971, "eta": 8098.08503, "eta_hours": 2.24947, "loss": 1.06415976, "lr": 0.0006, "params": 502054, "time_iter": 0.13475, "accuracy": 0.63986, "f1": 0.63986, "auc": 0.88942}
{"epoch": 4, "time_epoch": 83.3313, "eta": 7994.27872, "eta_hours": 2.22063, "loss": 0.94552587, "lr": 0.0008, "params": 502054, "time_iter": 0.13333, "accuracy": 0.67253, "f1": 0.67253, "auc": 0.91212}
{"epoch": 5, "time_epoch": 83.2802, "eta": 7896.49678, "eta_hours": 2.19347, "loss": 0.87313384, "lr": 0.001, "params": 502054, "time_iter": 0.13325, "accuracy": 0.69139, "f1": 0.69139, "auc": 0.92477}
{"epoch": 6, "time_epoch": 83.17498, "eta": 7801.46027, "eta_hours": 2.16707, "loss": 0.82002502, "lr": 0.00099973, "params": 502054, "time_iter": 0.13308, "accuracy": 0.70943, "f1": 0.70943, "auc": 0.93323}
{"epoch": 7, "time_epoch": 82.69714, "eta": 7703.89399, "eta_hours": 2.13997, "loss": 0.78488506, "lr": 0.00099891, "params": 502054, "time_iter": 0.13232, "accuracy": 0.72189, "f1": 0.72189, "auc": 0.93862}
{"epoch": 8, "time_epoch": 82.47792, "eta": 7607.41544, "eta_hours": 2.11317, "loss": 0.76672522, "lr": 0.00099754, "params": 502054, "time_iter": 0.13196, "accuracy": 0.72744, "f1": 0.72744, "auc": 0.94127}
{"epoch": 9, "time_epoch": 82.41694, "eta": 7513.18819, "eta_hours": 2.087, "loss": 0.75019399, "lr": 0.00099563, "params": 502054, "time_iter": 0.13187, "accuracy": 0.73303, "f1": 0.73303, "auc": 0.94375}
{"epoch": 10, "time_epoch": 83.53906, "eta": 7430.18723, "eta_hours": 2.06394, "loss": 0.73613099, "lr": 0.00099318, "params": 502054, "time_iter": 0.13366, "accuracy": 0.7369, "f1": 0.7369, "auc": 0.94584}
{"epoch": 11, "time_epoch": 83.41941, "eta": 7346.21916, "eta_hours": 2.04062, "loss": 0.73247403, "lr": 0.00099019, "params": 502054, "time_iter": 0.13347, "accuracy": 0.73867, "f1": 0.73868, "auc": 0.94629}
{"epoch": 12, "time_epoch": 83.47791, "eta": 7262.72696, "eta_hours": 2.01742, "loss": 0.72336615, "lr": 0.00098666, "params": 502054, "time_iter": 0.13356, "accuracy": 0.74191, "f1": 0.74191, "auc": 0.94759}
{"epoch": 13, "time_epoch": 82.95897, "eta": 7176.04907, "eta_hours": 1.99335, "loss": 0.71629785, "lr": 0.0009826, "params": 502054, "time_iter": 0.13273, "accuracy": 0.74354, "f1": 0.74355, "auc": 0.94861}
{"epoch": 14, "time_epoch": 83.27605, "eta": 7091.66381, "eta_hours": 1.96991, "loss": 0.7091955, "lr": 0.00097802, "params": 502054, "time_iter": 0.13324, "accuracy": 0.74661, "f1": 0.74661, "auc": 0.94959}
{"epoch": 15, "time_epoch": 83.41274, "eta": 7008.13484, "eta_hours": 1.9467, "loss": 0.70340437, "lr": 0.00097291, "params": 502054, "time_iter": 0.13346, "accuracy": 0.74863, "f1": 0.74863, "auc": 0.9504}
{"epoch": 16, "time_epoch": 85.00594, "eta": 6932.39808, "eta_hours": 1.92567, "loss": 0.70083402, "lr": 0.00096728, "params": 502054, "time_iter": 0.13601, "accuracy": 0.74911, "f1": 0.74911, "auc": 0.95078}
{"epoch": 17, "time_epoch": 85.06686, "eta": 6855.90893, "eta_hours": 1.90442, "loss": 0.69255848, "lr": 0.00096114, "params": 502054, "time_iter": 0.13611, "accuracy": 0.75156, "f1": 0.75156, "auc": 0.95195}
{"epoch": 18, "time_epoch": 83.55763, "eta": 6772.0828, "eta_hours": 1.88113, "loss": 0.69255307, "lr": 0.0009545, "params": 502054, "time_iter": 0.13369, "accuracy": 0.75237, "f1": 0.75237, "auc": 0.95192}
{"epoch": 19, "time_epoch": 81.56993, "eta": 6680.33273, "eta_hours": 1.85565, "loss": 0.6872734, "lr": 0.00094736, "params": 502054, "time_iter": 0.13051, "accuracy": 0.7537, "f1": 0.7537, "auc": 0.95267}
{"epoch": 20, "time_epoch": 80.9747, "eta": 6587.31298, "eta_hours": 1.82981, "loss": 0.68261782, "lr": 0.00093974, "params": 502054, "time_iter": 0.12956, "accuracy": 0.75497, "f1": 0.75497, "auc": 0.95332}
{"epoch": 21, "time_epoch": 81.24075, "eta": 6496.3315, "eta_hours": 1.80454, "loss": 0.68012743, "lr": 0.00093163, "params": 502054, "time_iter": 0.12999, "accuracy": 0.75611, "f1": 0.75612, "auc": 0.95363}
{"epoch": 22, "time_epoch": 81.08508, "eta": 6405.67588, "eta_hours": 1.77935, "loss": 0.67780159, "lr": 0.00092305, "params": 502054, "time_iter": 0.12974, "accuracy": 0.75657, "f1": 0.75657, "auc": 0.95397}
{"epoch": 23, "time_epoch": 81.19185, "eta": 6316.15591, "eta_hours": 1.75449, "loss": 0.67361579, "lr": 0.000914, "params": 502054, "time_iter": 0.12991, "accuracy": 0.75828, "f1": 0.75828, "auc": 0.9545}
{"epoch": 24, "time_epoch": 81.36536, "eta": 6227.82273, "eta_hours": 1.72995, "loss": 0.67065092, "lr": 0.00090451, "params": 502054, "time_iter": 0.13018, "accuracy": 0.75908, "f1": 0.75908, "auc": 0.95492}
{"epoch": 25, "time_epoch": 81.33701, "eta": 6139.94484, "eta_hours": 1.70554, "loss": 0.66724393, "lr": 0.00089457, "params": 502054, "time_iter": 0.13014, "accuracy": 0.76023, "f1": 0.76023, "auc": 0.95538}
{"epoch": 26, "time_epoch": 81.81394, "eta": 6053.84095, "eta_hours": 1.68162, "loss": 0.66350401, "lr": 0.0008842, "params": 502054, "time_iter": 0.1309, "accuracy": 0.76163, "f1": 0.76163, "auc": 0.95587}
{"epoch": 27, "time_epoch": 82.01486, "eta": 5968.56013, "eta_hours": 1.65793, "loss": 0.66376849, "lr": 0.00087341, "params": 502054, "time_iter": 0.13122, "accuracy": 0.76134, "f1": 0.76134, "auc": 0.95585}
{"epoch": 28, "time_epoch": 81.95639, "eta": 5883.36139, "eta_hours": 1.63427, "loss": 0.65806529, "lr": 0.00086221, "params": 502054, "time_iter": 0.13113, "accuracy": 0.76332, "f1": 0.76332, "auc": 0.9566}
{"epoch": 29, "time_epoch": 81.93458, "eta": 5798.32793, "eta_hours": 1.61065, "loss": 0.65446079, "lr": 0.00085062, "params": 502054, "time_iter": 0.1311, "accuracy": 0.76495, "f1": 0.76495, "auc": 0.95704}
{"epoch": 30, "time_epoch": 82.41211, "eta": 5714.55728, "eta_hours": 1.58738, "loss": 0.65275614, "lr": 0.00083864, "params": 502054, "time_iter": 0.13186, "accuracy": 0.76489, "f1": 0.76489, "auc": 0.95732}
{"epoch": 31, "time_epoch": 82.40536, "eta": 5630.8572, "eta_hours": 1.56413, "loss": 0.64775778, "lr": 0.00082629, "params": 502054, "time_iter": 0.13185, "accuracy": 0.76662, "f1": 0.76662, "auc": 0.95796}
{"epoch": 32, "time_epoch": 82.83804, "eta": 5548.11406, "eta_hours": 1.54114, "loss": 0.64747526, "lr": 0.00081359, "params": 502054, "time_iter": 0.13254, "accuracy": 0.76691, "f1": 0.76691, "auc": 0.95799}
{"epoch": 33, "time_epoch": 83.03014, "eta": 5465.73824, "eta_hours": 1.51826, "loss": 0.64363464, "lr": 0.00080054, "params": 502054, "time_iter": 0.13285, "accuracy": 0.76829, "f1": 0.76829, "auc": 0.95849}
{"epoch": 34, "time_epoch": 82.61691, "eta": 5382.5576, "eta_hours": 1.49515, "loss": 0.63941474, "lr": 0.00078716, "params": 502054, "time_iter": 0.13219, "accuracy": 0.77014, "f1": 0.77014, "auc": 0.95903}
{"epoch": 35, "time_epoch": 82.33396, "eta": 5298.90525, "eta_hours": 1.47192, "loss": 0.63797587, "lr": 0.00077347, "params": 502054, "time_iter": 0.13173, "accuracy": 0.76992, "f1": 0.76992, "auc": 0.95923}
{"epoch": 36, "time_epoch": 82.67478, "eta": 5215.90449, "eta_hours": 1.44886, "loss": 0.64054472, "lr": 0.00075948, "params": 502054, "time_iter": 0.13228, "accuracy": 0.76911, "f1": 0.76911, "auc": 0.95889}
{"epoch": 37, "time_epoch": 82.28865, "eta": 5132.29088, "eta_hours": 1.42564, "loss": 0.63385692, "lr": 0.00074521, "params": 502054, "time_iter": 0.13166, "accuracy": 0.77152, "f1": 0.77152, "auc": 0.95974}
{"epoch": 38, "time_epoch": 83.2822, "eta": 5050.29923, "eta_hours": 1.40286, "loss": 0.6308407, "lr": 0.00073067, "params": 502054, "time_iter": 0.13325, "accuracy": 0.77261, "f1": 0.77261, "auc": 0.96013}
{"epoch": 39, "time_epoch": 83.08763, "eta": 4967.95119, "eta_hours": 1.37999, "loss": 0.62814021, "lr": 0.00071588, "params": 502054, "time_iter": 0.13294, "accuracy": 0.77366, "f1": 0.77366, "auc": 0.96047}
{"epoch": 40, "time_epoch": 83.3618, "eta": 4885.96163, "eta_hours": 1.35721, "loss": 0.62773157, "lr": 0.00070085, "params": 502054, "time_iter": 0.13338, "accuracy": 0.77319, "f1": 0.77319, "auc": 0.96054}
{"epoch": 41, "time_epoch": 82.60927, "eta": 4802.86751, "eta_hours": 1.33413, "loss": 0.62469706, "lr": 0.0006856, "params": 502054, "time_iter": 0.13217, "accuracy": 0.77453, "f1": 0.77454, "auc": 0.96091}
{"epoch": 42, "time_epoch": 82.53809, "eta": 4719.70158, "eta_hours": 1.31103, "loss": 0.61946612, "lr": 0.00067015, "params": 502054, "time_iter": 0.13206, "accuracy": 0.77686, "f1": 0.77686, "auc": 0.96155}
{"epoch": 43, "time_epoch": 82.9887, "eta": 4637.13769, "eta_hours": 1.28809, "loss": 0.61772823, "lr": 0.00065451, "params": 502054, "time_iter": 0.13278, "accuracy": 0.77715, "f1": 0.77715, "auc": 0.96177}
{"epoch": 44, "time_epoch": 83.15045, "eta": 4554.75261, "eta_hours": 1.26521, "loss": 0.61643472, "lr": 0.0006387, "params": 502054, "time_iter": 0.13304, "accuracy": 0.77728, "f1": 0.77728, "auc": 0.96194}
{"epoch": 45, "time_epoch": 83.00225, "eta": 4472.16029, "eta_hours": 1.24227, "loss": 0.61159266, "lr": 0.00062274, "params": 502054, "time_iter": 0.1328, "accuracy": 0.77904, "f1": 0.77904, "auc": 0.96254}
{"epoch": 46, "time_epoch": 82.78684, "eta": 4389.30761, "eta_hours": 1.21925, "loss": 0.60924771, "lr": 0.00060665, "params": 502054, "time_iter": 0.13246, "accuracy": 0.78049, "f1": 0.78049, "auc": 0.96282}
{"epoch": 47, "time_epoch": 80.60615, "eta": 4304.09527, "eta_hours": 1.19558, "loss": 0.60774467, "lr": 0.00059044, "params": 502054, "time_iter": 0.12897, "accuracy": 0.78079, "f1": 0.78079, "auc": 0.96301}
{"epoch": 48, "time_epoch": 80.2237, "eta": 4218.67287, "eta_hours": 1.17185, "loss": 0.60619079, "lr": 0.00057413, "params": 502054, "time_iter": 0.12836, "accuracy": 0.78067, "f1": 0.78067, "auc": 0.9632}
{"epoch": 49, "time_epoch": 80.35749, "eta": 4133.59221, "eta_hours": 1.14822, "loss": 0.60198269, "lr": 0.00055774, "params": 502054, "time_iter": 0.12857, "accuracy": 0.78273, "f1": 0.78273, "auc": 0.96369}
{"epoch": 50, "time_epoch": 80.36596, "eta": 4048.70491, "eta_hours": 1.12464, "loss": 0.60079492, "lr": 0.00054129, "params": 502054, "time_iter": 0.12859, "accuracy": 0.78255, "f1": 0.78255, "auc": 0.96387}
{"epoch": 51, "time_epoch": 80.4965, "eta": 3964.112, "eta_hours": 1.10114, "loss": 0.59914539, "lr": 0.00052479, "params": 502054, "time_iter": 0.12879, "accuracy": 0.78317, "f1": 0.78317, "auc": 0.96406}
{"epoch": 52, "time_epoch": 80.27119, "eta": 3879.47388, "eta_hours": 1.07763, "loss": 0.59359405, "lr": 0.00050827, "params": 502054, "time_iter": 0.12843, "accuracy": 0.78529, "f1": 0.78529, "auc": 0.96471}
{"epoch": 53, "time_epoch": 80.49387, "eta": 3795.18718, "eta_hours": 1.05422, "loss": 0.59506154, "lr": 0.00049173, "params": 502054, "time_iter": 0.12879, "accuracy": 0.7851, "f1": 0.7851, "auc": 0.96453}
{"epoch": 54, "time_epoch": 80.33125, "eta": 3710.90535, "eta_hours": 1.03081, "loss": 0.59041704, "lr": 0.00047521, "params": 502054, "time_iter": 0.12853, "accuracy": 0.78635, "f1": 0.78635, "auc": 0.96511}
{"epoch": 55, "time_epoch": 80.03319, "eta": 3626.53043, "eta_hours": 1.00737, "loss": 0.5890321, "lr": 0.00045871, "params": 502054, "time_iter": 0.12805, "accuracy": 0.78716, "f1": 0.78716, "auc": 0.96526}
{"epoch": 56, "time_epoch": 81.19748, "eta": 3543.18616, "eta_hours": 0.98422, "loss": 0.58389428, "lr": 0.00044226, "params": 502054, "time_iter": 0.12992, "accuracy": 0.78869, "f1": 0.78869, "auc": 0.96586}
{"epoch": 57, "time_epoch": 80.94087, "eta": 3459.73011, "eta_hours": 0.96104, "loss": 0.58178685, "lr": 0.00042587, "params": 502054, "time_iter": 0.12951, "accuracy": 0.78922, "f1": 0.78922, "auc": 0.96612}
{"epoch": 58, "time_epoch": 80.1199, "eta": 3375.78881, "eta_hours": 0.93772, "loss": 0.57897683, "lr": 0.00040956, "params": 502054, "time_iter": 0.12819, "accuracy": 0.79027, "f1": 0.79027, "auc": 0.96643}
{"epoch": 59, "time_epoch": 80.5697, "eta": 3292.27475, "eta_hours": 0.91452, "loss": 0.57769733, "lr": 0.00039335, "params": 502054, "time_iter": 0.12891, "accuracy": 0.79114, "f1": 0.79114, "auc": 0.96658}
{"epoch": 60, "time_epoch": 80.32991, "eta": 3208.70392, "eta_hours": 0.89131, "loss": 0.57410105, "lr": 0.00037726, "params": 502054, "time_iter": 0.12853, "accuracy": 0.79224, "f1": 0.79224, "auc": 0.96701}
{"epoch": 61, "time_epoch": 79.9754, "eta": 3125.02036, "eta_hours": 0.86806, "loss": 0.57536598, "lr": 0.0003613, "params": 502054, "time_iter": 0.12796, "accuracy": 0.79204, "f1": 0.79204, "auc": 0.96686}
{"epoch": 62, "time_epoch": 81.48331, "eta": 3042.34012, "eta_hours": 0.84509, "loss": 0.57056973, "lr": 0.00034549, "params": 502054, "time_iter": 0.13037, "accuracy": 0.79387, "f1": 0.79387, "auc": 0.9674}
{"epoch": 63, "time_epoch": 81.74756, "eta": 2959.84592, "eta_hours": 0.82218, "loss": 0.56967699, "lr": 0.00032985, "params": 502054, "time_iter": 0.1308, "accuracy": 0.79344, "f1": 0.79344, "auc": 0.96753}
{"epoch": 64, "time_epoch": 81.68022, "eta": 2877.33844, "eta_hours": 0.79926, "loss": 0.56664223, "lr": 0.0003144, "params": 502054, "time_iter": 0.13069, "accuracy": 0.79471, "f1": 0.79472, "auc": 0.96786}
{"epoch": 65, "time_epoch": 82.20544, "eta": 2795.12659, "eta_hours": 0.77642, "loss": 0.56380038, "lr": 0.00029915, "params": 502054, "time_iter": 0.13153, "accuracy": 0.79566, "f1": 0.79566, "auc": 0.96818}
{"epoch": 66, "time_epoch": 82.15955, "eta": 2712.89233, "eta_hours": 0.75358, "loss": 0.56322339, "lr": 0.00028412, "params": 502054, "time_iter": 0.13146, "accuracy": 0.79553, "f1": 0.79553, "auc": 0.96825}
{"epoch": 67, "time_epoch": 82.42743, "eta": 2630.78633, "eta_hours": 0.73077, "loss": 0.56134392, "lr": 0.00026933, "params": 502054, "time_iter": 0.13188, "accuracy": 0.79671, "f1": 0.79671, "auc": 0.96846}
{"epoch": 68, "time_epoch": 82.93026, "eta": 2548.89692, "eta_hours": 0.70803, "loss": 0.55978542, "lr": 0.00025479, "params": 502054, "time_iter": 0.13269, "accuracy": 0.79753, "f1": 0.79753, "auc": 0.96863}
{"epoch": 69, "time_epoch": 82.70506, "eta": 2466.88126, "eta_hours": 0.68524, "loss": 0.55762209, "lr": 0.00024052, "params": 502054, "time_iter": 0.13233, "accuracy": 0.79803, "f1": 0.79803, "auc": 0.96887}
{"epoch": 70, "time_epoch": 82.8746, "eta": 2384.91542, "eta_hours": 0.66248, "loss": 0.5551314, "lr": 0.00022653, "params": 502054, "time_iter": 0.1326, "accuracy": 0.79894, "f1": 0.79894, "auc": 0.96915}
{"epoch": 71, "time_epoch": 82.74732, "eta": 2302.87485, "eta_hours": 0.63969, "loss": 0.55329446, "lr": 0.00021284, "params": 502054, "time_iter": 0.1324, "accuracy": 0.79935, "f1": 0.79935, "auc": 0.96936}
{"epoch": 72, "time_epoch": 83.11435, "eta": 2220.95066, "eta_hours": 0.61693, "loss": 0.55172085, "lr": 0.00019946, "params": 502054, "time_iter": 0.13298, "accuracy": 0.79983, "f1": 0.79983, "auc": 0.96955}
{"epoch": 73, "time_epoch": 83.29339, "eta": 2139.05722, "eta_hours": 0.59418, "loss": 0.54966145, "lr": 0.00018641, "params": 502054, "time_iter": 0.13327, "accuracy": 0.80083, "f1": 0.80083, "auc": 0.96976}
{"epoch": 74, "time_epoch": 82.83355, "eta": 2056.97316, "eta_hours": 0.57138, "loss": 0.54865314, "lr": 0.00017371, "params": 502054, "time_iter": 0.13253, "accuracy": 0.80091, "f1": 0.80091, "auc": 0.96988}
{"epoch": 75, "time_epoch": 82.91315, "eta": 1974.89451, "eta_hours": 0.54858, "loss": 0.54698102, "lr": 0.00016136, "params": 502054, "time_iter": 0.13266, "accuracy": 0.8017, "f1": 0.8017, "auc": 0.97004}
{"epoch": 76, "time_epoch": 82.65299, "eta": 1892.71648, "eta_hours": 0.52575, "loss": 0.54581345, "lr": 0.00014938, "params": 502054, "time_iter": 0.13224, "accuracy": 0.80221, "f1": 0.80221, "auc": 0.97019}
{"epoch": 77, "time_epoch": 82.85632, "eta": 1810.58362, "eta_hours": 0.50294, "loss": 0.54267727, "lr": 0.00013779, "params": 502054, "time_iter": 0.13257, "accuracy": 0.80333, "f1": 0.80333, "auc": 0.97052}
{"epoch": 78, "time_epoch": 83.59095, "eta": 1728.62773, "eta_hours": 0.48017, "loss": 0.54199185, "lr": 0.00012659, "params": 502054, "time_iter": 0.13375, "accuracy": 0.80389, "f1": 0.80389, "auc": 0.9706}
{"epoch": 79, "time_epoch": 83.32649, "eta": 1646.56484, "eta_hours": 0.45738, "loss": 0.54028151, "lr": 0.0001158, "params": 502054, "time_iter": 0.13332, "accuracy": 0.80397, "f1": 0.80397, "auc": 0.9708}
{"epoch": 80, "time_epoch": 82.91285, "eta": 1564.37373, "eta_hours": 0.43455, "loss": 0.5380621, "lr": 0.00010543, "params": 502054, "time_iter": 0.13266, "accuracy": 0.80497, "f1": 0.80497, "auc": 0.97104}
{"epoch": 81, "time_epoch": 83.81809, "eta": 1482.36373, "eta_hours": 0.41177, "loss": 0.54012668, "lr": 9.549e-05, "params": 502054, "time_iter": 0.13411, "accuracy": 0.80424, "f1": 0.80424, "auc": 0.9708}
{"epoch": 82, "time_epoch": 83.71564, "eta": 1400.28917, "eta_hours": 0.38897, "loss": 0.53752924, "lr": 8.6e-05, "params": 502054, "time_iter": 0.13395, "accuracy": 0.80508, "f1": 0.80508, "auc": 0.97109}
{"epoch": 83, "time_epoch": 84.43724, "eta": 1318.31299, "eta_hours": 0.3662, "loss": 0.53593568, "lr": 7.695e-05, "params": 502054, "time_iter": 0.1351, "accuracy": 0.8056, "f1": 0.8056, "auc": 0.97126}
{"epoch": 84, "time_epoch": 83.78316, "eta": 1236.16347, "eta_hours": 0.34338, "loss": 0.53659849, "lr": 6.837e-05, "params": 502054, "time_iter": 0.13405, "accuracy": 0.80547, "f1": 0.80547, "auc": 0.97119}
{"epoch": 85, "time_epoch": 83.51038, "eta": 1153.93156, "eta_hours": 0.32054, "loss": 0.53393685, "lr": 6.026e-05, "params": 502054, "time_iter": 0.13362, "accuracy": 0.80628, "f1": 0.80628, "auc": 0.97148}
{"epoch": 86, "time_epoch": 83.24132, "eta": 1071.63005, "eta_hours": 0.29768, "loss": 0.53558805, "lr": 5.264e-05, "params": 502054, "time_iter": 0.13319, "accuracy": 0.80582, "f1": 0.80582, "auc": 0.97129}
{"epoch": 87, "time_epoch": 82.78992, "eta": 989.24563, "eta_hours": 0.27479, "loss": 0.53219437, "lr": 4.55e-05, "params": 502054, "time_iter": 0.13246, "accuracy": 0.80674, "f1": 0.80674, "auc": 0.97165}
{"epoch": 88, "time_epoch": 83.0455, "eta": 906.88369, "eta_hours": 0.25191, "loss": 0.53223471, "lr": 3.886e-05, "params": 502054, "time_iter": 0.13287, "accuracy": 0.80677, "f1": 0.80677, "auc": 0.97166}
{"epoch": 89, "time_epoch": 82.77909, "eta": 824.47695, "eta_hours": 0.22902, "loss": 0.53090238, "lr": 3.272e-05, "params": 502054, "time_iter": 0.13245, "accuracy": 0.80722, "f1": 0.80722, "auc": 0.9718}
{"epoch": 90, "time_epoch": 83.43369, "eta": 742.12677, "eta_hours": 0.20615, "loss": 0.53190383, "lr": 2.709e-05, "params": 502054, "time_iter": 0.13349, "accuracy": 0.80678, "f1": 0.80678, "auc": 0.9717}
{"epoch": 91, "time_epoch": 82.83863, "eta": 659.70129, "eta_hours": 0.18325, "loss": 0.53002086, "lr": 2.198e-05, "params": 502054, "time_iter": 0.13254, "accuracy": 0.80808, "f1": 0.80808, "auc": 0.97188}
{"epoch": 92, "time_epoch": 83.51689, "eta": 577.31798, "eta_hours": 0.16037, "loss": 0.53122782, "lr": 1.74e-05, "params": 502054, "time_iter": 0.13363, "accuracy": 0.80709, "f1": 0.80709, "auc": 0.97176}
{"epoch": 93, "time_epoch": 83.68814, "eta": 494.92148, "eta_hours": 0.13748, "loss": 0.52868878, "lr": 1.334e-05, "params": 502054, "time_iter": 0.1339, "accuracy": 0.80774, "f1": 0.80774, "auc": 0.97204}
{"epoch": 94, "time_epoch": 83.63567, "eta": 412.49503, "eta_hours": 0.11458, "loss": 0.53085045, "lr": 9.81e-06, "params": 502054, "time_iter": 0.13382, "accuracy": 0.80728, "f1": 0.80728, "auc": 0.97181}
{"epoch": 95, "time_epoch": 83.16375, "eta": 330.02372, "eta_hours": 0.09167, "loss": 0.52762579, "lr": 6.82e-06, "params": 502054, "time_iter": 0.13306, "accuracy": 0.80898, "f1": 0.80898, "auc": 0.97214}
{"epoch": 96, "time_epoch": 85.05917, "eta": 247.59676, "eta_hours": 0.06878, "loss": 0.52995706, "lr": 4.37e-06, "params": 502054, "time_iter": 0.13609, "accuracy": 0.80738, "f1": 0.80738, "auc": 0.97191}
{"epoch": 97, "time_epoch": 85.92733, "eta": 165.13379, "eta_hours": 0.04587, "loss": 0.52841614, "lr": 2.46e-06, "params": 502054, "time_iter": 0.13748, "accuracy": 0.80834, "f1": 0.80834, "auc": 0.97206}
{"epoch": 98, "time_epoch": 84.00756, "eta": 82.58145, "eta_hours": 0.02294, "loss": 0.52875298, "lr": 1.09e-06, "params": 502054, "time_iter": 0.13441, "accuracy": 0.80809, "f1": 0.80809, "auc": 0.97202}
{"epoch": 99, "time_epoch": 81.39229, "eta": 0.0, "eta_hours": 0.0, "loss": 0.52915567, "lr": 2.7e-07, "params": 502054, "time_iter": 0.13023, "accuracy": 0.80782, "f1": 0.80782, "auc": 0.97198}
