{"epoch": 0, "time_epoch": 202.94784, "eta": 20091.83649, "eta_hours": 5.58107, "loss": 0.69910754, "lr": 0.0, "params": 9744496, "time_iter": 0.29627, "accuracy": 0.50204, "ap": 0.02331, "auc": 0.51845}
{"epoch": 1, "time_epoch": 169.59492, "eta": 18254.59536, "eta_hours": 5.07072, "loss": 0.3386624, "lr": 0.0001, "params": 9744496, "time_iter": 0.24758, "accuracy": 0.92103, "ap": 0.02999, "auc": 0.54101}
{"epoch": 2, "time_epoch": 168.8216, "eta": 17504.11436, "eta_hours": 4.86225, "loss": 0.07185857, "lr": 0.0002, "params": 9744496, "time_iter": 0.24645, "accuracy": 0.97927, "ap": 0.04012, "auc": 0.61746}
{"epoch": 3, "time_epoch": 169.25347, "eta": 17054.82804, "eta_hours": 4.73745, "loss": 0.04909004, "lr": 0.0003, "params": 9744496, "time_iter": 0.24709, "accuracy": 0.98092, "ap": 0.07931, "auc": 0.73102}
{"epoch": 4, "time_epoch": 170.08804, "eta": 16733.41171, "eta_hours": 4.64817, "loss": 0.04532232, "lr": 0.0004, "params": 9744496, "time_iter": 0.2483, "accuracy": 0.98189, "ap": 0.10753, "auc": 0.79309}
{"epoch": 5, "time_epoch": 168.8716, "eta": 16443.38047, "eta_hours": 4.56761, "loss": 0.04316166, "lr": 0.0005, "params": 9744496, "time_iter": 0.24653, "accuracy": 0.98252, "ap": 0.13314, "auc": 0.82252}
{"epoch": 6, "time_epoch": 169.93158, "eta": 16202.0489, "eta_hours": 4.50057, "loss": 0.04148026, "lr": 0.00049986, "params": 9744496, "time_iter": 0.24808, "accuracy": 0.9831, "ap": 0.15496, "auc": 0.84283}
{"epoch": 7, "time_epoch": 170.12297, "eta": 15980.76835, "eta_hours": 4.4391, "loss": 0.04030949, "lr": 0.00049945, "params": 9744496, "time_iter": 0.24835, "accuracy": 0.98355, "ap": 0.17354, "auc": 0.85378}
{"epoch": 8, "time_epoch": 169.18668, "eta": 15761.38917, "eta_hours": 4.37816, "loss": 0.03917072, "lr": 0.00049877, "params": 9744496, "time_iter": 0.24699, "accuracy": 0.98389, "ap": 0.19234, "auc": 0.8647}
{"epoch": 9, "time_epoch": 169.81863, "eta": 15557.73608, "eta_hours": 4.32159, "loss": 0.03853271, "lr": 0.00049782, "params": 9744496, "time_iter": 0.24791, "accuracy": 0.98413, "ap": 0.20467, "auc": 0.87114}
{"epoch": 10, "time_epoch": 168.44817, "eta": 15349.14645, "eta_hours": 4.26365, "loss": 0.0376635, "lr": 0.00049659, "params": 9744496, "time_iter": 0.24591, "accuracy": 0.98448, "ap": 0.22051, "auc": 0.87699}
{"epoch": 11, "time_epoch": 169.02781, "eta": 15151.49772, "eta_hours": 4.20875, "loss": 0.03694188, "lr": 0.00049509, "params": 9744496, "time_iter": 0.24676, "accuracy": 0.9848, "ap": 0.23568, "auc": 0.88261}
{"epoch": 12, "time_epoch": 170.16411, "eta": 14965.85667, "eta_hours": 4.15718, "loss": 0.03627666, "lr": 0.00049333, "params": 9744496, "time_iter": 0.24841, "accuracy": 0.98497, "ap": 0.24917, "auc": 0.88747}
{"epoch": 13, "time_epoch": 168.95684, "eta": 14775.01051, "eta_hours": 4.10417, "loss": 0.03564773, "lr": 0.0004913, "params": 9744496, "time_iter": 0.24665, "accuracy": 0.98523, "ap": 0.26254, "auc": 0.89211}
{"epoch": 14, "time_epoch": 170.11104, "eta": 14593.62341, "eta_hours": 4.05378, "loss": 0.03506327, "lr": 0.00048901, "params": 9744496, "time_iter": 0.24834, "accuracy": 0.98547, "ap": 0.27584, "auc": 0.89637}
{"epoch": 15, "time_epoch": 170.15168, "eta": 14413.85919, "eta_hours": 4.00385, "loss": 0.03454829, "lr": 0.00048645, "params": 9744496, "time_iter": 0.2484, "accuracy": 0.98565, "ap": 0.28799, "auc": 0.89953}
{"epoch": 16, "time_epoch": 169.35837, "eta": 14231.35264, "eta_hours": 3.95315, "loss": 0.03398163, "lr": 0.00048364, "params": 9744496, "time_iter": 0.24724, "accuracy": 0.98588, "ap": 0.3031, "auc": 0.90247}
{"epoch": 17, "time_epoch": 169.82188, "eta": 14052.41853, "eta_hours": 3.90345, "loss": 0.03352791, "lr": 0.00048057, "params": 9744496, "time_iter": 0.24792, "accuracy": 0.98605, "ap": 0.30994, "auc": 0.90692}
{"epoch": 18, "time_epoch": 168.5672, "eta": 13869.09471, "eta_hours": 3.85253, "loss": 0.03301639, "lr": 0.00047725, "params": 9744496, "time_iter": 0.24608, "accuracy": 0.98626, "ap": 0.32482, "auc": 0.90935}
{"epoch": 19, "time_epoch": 168.26792, "eta": 13686.04944, "eta_hours": 3.80168, "loss": 0.03263952, "lr": 0.00047368, "params": 9744496, "time_iter": 0.24565, "accuracy": 0.9864, "ap": 0.33187, "auc": 0.91271}
{"epoch": 20, "time_epoch": 170.11659, "eta": 13511.36604, "eta_hours": 3.75316, "loss": 0.03220585, "lr": 0.00046987, "params": 9744496, "time_iter": 0.24835, "accuracy": 0.98662, "ap": 0.34585, "auc": 0.91551}
{"epoch": 21, "time_epoch": 169.48608, "eta": 13334.86236, "eta_hours": 3.70413, "loss": 0.03180839, "lr": 0.00046581, "params": 9744496, "time_iter": 0.24742, "accuracy": 0.98675, "ap": 0.35661, "auc": 0.91876}
{"epoch": 22, "time_epoch": 170.16822, "eta": 13161.25261, "eta_hours": 3.6559, "loss": 0.03152987, "lr": 0.00046152, "params": 9744496, "time_iter": 0.24842, "accuracy": 0.98683, "ap": 0.36094, "auc": 0.92028}
{"epoch": 23, "time_epoch": 170.05198, "eta": 12987.56155, "eta_hours": 3.60766, "loss": 0.03112657, "lr": 0.000457, "params": 9744496, "time_iter": 0.24825, "accuracy": 0.98706, "ap": 0.37196, "auc": 0.92281}
{"epoch": 24, "time_epoch": 169.19232, "eta": 12811.58265, "eta_hours": 3.55877, "loss": 0.0307184, "lr": 0.00045225, "params": 9744496, "time_iter": 0.247, "accuracy": 0.9872, "ap": 0.38227, "auc": 0.92603}
{"epoch": 25, "time_epoch": 170.30752, "eta": 12639.29982, "eta_hours": 3.51092, "loss": 0.03042348, "lr": 0.00044729, "params": 9744496, "time_iter": 0.24862, "accuracy": 0.98732, "ap": 0.39159, "auc": 0.9276}
{"epoch": 26, "time_epoch": 168.42627, "eta": 12462.07697, "eta_hours": 3.46169, "loss": 0.0301683, "lr": 0.0004421, "params": 9744496, "time_iter": 0.24588, "accuracy": 0.98745, "ap": 0.39628, "auc": 0.92897}
{"epoch": 27, "time_epoch": 168.8796, "eta": 12286.64814, "eta_hours": 3.41296, "loss": 0.02985208, "lr": 0.00043671, "params": 9744496, "time_iter": 0.24654, "accuracy": 0.98756, "ap": 0.40493, "auc": 0.93145}
{"epoch": 28, "time_epoch": 169.91628, "eta": 12114.20906, "eta_hours": 3.36506, "loss": 0.02952583, "lr": 0.00043111, "params": 9744496, "time_iter": 0.24805, "accuracy": 0.98769, "ap": 0.41204, "auc": 0.93401}
{"epoch": 29, "time_epoch": 169.65705, "eta": 11941.3333, "eta_hours": 3.31704, "loss": 0.02928865, "lr": 0.00042531, "params": 9744496, "time_iter": 0.24767, "accuracy": 0.98777, "ap": 0.4193, "auc": 0.93522}
{"epoch": 30, "time_epoch": 170.56258, "eta": 11770.68074, "eta_hours": 3.26963, "loss": 0.02901991, "lr": 0.00041932, "params": 9744496, "time_iter": 0.249, "accuracy": 0.98794, "ap": 0.42569, "auc": 0.93664}
{"epoch": 31, "time_epoch": 169.56235, "eta": 11597.90831, "eta_hours": 3.22164, "loss": 0.02875736, "lr": 0.00041315, "params": 9744496, "time_iter": 0.24754, "accuracy": 0.988, "ap": 0.43214, "auc": 0.93861}
{"epoch": 32, "time_epoch": 168.77739, "eta": 11423.73672, "eta_hours": 3.17326, "loss": 0.0285356, "lr": 0.00040679, "params": 9744496, "time_iter": 0.24639, "accuracy": 0.98811, "ap": 0.43923, "auc": 0.9405}
{"epoch": 33, "time_epoch": 169.77109, "eta": 11251.81139, "eta_hours": 3.1255, "loss": 0.02821217, "lr": 0.00040027, "params": 9744496, "time_iter": 0.24784, "accuracy": 0.98821, "ap": 0.4476, "auc": 0.94204}
{"epoch": 34, "time_epoch": 170.16538, "eta": 11080.74141, "eta_hours": 3.07798, "loss": 0.02801358, "lr": 0.00039358, "params": 9744496, "time_iter": 0.24842, "accuracy": 0.98834, "ap": 0.454, "auc": 0.94372}
{"epoch": 35, "time_epoch": 169.11941, "eta": 10907.86219, "eta_hours": 3.02996, "loss": 0.02789993, "lr": 0.00038674, "params": 9744496, "time_iter": 0.24689, "accuracy": 0.98843, "ap": 0.45659, "auc": 0.94386}
{"epoch": 36, "time_epoch": 170.14563, "eta": 10736.93355, "eta_hours": 2.98248, "loss": 0.02782347, "lr": 0.00037974, "params": 9744496, "time_iter": 0.24839, "accuracy": 0.98843, "ap": 0.45824, "auc": 0.94529}
{"epoch": 37, "time_epoch": 168.48586, "eta": 10563.33807, "eta_hours": 2.93426, "loss": 0.02740049, "lr": 0.00037261, "params": 9744496, "time_iter": 0.24596, "accuracy": 0.98857, "ap": 0.468, "auc": 0.94728}
{"epoch": 38, "time_epoch": 168.82084, "eta": 10390.52856, "eta_hours": 2.88626, "loss": 0.02707464, "lr": 0.00036534, "params": 9744496, "time_iter": 0.24645, "accuracy": 0.98865, "ap": 0.47882, "auc": 0.94925}
{"epoch": 39, "time_epoch": 170.05042, "eta": 10219.76285, "eta_hours": 2.83882, "loss": 0.02682858, "lr": 0.00035794, "params": 9744496, "time_iter": 0.24825, "accuracy": 0.98885, "ap": 0.48318, "auc": 0.95067}
{"epoch": 40, "time_epoch": 168.82581, "eta": 10047.2698, "eta_hours": 2.79091, "loss": 0.02664633, "lr": 0.00035042, "params": 9744496, "time_iter": 0.24646, "accuracy": 0.9889, "ap": 0.48805, "auc": 0.95172}
{"epoch": 41, "time_epoch": 169.97167, "eta": 9876.53375, "eta_hours": 2.74348, "loss": 0.026368, "lr": 0.0003428, "params": 9744496, "time_iter": 0.24813, "accuracy": 0.98902, "ap": 0.4963, "auc": 0.95313}
{"epoch": 42, "time_epoch": 170.20601, "eta": 9706.14389, "eta_hours": 2.69615, "loss": 0.02616855, "lr": 0.00033507, "params": 9744496, "time_iter": 0.24848, "accuracy": 0.98909, "ap": 0.50378, "auc": 0.95438}
{"epoch": 43, "time_epoch": 169.0366, "eta": 9534.27404, "eta_hours": 2.64841, "loss": 0.02595958, "lr": 0.00032725, "params": 9744496, "time_iter": 0.24677, "accuracy": 0.9892, "ap": 0.51137, "auc": 0.95561}
{"epoch": 44, "time_epoch": 170.68371, "eta": 9364.54326, "eta_hours": 2.60126, "loss": 0.02579612, "lr": 0.00031935, "params": 9744496, "time_iter": 0.24917, "accuracy": 0.98923, "ap": 0.5132, "auc": 0.95691}
{"epoch": 45, "time_epoch": 168.73155, "eta": 9192.47938, "eta_hours": 2.55347, "loss": 0.02550282, "lr": 0.00031137, "params": 9744496, "time_iter": 0.24632, "accuracy": 0.98935, "ap": 0.5224, "auc": 0.95814}
{"epoch": 46, "time_epoch": 169.18159, "eta": 9021.06479, "eta_hours": 2.50585, "loss": 0.02533835, "lr": 0.00030332, "params": 9744496, "time_iter": 0.24698, "accuracy": 0.98953, "ap": 0.52412, "auc": 0.95847}
{"epoch": 47, "time_epoch": 170.02496, "eta": 8850.65689, "eta_hours": 2.45852, "loss": 0.02510935, "lr": 0.00029522, "params": 9744496, "time_iter": 0.24821, "accuracy": 0.98956, "ap": 0.53336, "auc": 0.96007}
{"epoch": 48, "time_epoch": 169.09499, "eta": 8679.29669, "eta_hours": 2.41092, "loss": 0.02491647, "lr": 0.00028707, "params": 9744496, "time_iter": 0.24685, "accuracy": 0.98969, "ap": 0.53846, "auc": 0.96124}
{"epoch": 49, "time_epoch": 169.9336, "eta": 8508.86571, "eta_hours": 2.36357, "loss": 0.02467712, "lr": 0.00027887, "params": 9744496, "time_iter": 0.24808, "accuracy": 0.98975, "ap": 0.54263, "auc": 0.96257}
{"epoch": 50, "time_epoch": 169.98375, "eta": 8338.50242, "eta_hours": 2.31625, "loss": 0.02448759, "lr": 0.00027064, "params": 9744496, "time_iter": 0.24815, "accuracy": 0.98983, "ap": 0.54733, "auc": 0.96367}
{"epoch": 51, "time_epoch": 168.92112, "eta": 8167.17284, "eta_hours": 2.26866, "loss": 0.02432459, "lr": 0.0002624, "params": 9744496, "time_iter": 0.2466, "accuracy": 0.98989, "ap": 0.55273, "auc": 0.96425}
{"epoch": 52, "time_epoch": 169.66606, "eta": 7996.59476, "eta_hours": 2.22128, "loss": 0.02411561, "lr": 0.00025413, "params": 9744496, "time_iter": 0.24769, "accuracy": 0.99007, "ap": 0.5593, "auc": 0.96517}
{"epoch": 53, "time_epoch": 168.74991, "eta": 7825.27002, "eta_hours": 2.17369, "loss": 0.02391796, "lr": 0.00024587, "params": 9744496, "time_iter": 0.24635, "accuracy": 0.99009, "ap": 0.56448, "auc": 0.96617}
{"epoch": 54, "time_epoch": 168.96269, "eta": 7654.21301, "eta_hours": 2.12617, "loss": 0.02375944, "lr": 0.0002376, "params": 9744496, "time_iter": 0.24666, "accuracy": 0.99008, "ap": 0.56823, "auc": 0.96684}
{"epoch": 55, "time_epoch": 169.82531, "eta": 7483.90857, "eta_hours": 2.07886, "loss": 0.02349393, "lr": 0.00022936, "params": 9744496, "time_iter": 0.24792, "accuracy": 0.99029, "ap": 0.57673, "auc": 0.96839}
{"epoch": 56, "time_epoch": 168.76381, "eta": 7312.82017, "eta_hours": 2.03134, "loss": 0.02332581, "lr": 0.00022113, "params": 9744496, "time_iter": 0.24637, "accuracy": 0.99031, "ap": 0.58066, "auc": 0.96862}
{"epoch": 57, "time_epoch": 169.86882, "eta": 7142.61209, "eta_hours": 1.98406, "loss": 0.02311911, "lr": 0.00021293, "params": 9744496, "time_iter": 0.24798, "accuracy": 0.99046, "ap": 0.58609, "auc": 0.96949}
{"epoch": 58, "time_epoch": 169.45549, "eta": 6972.12829, "eta_hours": 1.9367, "loss": 0.02297393, "lr": 0.00020478, "params": 9744496, "time_iter": 0.24738, "accuracy": 0.99045, "ap": 0.59101, "auc": 0.97005}
{"epoch": 59, "time_epoch": 168.83373, "eta": 6801.26426, "eta_hours": 1.88924, "loss": 0.02277949, "lr": 0.00019668, "params": 9744496, "time_iter": 0.24647, "accuracy": 0.99061, "ap": 0.59485, "auc": 0.97079}
{"epoch": 60, "time_epoch": 170.30697, "eta": 6631.40871, "eta_hours": 1.84206, "loss": 0.02263772, "lr": 0.00018863, "params": 9744496, "time_iter": 0.24862, "accuracy": 0.99063, "ap": 0.60154, "auc": 0.97163}
{"epoch": 61, "time_epoch": 169.17427, "eta": 6460.84436, "eta_hours": 1.79468, "loss": 0.02245682, "lr": 0.00018065, "params": 9744496, "time_iter": 0.24697, "accuracy": 0.99064, "ap": 0.60343, "auc": 0.97236}
{"epoch": 62, "time_epoch": 169.27136, "eta": 6290.38115, "eta_hours": 1.74733, "loss": 0.02228594, "lr": 0.00017275, "params": 9744496, "time_iter": 0.24711, "accuracy": 0.99083, "ap": 0.60947, "auc": 0.97297}
{"epoch": 63, "time_epoch": 169.74038, "eta": 6120.21902, "eta_hours": 1.70006, "loss": 0.02211206, "lr": 0.00016493, "params": 9744496, "time_iter": 0.2478, "accuracy": 0.99085, "ap": 0.61394, "auc": 0.97366}
{"epoch": 64, "time_epoch": 168.91948, "eta": 5949.62784, "eta_hours": 1.65267, "loss": 0.02193488, "lr": 0.0001572, "params": 9744496, "time_iter": 0.2466, "accuracy": 0.99096, "ap": 0.61993, "auc": 0.97431}
{"epoch": 65, "time_epoch": 170.03131, "eta": 5779.66009, "eta_hours": 1.60546, "loss": 0.02181539, "lr": 0.00014958, "params": 9744496, "time_iter": 0.24822, "accuracy": 0.99091, "ap": 0.62318, "auc": 0.97491}
{"epoch": 66, "time_epoch": 169.60216, "eta": 5609.47906, "eta_hours": 1.55819, "loss": 0.02165461, "lr": 0.00014206, "params": 9744496, "time_iter": 0.24759, "accuracy": 0.99103, "ap": 0.62398, "auc": 0.97524}
{"epoch": 67, "time_epoch": 168.66622, "eta": 5438.87461, "eta_hours": 1.5108, "loss": 0.02151409, "lr": 0.00013466, "params": 9744496, "time_iter": 0.24623, "accuracy": 0.99109, "ap": 0.62805, "auc": 0.97608}
{"epoch": 68, "time_epoch": 170.37809, "eta": 5269.09544, "eta_hours": 1.46364, "loss": 0.02134629, "lr": 0.00012739, "params": 9744496, "time_iter": 0.24873, "accuracy": 0.99118, "ap": 0.63371, "auc": 0.97638}
{"epoch": 69, "time_epoch": 168.81628, "eta": 5098.62982, "eta_hours": 1.41629, "loss": 0.02120048, "lr": 0.00012026, "params": 9744496, "time_iter": 0.24645, "accuracy": 0.99118, "ap": 0.63915, "auc": 0.97676}
{"epoch": 70, "time_epoch": 168.46651, "eta": 4928.0678, "eta_hours": 1.36891, "loss": 0.0210887, "lr": 0.00011326, "params": 9744496, "time_iter": 0.24594, "accuracy": 0.9912, "ap": 0.64097, "auc": 0.97732}
{"epoch": 71, "time_epoch": 169.65014, "eta": 4758.02428, "eta_hours": 1.32167, "loss": 0.02095654, "lr": 0.00010642, "params": 9744496, "time_iter": 0.24766, "accuracy": 0.99134, "ap": 0.64458, "auc": 0.97766}
{"epoch": 72, "time_epoch": 168.55674, "eta": 4587.58713, "eta_hours": 1.27433, "loss": 0.02079961, "lr": 9.973e-05, "params": 9744496, "time_iter": 0.24607, "accuracy": 0.99134, "ap": 0.6475, "auc": 0.97847}
{"epoch": 73, "time_epoch": 168.34599, "eta": 4417.12676, "eta_hours": 1.22698, "loss": 0.02071068, "lr": 9.321e-05, "params": 9744496, "time_iter": 0.24576, "accuracy": 0.99147, "ap": 0.65343, "auc": 0.97852}
{"epoch": 74, "time_epoch": 170.15215, "eta": 4247.32482, "eta_hours": 1.17981, "loss": 0.02055347, "lr": 8.685e-05, "params": 9744496, "time_iter": 0.2484, "accuracy": 0.9915, "ap": 0.6532, "auc": 0.97906}
{"epoch": 75, "time_epoch": 168.83455, "eta": 4077.09758, "eta_hours": 1.13253, "loss": 0.02044805, "lr": 8.068e-05, "params": 9744496, "time_iter": 0.24647, "accuracy": 0.99157, "ap": 0.65653, "auc": 0.97948}
{"epoch": 76, "time_epoch": 169.47043, "eta": 3907.09646, "eta_hours": 1.0853, "loss": 0.02032734, "lr": 7.469e-05, "params": 9744496, "time_iter": 0.2474, "accuracy": 0.99166, "ap": 0.66014, "auc": 0.97991}
{"epoch": 77, "time_epoch": 169.4321, "eta": 3737.09812, "eta_hours": 1.03808, "loss": 0.02021796, "lr": 6.889e-05, "params": 9744496, "time_iter": 0.24735, "accuracy": 0.99168, "ap": 0.6611, "auc": 0.98014}
{"epoch": 78, "time_epoch": 168.20784, "eta": 3566.7887, "eta_hours": 0.99077, "loss": 0.02014025, "lr": 6.329e-05, "params": 9744496, "time_iter": 0.24556, "accuracy": 0.99169, "ap": 0.6652, "auc": 0.98016}
{"epoch": 79, "time_epoch": 169.6135, "eta": 3396.88322, "eta_hours": 0.94358, "loss": 0.02002597, "lr": 5.79e-05, "params": 9744496, "time_iter": 0.24761, "accuracy": 0.9918, "ap": 0.66862, "auc": 0.98054}
{"epoch": 80, "time_epoch": 168.38059, "eta": 3226.69575, "eta_hours": 0.8963, "loss": 0.01994953, "lr": 5.271e-05, "params": 9744496, "time_iter": 0.24581, "accuracy": 0.99176, "ap": 0.67073, "auc": 0.98077}
{"epoch": 81, "time_epoch": 169.21505, "eta": 3056.73553, "eta_hours": 0.84909, "loss": 0.01990167, "lr": 4.775e-05, "params": 9744496, "time_iter": 0.24703, "accuracy": 0.99181, "ap": 0.67262, "auc": 0.98104}
{"epoch": 82, "time_epoch": 169.98935, "eta": 2886.95185, "eta_hours": 0.80193, "loss": 0.01983431, "lr": 4.3e-05, "params": 9744496, "time_iter": 0.24816, "accuracy": 0.99174, "ap": 0.67386, "auc": 0.98111}
{"epoch": 83, "time_epoch": 169.01017, "eta": 2716.97677, "eta_hours": 0.75472, "loss": 0.01973209, "lr": 3.848e-05, "params": 9744496, "time_iter": 0.24673, "accuracy": 0.99176, "ap": 0.67564, "auc": 0.98143}
{"epoch": 84, "time_epoch": 170.53591, "eta": 2547.29364, "eta_hours": 0.70758, "loss": 0.01965034, "lr": 3.419e-05, "params": 9744496, "time_iter": 0.24896, "accuracy": 0.99191, "ap": 0.67631, "auc": 0.98173}
{"epoch": 85, "time_epoch": 169.77167, "eta": 2377.46626, "eta_hours": 0.66041, "loss": 0.01959513, "lr": 3.013e-05, "params": 9744496, "time_iter": 0.24784, "accuracy": 0.9919, "ap": 0.67869, "auc": 0.98176}
{"epoch": 86, "time_epoch": 168.39692, "eta": 2207.43475, "eta_hours": 0.61318, "loss": 0.01952106, "lr": 2.632e-05, "params": 9744496, "time_iter": 0.24583, "accuracy": 0.99195, "ap": 0.68127, "auc": 0.9819}
{"epoch": 87, "time_epoch": 170.07369, "eta": 2037.66903, "eta_hours": 0.56602, "loss": 0.01947285, "lr": 2.275e-05, "params": 9744496, "time_iter": 0.24828, "accuracy": 0.99197, "ap": 0.68379, "auc": 0.98222}
{"epoch": 88, "time_epoch": 169.34804, "eta": 1867.80671, "eta_hours": 0.51884, "loss": 0.01942972, "lr": 1.943e-05, "params": 9744496, "time_iter": 0.24722, "accuracy": 0.99206, "ap": 0.6862, "auc": 0.98224}
{"epoch": 89, "time_epoch": 168.96506, "eta": 1697.91326, "eta_hours": 0.47164, "loss": 0.01942119, "lr": 1.636e-05, "params": 9744496, "time_iter": 0.24666, "accuracy": 0.99196, "ap": 0.68192, "auc": 0.98212}
{"epoch": 90, "time_epoch": 169.92378, "eta": 1528.13503, "eta_hours": 0.42448, "loss": 0.01937862, "lr": 1.355e-05, "params": 9744496, "time_iter": 0.24806, "accuracy": 0.99198, "ap": 0.68429, "auc": 0.98237}
{"epoch": 91, "time_epoch": 169.17477, "eta": 1358.28851, "eta_hours": 0.3773, "loss": 0.0193323, "lr": 1.099e-05, "params": 9744496, "time_iter": 0.24697, "accuracy": 0.99196, "ap": 0.6851, "auc": 0.98265}
{"epoch": 92, "time_epoch": 169.5472, "eta": 1188.48447, "eta_hours": 0.33013, "loss": 0.0192921, "lr": 8.7e-06, "params": 9744496, "time_iter": 0.24751, "accuracy": 0.99204, "ap": 0.68473, "auc": 0.98271}
{"epoch": 93, "time_epoch": 169.71608, "eta": 1018.69667, "eta_hours": 0.28297, "loss": 0.01926897, "lr": 6.67e-06, "params": 9744496, "time_iter": 0.24776, "accuracy": 0.99202, "ap": 0.68697, "auc": 0.98253}
{"epoch": 94, "time_epoch": 169.08976, "eta": 848.87742, "eta_hours": 0.2358, "loss": 0.01926179, "lr": 4.91e-06, "params": 9744496, "time_iter": 0.24685, "accuracy": 0.99211, "ap": 0.68993, "auc": 0.98281}
{"epoch": 95, "time_epoch": 169.78147, "eta": 679.10218, "eta_hours": 0.18864, "loss": 0.01924377, "lr": 3.41e-06, "params": 9744496, "time_iter": 0.24786, "accuracy": 0.99203, "ap": 0.68717, "auc": 0.98266}
{"epoch": 96, "time_epoch": 168.54788, "eta": 509.28867, "eta_hours": 0.14147, "loss": 0.01923835, "lr": 2.18e-06, "params": 9744496, "time_iter": 0.24606, "accuracy": 0.99204, "ap": 0.68836, "auc": 0.98279}
{"epoch": 97, "time_epoch": 168.64431, "eta": 339.50295, "eta_hours": 0.09431, "loss": 0.01923091, "lr": 1.23e-06, "params": 9744496, "time_iter": 0.2462, "accuracy": 0.99206, "ap": 0.68948, "auc": 0.98292}
{"epoch": 98, "time_epoch": 169.90068, "eta": 169.75298, "eta_hours": 0.04715, "loss": 0.01922171, "lr": 5.5e-07, "params": 9744496, "time_iter": 0.24803, "accuracy": 0.99212, "ap": 0.68962, "auc": 0.9827}
{"epoch": 99, "time_epoch": 168.73607, "eta": 0.0, "eta_hours": 0.0, "loss": 0.01925394, "lr": 1.4e-07, "params": 9744496, "time_iter": 0.24633, "accuracy": 0.99207, "ap": 0.68855, "auc": 0.98268}
